category,title,content,date,is_ai
맛집_리뷰,"강남역 맛집 바비레드(양식, 2019년 봄)  데이트 맛집에 필요한... ","강남역 바비레드 다녀왔는데 생각보다 분위기가 편해서 좋았어요. 음식도 깔끔하게 나와서 부담 없이 먹기 괜찮았고, 다음에 근처 가면 또 들러보고 싶더라고요. 개인적으로는 너무 과하지 않은 점이 마음에 들었어요.",20190402,1
맛집_리뷰,강남역 맛집 청류벽,근처에서 밥 먹을 곳 찾다가 강남역에 들렀어요. 맛이 자극적이지 않고 양도 적당해서 만족했답니다. 웨이팅만 조금 피하면 더 좋을 것 같아요. 처음 가보는 분들도 크게 부담 없이 즐길 수 있을 것 같아요. 개인적으로는 너무 과하지 않은 점이 마음에 들었어요.,20191002,1
맛집_리뷰,2019년 강남역 맛집 청춘양꼬치 방문기,강남역 청춘양꼬치는 가볍게 들른 곳인데 은근 기억에 남았어요. 메뉴가 깔끔하고 직원분들도 친절해서 편하게 먹고 왔습니다. 재방문 의사 있어요. 사진으로 남겨두기에도 괜찮아서 기억에 오래 남을 것 같아요. 다음에는 조금 더 여유 있게 다시 가보고 싶어요.,20190401,1
맛집_리뷰,강남역맛집 : 바비레드 - 매콤한 크림파스타 &amp; 큐브 스테이크,친구랑 강남역맛집 바비레드에 갔는데 전체적으로 무난해서 좋았어요. 음식 나오는 속도도 괜찮고 맛도 기대 이상이라 근처 맛집 찾는 분들께 추천드려요. 전체적으로 무난하면서도 기분 좋게 마무리할 수 있었어요. 짧게 들렀지만 생각보다 알차게 시간을 보냈어요.,20200110,1
맛집_리뷰,강남역맛집:: 빠네치킨으로 유명한 치킨맛집 꼭그닭,강남역맛집에서 식사했는데 분위기가 너무 시끄럽지 않아 편했어요. 대표 메뉴가 깔끔했고 가격도 크게 부담스럽지 않아서 한 번쯤 가볼 만했답니다. 짧게 들렀지만 생각보다 알차게 시간을 보냈어요. 처음 가보는 분들도 크게 부담 없이 즐길 수 있을 것 같아요.,20190104,1
맛집_리뷰,[식사일기] 서촌레이어드 카페부터 강남역맛집까지 2019년... ,"식사일기 서촌레이어드 다녀왔는데 생각보다 분위기가 편해서 좋았어요. 음식도 깔끔하게 나와서 부담 없이 먹기 괜찮았고, 다음에 근처 가면 또 들러보고 싶더라고요. 처음 가보는 분들도 크게 부담 없이 즐길 수 있을 것 같아요. 전체적으로 무난하면서도 기분 좋게 마무리할 수 있었어요.",20190202,1
맛집_리뷰,"홍콩을 연상시키는 강남역맛집, 구구당!",이번에 근처에서 밥 먹을 곳 찾다가 홍콩을에 들렀어요. 맛이 자극적이지 않고 양도 적당해서 만족했답니다. 웨이팅만 조금 피하면 더 좋을 것 같아요. 처음 가보는 분들도 크게 부담 없이 즐길 수 있을 것 같아요. 사진으로 남겨두기에도 괜찮아서 기억에 오래 남을 것 같아요.,20200101,1
맛집_리뷰,[강남역 맛집] 바비레드 추천,강남역은 가볍게 들른 곳인데 은근 기억에 남았어요. 메뉴가 깔끔하고 직원분들도 친절해서 편하게 먹고 왔습니다. 재방문 의사 있어요. 개인적으로는 너무 과하지 않은 점이 마음에 들었어요. 기대보다 편하게 즐길 수 있어서 만족스러운 시간이었답니다.,20191209,1
맛집_리뷰,강남역 맛집- 옛터 남도밥상  솔직후기,친구랑 강남역에 갔는데 전체적으로 무난해서 좋았어요. 음식 나오는 속도도 괜찮고 맛도 기대 이상이라 근처 맛집 찾는 분들께 추천드려요. 기대보다 편하게 즐길 수 있어서 만족스러운 시간이었답니다. 개인적으로는 너무 과하지 않은 점이 마음에 들었어요.,20190725,1
맛집_리뷰,강남역맛집 인기명 역삼본점 조갈찜 토토가 연말모임 회식장소,강남역맛집 인기명에서 식사했는데 분위기가 너무 시끄럽지 않아 편했어요. 대표 메뉴가 깔끔했고 가격도 크게 부담스럽지 않아서 한 번쯤 가볼 만했답니다. 짧게 들렀지만 생각보다 알차게 시간을 보냈어요. 전체적으로 무난하면서도 기분 좋게 마무리할 수 있었어요.,20190120,1
맛집_리뷰,"강남역 맛집 - 토끼정, 커리하우스빈103","이번에 강남역 토끼정 다녀왔는데 생각보다 분위기가 편해서 좋았어요. 음식도 깔끔하게 나와서 부담 없이 먹기 괜찮았고, 다음에 근처 가면 또 들러보고 싶더라고요. 사진으로 남겨두기에도 괜찮아서 기억에 오래 남을 것 같아요.",20190627,1
맛집_리뷰,강남역 맛집 / 알요리 전문점 알부자 - 오랫동안 사랑받는 알찜... ,가볍게 근처에서 밥 먹을 곳 찾다가 강남역에 들렀어요. 맛이 자극적이지 않고 양도 적당해서 만족했답니다. 웨이팅만 조금 피하면 더 좋을 것 같아요. 짧게 들렀지만 생각보다 알차게 시간을 보냈어요. 사진으로 남겨두기에도 괜찮아서 기억에 오래 남을 것 같아요.,20200330,1
맛집_리뷰,(매장 없어짐)강남역 맛집 셰프투고 배달 큐브스테이크 감바스... ,오랜만에 강남역 셰프투고는 가볍게 들른 곳인데 은근 기억에 남았어요. 메뉴가 깔끔하고 직원분들도 친절해서 편하게 먹고 왔습니다. 재방문 의사 있어요. 처음 가보는 분들도 크게 부담 없이 즐길 수 있을 것 같아요. 다음에는 조금 더 여유 있게 다시 가보고 싶어요.,20191118,1
맛집_리뷰,"강남 맛집, 강남역 맛집 마초쉐프 강남역점 청첩장 모임 하러... ",친구랑 강남에 갔는데 전체적으로 무난해서 좋았어요. 음식 나오는 속도도 괜찮고 맛도 기대 이상이라 근처 맛집 찾는 분들께 추천드려요. 짧게 들렀지만 생각보다 알차게 시간을 보냈어요. 개인적으로는 너무 과하지 않은 점이 마음에 들었어요.,20190809,1
맛집_리뷰,차이니즈 레스토랑 위크 강남역 맛집 스트릿 USBEEF 우육탕면,가볍게 차이니즈 레스토랑에서 식사했는데 분위기가 너무 시끄럽지 않아 편했어요. 대표 메뉴가 깔끔했고 가격도 크게 부담스럽지 않아서 한 번쯤 가볼 만했답니다. 처음 가보는 분들도 크게 부담 없이 즐길 수 있을 것 같아요.,20190920,1
맛집_리뷰,강남역 맛집 / 5000원 냉삼 회식장소로 좋은 수입식당,"강남역 5000원 다녀왔는데 생각보다 분위기가 편해서 좋았어요. 음식도 깔끔하게 나와서 부담 없이 먹기 괜찮았고, 다음에 근처 가면 또 들러보고 싶더라고요. 사진으로 남겨두기에도 괜찮아서 기억에 오래 남을 것 같아요. 개인적으로는 너무 과하지 않은 점이 마음에 들었어요.",20191217,1
맛집_리뷰,신분당선 강남역 맛집 / 참치공방 - 참치회 무난한 스끼다시와... ,근처에서 밥 먹을 곳 찾다가 신분당선에 들렀어요. 맛이 자극적이지 않고 양도 적당해서 만족했답니다. 웨이팅만 조금 피하면 더 좋을 것 같아요. 다음에는 조금 더 여유 있게 다시 가보고 싶어요. 짧게 들렀지만 생각보다 알차게 시간을 보냈어요.,20190701,1
맛집_리뷰,"강남역 맛집, 고소한 막국수와 제복쟁반 ' 청류벽 '",강남역 고소한은 가볍게 들른 곳인데 은근 기억에 남았어요. 메뉴가 깔끔하고 직원분들도 친절해서 편하게 먹고 왔습니다. 재방문 의사 있어요. 다음에는 조금 더 여유 있게 다시 가보고 싶어요. 짧게 들렀지만 생각보다 알차게 시간을 보냈어요.,20190130,1
맛집_리뷰,[강남역 맛집] 피그인더가든 강남점,친구랑 강남역에 갔는데 전체적으로 무난해서 좋았어요. 음식 나오는 속도도 괜찮고 맛도 기대 이상이라 근처 맛집 찾는 분들께 추천드려요. 개인적으로는 너무 과하지 않은 점이 마음에 들었어요. 다음에는 조금 더 여유 있게 다시 가보고 싶어요.,20191206,1
맛집_리뷰,강남역 맛집 바비레드 BTS팝업스토어 근처맛집 강남역 핫플,강남역에서 식사했는데 분위기가 너무 시끄럽지 않아 편했어요. 대표 메뉴가 깔끔했고 가격도 크게 부담스럽지 않아서 한 번쯤 가볼 만했답니다. 기대보다 편하게 즐길 수 있어서 만족스러운 시간이었답니다. 처음 가보는 분들도 크게 부담 없이 즐길 수 있을 것 같아요.,20200103,1
맛집_리뷰,2019년 1월 28일의 기록 &lt;강남역 맛집 본토닭갈비 &amp; 강남역... ,"1월 28일의 다녀왔는데 생각보다 분위기가 편해서 좋았어요. 음식도 깔끔하게 나와서 부담 없이 먹기 괜찮았고, 다음에 근처 가면 또 들러보고 싶더라고요. 처음 가보는 분들도 크게 부담 없이 즐길 수 있을 것 같아요. 개인적으로는 너무 과하지 않은 점이 마음에 들었어요.",20190129,1
맛집_리뷰,강남역 맛집 해담채 정갈한 건강한 한상,근처에서 밥 먹을 곳 찾다가 강남역에 들렀어요. 맛이 자극적이지 않고 양도 적당해서 만족했답니다. 웨이팅만 조금 피하면 더 좋을 것 같아요. 짧게 들렀지만 생각보다 알차게 시간을 보냈어요. 개인적으로는 너무 과하지 않은 점이 마음에 들었어요.,20191114,1
맛집_리뷰,"강남역 맛집 낙원타코 / 낙원스낵, 롯데백화점 '갬성푸드' 팝업",오랜만에 강남역은 가볍게 들른 곳인데 은근 기억에 남았어요. 메뉴가 깔끔하고 직원분들도 친절해서 편하게 먹고 왔습니다. 재방문 의사 있어요. 전체적으로 무난하면서도 기분 좋게 마무리할 수 있었어요. 짧게 들렀지만 생각보다 알차게 시간을 보냈어요.,20190320,1
맛집_리뷰,강남역 맛집 이딸라시안 여길 왜 이제갔지!?,친구랑 강남역 이딸라시안에 갔는데 전체적으로 무난해서 좋았어요. 음식 나오는 속도도 괜찮고 맛도 기대 이상이라 근처 맛집 찾는 분들께 추천드려요. 전체적으로 무난하면서도 기분 좋게 마무리할 수 있었어요. 다음에는 조금 더 여유 있게 다시 가보고 싶어요.,20190107,1
맛집_리뷰,"[강남역 맛집] 인도 음식은 여기서, 강가 강남점",강남역 인도에서 식사했는데 분위기가 너무 시끄럽지 않아 편했어요. 대표 메뉴가 깔끔했고 가격도 크게 부담스럽지 않아서 한 번쯤 가볼 만했답니다. 사진으로 남겨두기에도 괜찮아서 기억에 오래 남을 것 같아요. 전체적으로 무난하면서도 기분 좋게 마무리할 수 있었어요.,20191222,1
맛집_리뷰,강남역맛집:드뎌 먹었본 흑당버블티 타이거슈거,"가볍게 강남역맛집 다녀왔는데 생각보다 분위기가 편해서 좋았어요. 음식도 깔끔하게 나와서 부담 없이 먹기 괜찮았고, 다음에 근처 가면 또 들러보고 싶더라고요. 기대보다 편하게 즐길 수 있어서 만족스러운 시간이었답니다.",20190805,1
맛집_리뷰,2019년 8월 16일 강남역 맛집 SPC스퀘어 그릭슈바인,근처에서 밥 먹을 곳 찾다가 8월에 들렀어요. 맛이 자극적이지 않고 양도 적당해서 만족했답니다. 웨이팅만 조금 피하면 더 좋을 것 같아요. 다음에는 조금 더 여유 있게 다시 가보고 싶어요. 개인적으로는 너무 과하지 않은 점이 마음에 들었어요.,20190816,1
맛집_리뷰,[강남역 맛집] 느린마을양조장 강남점,강남역 느린마을양조장은 가볍게 들른 곳인데 은근 기억에 남았어요. 메뉴가 깔끔하고 직원분들도 친절해서 편하게 먹고 왔습니다. 재방문 의사 있어요. 다음에는 조금 더 여유 있게 다시 가보고 싶어요. 개인적으로는 너무 과하지 않은 점이 마음에 들었어요.,20200131,1
맛집_리뷰,"[강남역 맛집] 소개팅 명소, 마노 디 셰프 Mano Di Chef",친구랑 강남역 소개팅에 갔는데 전체적으로 무난해서 좋았어요. 음식 나오는 속도도 괜찮고 맛도 기대 이상이라 근처 맛집 찾는 분들께 추천드려요. 전체적으로 무난하면서도 기분 좋게 마무리할 수 있었어요. 기대보다 편하게 즐길 수 있어서 만족스러운 시간이었답니다.,20191210,1
맛집_리뷰,강남역 맛집) 신데렐라롱,강남역 신데렐라롱에서 식사했는데 분위기가 너무 시끄럽지 않아 편했어요. 대표 메뉴가 깔끔했고 가격도 크게 부담스럽지 않아서 한 번쯤 가볼 만했답니다. 개인적으로는 너무 과하지 않은 점이 마음에 들었어요. 기대보다 편하게 즐길 수 있어서 만족스러운 시간이었답니다.,20200407,1
맛집_리뷰,"[강남역 맛집] 우리의 소개팅 장소, 블루밍 가든 Blooming... ","강남역 우리의 다녀왔는데 생각보다 분위기가 편해서 좋았어요. 음식도 깔끔하게 나와서 부담 없이 먹기 괜찮았고, 다음에 근처 가면 또 들러보고 싶더라고요. 짧게 들렀지만 생각보다 알차게 시간을 보냈어요. 다음에는 조금 더 여유 있게 다시 가보고 싶어요.",20191218,1
맛집_리뷰,강남역 맛집- 쉑쉑버거 Shake Shack  아주 리얼후기,근처에서 밥 먹을 곳 찾다가 강남역에 들렀어요. 맛이 자극적이지 않고 양도 적당해서 만족했답니다. 웨이팅만 조금 피하면 더 좋을 것 같아요. 기대보다 편하게 즐길 수 있어서 만족스러운 시간이었답니다. 사진으로 남겨두기에도 괜찮아서 기억에 오래 남을 것 같아요.,20190725,1
맛집_리뷰,하이앤드 양대창집...^^  -강남역맛집 연타발 강남역점-,오랜만에 하이앤드 양대창집...^^는 가볍게 들른 곳인데 은근 기억에 남았어요. 메뉴가 깔끔하고 직원분들도 친절해서 편하게 먹고 왔습니다. 재방문 의사 있어요. 처음 가보는 분들도 크게 부담 없이 즐길 수 있을 것 같아요. 전체적으로 무난하면서도 기분 좋게 마무리할 수 있었어요.,20190627,1
맛집_리뷰,"[강남역 맛집] 따뜻한 국물이 먹고 싶어서 간, 딘타이펑 강남점",친구랑 강남역 따뜻한에 갔는데 전체적으로 무난해서 좋았어요. 음식 나오는 속도도 괜찮고 맛도 기대 이상이라 근처 맛집 찾는 분들께 추천드려요. 사진으로 남겨두기에도 괜찮아서 기억에 오래 남을 것 같아요. 개인적으로는 너무 과하지 않은 점이 마음에 들었어요.,20190715,1
맛집_리뷰,"* 강남역 맛집, 강남역 존맛, 돈까스 맛집 모리카츠",강남역에서 식사했는데 분위기가 너무 시끄럽지 않아 편했어요. 대표 메뉴가 깔끔했고 가격도 크게 부담스럽지 않아서 한 번쯤 가볼 만했답니다. 개인적으로는 너무 과하지 않은 점이 마음에 들었어요. 기대보다 편하게 즐길 수 있어서 만족스러운 시간이었답니다.,20190116,1
맛집_리뷰,[강남역맛집] 메이드바이오즈/맛있는 오삼불고기,"강남역맛집 메이드바이오즈 다녀왔는데 생각보다 분위기가 편해서 좋았어요. 음식도 깔끔하게 나와서 부담 없이 먹기 괜찮았고, 다음에 근처 가면 또 들러보고 싶더라고요. 개인적으로는 너무 과하지 않은 점이 마음에 들었어요. 전체적으로 무난하면서도 기분 좋게 마무리할 수 있었어요.",20190107,1
맛집_리뷰,강남역 맛집- 지파이 &lt;대만간식 &gt; 리얼 솔직후기 &amp; 타이거 슈가... ,근처에서 밥 먹을 곳 찾다가 강남역에 들렀어요. 맛이 자극적이지 않고 양도 적당해서 만족했답니다. 웨이팅만 조금 피하면 더 좋을 것 같아요. 다음에는 조금 더 여유 있게 다시 가보고 싶어요. 전체적으로 무난하면서도 기분 좋게 마무리할 수 있었어요.,20190725,1
맛집_리뷰,[서울/강남역맛집] 갬성있는 서울여자와 함께  &quot;감성타코 강남... ,서울 강남역맛집은 가볍게 들른 곳인데 은근 기억에 남았어요. 메뉴가 깔끔하고 직원분들도 친절해서 편하게 먹고 왔습니다. 재방문 의사 있어요. 사진으로 남겨두기에도 괜찮아서 기억에 오래 남을 것 같아요. 다음에는 조금 더 여유 있게 다시 가보고 싶어요.,20200407,1
맛집_리뷰,[강남] 강남역 맛집 바비레드,친구랑 강남에 갔는데 전체적으로 무난해서 좋았어요. 음식 나오는 속도도 괜찮고 맛도 기대 이상이라 근처 맛집 찾는 분들께 추천드려요. 개인적으로는 너무 과하지 않은 점이 마음에 들었어요. 전체적으로 무난하면서도 기분 좋게 마무리할 수 있었어요.,20191212,1
맛집_리뷰,강남역 맛집 매콤한게 끌린다?,이번에 강남역에서 식사했는데 분위기가 너무 시끄럽지 않아 편했어요. 대표 메뉴가 깔끔했고 가격도 크게 부담스럽지 않아서 한 번쯤 가볼 만했답니다. 처음 가보는 분들도 크게 부담 없이 즐길 수 있을 것 같아요. 기대보다 편하게 즐길 수 있어서 만족스러운 시간이었답니다.,20190207,1
맛집_리뷰,( 강남역맛집 ) 정말 맛있는... 먹을 수 있는 강남역 맛집 NY BnB,"정말 맛있는... 다녀왔는데 생각보다 분위기가 편해서 좋았어요. 음식도 깔끔하게 나와서 부담 없이 먹기 괜찮았고, 다음에 근처 가면 또 들러보고 싶더라고요. 짧게 들렀지만 생각보다 알차게 시간을 보냈어요. 다음에는 조금 더 여유 있게 다시 가보고 싶어요.",20190114,1
맛집_리뷰,[강남역 맛집] 동해도 - 회전초밥 뷔페,근처에서 밥 먹을 곳 찾다가 강남역에 들렀어요. 맛이 자극적이지 않고 양도 적당해서 만족했답니다. 웨이팅만 조금 피하면 더 좋을 것 같아요. 기대보다 편하게 즐길 수 있어서 만족스러운 시간이었답니다. 다음에는 조금 더 여유 있게 다시 가보고 싶어요.,20190505,1
맛집_리뷰,강남역 맛집 강남역 회식장소는 진구곱창이 최고죠,강남역은 가볍게 들른 곳인데 은근 기억에 남았어요. 메뉴가 깔끔하고 직원분들도 친절해서 편하게 먹고 왔습니다. 재방문 의사 있어요. 전체적으로 무난하면서도 기분 좋게 마무리할 수 있었어요. 개인적으로는 너무 과하지 않은 점이 마음에 들었어요.,20190602,1
맛집_리뷰,[강남역 맛집] 모두가 좋아할 곳!,친구랑 강남역에 갔는데 전체적으로 무난해서 좋았어요. 음식 나오는 속도도 괜찮고 맛도 기대 이상이라 근처 맛집 찾는 분들께 추천드려요. 다음에는 조금 더 여유 있게 다시 가보고 싶어요. 짧게 들렀지만 생각보다 알차게 시간을 보냈어요.,20190330,1
맛집_리뷰,&lt;강남역 맛집 두번 추천&gt;고에몬,&lt;강남역에서 식사했는데 분위기가 너무 시끄럽지 않아 편했어요. 대표 메뉴가 깔끔했고 가격도 크게 부담스럽지 않아서 한 번쯤 가볼 만했답니다. 짧게 들렀지만 생각보다 알차게 시간을 보냈어요. 처음 가보는 분들도 크게 부담 없이 즐길 수 있을 것 같아요.,20200605,1
맛집_리뷰,"[강남역 맛집] SHY BANA - 미국남부가정식, 주차 2시간 무료!!!","강남역 다녀왔는데 생각보다 분위기가 편해서 좋았어요. 음식도 깔끔하게 나와서 부담 없이 먹기 괜찮았고, 다음에 근처 가면 또 들러보고 싶더라고요. 처음 가보는 분들도 크게 부담 없이 즐길 수 있을 것 같아요. 사진으로 남겨두기에도 괜찮아서 기억에 오래 남을 것 같아요.",20190623,1
맛집_리뷰,"[2019년 3월 12일,  7,620걸음] 오랜만에 강남역 맛집을 찾다",오랜만에 근처에서 밥 먹을 곳 찾다가 3월 12일에 들렀어요. 맛이 자극적이지 않고 양도 적당해서 만족했답니다. 웨이팅만 조금 피하면 더 좋을 것 같아요. 사진으로 남겨두기에도 괜찮아서 기억에 오래 남을 것 같아요.,20190316,1
맛집_리뷰,[강남역 맛집] 천진영감 X 맛집꿀정보,강남역은 가볍게 들른 곳인데 은근 기억에 남았어요. 메뉴가 깔끔하고 직원분들도 친절해서 편하게 먹고 왔습니다. 재방문 의사 있어요. 다음에는 조금 더 여유 있게 다시 가보고 싶어요. 전체적으로 무난하면서도 기분 좋게 마무리할 수 있었어요.,20190529,1
맛집_리뷰,[강남역 맛집] 한식 &quot;노랑저고리&quot;,친구랑 강남역 한식에 갔는데 전체적으로 무난해서 좋았어요. 음식 나오는 속도도 괜찮고 맛도 기대 이상이라 근처 맛집 찾는 분들께 추천드려요. 다음에는 조금 더 여유 있게 다시 가보고 싶어요. 기대보다 편하게 즐길 수 있어서 만족스러운 시간이었답니다.,20190717,1
맛집_리뷰,20191110_강남_하루하루(#강남역맛집),오랜만에 20191110_강남_하루하루에서 식사했는데 분위기가 너무 시끄럽지 않아 편했어요. 대표 메뉴가 깔끔했고 가격도 크게 부담스럽지 않아서 한 번쯤 가볼 만했답니다. 짧게 들렀지만 생각보다 알차게 시간을 보냈어요.,20191123,1
맛집_리뷰,[강남역 맛집] 일본풍 파스타가 정말 맛있었던곳 '고에몬... ,"강남역 다녀왔는데 생각보다 분위기가 편해서 좋았어요. 음식도 깔끔하게 나와서 부담 없이 먹기 괜찮았고, 다음에 근처 가면 또 들러보고 싶더라고요. 짧게 들렀지만 생각보다 알차게 시간을 보냈어요. 처음 가보는 분들도 크게 부담 없이 즐길 수 있을 것 같아요.",20200716,1
맛집_리뷰,강남역 맛집 딘타이펑 이집 샤오롱바오 잘하네,근처에서 밥 먹을 곳 찾다가 강남역 딘타이펑에 들렀어요. 맛이 자극적이지 않고 양도 적당해서 만족했답니다. 웨이팅만 조금 피하면 더 좋을 것 같아요. 기대보다 편하게 즐길 수 있어서 만족스러운 시간이었답니다. 짧게 들렀지만 생각보다 알차게 시간을 보냈어요.,20190214,1
맛집_리뷰,강남역 맛집 - 알부자,강남역은 가볍게 들른 곳인데 은근 기억에 남았어요. 메뉴가 깔끔하고 직원분들도 친절해서 편하게 먹고 왔습니다. 재방문 의사 있어요. 다음에는 조금 더 여유 있게 다시 가보고 싶어요. 기대보다 편하게 즐길 수 있어서 만족스러운 시간이었답니다.,20200306,1
맛집_리뷰,"강남역맛집, 강남회전초밥을 찾는다면 강남 스시오 추천!",친구랑 강남역맛집에 갔는데 전체적으로 무난해서 좋았어요. 음식 나오는 속도도 괜찮고 맛도 기대 이상이라 근처 맛집 찾는 분들께 추천드려요. 다음에는 조금 더 여유 있게 다시 가보고 싶어요. 개인적으로는 너무 과하지 않은 점이 마음에 들었어요. 사진으로 남겨두기에도 괜찮아서 기억에 오래 남을 것 같아요.,20190813,1
맛집_리뷰,[강남역 맛집] 쉐이크쉑 (SHAKE SHACK)- 쉑쉑버거 느끼하지만... ,가볍게 강남역 쉐이크쉑에서 식사했는데 분위기가 너무 시끄럽지 않아 편했어요. 대표 메뉴가 깔끔했고 가격도 크게 부담스럽지 않아서 한 번쯤 가볼 만했답니다. 짧게 들렀지만 생각보다 알차게 시간을 보냈어요. 처음 가보는 분들도 크게 부담 없이 즐길 수 있을 것 같아요.,20190216,1
맛집_리뷰,강남역 맛집 바비레드 재방문 후기,"강남역 다녀왔는데 생각보다 분위기가 편해서 좋았어요. 음식도 깔끔하게 나와서 부담 없이 먹기 괜찮았고, 다음에 근처 가면 또 들러보고 싶더라고요. 짧게 들렀지만 생각보다 알차게 시간을 보냈어요. 사진으로 남겨두기에도 괜찮아서 기억에 오래 남을 것 같아요.",20191202,1
맛집_리뷰,강남역 맛집 바비레드 꼭가기 두번가기,근처에서 밥 먹을 곳 찾다가 강남역에 들렀어요. 맛이 자극적이지 않고 양도 적당해서 만족했답니다. 웨이팅만 조금 피하면 더 좋을 것 같아요. 전체적으로 무난하면서도 기분 좋게 마무리할 수 있었어요. 사진으로 남겨두기에도 괜찮아서 기억에 오래 남을 것 같아요.,20190102,1
맛집_리뷰,"강남역 맛집, 미소다이닝 세이로무시 추천.",강남역은 가볍게 들른 곳인데 은근 기억에 남았어요. 메뉴가 깔끔하고 직원분들도 친절해서 편하게 먹고 왔습니다. 재방문 의사 있어요. 개인적으로는 너무 과하지 않은 점이 마음에 들었어요. 기대보다 편하게 즐길 수 있어서 만족스러운 시간이었답니다.,20190116,1
맛집_리뷰,강남역맛집 / 낙원타코아니죠... 타코맛집 / 플래터 / 스텔라,친구랑 강남역맛집에 갔는데 전체적으로 무난해서 좋았어요. 음식 나오는 속도도 괜찮고 맛도 기대 이상이라 근처 맛집 찾는 분들께 추천드려요. 다음에는 조금 더 여유 있게 다시 가보고 싶어요. 처음 가보는 분들도 크게 부담 없이 즐길 수 있을 것 같아요.,20200113,1
맛집_리뷰,강남역 맛집 장인닭갈비 줄서서 먹은 보람이 있다!,강남역 장인닭갈비에서 식사했는데 분위기가 너무 시끄럽지 않아 편했어요. 대표 메뉴가 깔끔했고 가격도 크게 부담스럽지 않아서 한 번쯤 가볼 만했답니다. 개인적으로는 너무 과하지 않은 점이 마음에 들었어요. 전체적으로 무난하면서도 기분 좋게 마무리할 수 있었어요.,20190317,1
맛집_리뷰,"강남역맛집, 마녀주방 피자와브리또 솔직후기!","강남역맛집 다녀왔는데 생각보다 분위기가 편해서 좋았어요. 음식도 깔끔하게 나와서 부담 없이 먹기 괜찮았고, 다음에 근처 가면 또 들러보고 싶더라고요. 기대보다 편하게 즐길 수 있어서 만족스러운 시간이었답니다.",20190917,1
맛집_리뷰,"[강남역 맛집] 희래식당 -마라탕 처음 먹어본 날, 꿔바로우도 함께",근처에서 밥 먹을 곳 찾다가 강남역 희래식당에 들렀어요. 맛이 자극적이지 않고 양도 적당해서 만족했답니다. 웨이팅만 조금 피하면 더 좋을 것 같아요. 기대보다 편하게 즐길 수 있어서 만족스러운 시간이었답니다. 처음 가보는 분들도 크게 부담 없이 즐길 수 있을 것 같아요.,20190427,1
맛집_리뷰,[강남역맛집]60년전통신촌황소곱창,강남역맛집은 가볍게 들른 곳인데 은근 기억에 남았어요. 메뉴가 깔끔하고 직원분들도 친절해서 편하게 먹고 왔습니다. 재방문 의사 있어요. 개인적으로는 너무 과하지 않은 점이 마음에 들었어요. 사진으로 남겨두기에도 괜찮아서 기억에 오래 남을 것 같아요.,20190302,1
맛집_리뷰,강남역맛집 어거스트 힐 맛집을 가다,오랜만에 친구랑 강남역맛집에 갔는데 전체적으로 무난해서 좋았어요. 음식 나오는 속도도 괜찮고 맛도 기대 이상이라 근처 맛집 찾는 분들께 추천드려요. 개인적으로는 너무 과하지 않은 점이 마음에 들었어요. 기대보다 편하게 즐길 수 있어서 만족스러운 시간이었답니다.,20191120,1
맛집_리뷰,강남역 맛집 / 강남역 11번출구 맛집 / 낮 맥주가 가능 한... ,강남역에서 식사했는데 분위기가 너무 시끄럽지 않아 편했어요. 대표 메뉴가 깔끔했고 가격도 크게 부담스럽지 않아서 한 번쯤 가볼 만했답니다. 다음에는 조금 더 여유 있게 다시 가보고 싶어요. 전체적으로 무난하면서도 기분 좋게 마무리할 수 있었어요.,20191013,1
맛집_리뷰,크리스마스 분위기 가득나는 강남역 맛집 바비레드에서... ,"크리스마스 분위기 다녀왔는데 생각보다 분위기가 편해서 좋았어요. 음식도 깔끔하게 나와서 부담 없이 먹기 괜찮았고, 다음에 근처 가면 또 들러보고 싶더라고요. 전체적으로 무난하면서도 기분 좋게 마무리할 수 있었어요.",20191202,1
맛집_리뷰,[강남역맛집] 바비레드,근처에서 밥 먹을 곳 찾다가 강남역맛집 바비레드에 들렀어요. 맛이 자극적이지 않고 양도 적당해서 만족했답니다. 웨이팅만 조금 피하면 더 좋을 것 같아요. 다음에는 조금 더 여유 있게 다시 가보고 싶어요. 개인적으로는 너무 과하지 않은 점이 마음에 들었어요. 기대보다 편하게 즐길 수 있어서 만족스러운 시간이었답니다.,20200120,1
맛집_리뷰,[강남 맛집 / 강남역 맛집] 로리스 더 프라임 립,강남은 가볍게 들른 곳인데 은근 기억에 남았어요. 메뉴가 깔끔하고 직원분들도 친절해서 편하게 먹고 왔습니다. 재방문 의사 있어요. 처음 가보는 분들도 크게 부담 없이 즐길 수 있을 것 같아요. 개인적으로는 너무 과하지 않은 점이 마음에 들었어요.,20191126,1
맛집_리뷰,강남역 맛집 추천 : 수제맥주펍 브롱스(bronx),친구랑 강남역 수제맥주펍에 갔는데 전체적으로 무난해서 좋았어요. 음식 나오는 속도도 괜찮고 맛도 기대 이상이라 근처 맛집 찾는 분들께 추천드려요. 처음 가보는 분들도 크게 부담 없이 즐길 수 있을 것 같아요. 개인적으로는 너무 과하지 않은 점이 마음에 들었어요.,20190103,1
맛집_리뷰,2019년10월 EP.1[강남역 맛집 / 완백부대찌개 / 강남역 VR... ,가볍게 2019년10월에서 식사했는데 분위기가 너무 시끄럽지 않아 편했어요. 대표 메뉴가 깔끔했고 가격도 크게 부담스럽지 않아서 한 번쯤 가볼 만했답니다. 짧게 들렀지만 생각보다 알차게 시간을 보냈어요. 개인적으로는 너무 과하지 않은 점이 마음에 들었어요.,20191007,1
맛집_리뷰,신분당선 강남역 맛집 장서는날 푸짐한 안주로 한 끼 식사하기... ,"신분당선 다녀왔는데 생각보다 분위기가 편해서 좋았어요. 음식도 깔끔하게 나와서 부담 없이 먹기 괜찮았고, 다음에 근처 가면 또 들러보고 싶더라고요. 다음에는 조금 더 여유 있게 다시 가보고 싶어요. 전체적으로 무난하면서도 기분 좋게 마무리할 수 있었어요.",20200128,1
맛집_리뷰,[강남역 맛집] 딘딘향의 3만원어치 마라탕 ㅋㅋㅋㅋ,근처에서 밥 먹을 곳 찾다가 강남역 딘딘향의에 들렀어요. 맛이 자극적이지 않고 양도 적당해서 만족했답니다. 웨이팅만 조금 피하면 더 좋을 것 같아요. 기대보다 편하게 즐길 수 있어서 만족스러운 시간이었답니다. 전체적으로 무난하면서도 기분 좋게 마무리할 수 있었어요.,20191126,1
맛집_리뷰,"강남역 맛집 바비레드, 아들과 동행",강남역은 가볍게 들른 곳인데 은근 기억에 남았어요. 메뉴가 깔끔하고 직원분들도 친절해서 편하게 먹고 왔습니다. 재방문 의사 있어요. 짧게 들렀지만 생각보다 알차게 시간을 보냈어요. 사진으로 남겨두기에도 괜찮아서 기억에 오래 남을 것 같아요.,20191218,1
맛집_리뷰,강남역 맛집 미즈컨테이너 이탈리안 음식,오랜만에 친구랑 강남역 미즈컨테이너에 갔는데 전체적으로 무난해서 좋았어요. 음식 나오는 속도도 괜찮고 맛도 기대 이상이라 근처 맛집 찾는 분들께 추천드려요. 개인적으로는 너무 과하지 않은 점이 마음에 들었어요.,20191231,1
맛집_리뷰,강남역 맛집 꼭그닭 빠네치킨 먹어보기 ' ▾ ',강남역에서 식사했는데 분위기가 너무 시끄럽지 않아 편했어요. 대표 메뉴가 깔끔했고 가격도 크게 부담스럽지 않아서 한 번쯤 가볼 만했답니다. 짧게 들렀지만 생각보다 알차게 시간을 보냈어요. 처음 가보는 분들도 크게 부담 없이 즐길 수 있을 것 같아요.,20190908,1
맛집_리뷰,[강남역맛집] 5년단골 참치21의 맛있는 숙성참치파티 (feat.... ,"강남역맛집 5년단골 다녀왔는데 생각보다 분위기가 편해서 좋았어요. 음식도 깔끔하게 나와서 부담 없이 먹기 괜찮았고, 다음에 근처 가면 또 들러보고 싶더라고요. 처음 가보는 분들도 크게 부담 없이 즐길 수 있을 것 같아요. 전체적으로 무난하면서도 기분 좋게 마무리할 수 있었어요.",20200928,1
맛집_리뷰,"[맛집추천] 강남역맛집, 가성비 최고 롤링파스타에서... ",근처에서 밥 먹을 곳 찾다가 맛집추천 강남역맛집에 들렀어요. 맛이 자극적이지 않고 양도 적당해서 만족했답니다. 웨이팅만 조금 피하면 더 좋을 것 같아요. 처음 가보는 분들도 크게 부담 없이 즐길 수 있을 것 같아요. 짧게 들렀지만 생각보다 알차게 시간을 보냈어요.,20190829,1
맛집_리뷰,강남역 라멘 맛집 마루이치[강남역맛집/데이트코스/혼밥]... ,강남역은 가볍게 들른 곳인데 은근 기억에 남았어요. 메뉴가 깔끔하고 직원분들도 친절해서 편하게 먹고 왔습니다. 재방문 의사 있어요. 사진으로 남겨두기에도 괜찮아서 기억에 오래 남을 것 같아요. 개인적으로는 너무 과하지 않은 점이 마음에 들었어요.,20190104,1
맛집_리뷰,[강남역 맛집] 연인끼리 데이트하기 좋은 파스타집 | 바비레드,친구랑 강남역 연인끼리에 갔는데 전체적으로 무난해서 좋았어요. 음식 나오는 속도도 괜찮고 맛도 기대 이상이라 근처 맛집 찾는 분들께 추천드려요. 전체적으로 무난하면서도 기분 좋게 마무리할 수 있었어요. 기대보다,20191122,1
맛집_리뷰,분위기 좋은 강남역 맛집 푸짐하고 맛있는 바비레드,분위기에서 식사했는데 분위기가 너무 시끄럽지 않아 편했어요. 대표 메뉴가 깔끔했고 가격도 크게 부담스럽지 않아서 한 번쯤 가볼 만했답니다. 기대보다 편하게 즐길 수 있어서 만족스러운 시간이었답니다. 전체적으로 무난하면서도 기분 좋게 마무리할 수 있었어요.,20191231,1
맛집_리뷰,강남역 맛집] 셰프투고/ 역삼역 배달 맛집♡,"강남역 셰프투고 다녀왔는데 생각보다 분위기가 편해서 좋았어요. 음식도 깔끔하게 나와서 부담 없이 먹기 괜찮았고, 다음에 근처 가면 또 들러보고 싶더라고요. 전체적으로 무난하면서도 기분 좋게 마무리할 수 있었어요.",20191115,1
맛집_리뷰,[강남역 맛집] 강남 돈코츠 일본라멘 유타로 (점심맥주팜^^),오랜만에 근처에서 밥 먹을 곳 찾다가 강남역 강남에 들렀어요. 맛이 자극적이지 않고 양도 적당해서 만족했답니다. 웨이팅만 조금 피하면 더 좋을 것 같아요. 기대보다 편하게 즐길 수 있어서 만족스러운 시간이었답니다. 개인적으로는 너무 과하지 않은 점이 마음에 들었어요.,20191231,1
맛집_리뷰,"강남역맛집, 베트남쌀국수 땀땀!",강남역맛집 베트남쌀국수는 가볍게 들른 곳인데 은근 기억에 남았어요. 메뉴가 깔끔하고 직원분들도 친절해서 편하게 먹고 왔습니다. 재방문 의사 있어요. 전체적으로 무난하면서도 기분 좋게 마무리할 수 있었어요. 짧게 들렀지만 생각보다 알차게 시간을 보냈어요.,20200124,1
맛집_리뷰,강남역 맛집 가성비 실화?,친구랑 강남역 가성비에 갔는데 전체적으로 무난해서 좋았어요. 음식 나오는 속도도 괜찮고 맛도 기대 이상이라 근처 맛집 찾는 분들께 추천드려요. 개인적으로는 너무 과하지 않은 점이 마음에 들었어요. 처음 가보는 분들도 크게 부담 없이 즐길 수 있을 것 같아요.,20190618,1
맛집_리뷰,강남역맛집 : 어글리스토브!,강남역맛집에서 식사했는데 분위기가 너무 시끄럽지 않아 편했어요. 대표 메뉴가 깔끔했고 가격도 크게 부담스럽지 않아서 한 번쯤 가볼 만했답니다. 사진으로 남겨두기에도 괜찮아서 기억에 오래 남을 것 같아요. 개인적으로는 너무 과하지 않은 점이 마음에 들었어요.,20200102,1
맛집_리뷰,[강남역 맛집] 모모사라 크림/김치함박스테이크 존맛탱,"강남역 다녀왔는데 생각보다 분위기가 편해서 좋았어요. 음식도 깔끔하게 나와서 부담 없이 먹기 괜찮았고, 다음에 근처 가면 또 들러보고 싶더라고요. 짧게 들렀지만 생각보다 알차게 시간을 보냈어요. 개인적으로는 너무 과하지 않은 점이 마음에 들었어요.",20191222,1
맛집_리뷰,[강남역 맛집] 출간기념으로 강남역 한식 맛집 매우매오 방문!... ,근처에서 밥 먹을 곳 찾다가 강남역 출간기념으로에 들렀어요. 맛이 자극적이지 않고 양도 적당해서 만족했답니다. 웨이팅만 조금 피하면 더 좋을 것 같아요. 개인적으로는 너무 과하지 않은 점이 마음에 들었어요. 전체적으로 무난하면서도 기분 좋게 마무리할 수 있었어요.,20190425,1
맛집_리뷰,"[강남역맛집 쭈꾸미맛집 오쭈] 쭈닭으로 주문주문, 쭈꾸미... ",강남역맛집 쭈꾸미맛집은 가볍게 들른 곳인데 은근 기억에 남았어요. 메뉴가 깔끔하고 직원분들도 친절해서 편하게 먹고 왔습니다. 재방문 의사 있어요. 짧게 들렀지만 생각보다 알차게 시간을 보냈어요. 기대보다 편하게 즐길 수 있어서 만족스러운 시간이었답니다.,20191226,1
맛집_리뷰,[강남역 맛집] 떡볶이무한리필 즉석떡볶이 '두끼 강남점' 가격인상,친구랑 강남역에 갔는데 전체적으로 무난해서 좋았어요. 음식 나오는 속도도 괜찮고 맛도 기대 이상이라 근처 맛집 찾는 분들께 추천드려요. 처음 가보는 분들도 크게 부담 없이 즐길 수 있을 것 같아요. 기대보다 편하게 즐길 수 있어서 만족스러운 시간이었답니다.,20190327,1
맛집_리뷰,강남역맛집) 몸보신 삼계탕 맛집 : 한방삼계탕,강남역맛집 몸보신에서 식사했는데 분위기가 너무 시끄럽지 않아 편했어요. 대표 메뉴가 깔끔했고 가격도 크게 부담스럽지 않아서 한 번쯤 가볼 만했답니다. 다음에는 조금 더 여유 있게 다시 가보고 싶어요. 전체적으로 무난하면서도 기분 좋게 마무리할 수 있었어요.,20190104,1
맛집_리뷰,&lt;강남역 맛집&gt; 바비레드,"&lt;강남역 다녀왔는데 생각보다 분위기가 편해서 좋았어요. 음식도 깔끔하게 나와서 부담 없이 먹기 괜찮았고, 다음에 근처 가면 또 들러보고 싶더라고요. 개인적으로는 너무 과하지 않은 점이 마음에 들었어요. 짧게 들렀지만 생각보다 알차게 시간을 보냈어요.",20191214,1
맛집_리뷰,"강남역 맛집 &quot;바비레드&quot; 언제나 웨이팅이 있는 찐맛집,,드디어... ",근처에서 밥 먹을 곳 찾다가 강남역 &quot;바비레드&quot;에 들렀어요. 맛이 자극적이지 않고 양도 적당해서 만족했답니다. 웨이팅만 조금 피하면 더 좋을 것 같아요. 짧게 들렀지만 생각보다 알차게 시간을 보냈어요. 다음에는 조금 더 여유 있게 다시 가보고 싶어요.,20200101,1
맛집_리뷰,강남역 맛집 존맛 또 가야지~,강남역 존맛은 가볍게 들른 곳인데 은근 기억에 남았어요. 메뉴가 깔끔하고 직원분들도 친절해서 편하게 먹고 왔습니다. 재방문 의사 있어요. 처음 가보는 분들도 크게 부담 없이 즐길 수 있을 것 같아요. 전체적으로 무난하면서도 기분 좋게 마무리할 수 있었어요.,20190117,1
맛집_리뷰,[강남역맛집]9월 행사가격에 가성비좋은 저녁메뉴 매드포갈릭,친구랑 강남역맛집 9월에 갔는데 전체적으로 무난해서 좋았어요. 음식 나오는 속도도 괜찮고 맛도 기대 이상이라 근처 맛집 찾는 분들께 추천드려요. 기대보다 편하게 즐길 수 있어서 만족스러운 시간이었답니다. 개인적으로는 너무 과하지 않은 점이 마음에 들었어요.,20190919,1
맛집_리뷰,[먹잼](강남역 맛집)언제나 맛있는 바비레드에서 배부른 한 끼... ,먹잼 언제나에서 식사했는데 분위기가 너무 시끄럽지 않아 편했어요. 대표 메뉴가 깔끔했고 가격도 크게 부담스럽지 않아서 한 번쯤 가볼 만했답니다. 짧게 들렀지만 생각보다 알차게 시간을 보냈어요. 처음 가보는 분들도 크게 부담 없이 즐길 수 있을 것 같아요. 기대보다 편하게 즐길 수 있어서 만족스러운 시간이었답니다.,20200113,1
맛집_리뷰,강남역 맛집 - 강남맛집 파스타 감바스 피자가 맛있는 비어룸(BR),"강남역 강남맛집 다녀왔는데 생각보다 분위기가 편해서 좋았어요. 음식도 깔끔하게 나와서 부담 없이 먹기 괜찮았고, 다음에 근처 가면 또 들러보고 싶더라고요. 다음에는 조금 더 여유 있게 다시 가보고 싶어요. 개인적으로는 너무 과하지 않은 점이 마음에 들었어요.",20190614,1
맛집_리뷰,뱅뱅사거리맛집 조순금 닭도리탕 강남역 맛집 회식장소추천,근처에서 밥 먹을 곳 찾다가 뱅뱅사거리맛집 조순금에 들렀어요. 맛이 자극적이지 않고 양도 적당해서 만족했답니다. 웨이팅만 조금 피하면 더 좋을 것 같아요. 전체적으로 무난하면서도 기분 좋게 마무리할 수 있었어요.,20191205,1
맛집_리뷰,[서울/강남역] 강남역 맛집 '미즈컨테이너'에서 연말 송년회 :-),서울은 가볍게 들른 곳인데 은근 기억에 남았어요. 메뉴가 깔끔하고 직원분들도 친절해서 편하게 먹고 왔습니다. 재방문 의사 있어요. 기대보다 편하게 즐길 수 있어서 만족스러운 시간이었답니다. 다음에는 조금 더 여유 있게 다시 가보고 싶어요.,20191213,1
맛집_리뷰,&lt;강남역 맛집 후기&gt;혼밥하기 좋은 소노야!,친구랑 &lt;강남역 후기&gt;혼밥하기에 갔는데 전체적으로 무난해서 좋았어요. 음식 나오는 속도도 괜찮고 맛도 기대 이상이라 근처 맛집 찾는 분들께 추천드려요. 처음 가보는 분들도 크게 부담 없이 즐길 수 있을 것 같아요. 사진으로 남겨두기에도 괜찮아서 기억에 오래 남을 것 같아요.,20190322,1
맛집_리뷰,"[강남역 점심] 배고픈 점심... 초밥집, 강남역 맛집“은행골”... ",강남역에서 식사했는데 분위기가 너무 시끄럽지 않아 편했어요. 대표 메뉴가 깔끔했고 가격도 크게 부담스럽지 않아서 한 번쯤 가볼 만했답니다. 전체적으로 무난하면서도 기분 좋게 마무리할 수 있었어요. 기대보다 편하게 즐길 수 있어서 만족스러운 시간이었답니다.,20200418,1
맛집_리뷰,강남역맛집 재즈공연이 있는 레스토랑,"강남역맛집 다녀왔는데 생각보다 분위기가 편해서 좋았어요. 음식도 깔끔하게 나와서 부담 없이 먹기 괜찮았고, 다음에 근처 가면 또 들러보고 싶더라고요. 전체적으로 무난하면서도 기분 좋게 마무리할 수 있었어요.",20200409,1
맛집_리뷰,"강남역 맛집 바비레드 BOBIRED, 데이트코스로 강추!",근처에서 밥 먹을 곳 찾다가 강남역에 들렀어요. 맛이 자극적이지 않고 양도 적당해서 만족했답니다. 웨이팅만 조금 피하면 더 좋을 것 같아요. 전체적으로 무난하면서도 기분 좋게 마무리할 수 있었어요. 짧게 들렀지만 생각보다 알차게 시간을 보냈어요.,20191113,1
맛집_리뷰,강남역 맛집으로 딘타이펑 추천해요!♥,강남역은 가볍게 들른 곳인데 은근 기억에 남았어요. 메뉴가 깔끔하고 직원분들도 친절해서 편하게 먹고 왔습니다. 재방문 의사 있어요. 전체적으로 무난하면서도 기분 좋게 마무리할 수 있었어요. 처음 가보는 분들도 크게 부담 없이 즐길 수 있을 것 같아요.,20200522,1
맛집_리뷰,[강남맛집/강남역맛집] 스시무한리필은 스시메이진 강남점!... ,친구랑 강남맛집 강남역맛집에 갔는데 전체적으로 무난해서 좋았어요. 음식 나오는 속도도 괜찮고 맛도 기대 이상이라 근처 맛집 찾는 분들께 추천드려요. 전체적으로 무난하면서도 기분 좋게 마무리할 수 있었어요. 짧게 들렀지만 생각보다 알차게 시간을 보냈어요.,20200330,1
맛집_리뷰,강남역 맛집  한성 돈까스 서울 돈까스 추천 신사 맛집,강남역에서 식사했는데 분위기가 너무 시끄럽지 않아 편했어요. 대표 메뉴가 깔끔했고 가격도 크게 부담스럽지 않아서 한 번쯤 가볼 만했답니다. 전체적으로 무난하면서도 기분 좋게 마무리할 수 있었어요. 처음 가보는 분들도 크게 부담 없이 즐길 수 있을 것 같아요.,20200705,1
맛집_리뷰,로맨틱한 강남역 맛집 크래프트아일랜드 강남역점에서 즐겨요~!,"로맨틱한 다녀왔는데 생각보다 분위기가 편해서 좋았어요. 음식도 깔끔하게 나와서 부담 없이 먹기 괜찮았고, 다음에 근처 가면 또 들러보고 싶더라고요. 개인적으로는 너무 과하지 않은 점이 마음에 들었어요. 짧게 들렀지만 생각보다 알차게 시간을 보냈어요.",20191228,1
맛집_리뷰,[강남역 맛집] 강남 아트몬스터 / 연말 회식장소 추천 / 강남역... ,이번에 근처에서 밥 먹을 곳 찾다가 강남역 강남에 들렀어요. 맛이 자극적이지 않고 양도 적당해서 만족했답니다. 웨이팅만 조금 피하면 더 좋을 것 같아요. 다음에는 조금 더 여유 있게 다시 가보고 싶어요. 개인적으로는 너무 과하지 않은 점이 마음에 들었어요.,20191218,1
맛집_리뷰,라그릴리아 봄메뉴 / 라그릴리아 메뉴판 / 강남역 맛집,라그릴리아 봄메뉴는 가볍게 들른 곳인데 은근 기억에 남았어요. 메뉴가 깔끔하고 직원분들도 친절해서 편하게 먹고 왔습니다. 재방문 의사 있어요. 짧게 들렀지만 생각보다 알차게 시간을 보냈어요. 다음에는 조금 더 여유 있게 다시 가보고 싶어요.,20190421,1
맛집_리뷰,[강남역 맛집/강남역 파스타] 이름없는파스타(2),친구랑 강남역에 갔는데 전체적으로 무난해서 좋았어요. 음식 나오는 속도도 괜찮고 맛도 기대 이상이라 근처 맛집 찾는 분들께 추천드려요. 기대보다 편하게 즐길 수 있어서 만족스러운 시간이었답니다. 짧게 들렀지만 생각보다 알차게 시간을 보냈어요. 다음에는 조금 더 여유 있게 다시 가보고 싶어요.,20200114,1
맛집_리뷰,[강남역 맛집]&quot;스테이터 강남역점&quot; / 가성비 좋은... ,이번에 강남역에서 식사했는데 분위기가 너무 시끄럽지 않아 편했어요. 대표 메뉴가 깔끔했고 가격도 크게 부담스럽지 않아서 한 번쯤 가볼 만했답니다. 짧게 들렀지만 생각보다 알차게 시간을 보냈어요. 사진으로 남겨두기에도 괜찮아서 기억에 오래 남을 것 같아요.,20191210,1
맛집_리뷰,[강남역 맛집/강남역 샐러드] 피그인더가든,"이번에 강남역 다녀왔는데 생각보다 분위기가 편해서 좋았어요. 음식도 깔끔하게 나와서 부담 없이 먹기 괜찮았고, 다음에 근처 가면 또 들러보고 싶더라고요. 사진으로 남겨두기에도 괜찮아서 기억에 오래 남을 것 같아요. 기대보다 편하게 즐길 수 있어서 만족스러운 시간이었답니다.",20191220,1
맛집_리뷰,[강남역 맛집/강남역 막국수] 청류벽,근처에서 밥 먹을 곳 찾다가 강남역에 들렀어요. 맛이 자극적이지 않고 양도 적당해서 만족했답니다. 웨이팅만 조금 피하면 더 좋을 것 같아요. 기대보다 편하게 즐길 수 있어서 만족스러운 시간이었답니다. 사진으로 남겨두기에도 괜찮아서 기억에 오래 남을 것 같아요. 처음 가보는 분들도 크게 부담 없이 즐길 수 있을 것 같아요.,20190623,1
맛집_리뷰,[강남역 맛집] 지금까지 이런... 인생고기 맛집 / 두껍삼 강남직... ,강남역 지금까지는 가볍게 들른 곳인데 은근 기억에 남았어요. 메뉴가 깔끔하고 직원분들도 친절해서 편하게 먹고 왔습니다. 재방문 의사 있어요. 개인적으로는 너무 과하지 않은 점이 마음에 들었어요. 짧게 들렀지만 생각보다 알차게 시간을 보냈어요.,20190314,1
맛집_리뷰,[강남역 맛집/강남역 초밥] 갓덴스시 강남점,친구랑 강남역에 갔는데 전체적으로 무난해서 좋았어요. 음식 나오는 속도도 괜찮고 맛도 기대 이상이라 근처 맛집 찾는 분들께 추천드려요. 개인적으로는 너무 과하지 않은 점이 마음에 들었어요. 사진으로 남겨두기에도 괜찮아서 기억에 오래 남을 것 같아요.,20190503,1
맛집_리뷰,"[강남역 밥집] 강남역 맛집,밥집,저렴한 가격에 스테이크를... ",강남역에서 식사했는데 분위기가 너무 시끄럽지 않아 편했어요. 대표 메뉴가 깔끔했고 가격도 크게 부담스럽지 않아서 한 번쯤 가볼 만했답니다. 사진으로 남겨두기에도 괜찮아서 기억에 오래 남을 것 같아요. 짧게 들렀지만 생각보다 알차게 시간을 보냈어요.,20191231,1
맛집_리뷰,[강남역 맛집/강남역 파스타] 미즈컨테이너 강남 이스트,"강남역 강남역 다녀왔는데 생각보다 분위기가 편해서 좋았어요. 음식도 깔끔하게 나와서 부담 없이 먹기 괜찮았고, 다음에 근처 가면 또 들러보고 싶더라고요. 기대보다 편하게 즐길 수 있어서 만족스러운 시간이었답니다. 전체적으로 무난하면서도 기분 좋게 마무리할 수 있었어요.",20190412,1
맛집_리뷰,[강남역 맛집/강남역 소고기] 투뿔등심-2,근처에서 밥 먹을 곳 찾다가 강남역 강남역에 들렀어요. 맛이 자극적이지 않고 양도 적당해서 만족했답니다. 웨이팅만 조금 피하면 더 좋을 것 같아요. 개인적으로는 너무 과하지 않은 점이 마음에 들었어요. 전체적으로 무난하면서도 기분 좋게 마무리할 수 있었어요. 기대보다 편하게 즐길 수 있어서 만족스러운 시간이었답니다.,20190310,1
맛집_리뷰,"[강남역 맛집] 소고기 제대로 맛보기 , 창고43 강남점",강남역은 가볍게 들른 곳인데 은근 기억에 남았어요. 메뉴가 깔끔하고 직원분들도 친절해서 편하게 먹고 왔습니다. 재방문 의사 있어요. 전체적으로 무난하면서도 기분 좋게 마무리할 수 있었어요. 사진으로 남겨두기에도 괜찮아서 기억에 오래 남을 것 같아요.,20200129,1
맛집_리뷰,[강남역 맛집/강남역 파스타] 이름없는파스타 강남역점,친구랑 강남역에 갔는데 전체적으로 무난해서 좋았어요. 음식 나오는 속도도 괜찮고 맛도 기대 이상이라 근처 맛집 찾는 분들께 추천드려요. 개인적으로는 너무 과하지 않은 점이 마음에 들었어요. 다음에는 조금 더 여유 있게 다시 가보고 싶어요. 짧게 들렀지만 생각보다 알차게 시간을 보냈어요.,20191107,1
맛집_리뷰,"2019년 8월 13일 강남역 맛집, VERA PIZZA SPC스퀘어점... ",8월에서 식사했는데 분위기가 너무 시끄럽지 않아 편했어요. 대표 메뉴가 깔끔했고 가격도 크게 부담스럽지 않아서 한 번쯤 가볼 만했답니다. 짧게 들렀지만 생각보다 알차게 시간을 보냈어요. 기대보다 편하게 즐길 수 있어서 만족스러운 시간이었답니다.,20190813,1
맛집_리뷰,2019년 12월의 일상 (사진스압),"오랜만에 12월의 다녀왔는데 생각보다 분위기가 편해서 좋았어요. 음식도 깔끔하게 나와서 부담 없이 먹기 괜찮았고, 다음에 근처 가면 또 들러보고 싶더라고요. 사진으로 남겨두기에도 괜찮아서 기억에 오래 남을 것 같아요.",20200204,1
맛집_리뷰,강남역 맛집 : 장인 닭갈비 (건강한 재료에 엄지척!),가볍게 근처에서 밥 먹을 곳 찾다가 강남역 장인에 들렀어요. 맛이 자극적이지 않고 양도 적당해서 만족했답니다. 웨이팅만 조금 피하면 더 좋을 것 같아요. 개인적으로는 너무 과하지 않은 점이 마음에 들었어요. 사진으로 남겨두기에도 괜찮아서 기억에 오래 남을 것 같아요.,20190325,1
맛집_리뷰,[강남역 맛집]롤링파스타(Rolling Pasta),강남역은 가볍게 들른 곳인데 은근 기억에 남았어요. 메뉴가 깔끔하고 직원분들도 친절해서 편하게 먹고 왔습니다. 재방문 의사 있어요. 사진으로 남겨두기에도 괜찮아서 기억에 오래 남을 것 같아요. 처음 가보는 분들도 크게 부담 없이 즐길 수 있을 것 같아요.,20190603,1
맛집_리뷰,유나이티드 갤러리 2019년 10월 U매거진_셋째주 전시_한성진... ,친구랑 유나이티드 갤러리에 갔는데 전체적으로 무난해서 좋았어요. 음식 나오는 속도도 괜찮고 맛도 기대 이상이라 근처 맛집 찾는 분들께 추천드려요. 기대보다 편하게 즐길 수 있어서 만족스러운 시간이었답니다. 처음 가보는 분들도 크게 부담 없이 즐길 수 있을 것 같아요.,20191011,1
맛집_리뷰,유나이티드 갤러리 2019년 5월 U매거진_셋째주 전시... ,유나이티드 갤러리에서 식사했는데 분위기가 너무 시끄럽지 않아 편했어요. 대표 메뉴가 깔끔했고 가격도 크게 부담스럽지 않아서 한 번쯤 가볼 만했답니다. 개인적으로는 너무 과하지 않은 점이 마음에 들었어요. 전체적으로 무난하면서도 기분 좋게 마무리할 수 있었어요.,20190513,1
맛집_리뷰,[강남역맛집] 홍콩식... 탄탄면이 생각나면 _ 제레미20 강남역점,"이번에 강남역맛집 홍콩식... 다녀왔는데 생각보다 분위기가 편해서 좋았어요. 음식도 깔끔하게 나와서 부담 없이 먹기 괜찮았고, 다음에 근처 가면 또 들러보고 싶더라고요. 처음 가보는 분들도 크게 부담 없이 즐길 수 있을 것 같아요.",20200219,1
맛집_리뷰,강남역 맛집 바비레드에서 파스타먹고왔어요!,오랜만에 근처에서 밥 먹을 곳 찾다가 강남역 바비레드에서에 들렀어요. 맛이 자극적이지 않고 양도 적당해서 만족했답니다. 웨이팅만 조금 피하면 더 좋을 것 같아요. 개인적으로는 너무 과하지 않은 점이 마음에 들었어요. 전체적으로 무난하면서도 기분 좋게 마무리할 수 있었어요.,20191217,1
맛집_리뷰,오랜만에 가본 강남역 / 강남역 맛집 &amp; 카페 / 3MK / 랑데자뷰,오랜만에는 가볍게 들른 곳인데 은근 기억에 남았어요. 메뉴가 깔끔하고 직원분들도 친절해서 편하게 먹고 왔습니다. 재방문 의사 있어요. 다음에는 조금 더 여유 있게 다시 가보고 싶어요. 짧게 들렀지만 생각보다 알차게 시간을 보냈어요.,20200130,1
맛집_리뷰,[강남역술집] 가성비 좋은 강남역 맛집/술집 경성주막1929,가볍게 친구랑 강남역술집에 갔는데 전체적으로 무난해서 좋았어요. 음식 나오는 속도도 괜찮고 맛도 기대 이상이라 근처 맛집 찾는 분들께 추천드려요. 기대보다 편하게 즐길 수 있어서 만족스러운 시간이었답니다. 전체적으로 무난하면서도 기분 좋게 마무리할 수 있었어요.,20190122,1
맛집_리뷰,"라온위즈 9월, 본부팀의 강남역 맛집탐방",라온위즈에서 식사했는데 분위기가 너무 시끄럽지 않아 편했어요. 대표 메뉴가 깔끔했고 가격도 크게 부담스럽지 않아서 한 번쯤 가볼 만했답니다. 짧게 들렀지만 생각보다 알차게 시간을 보냈어요. 사진으로 남겨두기에도 괜찮아서 기억에 오래 남을 것 같아요.,20191002,1
맛집_리뷰,강남역 맛집 / 비스트로바 라그릴리아,"강남역 다녀왔는데 생각보다 분위기가 편해서 좋았어요. 음식도 깔끔하게 나와서 부담 없이 먹기 괜찮았고, 다음에 근처 가면 또 들러보고 싶더라고요. 전체적으로 무난하면서도 기분 좋게 마무리할 수 있었어요. 짧게 들렀지만 생각보다 알차게 시간을 보냈어요.",20190109,1
맛집_리뷰,2019년 12월 1주차 일상,근처에서 밥 먹을 곳 찾다가 12월에 들렀어요. 맛이 자극적이지 않고 양도 적당해서 만족했답니다. 웨이팅만 조금 피하면 더 좋을 것 같아요. 다음에는 조금 더 여유 있게 다시 가보고 싶어요. 기대보다 편하게 즐길 수 있어서 만족스러운 시간이었답니다.,20191209,1
맛집_리뷰,강남역맛집 : 강남진해장 - 곱창전골맛집,강남역맛집은 가볍게 들른 곳인데 은근 기억에 남았어요. 메뉴가 깔끔하고 직원분들도 친절해서 편하게 먹고 왔습니다. 재방문 의사 있어요. 기대보다 편하게 즐길 수 있어서 만족스러운 시간이었답니다. 전체적으로 무난하면서도 기분 좋게 마무리할 수 있었어요.,20191231,1
맛집_리뷰,강남역커피빈/강남역맛집/스트릿(strEAT)/사당역맛집/연안식당... ,친구랑 강남역커피빈 강남역맛집에 갔는데 전체적으로 무난해서 좋았어요. 음식 나오는 속도도 괜찮고 맛도 기대 이상이라 근처 맛집 찾는 분들께 추천드려요. 전체적으로 무난하면서도 기분 좋게 마무리할 수 있었어요. 처음 가보는 분들도 크게 부담 없이 즐길 수 있을 것 같아요.,20190902,1
맛집_리뷰,[제405탄] 서울 강남역맛집 웨딩홀뷔페 스칼라티움 강남점,제405탄에서 식사했는데 분위기가 너무 시끄럽지 않아 편했어요. 대표 메뉴가 깔끔했고 가격도 크게 부담스럽지 않아서 한 번쯤 가볼 만했답니다. 전체적으로 무난하면서도 기분 좋게 마무리할 수 있었어요. 사진으로 남겨두기에도 괜찮아서 기억에 오래 남을 것 같아요. 처음 가보는 분들도 크게 부담 없이 즐길 수 있을 것 같아요.,20191109,1
맛집_리뷰,[강남역 맛집] 88년도 개업 모퉁이집 솔직후기,"강남역 다녀왔는데 생각보다 분위기가 편해서 좋았어요. 음식도 깔끔하게 나와서 부담 없이 먹기 괜찮았고, 다음에 근처 가면 또 들러보고 싶더라고요. 전체적으로 무난하면서도 기분 좋게 마무리할 수 있었어요. 개인적으로는 너무 과하지 않은 점이 마음에 들었어요.",20200630,1
맛집_리뷰,강남역 맛집 미국남부 가정식 [샤이바나 강남점]_10월... ,근처에서 밥 먹을 곳 찾다가 강남역 미국남부에 들렀어요. 맛이 자극적이지 않고 양도 적당해서 만족했답니다. 웨이팅만 조금 피하면 더 좋을 것 같아요. 사진으로 남겨두기에도 괜찮아서 기억에 오래 남을 것 같아요. 다음에는 조금 더 여유 있게 다시 가보고 싶어요.,20200109,1
맛집_리뷰,[일상-맛집] 강남역 맛집 땀땀 (단골인의 찐 리뷰),강남역은 가볍게 들른 곳인데 은근 기억에 남았어요. 메뉴가 깔끔하고 직원분들도 친절해서 편하게 먹고 왔습니다. 재방문 의사 있어요. 짧게 들렀지만 생각보다 알차게 시간을 보냈어요. 처음 가보는 분들도 크게 부담 없이 즐길 수 있을 것 같아요.,20200917,1
맛집_리뷰,"[강남역 맛집] 연말 모임, 회식장소 추천 &quot;큰물참치&quot;",친구랑 강남역 연말에 갔는데 전체적으로 무난해서 좋았어요. 음식 나오는 속도도 괜찮고 맛도 기대 이상이라 근처 맛집 찾는 분들께 추천드려요. 전체적으로 무난하면서도 기분 좋게 마무리할 수 있었어요. 처음 가보는 분들도 크게 부담 없이 즐길 수 있을 것 같아요.,20190101,1
맛집_리뷰,11년 내내 바보같은 친구랑 성공적인 강남역 맛집 찾기!!,가볍게 11년 내내에서 식사했는데 분위기가 너무 시끄럽지 않아 편했어요. 대표 메뉴가 깔끔했고 가격도 크게 부담스럽지 않아서 한 번쯤 가볼 만했답니다. 짧게 들렀지만 생각보다 알차게 시간을 보냈어요. 사진으로 남겨두기에도 괜찮아서 기억에 오래 남을 것 같아요.,20190715,1
맛집_리뷰,[강남역 맛집] 맥쓰세계치킨 강남점 :: 가성비 좋은 치킨... ,"강남역 맥쓰세계치킨 다녀왔는데 생각보다 분위기가 편해서 좋았어요. 음식도 깔끔하게 나와서 부담 없이 먹기 괜찮았고, 다음에 근처 가면 또 들러보고 싶더라고요. 다음에는 조금 더 여유 있게 다시 가보고 싶어요. 처음 가보는 분들도 크게 부담 없이 즐길 수 있을 것 같아요.",20190724,1
맛집_리뷰,[강남역 맛집] 바비레드 강남본... 되는 갈비 파스타 맛집 메뉴 추천,근처에서 밥 먹을 곳 찾다가 강남역에 들렀어요. 맛이 자극적이지 않고 양도 적당해서 만족했답니다. 웨이팅만 조금 피하면 더 좋을 것 같아요. 기대보다 편하게 즐길 수 있어서 만족스러운 시간이었답니다. 사진으로 남겨두기에도 괜찮아서 기억에 오래 남을 것 같아요.,20191123,1
맛집_리뷰,"[강남역 맛집] 만원수산, 서울 횟집, 횟집 맛집, 가성비 좋은 횟집",강남역 만원수산은 가볍게 들른 곳인데 은근 기억에 남았어요. 메뉴가 깔끔하고 직원분들도 친절해서 편하게 먹고 왔습니다. 재방문 의사 있어요. 기대보다 편하게 즐길 수 있어서 만족스러운 시간이었답니다. 짧게 들렀지만 생각보다 알차게 시간을 보냈어요.,20190928,1
맛집_리뷰,강남 맛집 / 강남역 맛집 / 강남 일식 / 강남 복요리 &quot;강남 복... ,친구랑 강남에 갔는데 전체적으로 무난해서 좋았어요. 음식 나오는 속도도 괜찮고 맛도 기대 이상이라 근처 맛집 찾는 분들께 추천드려요. 처음 가보는 분들도 크게 부담 없이 즐길 수 있을 것 같아요. 기대보다 편하게 즐길 수 있어서 만족스러운 시간이었답니다. 짧게 들렀지만 생각보다 알차게 시간을 보냈어요. 전체적으로 무난하면서도 기분 좋게 마무리할 수 있었어요.,20190507,1
맛집_리뷰,강남 마녀의초대장  / 강남역 맛집/ 강남역 스테이크 / 강남... ,강남에서 식사했는데 분위기가 너무 시끄럽지 않아 편했어요. 대표 메뉴가 깔끔했고 가격도 크게 부담스럽지 않아서 한 번쯤 가볼 만했답니다. 전체적으로 무난하면서도 기분 좋게 마무리할 수 있었어요. 개인적으로는 너무 과하지 않은 점이 마음에 들었어요.,20190202,1
맛집_리뷰,[강남역 맛집] 크림카레우동이 맛있는 “토끼정”,"강남역 다녀왔는데 생각보다 분위기가 편해서 좋았어요. 음식도 깔끔하게 나와서 부담 없이 먹기 괜찮았고, 다음에 근처 가면 또 들러보고 싶더라고요. 사진으로 남겨두기에도 괜찮아서 기억에 오래 남을 것 같아요. 개인적으로는 너무 과하지 않은 점이 마음에 들었어요.",20190114,1
맛집_리뷰,홍콩 분위기의 강남역 맛집 :: 구구당 내 돈 주고 먹은 후기,가볍게 근처에서 밥 먹을 곳 찾다가 홍콩 분위기의에 들렀어요. 맛이 자극적이지 않고 양도 적당해서 만족했답니다. 웨이팅만 조금 피하면 더 좋을 것 같아요. 처음 가보는 분들도 크게 부담 없이 즐길 수 있을 것 같아요. 다음에는 조금 더 여유 있게 다시 가보고 싶어요.,20200506,1
맛집_리뷰,브이로그 + 2019년 12월 일상사진 모음,브이로그 12월은 가볍게 들른 곳인데 은근 기억에 남았어요. 메뉴가 깔끔하고 직원분들도 친절해서 편하게 먹고 왔습니다. 재방문 의사 있어요. 사진으로 남겨두기에도 괜찮아서 기억에 오래 남을 것 같아요. 처음 가보는 분들도 크게 부담 없이 즐길 수 있을 것 같아요.,20200208,1
맛집_리뷰,[강남역 맛집] ‘라공방’에서 마라탕&amp;꿔바로우를 먹었어요!... ,친구랑 강남역 ‘라공방’에서에 갔는데 전체적으로 무난해서 좋았어요. 음식 나오는 속도도 괜찮고 맛도 기대 이상이라 근처 맛집 찾는 분들께 추천드려요. 개인적으로는 너무 과하지 않은 점이 마음에 들었어요. 처음 가보는 분들도 크게 부담 없이 즐길 수 있을 것 같아요.,20190814,1
맛집_리뷰,[맛집리뷰]강남역맛집/붓처스컷강남점/BUTCHER’S CUT 강남... ,오랜만에 맛집리뷰 강남역맛집에서 식사했는데 분위기가 너무 시끄럽지 않아 편했어요. 대표 메뉴가 깔끔했고 가격도 크게 부담스럽지 않아서 한 번쯤 가볼 만했답니다. 짧게 들렀지만 생각보다 알차게 시간을 보냈어요.,20190714,1
맛집_리뷰,[by HK][강남역 맛집]강남역 라공방 본점,"by 다녀왔는데 생각보다 분위기가 편해서 좋았어요. 음식도 깔끔하게 나와서 부담 없이 먹기 괜찮았고, 다음에 근처 가면 또 들러보고 싶더라고요. 다음에는 조금 더 여유 있게 다시 가보고 싶어요. 사진으로 남겨두기에도 괜찮아서 기억에 오래 남을 것 같아요.",20190711,1
맛집_리뷰,[강남역맛집] 속재료 듬뿍! 직접 만들어 먹는 타코 _ 낙원타코,이번에 근처에서 밥 먹을 곳 찾다가 강남역맛집 속재료에 들렀어요. 맛이 자극적이지 않고 양도 적당해서 만족했답니다. 웨이팅만 조금 피하면 더 좋을 것 같아요. 짧게 들렀지만 생각보다 알차게 시간을 보냈어요. 처음 가보는 분들도 크게 부담 없이 즐길 수 있을 것 같아요.,20200318,1
맛집_리뷰,[강남역 맛집/기념일 데이트] 마키노차야 역삼점 디너 25... ,강남역 기념일은 가볍게 들른 곳인데 은근 기억에 남았어요. 메뉴가 깔끔하고 직원분들도 친절해서 편하게 먹고 왔습니다. 재방문 의사 있어요. 처음 가보는 분들도 크게 부담 없이 즐길 수 있을 것 같아요. 전체적으로 무난하면서도 기분 좋게 마무리할 수 있었어요.,20190219,1
맛집_리뷰,[강남역맛집/강남카페] 강남역 메이드바이오즈 / 카페빈스플,친구랑 강남역맛집 강남카페에 갔는데 전체적으로 무난해서 좋았어요. 음식 나오는 속도도 괜찮고 맛도 기대 이상이라 근처 맛집 찾는 분들께 추천드려요. 짧게 들렀지만 생각보다 알차게 시간을 보냈어요. 기대보다 편하게 즐길 수 있어서 만족스러운 시간이었답니다.,20190106,1
맛집_리뷰,[강남역 맛집] 하이디라오... 골라먹는 재미! 강남 훠궈 맛집,강남역에서 식사했는데 분위기가 너무 시끄럽지 않아 편했어요. 대표 메뉴가 깔끔했고 가격도 크게 부담스럽지 않아서 한 번쯤 가볼 만했답니다. 개인적으로는 너무 과하지 않은 점이 마음에 들었어요. 전체적으로 무난하면서도 기분 좋게 마무리할 수 있었어요.,20190501,1
맛집_리뷰,[강남역 맛집] 중경 마라탕,"강남역 다녀왔는데 생각보다 분위기가 편해서 좋았어요. 음식도 깔끔하게 나와서 부담 없이 먹기 괜찮았고, 다음에 근처 가면 또 들러보고 싶더라고요. 처음 가보는 분들도 크게 부담 없이 즐길 수 있을 것 같아요. 기대보다",20190412,1
맛집_리뷰,강남역 맛집/더치맥앤펍(The CHIMAC and Pub),오랜만에 근처에서 밥 먹을 곳 찾다가 강남역 더치맥앤펍에 들렀어요. 맛이 자극적이지 않고 양도 적당해서 만족했답니다. 웨이팅만 조금 피하면 더 좋을 것 같아요. 처음 가보는 분들도 크게 부담 없이 즐길 수 있을 것 같아요. 짧게 들렀지만 생각보다 알차게 시간을 보냈어요.,20190122,1
맛집_리뷰,2019년 첫 일상사진 모음,일상사진 모음은 가볍게 들른 곳인데 은근 기억에 남았어요. 메뉴가 깔끔하고 직원분들도 친절해서 편하게 먹고 왔습니다. 재방문 의사 있어요. 사진으로 남겨두기에도 괜찮아서 기억에 오래 남을 것 같아요. 개인적으로는 너무 과하지 않은 점이 마음에 들었어요.,20190214,1
맛집_리뷰,2019년 12월 4주 금요일 일기,오랜만에 친구랑 12월에 갔는데 전체적으로 무난해서 좋았어요. 음식 나오는 속도도 괜찮고 맛도 기대 이상이라 근처 맛집 찾는 분들께 추천드려요. 기대보다 편하게 즐길 수 있어서 만족스러운 시간이었답니다. 개인적으로는 너무 과하지 않은 점이 마음에 들었어요.,20191228,1
맛집_리뷰,2019년 10월에 열리는 축제!,10월에에서 식사했는데 분위기가 너무 시끄럽지 않아 편했어요. 대표 메뉴가 깔끔했고 가격도 크게 부담스럽지 않아서 한 번쯤 가볼 만했답니다. 다음에는 조금 더 여유 있게 다시 가보고 싶어요. 처음 가보는 분들도 크게 부담 없이 즐길 수 있을 것 같아요.,20190920,1
맛집_리뷰,강남역 맛집 신논현 고기집 하몽하몽 이베리코! 돼지고기의... ,"강남역 신논현 다녀왔는데 생각보다 분위기가 편해서 좋았어요. 음식도 깔끔하게 나와서 부담 없이 먹기 괜찮았고, 다음에 근처 가면 또 들러보고 싶더라고요. 사진으로 남겨두기에도 괜찮아서 기억에 오래 남을 것 같아요.",20191022,1
맛집_리뷰,[강남역맛집]쉑쉑버거 메뉴추천 및 가격표,가볍게 근처에서 밥 먹을 곳 찾다가 강남역맛집에 들렀어요. 맛이 자극적이지 않고 양도 적당해서 만족했답니다. 웨이팅만 조금 피하면 더 좋을 것 같아요. 다음에는 조금 더 여유 있게 다시 가보고 싶어요. 사진으로 남겨두기에도 괜찮아서 기억에 오래 남을 것 같아요. 기대보다 편하게 즐길 수 있어서 만족스러운 시간이었답니다.,20190101,1
맛집_리뷰,마라탕 혼밥하기 좋은 분위기의 강남역 맛집 [딘딘향 강남역점],마라탕 혼밥하기는 가볍게 들른 곳인데 은근 기억에 남았어요. 메뉴가 깔끔하고 직원분들도 친절해서 편하게 먹고 왔습니다. 재방문 의사 있어요. 전체적으로 무난하면서도 기분 좋게 마무리할 수 있었어요. 기대보다,20190729,1
맛집_리뷰,유나이티드 갤러리 2019년 9월 U매거진 셋째주 전시_다나 박... ,이번에 친구랑 유나이티드 갤러리에 갔는데 전체적으로 무난해서 좋았어요. 음식 나오는 속도도 괜찮고 맛도 기대 이상이라 근처 맛집 찾는 분들께 추천드려요. 기대보다 편하게 즐길 수 있어서 만족스러운 시간이었답니다.,20190917,1
맛집_리뷰,유나이티드 갤러리 2019년 9월 U매거진 넷째주 전시_민경아... ,유나이티드 갤러리에서 식사했는데 분위기가 너무 시끄럽지 않아 편했어요. 대표 메뉴가 깔끔했고 가격도 크게 부담스럽지 않아서 한 번쯤 가볼 만했답니다. 짧게 들렀지만 생각보다 알차게 시간을 보냈어요. 다음에는 조금 더 여유 있게 다시 가보고 싶어요.,20190923,1
맛집_리뷰,유나이티드 갤러리 2019년 5월 U매거진_첫째주 전시_김병구... ,"유나이티드 다녀왔는데 생각보다 분위기가 편해서 좋았어요. 음식도 깔끔하게 나와서 부담 없이 먹기 괜찮았고, 다음에 근처 가면 또 들러보고 싶더라고요. 사진으로 남겨두기에도 괜찮아서 기억에 오래 남을 것 같아요.",20190426,1
맛집_리뷰,2019년 2월 24일 일요일,근처에서 밥 먹을 곳 찾다가 2월 24일에 들렀어요. 맛이 자극적이지 않고 양도 적당해서 만족했답니다. 웨이팅만 조금 피하면 더 좋을 것 같아요. 짧게 들렀지만 생각보다 알차게 시간을 보냈어요. 전체적으로 무난하면서도 기분 좋게 마무리할 수 있었어요.,20190226,1
맛집_리뷰,2019년 8월 일상 이야기 (1) - 서울 나들이,8월은 가볍게 들른 곳인데 은근 기억에 남았어요. 메뉴가 깔끔하고 직원분들도 친절해서 편하게 먹고 왔습니다. 재방문 의사 있어요. 짧게 들렀지만 생각보다 알차게 시간을 보냈어요. 다음에는 조금 더 여유 있게 다시 가보고 싶어요.,20190813,1
맛집_리뷰,강남역 자매수산 대방어회 &amp; 매운탕 ♥,친구랑 강남역 자매수산에 갔는데 전체적으로 무난해서 좋았어요. 음식 나오는 속도도 괜찮고 맛도 기대 이상이라 근처 맛집 찾는 분들께 추천드려요. 처음 가보는 분들도 크게 부담 없이 즐길 수 있을 것 같아요. 다음에는 조금 더 여유 있게 다시 가보고 싶어요.,20200102,1
맛집_리뷰,2019년 2월의 일상,2월의에서 식사했는데 분위기가 너무 시끄럽지 않아 편했어요. 대표 메뉴가 깔끔했고 가격도 크게 부담스럽지 않아서 한 번쯤 가볼 만했답니다. 기대보다 편하게 즐길 수 있어서 만족스러운 시간이었답니다. 다음에는 조금 더 여유 있게 다시 가보고 싶어요.,20190227,1
맛집_리뷰,[투뿔등심/강남역] #43 Ch. Pique-Segue Terre de Pique... ,"투뿔등심 다녀왔는데 생각보다 분위기가 편해서 좋았어요. 음식도 깔끔하게 나와서 부담 없이 먹기 괜찮았고, 다음에 근처 가면 또 들러보고 싶더라고요. 처음 가보는 분들도 크게 부담 없이 즐길 수 있을 것 같아요. 짧게 들렀지만 생각보다 알차게 시간을 보냈어요.",20190916,1
맛집_리뷰,퇴근 후 데이트,근처에서 밥 먹을 곳 찾다가 퇴근에 들렀어요. 맛이 자극적이지 않고 양도 적당해서 만족했답니다. 웨이팅만 조금 피하면 더 좋을 것 같아요. 다음에는 조금 더 여유 있게 다시 가보고 싶어요. 개인적으로는 너무 과하지 않은 점이 마음에 들었어요.,20190122,1
맛집_리뷰,2019년 9월,9월은 가볍게 들른 곳인데 은근 기억에 남았어요. 메뉴가 깔끔하고 직원분들도 친절해서 편하게 먹고 왔습니다. 재방문 의사 있어요. 사진으로 남겨두기에도 괜찮아서 기억에 오래 남을 것 같아요. 개인적으로는 너무 과하지 않은 점이 마음에 들었어요.,20191019,1
맛집_리뷰,강남역 24시간 해장국 맛집 강남진해장 -!,가볍게 친구랑 강남역 24시간에 갔는데 전체적으로 무난해서 좋았어요. 음식 나오는 속도도 괜찮고 맛도 기대 이상이라 근처 맛집 찾는 분들께 추천드려요. 처음 가보는 분들도 크게 부담 없이 즐길 수 있을 것 같아요. 다음에는 조금 더 여유 있게 다시 가보고 싶어요.,20190908,1
맛집_리뷰,"강남역 훠궈 무한리필, 고기 무제한 존맛탱 하이라훠궈",강남역 훠궈에서 식사했는데 분위기가 너무 시끄럽지 않아 편했어요. 대표 메뉴가 깔끔했고 가격도 크게 부담스럽지 않아서 한 번쯤 가볼 만했답니다. 개인적으로는 너무 과하지 않은 점이 마음에 들었어요. 처음 가보는 분들도 크게 부담 없이 즐길 수 있을 것 같아요.,20190101,1
맛집_리뷰,2019년 11월,"11월 다녀왔는데 생각보다 분위기가 편해서 좋았어요. 음식도 깔끔하게 나와서 부담 없이 먹기 괜찮았고, 다음에 근처 가면 또 들러보고 싶더라고요. 짧게 들렀지만 생각보다 알차게 시간을 보냈어요. 기대보다 편하게 즐길 수 있어서 만족스러운 시간이었답니다.",20191228,1
맛집_리뷰,2019년 10월 어제자(feat.강남역동경야시장),근처에서 밥 먹을 곳 찾다가 10월에 들렀어요. 맛이 자극적이지 않고 양도 적당해서 만족했답니다. 웨이팅만 조금 피하면 더 좋을 것 같아요. 짧게 들렀지만 생각보다 알차게 시간을 보냈어요. 기대보다 편하게 즐길 수 있어서 만족스러운 시간이었답니다.,20191005,1
맛집_리뷰,2019년 2월 9일의 일상 &lt;강남 신포다이닝 &amp; 육회먹은연어 &gt;,2월은 가볍게 들른 곳인데 은근 기억에 남았어요. 메뉴가 깔끔하고 직원분들도 친절해서 편하게 먹고 왔습니다. 재방문 의사 있어요. 짧게 들렀지만 생각보다 알차게 시간을 보냈어요. 기대보다 편하게 즐길 수 있어서 만족스러운 시간이었답니다. 전체적으로 무난하면서도 기분 좋게 마무리할 수 있었어요.,20190211,1
맛집_리뷰,2019년 5월 서울여행,친구랑 5월 서울여행에 갔는데 전체적으로 무난해서 좋았어요. 음식 나오는 속도도 괜찮고 맛도 기대 이상이라 근처 맛집 찾는 분들께 추천드려요. 기대보다 편하게 즐길 수 있어서 만족스러운 시간이었답니다. 사진으로 남겨두기에도 괜찮아서 기억에 오래 남을 것 같아요.,20190516,1
맛집_리뷰,2019년 8월 소소한 일상 (다양한 먹방)♥️,8월 소소한에서 식사했는데 분위기가 너무 시끄럽지 않아 편했어요. 대표 메뉴가 깔끔했고 가격도 크게 부담스럽지 않아서 한 번쯤 가볼 만했답니다. 기대보다 편하게 즐길 수 있어서 만족스러운 시간이었답니다. 처음 가보는 분들도 크게 부담 없이 즐길 수 있을 것 같아요.,20190827,1
맛집_리뷰,유나이티드 갤러리 2019년 6월 U매거진_다섯째주 전시_김세은... ,"유나이티드 다녀왔는데 생각보다 분위기가 편해서 좋았어요. 음식도 깔끔하게 나와서 부담 없이 먹기 괜찮았고, 다음에 근처 가면 또 들러보고 싶더라고요. 전체적으로 무난하면서도 기분 좋게 마무리할 수 있었어요. 사진으로 남겨두기에도 괜찮아서 기억에 오래 남을 것 같아요.",20190605,1
맛집_리뷰,2019년 8월 마지막주 아이폰 일상 (전주 구례 전라도여행),가볍게 근처에서 밥 먹을 곳 찾다가 8월에 들렀어요. 맛이 자극적이지 않고 양도 적당해서 만족했답니다. 웨이팅만 조금 피하면 더 좋을 것 같아요. 다음에는 조금 더 여유 있게 다시 가보고 싶어요. 처음 가보는 분들도 크게 부담 없이 즐길 수 있을 것 같아요.,20190904,1
맛집_리뷰,2019년 7월 13일 토요일,7월은 가볍게 들른 곳인데 은근 기억에 남았어요. 메뉴가 깔끔하고 직원분들도 친절해서 편하게 먹고 왔습니다. 재방문 의사 있어요. 짧게 들렀지만 생각보다 알차게 시간을 보냈어요. 기대보다 편하게 즐길 수 있어서 만족스러운 시간이었답니다.,20190717,1
맛집_리뷰,2019년 1월 11일 부부일상 : 친구랑 데이트- 엄빠 결기 선물... ,친구랑 1월에 갔는데 전체적으로 무난해서 좋았어요. 음식 나오는 속도도 괜찮고 맛도 기대 이상이라 근처 맛집 찾는 분들께 추천드려요. 전체적으로 무난하면서도 기분 좋게 마무리할 수 있었어요. 기대보다 편하게 즐길 수 있어서 만족스러운 시간이었답니다.,20190112,1
맛집_리뷰,S_Diary : 2019년 9월 7-8일 일상(◍•ᴗ... ,S_Diary 9월에서 식사했는데 분위기가 너무 시끄럽지 않아 편했어요. 대표 메뉴가 깔끔했고 가격도 크게 부담스럽지 않아서 한 번쯤 가볼 만했답니다. 사진으로 남겨두기에도 괜찮아서 기억에 오래 남을 것 같아요.,20190908,1
맛집_리뷰,"강남 복어,강남 복집,강남역 복집 [강남 복칼국수]","강남 복어 다녀왔는데 생각보다 분위기가 편해서 좋았어요. 음식도 깔끔하게 나와서 부담 없이 먹기 괜찮았고, 다음에 근처 가면 또 들러보고 싶더라고요. 개인적으로는 너무 과하지 않은 점이 마음에 들었어요. 짧게 들렀지만 생각보다 알차게 시간을 보냈어요.",20191025,1
맛집_리뷰,강남역 데이트 맛집 _ 핫플레이스 타파스클럽 추천,이번에 근처에서 밥 먹을 곳 찾다가 강남역 데이트에 들렀어요. 맛이 자극적이지 않고 양도 적당해서 만족했답니다. 웨이팅만 조금 피하면 더 좋을 것 같아요. 개인적으로는 너무 과하지 않은 점이 마음에 들었어요. 다음에는 조금 더 여유 있게 다시 가보고 싶어요.,20191229,1
맛집_리뷰,[일상] 달달한 과일막걸리가 매력적인 강남 [무월]... ,오랜만에 달달한은 가볍게 들른 곳인데 은근 기억에 남았어요. 메뉴가 깔끔하고 직원분들도 친절해서 편하게 먹고 왔습니다. 재방문 의사 있어요. 전체적으로 무난하면서도 기분 좋게 마무리할 수 있었어요. 짧게 들렀지만 생각보다 알차게 시간을 보냈어요.,20191127,1
맛집_리뷰,[청류벽/서초동] 막국수 3종 맛보기,친구랑 청류벽에 갔는데 전체적으로 무난해서 좋았어요. 음식 나오는 속도도 괜찮고 맛도 기대 이상이라 근처 맛집 찾는 분들께 추천드려요. 사진으로 남겨두기에도 괜찮아서 기억에 오래 남을 것 같아요. 개인적으로는 너무 과하지 않은 점이 마음에 들었어요.,20190526,1
맛집_리뷰,◆ 2019년 9월 한달간의 일상 ◆,9월에서 식사했는데 분위기가 너무 시끄럽지 않아 편했어요. 대표 메뉴가 깔끔했고 가격도 크게 부담스럽지 않아서 한 번쯤 가볼 만했답니다. 처음 가보는 분들도 크게 부담 없이 즐길 수 있을 것 같아요. 다음에는 조금 더 여유 있게 다시 가보고 싶어요.,20191008,1
맛집_리뷰,매월 31일 할로윈 피티 강남역 마녀주방,"오랜만에 매월 31일 다녀왔는데 생각보다 분위기가 편해서 좋았어요. 음식도 깔끔하게 나와서 부담 없이 먹기 괜찮았고, 다음에 근처 가면 또 들러보고 싶더라고요. 다음에는 조금 더 여유 있게 다시 가보고 싶어요. 짧게 들렀지만 생각보다 알차게 시간을 보냈어요.",20190101,1
맛집_리뷰,"몰아쓰는 2019년 5,6월의 이야기",근처에서 밥 먹을 곳 찾다가 몰아쓰는 6월의에 들렀어요. 맛이 자극적이지 않고 양도 적당해서 만족했답니다. 웨이팅만 조금 피하면 더 좋을 것 같아요. 기대보다 편하게 즐길 수 있어서 만족스러운 시간이었답니다. 짧게 들렀지만 생각보다 알차게 시간을 보냈어요.,20190720,1
맛집_리뷰,2019년 05월 01일~12일 일상,05월 01일~12일은 가볍게 들른 곳인데 은근 기억에 남았어요. 메뉴가 깔끔하고 직원분들도 친절해서 편하게 먹고 왔습니다. 재방문 의사 있어요. 사진으로 남겨두기에도 괜찮아서 기억에 오래 남을 것 같아요.,20190513,1
맛집_리뷰,유나이티드 갤러리 2019년 8월 U매거진 셋째주 전시_임승현... ,친구랑 유나이티드 갤러리에 갔는데 전체적으로 무난해서 좋았어요. 음식 나오는 속도도 괜찮고 맛도 기대 이상이라 근처 맛집 찾는 분들께 추천드려요. 다음에는 조금 더 여유 있게 다시 가보고 싶어요. 처음 가보는 분들도 크게 부담 없이 즐길 수 있을 것 같아요.,20190809,1
맛집_리뷰,유나이티드 갤러리 2019년 8월 U매거진 다섯째주 전시_신상우... ,유나이티드에서 식사했는데 분위기가 너무 시끄럽지 않아 편했어요. 대표 메뉴가 깔끔했고 가격도 크게 부담스럽지 않아서 한 번쯤 가볼 만했답니다. 다음에는 조금 더 여유 있게 다시 가보고 싶어요. 짧게 들렀지만 생각보다 알차게 시간을 보냈어요.,20190823,1
맛집_리뷰,유나이티드 갤러리 2019년 5월 U매거진_넷째주 전시_박소이... ,"가볍게 유나이티드 갤러리 다녀왔는데 생각보다 분위기가 편해서 좋았어요. 음식도 깔끔하게 나와서 부담 없이 먹기 괜찮았고, 다음에 근처 가면 또 들러보고 싶더라고요. 다음에는 조금 더 여유 있게 다시 가보고 싶어요.",20190517,1
맛집_리뷰,2019년 4월의 일상_늦게 쓰는 4월 일기,근처에서 밥 먹을 곳 찾다가 4월의 일상_늦게에 들렀어요. 맛이 자극적이지 않고 양도 적당해서 만족했답니다. 웨이팅만 조금 피하면 더 좋을 것 같아요. 전체적으로 무난하면서도 기분 좋게 마무리할 수 있었어요. 기대보다,20190525,1
맛집_리뷰,[강남 24시간 곱창] 여의도황소곱창 2019년 새해... ,강남 24시간은 가볍게 들른 곳인데 은근 기억에 남았어요. 메뉴가 깔끔하고 직원분들도 친절해서 편하게 먹고 왔습니다. 재방문 의사 있어요. 개인적으로는 너무 과하지 않은 점이 마음에 들었어요. 다음에는 조금 더 여유 있게 다시 가보고 싶어요.,20190103,1
맛집_리뷰,슬라임 + 강남 나폴리회관 + 수지 송정갈비 + 야탑 송화양꼬치,가볍게 친구랑 슬라임에 갔는데 전체적으로 무난해서 좋았어요. 음식 나오는 속도도 괜찮고 맛도 기대 이상이라 근처 맛집 찾는 분들께 추천드려요. 처음 가보는 분들도 크게 부담 없이 즐길 수 있을 것 같아요. 기대보다 편하게 즐길 수 있어서 만족스러운 시간이었답니다.,20190107,1
맛집_리뷰,강남역 / 하이디라오 / 훠궈 / 2019.10.02,강남역 하이디라오에서 식사했는데 분위기가 너무 시끄럽지 않아 편했어요. 대표 메뉴가 깔끔했고 가격도 크게 부담스럽지 않아서 한 번쯤 가볼 만했답니다. 짧게 들렀지만 생각보다 알차게 시간을 보냈어요. 다음에는 조금 더 여유 있게 다시 가보고 싶어요. 사진으로 남겨두기에도 괜찮아서 기억에 오래 남을 것 같아요.,20200131,1
상품_리뷰,KT 공식 온라인몰 KT샵 아이폰11 화이트 내돈내산 구매후기,KT 사용해보니 처음 기대했던 것보다 만족도가 괜찮았어요. 큰 단점은 없었고 일상에서 쓰기 편해서 당분간 계속 써볼 생각입니다. 기대보다 편하게 즐길 수 있어서 만족스러운 시간이었답니다. 개인적으로는 너무 과하지 않은 점이 마음에 들었어요.,20200923,1
상품_리뷰,아이폰11프로 케이스 내돈내산 세임히얼 스마일 넘 귀욤,"아이폰11프로 케이스는 직접 써보니 장단점이 분명했어요. 그래도 가격이나 사용감까지 생각하면 꽤 무난했고, 필요한 분들께는 참고가 될 것 같아요. 처음 가보는 분들도 크게 부담 없이 즐길 수 있을 것 같아요. 짧게 들렀지만 생각보다 알차게 시간을 보냈어요.",20200918,1
상품_리뷰,꼴라주바캉스/ 케이스 덕후의 아이폰11케이스 (feat.내돈내산),며칠 동안 꼴라주바캉스 케이스를 써봤는데 생각보다 손이 자주 가더라고요. 사용법도 어렵지 않고 마감도 괜찮아서 전체적으로 만족했어요. 전체적으로 무난하면서도 기분 좋게 마무리할 수 있었어요. 짧게 들렀지만 생각보다 알차게 시간을 보냈어요. 처음 가보는 분들도 크게 부담 없이 즐길 수 있을 것 같아요.,20200626,1
상품_리뷰,더 킹 협찬 중인 디팍스케이스 아이폰11과 만나다 (내돈내산후기),"이번에 협찬 후기 남겨보면, 처음엔 반신반의했지만 써볼수록 편한 점이 많았어요. 아쉬운 부분도 있지만 재구매를 고민할 정도는 됩니다. 사진으로 남겨두기에도 괜찮아서 기억에 오래 남을 것 같아요. 짧게 들렀지만 생각보다 알차게 시간을 보냈어요.",20200613,1
상품_리뷰,[아이폰11pro 케이스 애정템] 위글위글 자수케이스(내돈내산... ,"아이폰11pro 케이스는 가볍게 써보기 좋은 제품이었어요. 기대를 너무 크게 하지 않으면 만족도가 높고, 실사용 기준으로는 꽤 괜찮게 느껴졌답니다. 기대보다 편하게 즐길 수 있어서 만족스러운 시간이었답니다. 다음에는 조금 더 여유 있게 다시 가보고 싶어요.",20200706,1
상품_리뷰,아이폰11 화이트 128GB 언박싱... 특가 구입! 리얼 #내돈내산 후기,아이폰11 사용해보니 처음 기대했던 것보다 만족도가 괜찮았어요. 큰 단점은 없었고 일상에서 쓰기 편해서 당분간 계속 써볼 생각입니다. 다음에는 조금 더 여유 있게 다시 가보고 싶어요. 사진으로 남겨두기에도 괜찮아서 기억에 오래 남을 것 같아요.,20200817,1
상품_리뷰,내돈내산. 아이폰프로11케이스. 가죽케이스. 정품케이스.... ,"내돈내산. 아이폰프로11케이스.는 직접 써보니 장단점이 분명했어요. 그래도 가격이나 사용감까지 생각하면 꽤 무난했고, 필요한 분들께는 참고가 될 것 같아요. 짧게 들렀지만 생각보다 알차게 시간을 보냈어요.",20200113,1
상품_리뷰,내돈내산 : 아이폰11 프로맥스 케이스 &quot;제로스킨&quot; 솔직후기,며칠 동안 내돈내산을 써봤는데 생각보다 손이 자주 가더라고요. 사용법도 어렵지 않고 마감도 괜찮아서 전체적으로 만족했어요. 전체적으로 무난하면서도 기분 좋게 마무리할 수 있었어요. 다음에는 조금 더 여유 있게 다시 가보고 싶어요.,20201012,1
상품_리뷰,[내돈내산] 갤럭시20울트라 카메라 리뷰 / 아이폰11 비교,"내돈내산 후기 남겨보면, 처음엔 반신반의했지만 써볼수록 편한 점이 많았어요. 아쉬운 부분도 있지만 재구매를 고민할 정도는 됩니다. 처음 가보는 분들도 크게 부담 없이 즐길 수 있을 것 같아요. 기대보다 편하게 즐길 수 있어서 만족스러운 시간이었답니다.",20200813,1
상품_리뷰,[내돈내산] 아이폰11 후면카메라 수리 후기 (광주 아이폰수리... ,"내돈내산은 가볍게 써보기 좋은 제품이었어요. 기대를 너무 크게 하지 않으면 만족도가 높고, 실사용 기준으로는 꽤 괜찮게 느껴졌답니다. 기대보다 편하게 즐길 수 있어서 만족스러운 시간이었답니다. 처음 가보는 분들도 크게 부담 없이 즐길 수 있을 것 같아요.",20201012,1
상품_리뷰,"후기 (아이폰11프로 케이스... 두두케이스, 그립톡, 내돈내산)",아이폰11프로 사용해보니 처음 기대했던 것보다 만족도가 괜찮았어요. 큰 단점은 없었고 일상에서 쓰기 편해서 당분간 계속 써볼 생각입니다. 다음에는 조금 더 여유 있게 다시 가보고 싶어요. 기대보다 편하게 즐길 수 있어서 만족스러운 시간이었답니다.,20201008,1
상품_리뷰,아이폰11 색상 내돈내산 퍼플 후기,"아이폰11는 직접 써보니 장단점이 분명했어요. 그래도 가격이나 사용감까지 생각하면 꽤 무난했고, 필요한 분들께는 참고가 될 것 같아요. 기대보다 편하게 즐길 수 있어서 만족스러운 시간이었답니다. 처음 가보는 분들도 크게 부담 없이 즐길 수 있을 것 같아요.",20200812,1
상품_리뷰,아이폰 11 Pro Max/ 아이폰 6s와 비교(내돈내산 개봉기),며칠 동안 아이폰을 써봤는데 생각보다 손이 자주 가더라고요. 사용법도 어렵지 않고 마감도 괜찮아서 전체적으로 만족했어요. 사진으로 남겨두기에도 괜찮아서 기억에 오래 남을 것 같아요. 짧게 들렀지만 생각보다 알차게 시간을 보냈어요.,20200522,1
상품_리뷰,가벼운 사용 후기ㅣ후기ㅣ3개월사용후기ㅣ아이폰 내돈내산,"가벼운 사용 후기 남겨보면, 처음엔 반신반의했지만 써볼수록 편한 점이 많았어요. 아쉬운 부분도 있지만 재구매를 고민할 정도는 됩니다. 처음 가보는 분들도 크게 부담 없이 즐길 수 있을 것 같아요. 전체적으로 무난하면서도 기분 좋게 마무리할 수 있었어요.",20200327,1
상품_리뷰,"구매리뷰] 가격과 성능, 내돈내산 솔직후기 (아이폰11과 비교)","구매리뷰는 가볍게 써보기 좋은 제품이었어요. 기대를 너무 크게 하지 않으면 만족도가 높고, 실사용 기준으로는 꽤 괜찮게 느껴졌답니다. 짧게 들렀지만 생각보다 알차게 시간을 보냈어요. 다음에는 조금 더 여유 있게 다시 가보고 싶어요. 개인적으로는 너무 과하지 않은 점이 마음에 들었어요.",20200906,1
상품_리뷰,아이폰11 내돈내산 케이스 구매후기 - 폰스트랩으로 두 손을... ,오랜만에 아이폰11 내돈내산 사용해보니 처음 기대했던 것보다 만족도가 괜찮았어요. 큰 단점은 없었고 일상에서 쓰기 편해서 당분간 계속 써볼 생각입니다. 처음 가보는 분들도 크게 부담 없이 즐길 수 있을 것 같아요. 전체적으로 무난하면서도 기분 좋게 마무리할 수 있었어요.,20200831,1
상품_리뷰,[내돈내산] 아이폰 12 pro max 256GB 퍼시픽블루,"내돈내산은 직접 써보니 장단점이 분명했어요. 그래도 가격이나 사용감까지 생각하면 꽤 무난했고, 필요한 분들께는 참고가 될 것 같아요. 기대보다 편하게 즐길 수 있어서 만족스러운 시간이었답니다. 개인적으로는 너무 과하지 않은 점이 마음에 들었어요.",20201121,1
상품_리뷰,(iPhone 11) 오터박스... 오랑주 아이폰 11 내돈내산... ,며칠 동안 오터박스... 오랑주를 써봤는데 생각보다 손이 자주 가더라고요. 사용법도 어렵지 않고 마감도 괜찮아서 전체적으로 만족했어요. 다음에는 조금 더 여유 있게 다시 가보고 싶어요. 짧게 들렀지만 생각보다 알차게 시간을 보냈어요.,20201028,1
상품_리뷰,블로그의 기본은 사진이다. 아이폰11 내돈내산 언박싱 후기,"블로그의 기본은 후기 남겨보면, 처음엔 반신반의했지만 써볼수록 편한 점이 많았어요. 아쉬운 부분도 있지만 재구매를 고민할 정도는 됩니다. 기대보다 편하게 즐길 수 있어서 만족스러운 시간이었답니다. 전체적으로 무난하면서도 기분 좋게 마무리할 수 있었어요.",20200629,1
상품_리뷰,아이폰11 퍼플 내돈내산 후기 (호구 왔다네~),"가볍게 아이폰11는 가볍게 써보기 좋은 제품이었어요. 기대를 너무 크게 하지 않으면 만족도가 높고, 실사용 기준으로는 꽤 괜찮게 느껴졌답니다. 기대보다 편하게 즐길 수 있어서 만족스러운 시간이었답니다. 처음 가보는 분들도 크게 부담 없이 즐길 수 있을 것 같아요.",20200906,1
상품_리뷰,아이폰11 블랙 스펙과 구매후기 +화질비교,아이폰11 블랙 사용해보니 처음 기대했던 것보다 만족도가 괜찮았어요. 큰 단점은 없었고 일상에서 쓰기 편해서 당분간 계속 써볼 생각입니다. 처음 가보는 분들도 크게 부담 없이 즐길 수 있을 것 같아요. 다음에는 조금 더 여유 있게 다시 가보고 싶어요.,20200529,1
상품_리뷰,[내돈내산] 아이폰12Pro그래파이트 256GB 주문/배송 후기 #11... ,"내돈내산 아이폰12Pro그래파이트는 직접 써보니 장단점이 분명했어요. 그래도 가격이나 사용감까지 생각하면 꽤 무난했고, 필요한 분들께는 참고가 될 것 같아요. 기대보다 편하게 즐길 수 있어서 만족스러운 시간이었답니다.",20201030,1
상품_리뷰,2020.05.16 내돈내산 아이폰11 구매후기,며칠 동안 .05.16 내돈내산을 써봤는데 생각보다 손이 자주 가더라고요. 사용법도 어렵지 않고 마감도 괜찮아서 전체적으로 만족했어요. 처음 가보는 분들도 크게 부담 없이 즐길 수 있을 것 같아요. 기대보다 편하게 즐길 수 있어서 만족스러운 시간이었답니다.,20200701,1
상품_리뷰,아이폰12pro 퍼시픽블루 언박싱 + 종료 방법 ( 내돈내산... ,"아이폰12pro 퍼시픽블루 후기 남겨보면, 처음엔 반신반의했지만 써볼수록 편한 점이 많았어요. 아쉬운 부분도 있지만 재구매를 고민할 정도는 됩니다. 전체적으로 무난하면서도 기분 좋게 마무리할 수 있었어요.",20201210,1
상품_리뷰,"아이폰 11pro 케이스 추천... 케이스 할인 팁, 내돈내산 후기!","아이폰은 가볍게 써보기 좋은 제품이었어요. 기대를 너무 크게 하지 않으면 만족도가 높고, 실사용 기준으로는 꽤 괜찮게 느껴졌답니다. 다음에는 조금 더 여유 있게 다시 가보고 싶어요. 개인적으로는 너무 과하지 않은 점이 마음에 들었어요.",20200810,1
상품_리뷰,[애플] 아이폰11 퍼플 128GB 같이 언박싱해요! 내돈내산 후기,애플 사용해보니 처음 기대했던 것보다 만족도가 괜찮았어요. 큰 단점은 없었고 일상에서 쓰기 편해서 당분간 계속 써볼 생각입니다. 다음에는 조금 더 여유 있게 다시 가보고 싶어요. 전체적으로 무난하면서도 기분 좋게 마무리할 수 있었어요.,20200324,1
상품_리뷰,(주)불사조디자인 아이폰 11 불사조케이스 내돈내산 구매 후기!,"불사조디자인 아이폰은 직접 써보니 장단점이 분명했어요. 그래도 가격이나 사용감까지 생각하면 꽤 무난했고, 필요한 분들께는 참고가 될 것 같아요. 짧게 들렀지만 생각보다 알차게 시간을 보냈어요. 전체적으로 무난하면서도 기분 좋게 마무리할 수 있었어요.",20200130,1
상품_리뷰,아이폰11 퍼플 내돈내산,며칠 동안 아이폰11 퍼플을 써봤는데 생각보다 손이 자주 가더라고요. 사용법도 어렵지 않고 마감도 괜찮아서 전체적으로 만족했어요. 전체적으로 무난하면서도 기분 좋게 마무리할 수 있었어요. 기대보다 편하게 즐길 수 있어서 만족스러운 시간이었답니다.,20200212,1
상품_리뷰,(폰케이스 리뷰) 아이폰11 프로맥스 케이스 내돈내산후기,"아이폰11 프로맥스 후기 남겨보면, 처음엔 반신반의했지만 써볼수록 편한 점이 많았어요. 아쉬운 부분도 있지만 재구매를 고민할 정도는 됩니다. 기대보다 편하게 즐길 수 있어서 만족스러운 시간이었답니다. 처음 가보는 분들도 크게 부담 없이 즐길 수 있을 것 같아요.",20201213,1
상품_리뷰,슈피겐 아이폰11 강화유리 액정보호필름 내돈내산 후기,"슈피겐은 가볍게 써보기 좋은 제품이었어요. 기대를 너무 크게 하지 않으면 만족도가 높고, 실사용 기준으로는 꽤 괜찮게 느껴졌답니다. 기대보다 편하게 즐길 수 있어서 만족스러운 시간이었답니다. 처음 가보는 분들도 크게 부담 없이 즐길 수 있을 것 같아요.",20200309,1
상품_리뷰,위글위글 핸드폰 스티커로 아이폰 케이스 꾸미기 ♥ #내돈내산,위글위글 핸드폰 사용해보니 처음 기대했던 것보다 만족도가 괜찮았어요. 큰 단점은 없었고 일상에서 쓰기 편해서 당분간 계속 써볼 생각입니다. 전체적으로 무난하면서도 기분 좋게 마무리할 수 있었어요. 기대보다 편하게 즐길 수 있어서 만족스러운 시간이었답니다.,20200830,1
상품_리뷰,아이폰11 몇일 써보니 바꾸기 잘했다 내돈내산,"아이폰11 몇일은 직접 써보니 장단점이 분명했어요. 그래도 가격이나 사용감까지 생각하면 꽤 무난했고, 필요한 분들께는 참고가 될 것 같아요. 사진으로 남겨두기에도 괜찮아서 기억에 오래 남을 것 같아요. 기대보다 편하게 즐길 수 있어서 만족스러운 시간이었답니다.",20200821,1
상품_리뷰,아이폰11pro 애플 정품 스마트 배터리 케이스 / 내돈내산... ,며칠 동안 아이폰11pro를 써봤는데 생각보다 손이 자주 가더라고요. 사용법도 어렵지 않고 마감도 괜찮아서 전체적으로 만족했어요. 전체적으로 무난하면서도 기분 좋게 마무리할 수 있었어요. 처음 가보는 분들도 크게 부담 없이 즐길 수 있을 것 같아요.,20201015,1
상품_리뷰,★폰케이스★ 아이폰11 카카오프렌즈 케이스 / 내돈내산,"가볍게 ★폰케이스★ 후기 남겨보면, 처음엔 반신반의했지만 써볼수록 편한 점이 많았어요. 아쉬운 부분도 있지만 재구매를 고민할 정도는 됩니다. 처음 가보는 분들도 크게 부담 없이 즐길 수 있을 것 같아요. 짧게 들렀지만 생각보다 알차게 시간을 보냈어요.",20200102,1
상품_리뷰,[내돈내산] 아이폰 12 개봉기(with 아이폰 11),"내돈내산 아이폰은 가볍게 써보기 좋은 제품이었어요. 기대를 너무 크게 하지 않으면 만족도가 높고, 실사용 기준으로는 꽤 괜찮게 느껴졌답니다. 개인적으로는 너무 과하지 않은 점이 마음에 들었어요. 처음 가보는 분들도 크게 부담 없이 즐길 수 있을 것 같아요.",20201113,1
상품_리뷰,"내돈내산 아이폰11 강화유리, 투명케이스",내돈내산 아이폰11 사용해보니 처음 기대했던 것보다 만족도가 괜찮았어요. 큰 단점은 없었고 일상에서 쓰기 편해서 당분간 계속 써볼 생각입니다. 사진으로 남겨두기에도 괜찮아서 기억에 오래 남을 것 같아요. 개인적으로는 너무 과하지 않은 점이 마음에 들었어요.,20200329,1
상품_리뷰,[내돈내산] 빅쏘 2.5CX 아이폰 11 PRO 액정필름,"내돈내산은 직접 써보니 장단점이 분명했어요. 그래도 가격이나 사용감까지 생각하면 꽤 무난했고, 필요한 분들께는 참고가 될 것 같아요. 개인적으로는 너무 과하지 않은 점이 마음에 들었어요. 다음에는 조금 더 여유 있게 다시 가보고 싶어요.",20201230,1
상품_리뷰,[ 내돈내산 ] 아이폰 11 실리콘케이스,며칠 동안 내돈내산을 써봤는데 생각보다 손이 자주 가더라고요. 사용법도 어렵지 않고 마감도 괜찮아서 전체적으로 만족했어요. 처음 가보는 분들도 크게 부담 없이 즐길 수 있을 것 같아요. 전체적으로 무난하면서도 기분 좋게 마무리할 수 있었어요.,20200911,1
상품_리뷰,"내돈내산 , 부산 초량 ㅂㄱㅂㄷㅅ 근처 성지에서 아이폰 11... ",급하게 잡은 일정이었지만 내돈내산 부산에서 꽤 만족스러운 시간을 보냈어요. 복잡하지 않고 둘러볼 곳도 있어서 하루 코스로 괜찮았답니다. 처음 가보는 분들도 크게 부담 없이 즐길 수 있을 것 같아요. 사진으로 남겨두기에도 괜찮아서 기억에 오래 남을 것 같아요.,20200904,1
상품_리뷰,내돈내산 아이폰11프로맥스케이스 Fur퍼케이스 이쁨주의♡,"가볍게 내돈내산 아이폰11프로맥스케이스는 가볍게 써보기 좋은 제품이었어요. 기대를 너무 크게 하지 않으면 만족도가 높고, 실사용 기준으로는 꽤 괜찮게 느껴졌답니다. 개인적으로는 너무 과하지 않은 점이 마음에 들었어요.",20200116,1
상품_리뷰,아이폰12 프로(iphone12 pro) 언박싱(내돈내산),아이폰12 프로 사용해보니 처음 기대했던 것보다 만족도가 괜찮았어요. 큰 단점은 없었고 일상에서 쓰기 편해서 당분간 계속 써볼 생각입니다. 전체적으로 무난하면서도 기분 좋게 마무리할 수 있었어요. 기대보다 편하게 즐길 수 있어서 만족스러운 시간이었답니다.,20201108,1
상품_리뷰,내돈내산 에이블리(Ably) 아이폰11 케이스 이불속리뷰!,"내돈내산은 직접 써보니 장단점이 분명했어요. 그래도 가격이나 사용감까지 생각하면 꽤 무난했고, 필요한 분들께는 참고가 될 것 같아요. 처음 가보는 분들도 크게 부담 없이 즐길 수 있을 것 같아요. 다음에는 조금 더 여유 있게 다시 가보고 싶어요.",20200907,1
상품_리뷰,갤럭시 z플립 리뷰(내돈내산)-아이폰11프로 와 비교,가볍게 며칠 동안 갤럭시를 써봤는데 생각보다 손이 자주 가더라고요. 사용법도 어렵지 않고 마감도 괜찮아서 전체적으로 만족했어요. 처음 가보는 분들도 크게 부담 없이 즐길 수 있을 것 같아요. 기대보다 편하게 즐길 수 있어서 만족스러운 시간이었답니다.,20200323,1
상품_리뷰,내돈내산 아이폰 12ProMax 새벽배송 후기,"내돈내산 후기 남겨보면, 처음엔 반신반의했지만 써볼수록 편한 점이 많았어요. 아쉬운 부분도 있지만 재구매를 고민할 정도는 됩니다. 기대보다 편하게 즐길 수 있어서 만족스러운 시간이었답니다. 다음에는 조금 더 여유 있게 다시 가보고 싶어요.",20201120,1
상품_리뷰,"아이폰11pro 폰케이스 , 내돈내산 아칸케이스 에서 구입했어요!","아이폰11pro 폰케이스는 가볍게 써보기 좋은 제품이었어요. 기대를 너무 크게 하지 않으면 만족도가 높고, 실사용 기준으로는 꽤 괜찮게 느껴졌답니다. 짧게 들렀지만 생각보다 알차게 시간을 보냈어요. 처음 가보는 분들도 크게 부담 없이 즐길 수 있을 것 같아요.",20200826,1
상품_리뷰,아이폰11(광주 봉이모바일) 내돈내산 구매후기!,오랜만에 아이폰11 사용해보니 처음 기대했던 것보다 만족도가 괜찮았어요. 큰 단점은 없었고 일상에서 쓰기 편해서 당분간 계속 써볼 생각입니다. 개인적으로는 너무 과하지 않은 점이 마음에 들었어요. 전체적으로 무난하면서도 기분 좋게 마무리할 수 있었어요.,20200827,1
상품_리뷰,페북광고로 유명한 아이폰 11 불사조케이스 내돈내산 구매후기,"페북광고로 유명한은 직접 써보니 장단점이 분명했어요. 그래도 가격이나 사용감까지 생각하면 꽤 무난했고, 필요한 분들께는 참고가 될 것 같아요. 개인적으로는 너무 과하지 않은 점이 마음에 들었어요. 기대보다 편하게 즐길 수 있어서 만족스러운 시간이었답니다.",20200601,1
상품_리뷰,"아이폰 11 pro, 쿠팡 로켓배송 내돈내산 언박싱 리뷰",며칠 동안 아이폰을 써봤는데 생각보다 손이 자주 가더라고요. 사용법도 어렵지 않고 마감도 괜찮아서 전체적으로 만족했어요. 사진으로 남겨두기에도 괜찮아서 기억에 오래 남을 것 같아요. 개인적으로는 너무 과하지 않은 점이 마음에 들었어요.,20200907,1
상품_리뷰,늦은 아이폰 11 화이트 내돈내산 후기,"늦은 후기 남겨보면, 처음엔 반신반의했지만 써볼수록 편한 점이 많았어요. 아쉬운 부분도 있지만 재구매를 고민할 정도는 됩니다. 개인적으로는 너무 과하지 않은 점이 마음에 들었어요. 사진으로 남겨두기에도 괜찮아서 기억에 오래 남을 것 같아요.",20200324,1
상품_리뷰,iPhone 11 Pro 아이폰 11 pro (Feat 내돈내산 후기),"iPhone는 가볍게 써보기 좋은 제품이었어요. 기대를 너무 크게 하지 않으면 만족도가 높고, 실사용 기준으로는 꽤 괜찮게 느껴졌답니다. 짧게 들렀지만 생각보다 알차게 시간을 보냈어요. 전체적으로 무난하면서도 기분 좋게 마무리할 수 있었어요.",20200516,1
상품_리뷰,[내돈내산 메종키츠네 폰케이스추천]-신상 아이폰11프로... ,내돈내산 사용해보니 처음 기대했던 것보다 만족도가 괜찮았어요. 큰 단점은 없었고 일상에서 쓰기 편해서 당분간 계속 써볼 생각입니다. 기대보다 편하게 즐길 수 있어서 만족스러운 시간이었답니다. 짧게 들렀지만 생각보다 알차게 시간을 보냈어요.,20201020,1
상품_리뷰,[내돈내산] 쿠팡으로 휴대폰 살 때 주의! #쿠팡으로아이폰구매,"이번에 내돈내산 쿠팡으로는 직접 써보니 장단점이 분명했어요. 그래도 가격이나 사용감까지 생각하면 꽤 무난했고, 필요한 분들께는 참고가 될 것 같아요. 개인적으로는 너무 과하지 않은 점이 마음에 들었어요. 짧게 들렀지만 생각보다 알차게 시간을 보냈어요.",20200821,1
상품_리뷰,"E6300 / 내돈내산 / 구독자... 키보드 / 아이폰,아이패드... ",며칠 동안 E6300를 써봤는데 생각보다 손이 자주 가더라고요. 사용법도 어렵지 않고 마감도 괜찮아서 전체적으로 만족했어요. 다음에는 조금 더 여유 있게 다시 가보고 싶어요. 개인적으로는 너무 과하지 않은 점이 마음에 들었어요.,20200513,1
상품_리뷰,아이폰11프로 미드나인트... 실버 색상 구입 후기 !! (내돈내산),"아이폰11프로 미드나인트... 후기 남겨보면, 처음엔 반신반의했지만 써볼수록 편한 점이 많았어요. 아쉬운 부분도 있지만 재구매를 고민할 정도는 됩니다. 다음에는 조금 더 여유 있게 다시 가보고 싶어요. 전체적으로 무난하면서도 기분 좋게 마무리할 수 있었어요. 기대보다 편하게 즐길 수 있어서 만족스러운 시간이었답니다.",20191107,1
상품_리뷰,네고퓨어 아이폰11프로 후면카메라 액정보호방탄필름 /내돈내산,"가볍게 네고퓨어 아이폰11프로는 가볍게 써보기 좋은 제품이었어요. 기대를 너무 크게 하지 않으면 만족도가 높고, 실사용 기준으로는 꽤 괜찮게 느껴졌답니다. 짧게 들렀지만 생각보다 알차게 시간을 보냈어요. 기대보다 편하게 즐길 수 있어서 만족스러운 시간이었답니다.",20200216,1
상품_리뷰,★폰케이스★ 아이폰11뮤즈캔 vs 구스페리 / 내돈내산,★폰케이스★ 아이폰11뮤즈캔 사용해보니 처음 기대했던 것보다 만족도가 괜찮았어요. 큰 단점은 없었고 일상에서 쓰기 편해서 당분간 계속 써볼 생각입니다. 사진으로 남겨두기에도 괜찮아서 기억에 오래 남을 것 같아요. 다음에는 조금 더 여유 있게 다시 가보고 싶어요.,20191123,1
상품_리뷰,아이폰 11 액정필름 추천(내돈내산),"이번에 아이폰은 직접 써보니 장단점이 분명했어요. 그래도 가격이나 사용감까지 생각하면 꽤 무난했고, 필요한 분들께는 참고가 될 것 같아요. 사진으로 남겨두기에도 괜찮아서 기억에 오래 남을 것 같아요. 전체적으로 무난하면서도 기분 좋게 마무리할 수 있었어요. 기대보다 편하게 즐길 수 있어서 만족스러운 시간이었답니다. 짧게 들렀지만 생각보다 알차게 시간을 보냈어요.",20191128,1
상품_리뷰,아이폰11프로 핸드폰케이스... 투명케이스 ❤️ / 내돈내산... ,며칠 동안 아이폰11프로를 써봤는데 생각보다 손이 자주 가더라고요. 사용법도 어렵지 않고 마감도 괜찮아서 전체적으로 만족했어요. 다음에는 조금 더 여유 있게 다시 가보고 싶어요. 기대보다 편하게 즐길 수 있어서 만족스러운 시간이었답니다.,20200215,1
상품_리뷰,"아이폰11 에어슬림 케이스 화이트, 블랙 (#내돈내산 , #재구매)","이번에 아이폰11 후기 남겨보면, 처음엔 반신반의했지만 써볼수록 편한 점이 많았어요. 아쉬운 부분도 있지만 재구매를 고민할 정도는 됩니다. 개인적으로는 너무 과하지 않은 점이 마음에 들었어요. 처음 가보는 분들도 크게 부담 없이 즐길 수 있을 것 같아요.",20201013,1
상품_리뷰,[MONK] 아이폰 11pro 실리콘 케이스 내돈내산 ఇ,"가볍게 MONK 아이폰은 가볍게 써보기 좋은 제품이었어요. 기대를 너무 크게 하지 않으면 만족도가 높고, 실사용 기준으로는 꽤 괜찮게 느껴졌답니다. 다음에는 조금 더 여유 있게 다시 가보고 싶어요. 기대보다 편하게 즐길 수 있어서 만족스러운 시간이었답니다.",20200919,1
상품_리뷰,아이폰 11PRO 핸드폰케이스 / 케이스티파이 / 내돈내산,가볍게 아이폰 사용해보니 처음 기대했던 것보다 만족도가 괜찮았어요. 큰 단점은 없었고 일상에서 쓰기 편해서 당분간 계속 써볼 생각입니다. 처음 가보는 분들도 크게 부담 없이 즐길 수 있을 것 같아요. 기대보다 편하게 즐길 수 있어서 만족스러운 시간이었답니다.,20200825,1
상품_리뷰,드는 아이폰11케이스 GET!!! 하트그립톡케이스 내돈내산 후기,"드는은 직접 써보니 장단점이 분명했어요. 그래도 가격이나 사용감까지 생각하면 꽤 무난했고, 필요한 분들께는 참고가 될 것 같아요. 개인적으로는 너무 과하지 않은 점이 마음에 들었어요. 사진으로 남겨두기에도 괜찮아서 기억에 오래 남을 것 같아요.",20200229,1
상품_리뷰,후기 / 아이폰11프로 싸게 바꾸는법 (내돈내산/업체추천),며칠 동안 아이폰11프로를 써봤는데 생각보다 손이 자주 가더라고요. 사용법도 어렵지 않고 마감도 괜찮아서 전체적으로 만족했어요. 개인적으로는 너무 과하지 않은 점이 마음에 들었어요. 기대보다 편하게 즐길 수 있어서 만족스러운 시간이었답니다.,20200812,1
상품_리뷰,아이폰11 갤럭시노트10... 로고 케이스 혜봉케이스 내돈내산,"가볍게 아이폰11 후기 남겨보면, 처음엔 반신반의했지만 써볼수록 편한 점이 많았어요. 아쉬운 부분도 있지만 재구매를 고민할 정도는 됩니다. 개인적으로는 너무 과하지 않은 점이 마음에 들었어요. 짧게 들렀지만 생각보다 알차게 시간을 보냈어요.",20200218,1
상품_리뷰,아이폰11promax 기변 했어요내돈내산 자급제 꿀팁,"아이폰11promax는 가볍게 써보기 좋은 제품이었어요. 기대를 너무 크게 하지 않으면 만족도가 높고, 실사용 기준으로는 꽤 괜찮게 느껴졌답니다. 짧게 들렀지만 생각보다 알차게 시간을 보냈어요. 다음에는 조금 더 여유 있게 다시 가보고 싶어요.",20200313,1
상품_리뷰,아이폰11 언박싱 사용후기... 현상 / KT샵 내돈내산 구매,이번에 아이폰11 언박싱 사용해보니 처음 기대했던 것보다 만족도가 괜찮았어요. 큰 단점은 없었고 일상에서 쓰기 편해서 당분간 계속 써볼 생각입니다. 개인적으로는 너무 과하지 않은 점이 마음에 들었어요. 다음에는 조금 더 여유 있게 다시 가보고 싶어요.,20200606,1
상품_리뷰,[내돈내산] 아이폰 12 mini 후기 (프로덕트 레드),"내돈내산 아이폰은 직접 써보니 장단점이 분명했어요. 그래도 가격이나 사용감까지 생각하면 꽤 무난했고, 필요한 분들께는 참고가 될 것 같아요. 다음에는 조금 더 여유 있게 다시 가보고 싶어요. 처음 가보는 분들도 크게 부담 없이 즐길 수 있을 것 같아요.",20201117,1
상품_리뷰,내돈내산! 아이폰 11프로맥스 액정필름!!,며칠 동안 내돈내산!를 써봤는데 생각보다 손이 자주 가더라고요. 사용법도 어렵지 않고 마감도 괜찮아서 전체적으로 만족했어요. 기대보다 편하게 즐길 수 있어서 만족스러운 시간이었답니다. 짧게 들렀지만 생각보다 알차게 시간을 보냈어요.,20200618,1
상품_리뷰,아르노 아이폰 11 프로 케이스 추천 핸드폰목줄 내돈내산,"아르노 아이폰 후기 남겨보면, 처음엔 반신반의했지만 써볼수록 편한 점이 많았어요. 아쉬운 부분도 있지만 재구매를 고민할 정도는 됩니다. 처음 가보는 분들도 크게 부담 없이 즐길 수 있을 것 같아요. 전체적으로 무난하면서도 기분 좋게 마무리할 수 있었어요.",20191202,1
상품_리뷰,핸드폰케이스 아이폰11pro 베이비블루 내돈내산후기,"핸드폰케이스는 가볍게 써보기 좋은 제품이었어요. 기대를 너무 크게 하지 않으면 만족도가 높고, 실사용 기준으로는 꽤 괜찮게 느껴졌답니다. 개인적으로는 너무 과하지 않은 점이 마음에 들었어요. 기대보다 편하게 즐길 수 있어서 만족스러운 시간이었답니다.",20200608,1
상품_리뷰,"[내돈내산, 아이폰11] CASETIFY 케이스 리뷰",오랜만에 내돈내산 아이폰11 사용해보니 처음 기대했던 것보다 만족도가 괜찮았어요. 큰 단점은 없었고 일상에서 쓰기 편해서 당분간 계속 써볼 생각입니다. 전체적으로 무난하면서도 기분 좋게 마무리할 수 있었어요.,20200422,1
상품_리뷰,내돈내산) 아이폰 11... Iphone 11 pro smart battery case... ,"내돈내산 아이폰은 직접 써보니 장단점이 분명했어요. 그래도 가격이나 사용감까지 생각하면 꽤 무난했고, 필요한 분들께는 참고가 될 것 같아요. 처음 가보는 분들도 크게 부담 없이 즐길 수 있을 것 같아요. 기대보다 편하게 즐길 수 있어서 만족스러운 시간이었답니다.",20200921,1
상품_리뷰,아이폰 11PRO 펭수 폰케이스 내돈내산,며칠 동안 아이폰을 써봤는데 생각보다 손이 자주 가더라고요. 사용법도 어렵지 않고 마감도 괜찮아서 전체적으로 만족했어요. 처음 가보는 분들도 크게 부담 없이 즐길 수 있을 것 같아요. 개인적으로는 너무 과하지 않은 점이 마음에 들었어요.,20200718,1
상품_리뷰,&quot;아이폰11프로&quot; 홍콩판 직구 내돈내산 솔직후기! / 언박싱,"&quot;아이폰11프로&quot; 홍콩판 후기 남겨보면, 처음엔 반신반의했지만 써볼수록 편한 점이 많았어요. 아쉬운 부분도 있지만 재구매를 고민할 정도는 됩니다. 개인적으로는 너무 과하지 않은 점이 마음에 들었어요. 사진으로 남겨두기에도 괜찮아서 기억에 오래 남을 것 같아요.",20200111,1
상품_리뷰,[내돈내산]갤럭시에서 아이폰11pro로 바꾼 후기,"내돈내산 갤럭시에서는 가볍게 써보기 좋은 제품이었어요. 기대를 너무 크게 하지 않으면 만족도가 높고, 실사용 기준으로는 꽤 괜찮게 느껴졌답니다. 짧게 들렀지만 생각보다 알차게 시간을 보냈어요. 전체적으로 무난하면서도 기분 좋게 마무리할 수 있었어요.",20200415,1
상품_리뷰,쿠팡 아이폰 11 Pro Max 애플... 49% 할인값에 득템 내돈내산,쿠팡 사용해보니 처음 기대했던 것보다 만족도가 괜찮았어요. 큰 단점은 없었고 일상에서 쓰기 편해서 당분간 계속 써볼 생각입니다. 처음 가보는 분들도 크게 부담 없이 즐길 수 있을 것 같아요. 개인적으로는 너무 과하지 않은 점이 마음에 들었어요.,20201028,1
상품_리뷰,아이폰11 실리콘케이스 하이루프 붙힌 내돈내산 후기,"아이폰11는 직접 써보니 장단점이 분명했어요. 그래도 가격이나 사용감까지 생각하면 꽤 무난했고, 필요한 분들께는 참고가 될 것 같아요. 전체적으로 무난하면서도 기분 좋게 마무리할 수 있었어요. 처음 가보는 분들도 크게 부담 없이 즐길 수 있을 것 같아요.",20191220,1
상품_리뷰,프로 맥스 실버 개봉기 아이폰 11프로 비교 내돈내산 실 사용기,며칠 동안 프로를 써봤는데 생각보다 손이 자주 가더라고요. 사용법도 어렵지 않고 마감도 괜찮아서 전체적으로 만족했어요. 사진으로 남겨두기에도 괜찮아서 기억에 오래 남을 것 같아요. 처음 가보는 분들도 크게 부담 없이 즐길 수 있을 것 같아요.,20201228,1
상품_리뷰,아이폰11pro 케이스 내돈내산 리뷰(feat.아이폰12를... ,"아이폰11pro 후기 남겨보면, 처음엔 반신반의했지만 써볼수록 편한 점이 많았어요. 아쉬운 부분도 있지만 재구매를 고민할 정도는 됩니다. 처음 가보는 분들도 크게 부담 없이 즐길 수 있을 것 같아요. 전체적으로 무난하면서도 기분 좋게 마무리할 수 있었어요.",20201014,1
상품_리뷰,"[리뷰] 아이폰11pro 후면 카메라 렌즈 내돈내산 후기, 빅쏘","아이폰11pro 후면은 가볍게 써보기 좋은 제품이었어요. 기대를 너무 크게 하지 않으면 만족도가 높고, 실사용 기준으로는 꽤 괜찮게 느껴졌답니다. 처음 가보는 분들도 크게 부담 없이 즐길 수 있을 것 같아요. 기대보다 편하게 즐길 수 있어서 만족스러운 시간이었답니다.",20200402,1
상품_리뷰,내돈내산::벤토사 9H강화유리필름/아이폰 11pro max 추천,내돈내산 벤토사 사용해보니 처음 기대했던 것보다 만족도가 괜찮았어요. 큰 단점은 없었고 일상에서 쓰기 편해서 당분간 계속 써볼 생각입니다. 짧게 들렀지만 생각보다 알차게 시간을 보냈어요. 전체적으로 무난하면서도 기분 좋게 마무리할 수 있었어요.,20191028,1
상품_리뷰,케이스티파이(CASETiFY) 아이폰11 Pro 케이스 구매하기,"케이스티파이는 직접 써보니 장단점이 분명했어요. 그래도 가격이나 사용감까지 생각하면 꽤 무난했고, 필요한 분들께는 참고가 될 것 같아요. 전체적으로 무난하면서도 기분 좋게 마무리할 수 있었어요. 다음에는 조금 더 여유 있게 다시 가보고 싶어요.",20191028,1
상품_리뷰,[내돈내산]  위글위글 아이폰 11 퍼플 케이스 &amp; 그립톡 세트,며칠 동안 내돈내산 위글위글을 써봤는데 생각보다 손이 자주 가더라고요. 사용법도 어렵지 않고 마감도 괜찮아서 전체적으로 만족했어요. 다음에는 조금 더 여유 있게 다시 가보고 싶어요. 기대보다 편하게 즐길 수 있어서 만족스러운 시간이었답니다.,20201015,1
상품_리뷰,내돈내산 / 마그제트 3초삼각대 아이폰11프로 블루투스 셀카봉... ,"내돈내산 마그제트 후기 남겨보면, 처음엔 반신반의했지만 써볼수록 편한 점이 많았어요. 아쉬운 부분도 있지만 재구매를 고민할 정도는 됩니다. 개인적으로는 너무 과하지 않은 점이 마음에 들었어요. 기대보다 편하게 즐길 수 있어서 만족스러운 시간이었답니다.",20200927,1
상품_리뷰,아이폰11 케이스후기- 제로스킨 시그니쳐6,"아이폰11 케이스후기는 가볍게 써보기 좋은 제품이었어요. 기대를 너무 크게 하지 않으면 만족도가 높고, 실사용 기준으로는 꽤 괜찮게 느껴졌답니다. 짧게 들렀지만 생각보다 알차게 시간을 보냈어요. 다음에는 조금 더 여유 있게 다시 가보고 싶어요.",20201129,1
상품_리뷰,아이폰 11 케이스 신지모루 에어클로 투명케이스 샀어요 :),아이폰 사용해보니 처음 기대했던 것보다 만족도가 괜찮았어요. 큰 단점은 없었고 일상에서 쓰기 편해서 당분간 계속 써볼 생각입니다. 처음 가보는 분들도 크게 부담 없이 즐길 수 있을 것 같아요. 짧게 들렀지만 생각보다 알차게 시간을 보냈어요.,20191105,1
상품_리뷰,아이폰 11 Pro 케이스 디자인스킨내돈내산후기 / 할인팁까지!,"아이폰 11는 직접 써보니 장단점이 분명했어요. 그래도 가격이나 사용감까지 생각하면 꽤 무난했고, 필요한 분들께는 참고가 될 것 같아요. 짧게 들렀지만 생각보다 알차게 시간을 보냈어요. 개인적으로는 너무 과하지 않은 점이 마음에 들었어요.",20191112,1
상품_리뷰,"무쪼 아이폰 케이스! MUJJO 내돈내산 후기, 아이폰 케이스 추천",며칠 동안 무쪼 아이폰을 써봤는데 생각보다 손이 자주 가더라고요. 사용법도 어렵지 않고 마감도 괜찮아서 전체적으로 만족했어요. 기대보다 편하게 즐길 수 있어서 만족스러운 시간이었답니다. 전체적으로 무난하면서도 기분 좋게 마무리할 수 있었어요. 처음 가보는 분들도 크게 부담 없이 즐길 수 있을 것 같아요.,20200310,1
상품_리뷰,드디어 아이폰 11 pro에게 이쁜 케이스를❤️(내돈내산!... ,"드디어 아이폰 후기 남겨보면, 처음엔 반신반의했지만 써볼수록 편한 점이 많았어요. 아쉬운 부분도 있지만 재구매를 고민할 정도는 됩니다. 사진으로 남겨두기에도 괜찮아서 기억에 오래 남을 것 같아요. 개인적으로는 너무 과하지 않은 점이 마음에 들었어요.",20200801,1
상품_리뷰,내돈내산 ESR 강화유리 필름 붙이기!(아이폰11promax) / 하남... ,"내돈내산 ESR는 가볍게 써보기 좋은 제품이었어요. 기대를 너무 크게 하지 않으면 만족도가 높고, 실사용 기준으로는 꽤 괜찮게 느껴졌답니다. 개인적으로는 너무 과하지 않은 점이 마음에 들었어요. 사진으로 남겨두기에도 괜찮아서 기억에 오래 남을 것 같아요.",20201019,1
상품_리뷰,[리뷰] 아이폰11pro 풀커버 강화유리필름 내돈내산 구매후기... ,아이폰11pro 풀커버 사용해보니 처음 기대했던 것보다 만족도가 괜찮았어요. 큰 단점은 없었고 일상에서 쓰기 편해서 당분간 계속 써볼 생각입니다. 개인적으로는 너무 과하지 않은 점이 마음에 들었어요. 처음 가보는 분들도 크게 부담 없이 즐길 수 있을 것 같아요.,20200402,1
상품_리뷰,"내돈내산 아이폰11 pro max 실버(화이트) 개봉기, 아이폰 가격... ","내돈내산 아이폰11는 직접 써보니 장단점이 분명했어요. 그래도 가격이나 사용감까지 생각하면 꽤 무난했고, 필요한 분들께는 참고가 될 것 같아요. 다음에는 조금 더 여유 있게 다시 가보고 싶어요. 짧게 들렀지만 생각보다 알차게 시간을 보냈어요.",20200704,1
상품_리뷰,내돈내산 아이폰11프로맥스 액정보호필름 네고퓨어... ,가볍게 며칠 동안 내돈내산을 써봤는데 생각보다 손이 자주 가더라고요. 사용법도 어렵지 않고 마감도 괜찮아서 전체적으로 만족했어요. 짧게 들렀지만 생각보다 알차게 시간을 보냈어요. 사진으로 남겨두기에도 괜찮아서 기억에 오래 남을 것 같아요.,20200816,1
상품_리뷰,아이폰11 / 아이폰11 프로 프리미엄 강화유리(feat. 내돈내산),"아이폰11 아이폰11 후기 남겨보면, 처음엔 반신반의했지만 써볼수록 편한 점이 많았어요. 아쉬운 부분도 있지만 재구매를 고민할 정도는 됩니다. 기대보다 편하게 즐길 수 있어서 만족스러운 시간이었답니다. 개인적으로는 너무 과하지 않은 점이 마음에 들었어요.",20201020,1
상품_리뷰,[아이폰11 리뷰] :: #내돈내산 #아이폰11 #아이폰11화이트... ,"아이폰11 #내돈내산은 가볍게 써보기 좋은 제품이었어요. 기대를 너무 크게 하지 않으면 만족도가 높고, 실사용 기준으로는 꽤 괜찮게 느껴졌답니다. 기대보다 편하게 즐길 수 있어서 만족스러운 시간이었답니다.",20200905,1
상품_리뷰,내돈내산) 아이폰 11 ProMax 폰 케이스 - 맨즈 코리아,내돈내산 아이폰 사용해보니 처음 기대했던 것보다 만족도가 괜찮았어요. 큰 단점은 없었고 일상에서 쓰기 편해서 당분간 계속 써볼 생각입니다. 전체적으로 무난하면서도 기분 좋게 마무리할 수 있었어요. 개인적으로는 너무 과하지 않은 점이 마음에 들었어요.,20200903,1
상품_리뷰,샤론6 해피베어 아이폰11 케이스 후기 - 만족하는 내돈내산,"샤론6 해피베어는 직접 써보니 장단점이 분명했어요. 그래도 가격이나 사용감까지 생각하면 꽤 무난했고, 필요한 분들께는 참고가 될 것 같아요. 전체적으로 무난하면서도 기분 좋게 마무리할 수 있었어요. 개인적으로는 너무 과하지 않은 점이 마음에 들었어요.",20200820,1
상품_리뷰,아이폰 11pro 미드나잇 그린 : 내돈내산 1달 실사용 후기... ,며칠 동안 아이폰 11pro를 써봤는데 생각보다 손이 자주 가더라고요. 사용법도 어렵지 않고 마감도 괜찮아서 전체적으로 만족했어요. 기대보다 편하게 즐길 수 있어서 만족스러운 시간이었답니다. 다음에는 조금 더 여유 있게 다시 가보고 싶어요.,20200108,1
상품_리뷰,아이폰11pro vs 아이폰 12pro 비교,"아이폰11pro 후기 남겨보면, 처음엔 반신반의했지만 써볼수록 편한 점이 많았어요. 아쉬운 부분도 있지만 재구매를 고민할 정도는 됩니다. 전체적으로 무난하면서도 기분 좋게 마무리할 수 있었어요. 짧게 들렀지만 생각보다 알차게 시간을 보냈어요.",20201102,1
상품_리뷰,"아이폰 중고 저렴한곳 옥션, G마켓 11번가 행복폰 내돈내산 후기","아이폰 중고는 가볍게 써보기 좋은 제품이었어요. 기대를 너무 크게 하지 않으면 만족도가 높고, 실사용 기준으로는 꽤 괜찮게 느껴졌답니다. 짧게 들렀지만 생각보다 알차게 시간을 보냈어요. 다음에는 조금 더 여유 있게 다시 가보고 싶어요.",20201113,1
상품_리뷰,"아이폰 중고 저렴한곳 옥션, G마켓 11번가 행복폰 내돈내산 후기",오랜만에 아이폰 사용해보니 처음 기대했던 것보다 만족도가 괜찮았어요. 큰 단점은 없었고 일상에서 쓰기 편해서 당분간 계속 써볼 생각입니다. 다음에는 조금 더 여유 있게 다시 가보고 싶어요. 전체적으로 무난하면서도 기분 좋게 마무리할 수 있었어요.,20201113,1
상품_리뷰,내돈내산 아이폰12pro 실버 언박싱,"내돈내산은 직접 써보니 장단점이 분명했어요. 그래도 가격이나 사용감까지 생각하면 꽤 무난했고, 필요한 분들께는 참고가 될 것 같아요. 사진으로 남겨두기에도 괜찮아서 기억에 오래 남을 것 같아요. 다음에는 조금 더 여유 있게 다시 가보고 싶어요.",20201128,1
상품_리뷰,"구매한 내돈내산 후기! (+ 아이폰 케이스 추천, 아이폰 색상... ",며칠 동안 구매한 내돈내산을 써봤는데 생각보다 손이 자주 가더라고요. 사용법도 어렵지 않고 마감도 괜찮아서 전체적으로 만족했어요. 전체적으로 무난하면서도 기분 좋게 마무리할 수 있었어요. 처음 가보는 분들도 크게 부담 없이 즐길 수 있을 것 같아요.,20200330,1
상품_리뷰,아이폰11 졸귀탱 그립톡 추천 (내돈내산),"아이폰11 졸귀탱 후기 남겨보면, 처음엔 반신반의했지만 써볼수록 편한 점이 많았어요. 아쉬운 부분도 있지만 재구매를 고민할 정도는 됩니다. 전체적으로 무난하면서도 기분 좋게 마무리할 수 있었어요. 처음 가보는 분들도 크게 부담 없이 즐길 수 있을 것 같아요.",20200422,1
상품_리뷰,아이폰 11프로 | 핸드폰케이스 리뷰 | 내돈내산,"이번에 아이폰은 가볍게 써보기 좋은 제품이었어요. 기대를 너무 크게 하지 않으면 만족도가 높고, 실사용 기준으로는 꽤 괜찮게 느껴졌답니다. 짧게 들렀지만 생각보다 알차게 시간을 보냈어요. 다음에는 조금 더 여유 있게 다시 가보고 싶어요.",20200817,1
상품_리뷰,CASETiFY 아이폰11pro 케이스 추천 ft. 케이스티파이... ,CASETiFY 아이폰11pro 사용해보니 처음 기대했던 것보다 만족도가 괜찮았어요. 큰 단점은 없었고 일상에서 쓰기 편해서 당분간 계속 써볼 생각입니다. 다음에는 조금 더 여유 있게 다시 가보고 싶어요. 짧게 들렀지만 생각보다 알차게 시간을 보냈어요.,20191107,1
상품_리뷰,내돈내산  아이폰11프로 케이스 [케이스티파이],"이번에 내돈내산 아이폰11프로는 직접 써보니 장단점이 분명했어요. 그래도 가격이나 사용감까지 생각하면 꽤 무난했고, 필요한 분들께는 참고가 될 것 같아요. 개인적으로는 너무 과하지 않은 점이 마음에 들었어요. 사진으로 남겨두기에도 괜찮아서 기억에 오래 남을 것 같아요.",20200303,1
상품_리뷰,갤럭시 노트 20 개봉 - 아이폰11프로 비교샷 :),며칠 동안 갤럭시 노트를 써봤는데 생각보다 손이 자주 가더라고요. 사용법도 어렵지 않고 마감도 괜찮아서 전체적으로 만족했어요. 개인적으로는 너무 과하지 않은 점이 마음에 들었어요. 처음 가보는 분들도 크게 부담 없이 즐길 수 있을 것 같아요.,20200911,1
상품_리뷰,내돈내산 아이폰11pro 256GB 쿠팡 구매후기,"내돈내산 후기 남겨보면, 처음엔 반신반의했지만 써볼수록 편한 점이 많았어요. 아쉬운 부분도 있지만 재구매를 고민할 정도는 됩니다. 처음 가보는 분들도 크게 부담 없이 즐길 수 있을 것 같아요. 사진으로 남겨두기에도 괜찮아서 기억에 오래 남을 것 같아요.",20201227,1
상품_리뷰,아이폰11Pro Max 256G 구입 // 이마트 24개월 무이자행사,"아이폰11Pro는 가볍게 써보기 좋은 제품이었어요. 기대를 너무 크게 하지 않으면 만족도가 높고, 실사용 기준으로는 꽤 괜찮게 느껴졌답니다. 전체적으로 무난하면서도 기분 좋게 마무리할 수 있었어요. 다음에는 조금 더 여유 있게 다시 가보고 싶어요.",20200618,1
상품_리뷰,"내돈내산 아이폰11pro 256기가,아이폰11프로 실버",내돈내산 아이폰11pro 사용해보니 처음 기대했던 것보다 만족도가 괜찮았어요. 큰 단점은 없었고 일상에서 쓰기 편해서 당분간 계속 써볼 생각입니다. 다음에는 조금 더 여유 있게 다시 가보고 싶어요. 전체적으로 무난하면서도 기분 좋게 마무리할 수 있었어요.,20200219,1
상품_리뷰,&lt;아이폰 11 퍼플 64g&gt; 내돈내산 후기,"가볍게 &lt;아이폰은 직접 써보니 장단점이 분명했어요. 그래도 가격이나 사용감까지 생각하면 꽤 무난했고, 필요한 분들께는 참고가 될 것 같아요. 사진으로 남겨두기에도 괜찮아서 기억에 오래 남을 것 같아요. 짧게 들렀지만 생각보다 알차게 시간을 보냈어요.",20200724,1
상품_리뷰,[내돈내산][쿠팡 애플 브랜드 위크] 아이폰11 공기계 퍼플... ,며칠 동안 내돈내산을 써봤는데 생각보다 손이 자주 가더라고요. 사용법도 어렵지 않고 마감도 괜찮아서 전체적으로 만족했어요. 사진으로 남겨두기에도 괜찮아서 기억에 오래 남을 것 같아요. 다음에는 조금 더 여유 있게 다시 가보고 싶어요.,20200417,1
상품_리뷰,[내돈내산] 아이폰 11 pro 256G 실버 색상 / 사은품 에어팟2 2개... ,"내돈내산 후기 남겨보면, 처음엔 반신반의했지만 써볼수록 편한 점이 많았어요. 아쉬운 부분도 있지만 재구매를 고민할 정도는 됩니다. 처음 가보는 분들도 크게 부담 없이 즐길 수 있을 것 같아요. 개인적으로는 너무 과하지 않은 점이 마음에 들었어요.",20191110,1
상품_리뷰,아이폰11 PRO 자급제폰 스그 개봉기(+알뜰요금제/할인정보),"가볍게 아이폰11 PRO는 가볍게 써보기 좋은 제품이었어요. 기대를 너무 크게 하지 않으면 만족도가 높고, 실사용 기준으로는 꽤 괜찮게 느껴졌답니다. 기대보다 편하게 즐길 수 있어서 만족스러운 시간이었답니다.",20200319,1
상품_리뷰,아이폰 11화이트-후면 카메라 강화유리 후기/내돈내산,이번에 아이폰 11화이트 사용해보니 처음 기대했던 것보다 만족도가 괜찮았어요. 큰 단점은 없었고 일상에서 쓰기 편해서 당분간 계속 써볼 생각입니다. 개인적으로는 너무 과하지 않은 점이 마음에 들었어요. 처음 가보는 분들도 크게 부담 없이 즐길 수 있을 것 같아요.,20200206,1
상품_리뷰,"아이폰11프로 케이스, 주파집... 링케  에어S케이스 내돈내산 비교","아이폰11프로는 직접 써보니 장단점이 분명했어요. 그래도 가격이나 사용감까지 생각하면 꽤 무난했고, 필요한 분들께는 참고가 될 것 같아요. 기대보다 편하게 즐길 수 있어서 만족스러운 시간이었답니다. 다음에는 조금 더 여유 있게 다시 가보고 싶어요.",20201107,1
상품_리뷰,신상 아이폰 : 아이폰 11 옐로우 구매 후기 (내돈내산 장단점... ,며칠 동안 신상 아이폰을 써봤는데 생각보다 손이 자주 가더라고요. 사용법도 어렵지 않고 마감도 괜찮아서 전체적으로 만족했어요. 전체적으로 무난하면서도 기분 좋게 마무리할 수 있었어요. 기대보다 편하게 즐길 수 있어서 만족스러운 시간이었답니다.,20200105,1
상품_리뷰,아이폰 폰스트랩 추천: 하이루프 폰스트랩(내돈내산 아이폰1... ,"아이폰 폰스트랩 후기 남겨보면, 처음엔 반신반의했지만 써볼수록 편한 점이 많았어요. 아쉬운 부분도 있지만 재구매를 고민할 정도는 됩니다. 개인적으로는 너무 과하지 않은 점이 마음에 들었어요. 다음에는 조금 더 여유 있게 다시 가보고 싶어요.",20200112,1
상품_리뷰,그립감 좋은 아이폰 11 정품 케이스 후기(소프트 화이트),"그립감은 가볍게 써보기 좋은 제품이었어요. 기대를 너무 크게 하지 않으면 만족도가 높고, 실사용 기준으로는 꽤 괜찮게 느껴졌답니다. 개인적으로는 너무 과하지 않은 점이 마음에 들었어요. 처음 가보는 분들도 크게 부담 없이 즐길 수 있을 것 같아요.",20201125,1
상품_리뷰,GS25 아이폰 11 라이트닝 8핀 케이블 내돈내산 리뷰,GS25 사용해보니 처음 기대했던 것보다 만족도가 괜찮았어요. 큰 단점은 없었고 일상에서 쓰기 편해서 당분간 계속 써볼 생각입니다. 짧게 들렀지만 생각보다 알차게 시간을 보냈어요. 기대보다 편하게 즐길 수 있어서 만족스러운 시간이었답니다.,20200503,1
상품_리뷰,아이폰11프로케이스 추천 : 케이스티파이 Pangram... ,"아이폰11프로케이스 케이스티파이는 직접 써보니 장단점이 분명했어요. 그래도 가격이나 사용감까지 생각하면 꽤 무난했고, 필요한 분들께는 참고가 될 것 같아요. 사진으로 남겨두기에도 괜찮아서 기억에 오래 남을 것 같아요. 전체적으로 무난하면서도 기분 좋게 마무리할 수 있었어요.",20200103,1
상품_리뷰,굿즈메이커｜아이폰11 폰케이스 내돈내산 후기 ◡̈,며칠 동안 굿즈메이커｜아이폰11를 써봤는데 생각보다 손이 자주 가더라고요. 사용법도 어렵지 않고 마감도 괜찮아서 전체적으로 만족했어요. 처음 가보는 분들도 크게 부담 없이 즐길 수 있을 것 같아요. 다음에는 조금 더 여유 있게 다시 가보고 싶어요.,20200722,1
상품_리뷰,"아이폰12pro max,11pro 케이스는 역시 슈피겐이지... ","아이폰12pro 후기 남겨보면, 처음엔 반신반의했지만 써볼수록 편한 점이 많았어요. 아쉬운 부분도 있지만 재구매를 고민할 정도는 됩니다. 처음 가보는 분들도 크게 부담 없이 즐길 수 있을 것 같아요. 개인적으로는 너무 과하지 않은 점이 마음에 들었어요. 사진으로 남겨두기에도 괜찮아서 기억에 오래 남을 것 같아요.",20201117,1
상품_리뷰,아이폰 11 Pro  유저 애플워치 SE GPS 44mm 내돈내산 후기,"아이폰 11는 가볍게 써보기 좋은 제품이었어요. 기대를 너무 크게 하지 않으면 만족도가 높고, 실사용 기준으로는 꽤 괜찮게 느껴졌답니다. 전체적으로 무난하면서도 기분 좋게 마무리할 수 있었어요. 기대보다 편하게 즐길 수 있어서 만족스러운 시간이었답니다.",20201031,1
상품_리뷰,아이폰11pro/ 김혜수 아르노 폰 스트랩/ 내돈내산후기,이번에 아이폰11pro 김혜수 사용해보니 처음 기대했던 것보다 만족도가 괜찮았어요. 큰 단점은 없었고 일상에서 쓰기 편해서 당분간 계속 써볼 생각입니다. 사진으로 남겨두기에도 괜찮아서 기억에 오래 남을 것 같아요.,20200623,1
상품_리뷰,홍대 프리스비- 애플 아이폰 11 PRO 프로 골드’ 일시불로... ,"홍대는 직접 써보니 장단점이 분명했어요. 그래도 가격이나 사용감까지 생각하면 꽤 무난했고, 필요한 분들께는 참고가 될 것 같아요. 사진으로 남겨두기에도 괜찮아서 기억에 오래 남을 것 같아요. 처음 가보는 분들도 크게 부담 없이 즐길 수 있을 것 같아요.",20200418,1
상품_리뷰,아이폰 11 pro 카메라 필름... 보호 O 빛번짐은 X ! (내돈내산),며칠 동안 아이폰을 써봤는데 생각보다 손이 자주 가더라고요. 사용법도 어렵지 않고 마감도 괜찮아서 전체적으로 만족했어요. 전체적으로 무난하면서도 기분 좋게 마무리할 수 있었어요. 짧게 들렀지만 생각보다 알차게 시간을 보냈어요.,20200625,1
상품_리뷰,아이폰12 pro 골드(내돈내산 feat. SK 요금할인받기),"아이폰12 pro 후기 남겨보면, 처음엔 반신반의했지만 써볼수록 편한 점이 많았어요. 아쉬운 부분도 있지만 재구매를 고민할 정도는 됩니다. 개인적으로는 너무 과하지 않은 점이 마음에 들었어요. 전체적으로 무난하면서도 기분 좋게 마무리할 수 있었어요.",20201105,1
상품_리뷰,"구매리뷰] 가격과 성능, 내돈내산 솔직후기 (아이폰11과 비교)","구매리뷰는 가볍게 써보기 좋은 제품이었어요. 기대를 너무 크게 하지 않으면 만족도가 높고, 실사용 기준으로는 꽤 괜찮게 느껴졌답니다. 개인적으로는 너무 과하지 않은 점이 마음에 들었어요. 처음 가보는 분들도 크게 부담 없이 즐길 수 있을 것 같아요.",20200906,1
상품_리뷰,아이폰11 카메라 유리필름 주의사항 / 내돈내산 후기,아이폰11 사용해보니 처음 기대했던 것보다 만족도가 괜찮았어요. 큰 단점은 없었고 일상에서 쓰기 편해서 당분간 계속 써볼 생각입니다. 전체적으로 무난하면서도 기분 좋게 마무리할 수 있었어요. 기대보다 편하게 즐길 수 있어서 만족스러운 시간이었답니다.,20200327,1
상품_리뷰,"아이폰11pro 스그 개봉기, 인덕션_내돈내산후기♥","가볍게 아이폰11pro는 직접 써보니 장단점이 분명했어요. 그래도 가격이나 사용감까지 생각하면 꽤 무난했고, 필요한 분들께는 참고가 될 것 같아요. 다음에는 조금 더 여유 있게 다시 가보고 싶어요. 처음 가보는 분들도 크게 부담 없이 즐길 수 있을 것 같아요.",20191213,1
상품_리뷰,[리예드] 커스터마이징이 가능한 고급가죽으로 만든 아이폰1... ,며칠 동안 리예드를 써봤는데 생각보다 손이 자주 가더라고요. 사용법도 어렵지 않고 마감도 괜찮아서 전체적으로 만족했어요. 처음 가보는 분들도 크게 부담 없이 즐길 수 있을 것 같아요. 사진으로 남겨두기에도 괜찮아서 기억에 오래 남을 것 같아요.,20201127,1
상품_리뷰,아이폰11프로 카메라렌즈 풀커버 강화유리 내돈내산 구매... ,"아이폰11프로 카메라렌즈 후기 남겨보면, 처음엔 반신반의했지만 써볼수록 편한 점이 많았어요. 아쉬운 부분도 있지만 재구매를 고민할 정도는 됩니다. 짧게 들렀지만 생각보다 알차게 시간을 보냈어요. 전체적으로 무난하면서도 기분 좋게 마무리할 수 있었어요.",20200521,1
상품_리뷰,리뷰 :: 아이폰11프로케이스 내돈내산 후기,"이번에 아이폰11프로케이스 내돈내산은 가볍게 써보기 좋은 제품이었어요. 기대를 너무 크게 하지 않으면 만족도가 높고, 실사용 기준으로는 꽤 괜찮게 느껴졌답니다. 사진으로 남겨두기에도 괜찮아서 기억에 오래 남을 것 같아요.",20200615,1
상품_리뷰,신설동 육전식당 1호점 #아이폰11프로 음식사진,"신설동 육전식당 다녀왔는데 생각보다 분위기가 편해서 좋았어요. 음식도 깔끔하게 나와서 부담 없이 먹기 괜찮았고, 다음에 근처 가면 또 들러보고 싶더라고요. 개인적으로는 너무 과하지 않은 점이 마음에 들었어요.",20191108,1
상품_리뷰,# KT 1분 주문 1시간 배송 리뷰 아이폰11 퍼플 컬러 [내돈내산♥],"KT 1분은 직접 써보니 장단점이 분명했어요. 그래도 가격이나 사용감까지 생각하면 꽤 무난했고, 필요한 분들께는 참고가 될 것 같아요. 처음 가보는 분들도 크게 부담 없이 즐길 수 있을 것 같아요. 개인적으로는 너무 과하지 않은 점이 마음에 들었어요.",20201024,1
상품_리뷰,아이폰 11 프로 투명 에어범퍼 카드 케이스 구입 후기,며칠 동안 아이폰 11를 써봤는데 생각보다 손이 자주 가더라고요. 사용법도 어렵지 않고 마감도 괜찮아서 전체적으로 만족했어요. 처음 가보는 분들도 크게 부담 없이 즐길 수 있을 것 같아요. 개인적으로는 너무 과하지 않은 점이 마음에 들었어요.,20200831,1
상품_리뷰,"아이폰11프로 슬림케이스로 그립감 좋고, 안정감 좋은... ","아이폰11프로 후기 남겨보면, 처음엔 반신반의했지만 써볼수록 편한 점이 많았어요. 아쉬운 부분도 있지만 재구매를 고민할 정도는 됩니다. 다음에는 조금 더 여유 있게 다시 가보고 싶어요. 개인적으로는 너무 과하지 않은 점이 마음에 들었어요.",20201205,1
상품_리뷰,내돈내산/아이폰11프로 무선충전기&amp;거치대 / 리큐엠 무선... ,"내돈내산 아이폰11프로는 가볍게 써보기 좋은 제품이었어요. 기대를 너무 크게 하지 않으면 만족도가 높고, 실사용 기준으로는 꽤 괜찮게 느껴졌답니다. 전체적으로 무난하면서도 기분 좋게 마무리할 수 있었어요. 사진으로 남겨두기에도 괜찮아서 기억에 오래 남을 것 같아요.",20201105,1
상품_리뷰,블랙프라이데이를 이용한 CASETIFY 구입!:아이폰11pro 케이스,블랙프라이데이를 사용해보니 처음 기대했던 것보다 만족도가 괜찮았어요. 큰 단점은 없었고 일상에서 쓰기 편해서 당분간 계속 써볼 생각입니다. 다음에는 조금 더 여유 있게 다시 가보고 싶어요. 전체적으로 무난하면서도 기분 좋게 마무리할 수 있었어요.,20191204,1
상품_리뷰,고정력최강 / 아이폰11프로맥스 차량용 충전 거치대 / 내돈내산,"고정력최강 아이폰11프로맥스는 직접 써보니 장단점이 분명했어요. 그래도 가격이나 사용감까지 생각하면 꽤 무난했고, 필요한 분들께는 참고가 될 것 같아요. 개인적으로는 너무 과하지 않은 점이 마음에 들었어요. 다음에는 조금 더 여유 있게 다시 가보고 싶어요.",20200822,1
상품_리뷰,애플워치 5세대 언박싱 아이폰11 연동 방법,며칠 동안 애플워치 5세대를 써봤는데 생각보다 손이 자주 가더라고요. 사용법도 어렵지 않고 마감도 괜찮아서 전체적으로 만족했어요. 전체적으로 무난하면서도 기분 좋게 마무리할 수 있었어요. 사진으로 남겨두기에도 괜찮아서 기억에 오래 남을 것 같아요.,20200703,1
상품_리뷰,아이폰11 아이폰11프로 아이폰11프로맥스 카메라필름,"아이폰11 아이폰11프로 후기 남겨보면, 처음엔 반신반의했지만 써볼수록 편한 점이 많았어요. 아쉬운 부분도 있지만 재구매를 고민할 정도는 됩니다. 다음에는 조금 더 여유 있게 다시 가보고 싶어요. 처음 가보는 분들도 크게 부담 없이 즐길 수 있을 것 같아요.",20200404,1
상품_리뷰,북포유 아이폰11 유화케이스 내돈내산리뷰,"북포유는 가볍게 써보기 좋은 제품이었어요. 기대를 너무 크게 하지 않으면 만족도가 높고, 실사용 기준으로는 꽤 괜찮게 느껴졌답니다. 짧게 들렀지만 생각보다 알차게 시간을 보냈어요. 처음 가보는 분들도 크게 부담 없이 즐길 수 있을 것 같아요.",20200518,1
상품_리뷰,[내돈내산] 인천공항 1터미널 신라면세점 아이폰11 구입,내돈내산 사용해보니 처음 기대했던 것보다 만족도가 괜찮았어요. 큰 단점은 없었고 일상에서 쓰기 편해서 당분간 계속 써볼 생각입니다. 사진으로 남겨두기에도 괜찮아서 기억에 오래 남을 것 같아요. 다음에는 조금 더 여유 있게 다시 가보고 싶어요.,20200114,1
상품_리뷰,아이폰11 화이트 리뷰 ❣️ 아이폰7에서 아이폰11으로 백업... ,"오랜만에 아이폰11 화이트는 직접 써보니 장단점이 분명했어요. 그래도 가격이나 사용감까지 생각하면 꽤 무난했고, 필요한 분들께는 참고가 될 것 같아요. 사진으로 남겨두기에도 괜찮아서 기억에 오래 남을 것 같아요. 개인적으로는 너무 과하지 않은 점이 마음에 들었어요.",20191027,1
상품_리뷰,내돈내산) 아이폰12 미니 케이스 / cacetify,며칠 동안 내돈내산을 써봤는데 생각보다 손이 자주 가더라고요. 사용법도 어렵지 않고 마감도 괜찮아서 전체적으로 만족했어요. 개인적으로는 너무 과하지 않은 점이 마음에 들었어요. 처음 가보는 분들도 크게 부담 없이 즐길 수 있을 것 같아요. 다음에는 조금 더 여유 있게 다시 가보고 싶어요.,20201204,1
상품_리뷰,아이폰11 구매 국민폰에서 구입한 내돈내산 솔직 후기,"아이폰11 구매 후기 남겨보면, 처음엔 반신반의했지만 써볼수록 편한 점이 많았어요. 아쉬운 부분도 있지만 재구매를 고민할 정도는 됩니다. 처음 가보는 분들도 크게 부담 없이 즐길 수 있을 것 같아요. 전체적으로 무난하면서도 기분 좋게 마무리할 수 있었어요.",20200813,1
상품_리뷰,"아이폰 11 Pro 케이스, 이 세상 예쁨이 아니잖아? 내돈내산... ","아이폰은 가볍게 써보기 좋은 제품이었어요. 기대를 너무 크게 하지 않으면 만족도가 높고, 실사용 기준으로는 꽤 괜찮게 느껴졌답니다. 기대보다 편하게 즐길 수 있어서 만족스러운 시간이었답니다. 개인적으로는 너무 과하지 않은 점이 마음에 들었어요.",20200530,1
상품_리뷰,[내돈내산] 아이폰11프로 파워서포트 에어자켓 &amp; 안티글레어... ,내돈내산 사용해보니 처음 기대했던 것보다 만족도가 괜찮았어요. 큰 단점은 없었고 일상에서 쓰기 편해서 당분간 계속 써볼 생각입니다. 처음 가보는 분들도 크게 부담 없이 즐길 수 있을 것 같아요. 개인적으로는 너무 과하지 않은 점이 마음에 들었어요.,20200121,1
상품_리뷰,[내돈내산] 아이폰11프로 구매후기 : 아이폰 갤럭시... ,"내돈내산 아이폰11프로는 직접 써보니 장단점이 분명했어요. 그래도 가격이나 사용감까지 생각하면 꽤 무난했고, 필요한 분들께는 참고가 될 것 같아요. 다음에는 조금 더 여유 있게 다시 가보고 싶어요. 전체적으로 무난하면서도 기분 좋게 마무리할 수 있었어요.",20200217,1
상품_리뷰,통큰준구씨 쇼핑몰 아이폰 케이스 추천 내돈내산,며칠 동안 통큰준구씨를 써봤는데 생각보다 손이 자주 가더라고요. 사용법도 어렵지 않고 마감도 괜찮아서 전체적으로 만족했어요. 짧게 들렀지만 생각보다 알차게 시간을 보냈어요. 개인적으로는 너무 과하지 않은 점이 마음에 들었어요.,20201109,1
상품_리뷰,"갤럭시 노트 10 vs 아이폰 11 pro 야간 모드, 플레어 고스트... ","갤럭시 후기 남겨보면, 처음엔 반신반의했지만 써볼수록 편한 점이 많았어요. 아쉬운 부분도 있지만 재구매를 고민할 정도는 됩니다. 사진으로 남겨두기에도 괜찮아서 기억에 오래 남을 것 같아요. 전체적으로 무난하면서도 기분 좋게 마무리할 수 있었어요.",20191201,1
상품_리뷰,아이폰11pro - 내돈내산 액정필름/강화유리 추천!!2일동안... ,"아이폰11pro는 가볍게 써보기 좋은 제품이었어요. 기대를 너무 크게 하지 않으면 만족도가 높고, 실사용 기준으로는 꽤 괜찮게 느껴졌답니다. 짧게 들렀지만 생각보다 알차게 시간을 보냈어요. 기대보다 편하게 즐길 수 있어서 만족스러운 시간이었답니다.",20200513,1
상품_리뷰,내돈내산 / 아이폰11 프로 미국 직구 후기,내돈내산 아이폰11 사용해보니 처음 기대했던 것보다 만족도가 괜찮았어요. 큰 단점은 없었고 일상에서 쓰기 편해서 당분간 계속 써볼 생각입니다. 전체적으로 무난하면서도 기분 좋게 마무리할 수 있었어요. 짧게 들렀지만 생각보다 알차게 시간을 보냈어요.,20200211,1
상품_리뷰,아이폰11프로 케이스 케이스티파이 할인코드 공유,"아이폰11프로는 직접 써보니 장단점이 분명했어요. 그래도 가격이나 사용감까지 생각하면 꽤 무난했고, 필요한 분들께는 참고가 될 것 같아요. 개인적으로는 너무 과하지 않은 점이 마음에 들었어요. 기대보다 편하게 즐길 수 있어서 만족스러운 시간이었답니다.",20190926,1
상품_리뷰,아이폰 11 pro 프로 가로수길 애플스토어 구매 보고서,며칠 동안 아이폰 11를 써봤는데 생각보다 손이 자주 가더라고요. 사용법도 어렵지 않고 마감도 괜찮아서 전체적으로 만족했어요. 기대보다 편하게 즐길 수 있어서 만족스러운 시간이었답니다. 사진으로 남겨두기에도 괜찮아서 기억에 오래 남을 것 같아요.,20191127,1
상품_리뷰,아이폰11 악세사리 | earp earp (어프어프) 폰케이스... ,"가볍게 아이폰11 악세사리 후기 남겨보면, 처음엔 반신반의했지만 써볼수록 편한 점이 많았어요. 아쉬운 부분도 있지만 재구매를 고민할 정도는 됩니다. 다음에는 조금 더 여유 있게 다시 가보고 싶어요. 처음 가보는 분들도 크게 부담 없이 즐길 수 있을 것 같아요.",20200603,1
상품_리뷰,[내돈내산] 아이폰 11 white 128GB ⭐️2주 사용 후기,"내돈내산은 가볍게 써보기 좋은 제품이었어요. 기대를 너무 크게 하지 않으면 만족도가 높고, 실사용 기준으로는 꽤 괜찮게 느껴졌답니다. 처음 가보는 분들도 크게 부담 없이 즐길 수 있을 것 같아요. 다음에는 조금 더 여유 있게 다시 가보고 싶어요.",20200424,1
상품_리뷰,호주 시드니 애플스토어에서 아이폰11(iPhone11) 화이트... ,호주 사용해보니 처음 기대했던 것보다 만족도가 괜찮았어요. 큰 단점은 없었고 일상에서 쓰기 편해서 당분간 계속 써볼 생각입니다. 사진으로 남겨두기에도 괜찮아서 기억에 오래 남을 것 같아요. 짧게 들렀지만 생각보다 알차게 시간을 보냈어요.,20191016,1
상품_리뷰,"아이폰 11 프로 연속촬영(연사찍기), 동영상","아이폰 11는 직접 써보니 장단점이 분명했어요. 그래도 가격이나 사용감까지 생각하면 꽤 무난했고, 필요한 분들께는 참고가 될 것 같아요. 짧게 들렀지만 생각보다 알차게 시간을 보냈어요. 다음에는 조금 더 여유 있게 다시 가보고 싶어요.",20200112,1
상품_리뷰,[내돈내산] 쿠팡에서 핸드폰 사도 될까? | 아이폰 11PRO 256기가... ,며칠 동안 내돈내산을 써봤는데 생각보다 손이 자주 가더라고요. 사용법도 어렵지 않고 마감도 괜찮아서 전체적으로 만족했어요. 기대보다 편하게 즐길 수 있어서 만족스러운 시간이었답니다. 다음에는 조금 더 여유 있게 다시 가보고 싶어요.,20201001,1
상품_리뷰,[내돈내산]아이디얼오브스웨덴 아이폰11PRO케이스... ,"내돈내산 아이디얼오브스웨덴 후기 남겨보면, 처음엔 반신반의했지만 써볼수록 편한 점이 많았어요. 아쉬운 부분도 있지만 재구매를 고민할 정도는 됩니다. 짧게 들렀지만 생각보다 알차게 시간을 보냈어요. 처음 가보는 분들도 크게 부담 없이 즐길 수 있을 것 같아요.",20201209,1
상품_리뷰,[내돈내산] TRK 아이폰11 프로 후면 카메라 풀커버 강화유리,"내돈내산은 가볍게 써보기 좋은 제품이었어요. 기대를 너무 크게 하지 않으면 만족도가 높고, 실사용 기준으로는 꽤 괜찮게 느껴졌답니다. 짧게 들렀지만 생각보다 알차게 시간을 보냈어요. 다음에는 조금 더 여유 있게 다시 가보고 싶어요.",20200705,1
상품_리뷰,아이폰11프로  케이스 (내돈내산),이번에 아이폰11프로 케이스 사용해보니 처음 기대했던 것보다 만족도가 괜찮았어요. 큰 단점은 없었고 일상에서 쓰기 편해서 당분간 계속 써볼 생각입니다. 개인적으로는 너무 과하지 않은 점이 마음에 들었어요. 사진으로 남겨두기에도 괜찮아서 기억에 오래 남을 것 같아요.,20200405,1
상품_리뷰,CASETiFY 케이스티파이 아이폰11프로케이스 추천 네온샌드... ,"이번에 CASETiFY는 직접 써보니 장단점이 분명했어요. 그래도 가격이나 사용감까지 생각하면 꽤 무난했고, 필요한 분들께는 참고가 될 것 같아요. 처음 가보는 분들도 크게 부담 없이 즐길 수 있을 것 같아요. 개인적으로는 너무 과하지 않은 점이 마음에 들었어요.",20191229,1
상품_리뷰,[내돈내산]아이폰 11 Pro 256G 실버를 구매했다:) 발품팔아서,이번에 며칠 동안 내돈내산 아이폰을 써봤는데 생각보다 손이 자주 가더라고요. 사용법도 어렵지 않고 마감도 괜찮아서 전체적으로 만족했어요. 다음에는 조금 더 여유 있게 다시 가보고 싶어요. 사진으로 남겨두기에도 괜찮아서 기억에 오래 남을 것 같아요.,20191217,1
상품_리뷰,애플 정품 아이폰 실리콘 케이스 사용 후기 / 아이폰 11 pro... ,"애플 후기 남겨보면, 처음엔 반신반의했지만 써볼수록 편한 점이 많았어요. 아쉬운 부분도 있지만 재구매를 고민할 정도는 됩니다. 전체적으로 무난하면서도 기분 좋게 마무리할 수 있었어요. 개인적으로는 너무 과하지 않은 점이 마음에 들었어요.",20200117,1
상품_리뷰,주파짚 아이폰11 실리콘 케이스 스톤 컬러 구매후기! (내돈내산... ,"주파짚은 가볍게 써보기 좋은 제품이었어요. 기대를 너무 크게 하지 않으면 만족도가 높고, 실사용 기준으로는 꽤 괜찮게 느껴졌답니다. 다음에는 조금 더 여유 있게 다시 가보고 싶어요. 전체적으로 무난하면서도 기분 좋게 마무리할 수 있었어요.",20201217,1
상품_리뷰,[텐바이텐] 커버리쉬 아이폰케이스 내돈내산 후기,텐바이텐 커버리쉬 사용해보니 처음 기대했던 것보다 만족도가 괜찮았어요. 큰 단점은 없었고 일상에서 쓰기 편해서 당분간 계속 써볼 생각입니다. 기대보다 편하게 즐길 수 있어서 만족스러운 시간이었답니다. 다음에는 조금 더 여유 있게 다시 가보고 싶어요.,20201229,1
상품_리뷰,아이폰 가죽케이스 커스텀 이니셜각인 까지(아이폰11프로... ,"아이폰 가죽케이스는 직접 써보니 장단점이 분명했어요. 그래도 가격이나 사용감까지 생각하면 꽤 무난했고, 필요한 분들께는 참고가 될 것 같아요. 처음 가보는 분들도 크게 부담 없이 즐길 수 있을 것 같아요. 개인적으로는 너무 과하지 않은 점이 마음에 들었어요.",20200806,1
상품_리뷰,"모모케이스 아이폰11 케이스 구매후기(광고X, 내돈내산)",며칠 동안 모모케이스 아이폰11를 써봤는데 생각보다 손이 자주 가더라고요. 사용법도 어렵지 않고 마감도 괜찮아서 전체적으로 만족했어요. 처음 가보는 분들도 크게 부담 없이 즐길 수 있을 것 같아요. 기대보다 편하게 즐길 수 있어서 만족스러운 시간이었답니다.,20200917,1
상품_리뷰,아이폰11 링케퓨전 케이스... 블루라이트필름 내돈내산 후기,"아이폰11 후기 남겨보면, 처음엔 반신반의했지만 써볼수록 편한 점이 많았어요. 아쉬운 부분도 있지만 재구매를 고민할 정도는 됩니다. 다음에는 조금 더 여유 있게 다시 가보고 싶어요. 개인적으로는 너무 과하지 않은 점이 마음에 들었어요.",20200324,1
상품_리뷰,아이폰11프로 폰케이스 + 스마트톡 + 카메라풀커버 내돈내산... ,"아이폰11프로 폰케이스는 가볍게 써보기 좋은 제품이었어요. 기대를 너무 크게 하지 않으면 만족도가 높고, 실사용 기준으로는 꽤 괜찮게 느껴졌답니다. 개인적으로는 너무 과하지 않은 점이 마음에 들었어요. 다음에는 조금 더 여유 있게 다시 가보고 싶어요.",20201109,1
상품_리뷰,[리뷰]애플 유저 아이폰11프로... 펜슬 2세대 내돈내산 구매 후기,애플 유저 사용해보니 처음 기대했던 것보다 만족도가 괜찮았어요. 큰 단점은 없었고 일상에서 쓰기 편해서 당분간 계속 써볼 생각입니다. 처음 가보는 분들도 크게 부담 없이 즐길 수 있을 것 같아요. 기대보다 편하게 즐길 수 있어서 만족스러운 시간이었답니다.,20201206,1
상품_리뷰,아이폰11 슈피겐 울트라하이브리드 투명케이스 후기/내돈내산,"아이폰11는 직접 써보니 장단점이 분명했어요. 그래도 가격이나 사용감까지 생각하면 꽤 무난했고, 필요한 분들께는 참고가 될 것 같아요. 처음 가보는 분들도 크게 부담 없이 즐길 수 있을 것 같아요. 짧게 들렀지만 생각보다 알차게 시간을 보냈어요.",20200808,1
상품_리뷰,"아이폰11 화이트 / 폰 바꾼... 실시간 일기, #휴대폰성지 #아이폰11",며칠 동안 아이폰11 화이트를 써봤는데 생각보다 손이 자주 가더라고요. 사용법도 어렵지 않고 마감도 괜찮아서 전체적으로 만족했어요. 사진으로 남겨두기에도 괜찮아서 기억에 오래 남을 것 같아요. 기대보다 편하게 즐길 수 있어서 만족스러운 시간이었답니다.,20200104,1
상품_리뷰,[내돈내산] 아이폰 11 pro 골드 + 에어팟 프로 후기... ,"이번에 내돈내산 후기 남겨보면, 처음엔 반신반의했지만 써볼수록 편한 점이 많았어요. 아쉬운 부분도 있지만 재구매를 고민할 정도는 됩니다. 기대보다 편하게 즐길 수 있어서 만족스러운 시간이었답니다. 다음에는 조금 더 여유 있게 다시 가보고 싶어요.",20200130,1
상품_리뷰,"미코니 아이폰 케이스 2개, 에어팟케이스 내돈내산 구매후기","미코니는 가볍게 써보기 좋은 제품이었어요. 기대를 너무 크게 하지 않으면 만족도가 높고, 실사용 기준으로는 꽤 괜찮게 느껴졌답니다. 사진으로 남겨두기에도 괜찮아서 기억에 오래 남을 것 같아요. 전체적으로 무난하면서도 기분 좋게 마무리할 수 있었어요.",20201029,1
상품_리뷰,Casetify 케이스티파이 아이폰11pro 폰케이스 20% 할인코드... ,Casetify 사용해보니 처음 기대했던 것보다 만족도가 괜찮았어요. 큰 단점은 없었고 일상에서 쓰기 편해서 당분간 계속 써볼 생각입니다. 전체적으로 무난하면서도 기분 좋게 마무리할 수 있었어요. 사진으로 남겨두기에도 괜찮아서 기억에 오래 남을 것 같아요.,20191117,1
상품_리뷰,(내돈내산) &lt;한달후기&gt; ‘아이몰’ 변색없는 아이폰 케이스 !!,"&lt;한달후기&gt;는 직접 써보니 장단점이 분명했어요. 그래도 가격이나 사용감까지 생각하면 꽤 무난했고, 필요한 분들께는 참고가 될 것 같아요. 처음 가보는 분들도 크게 부담 없이 즐길 수 있을 것 같아요. 전체적으로 무난하면서도 기분 좋게 마무리할 수 있었어요.",20201209,1
상품_리뷰,[오사카 일상] 아이폰12프로... ~ (feat.아이폰11 중고팔기),며칠 동안 오사카 아이폰12프로...를 써봤는데 생각보다 손이 자주 가더라고요. 사용법도 어렵지 않고 마감도 괜찮아서 전체적으로 만족했어요. 기대보다 편하게 즐길 수 있어서 만족스러운 시간이었답니다. 개인적으로는 너무 과하지 않은 점이 마음에 들었어요.,20201205,1
상품_리뷰,아이폰11pro 케이스 내돈내산 추천!! 예쁜 게 단단하기까지 한... ,"아이폰11pro 케이스 후기 남겨보면, 처음엔 반신반의했지만 써볼수록 편한 점이 많았어요. 아쉬운 부분도 있지만 재구매를 고민할 정도는 됩니다. 짧게 들렀지만 생각보다 알차게 시간을 보냈어요. 개인적으로는 너무 과하지 않은 점이 마음에 들었어요.",20200522,1
상품_리뷰,아이폰11    신지모루  풀커버... 사용 후기 !!내돈내산 후기!!,"아이폰11는 가볍게 써보기 좋은 제품이었어요. 기대를 너무 크게 하지 않으면 만족도가 높고, 실사용 기준으로는 꽤 괜찮게 느껴졌답니다. 기대보다 편하게 즐길 수 있어서 만족스러운 시간이었답니다. 전체적으로 무난하면서도 기분 좋게 마무리할 수 있었어요.",20200528,1
상품_리뷰,[내돈내산] 변색 걱정 없는 아이폰 11 pro  끼움 케이스 !,오랜만에 내돈내산 변색 사용해보니 처음 기대했던 것보다 만족도가 괜찮았어요. 큰 단점은 없었고 일상에서 쓰기 편해서 당분간 계속 써볼 생각입니다. 기대보다 편하게 즐길 수 있어서 만족스러운 시간이었답니다. 사진으로 남겨두기에도 괜찮아서 기억에 오래 남을 것 같아요.,20200508,1
상품_리뷰,[내돈내산 리뷰]케이안 강화유리 아이폰 11 -크리스탈아머... ,"내돈내산은 직접 써보니 장단점이 분명했어요. 그래도 가격이나 사용감까지 생각하면 꽤 무난했고, 필요한 분들께는 참고가 될 것 같아요. 짧게 들렀지만 생각보다 알차게 시간을 보냈어요. 다음에는 조금 더 여유 있게 다시 가보고 싶어요.",20200516,1
상품_리뷰,[내돈내산/아이폰11] 아이폰11 옐로우 색상으로 핸드폰... ,며칠 동안 내돈내산을 써봤는데 생각보다 손이 자주 가더라고요. 사용법도 어렵지 않고 마감도 괜찮아서 전체적으로 만족했어요. 짧게 들렀지만 생각보다 알차게 시간을 보냈어요. 사진으로 남겨두기에도 괜찮아서 기억에 오래 남을 것 같아요.,20200503,1
상품_리뷰,스마트폰 짐벌 아이폰11 초보자용 추천 #내돈내산 구매후기,"가볍게 스마트폰 후기 남겨보면, 처음엔 반신반의했지만 써볼수록 편한 점이 많았어요. 아쉬운 부분도 있지만 재구매를 고민할 정도는 됩니다. 다음에는 조금 더 여유 있게 다시 가보고 싶어요. 전체적으로 무난하면서도 기분 좋게 마무리할 수 있었어요.",20200220,1
상품_리뷰,내돈내산 후기 강변 테크노 마트에서 구매한 아이폰 11 프로... ,"내돈내산 강변은 가볍게 써보기 좋은 제품이었어요. 기대를 너무 크게 하지 않으면 만족도가 높고, 실사용 기준으로는 꽤 괜찮게 느껴졌답니다. 사진으로 남겨두기에도 괜찮아서 기억에 오래 남을 것 같아요. 짧게 들렀지만 생각보다 알차게 시간을 보냈어요.",20200727,1
상품_리뷰,[내돈내산] 아이폰 11 PRO MAX 케이스 구매 후기 - 다온누리... ,내돈내산 사용해보니 처음 기대했던 것보다 만족도가 괜찮았어요. 큰 단점은 없었고 일상에서 쓰기 편해서 당분간 계속 써볼 생각입니다. 처음 가보는 분들도 크게 부담 없이 즐길 수 있을 것 같아요. 전체적으로 무난하면서도 기분 좋게 마무리할 수 있었어요.,20200607,1
상품_리뷰,[ 내돈내산 / 솔직후기 ] 아이폰11 케이스 추천!!! ' 링케에어S... ,"오랜만에 내돈내산 솔직후기는 직접 써보니 장단점이 분명했어요. 그래도 가격이나 사용감까지 생각하면 꽤 무난했고, 필요한 분들께는 참고가 될 것 같아요. 개인적으로는 너무 과하지 않은 점이 마음에 들었어요. 사진으로 남겨두기에도 괜찮아서 기억에 오래 남을 것 같아요.",20201113,1
상품_리뷰,아이폰 11프로 임팩트 범퍼 케이스 구매후기 (내돈내산),며칠 동안 아이폰 11프로를 써봤는데 생각보다 손이 자주 가더라고요. 사용법도 어렵지 않고 마감도 괜찮아서 전체적으로 만족했어요. 개인적으로는 너무 과하지 않은 점이 마음에 들었어요. 기대보다 편하게 즐길 수 있어서 만족스러운 시간이었답니다.,20200129,1
상품_리뷰,크림번(#내돈내산 #뚜레쥬르... 마담얼그레이크림번 #아이폰11프... ,"크림번 #내돈내산 후기 남겨보면, 처음엔 반신반의했지만 써볼수록 편한 점이 많았어요. 아쉬운 부분도 있지만 재구매를 고민할 정도는 됩니다. 전체적으로 무난하면서도 기분 좋게 마무리할 수 있었어요. 개인적으로는 너무 과하지 않은 점이 마음에 들었어요.",20201108,1
상품_리뷰,"나도샀다이거야, 아이폰11pro256, 블루폰, 내돈내산... ","나도샀다이거야 아이폰11pro256는 가볍게 써보기 좋은 제품이었어요. 기대를 너무 크게 하지 않으면 만족도가 높고, 실사용 기준으로는 꽤 괜찮게 느껴졌답니다. 개인적으로는 너무 과하지 않은 점이 마음에 들었어요.",20191217,1
상품_리뷰,내돈내산 아이폰11케이스[재구매 /(주)불사조디자인아이폰11... ,내돈내산 아이폰11케이스 사용해보니 처음 기대했던 것보다 만족도가 괜찮았어요. 큰 단점은 없었고 일상에서 쓰기 편해서 당분간 계속 써볼 생각입니다. 전체적으로 무난하면서도 기분 좋게 마무리할 수 있었어요.,20200208,1
상품_리뷰,신박하고 웃긴 아이폰케이스+스마트톡 구매후기(내돈내산),"신박하고 웃긴은 직접 써보니 장단점이 분명했어요. 그래도 가격이나 사용감까지 생각하면 꽤 무난했고, 필요한 분들께는 참고가 될 것 같아요. 처음 가보는 분들도 크게 부담 없이 즐길 수 있을 것 같아요. 전체적으로 무난하면서도 기분 좋게 마무리할 수 있었어요.",20201202,1
상품_리뷰,"&lt;내돈내산&gt; 아이폰, 에이팟프로 애플케어플러스 가입하기... ",며칠 동안 &lt;내돈내산&gt;를 써봤는데 생각보다 손이 자주 가더라고요. 사용법도 어렵지 않고 마감도 괜찮아서 전체적으로 만족했어요. 짧게 들렀지만 생각보다 알차게 시간을 보냈어요. 다음에는 조금 더 여유 있게 다시 가보고 싶어요.,20200326,1
상품_리뷰,내돈내산 케이스티파이... 화려한 리사프랭크 아이폰케이스,"내돈내산 케이스티파이... 후기 남겨보면, 처음엔 반신반의했지만 써볼수록 편한 점이 많았어요. 아쉬운 부분도 있지만 재구매를 고민할 정도는 됩니다. 처음 가보는 분들도 크게 부담 없이 즐길 수 있을 것 같아요. 전체적으로 무난하면서도 기분 좋게 마무리할 수 있었어요.",20201227,1
상품_리뷰,케이스티파이 20% 할인코드  feat. 아이폰11 케이스 추천,"케이스티파이 20%는 가볍게 써보기 좋은 제품이었어요. 기대를 너무 크게 하지 않으면 만족도가 높고, 실사용 기준으로는 꽤 괜찮게 느껴졌답니다. 기대보다 편하게 즐길 수 있어서 만족스러운 시간이었답니다. 전체적으로 무난하면서도 기분 좋게 마무리할 수 있었어요.",20191031,1
전문_정보,홈텍스 연말정산 미리보기로 2020년 소득공제 준비하세요!,홈텍스 관련해서 소소하게 기록해봤어요. 특별한 일은 아니었지만 막상 지나고 보니 은근 기억에 남아서 이렇게 남겨두고 싶더라고요. 기대보다 편하게 즐길 수 있어서 만족스러운 시간이었답니다. 처음 가보는 분들도 크게 부담 없이 즐길 수 있을 것 같아요.,20201102,1
전문_정보,2020년 연말정산 변경사항 &amp; 소득공제 절세 TIP,"요즘 연말정산 때문에 생각이 많았는데, 직접 해보니 생각보다 어렵지 않았어요. 천천히 정리하니 마음도 조금 편해진 느낌입니다. 사진으로 남겨두기에도 괜찮아서 기억에 오래 남을 것 같아요. 기대보다 편하게 즐길 수 있어서 만족스러운 시간이었답니다.",20200110,1
전문_정보,변경된 2020년 연말정산 소득공제 꼼꼼히 체크하자!,변경된 연말정산은 별일 아닌 듯해도 막상 겪어보니 나름 의미가 있었어요. 작은 변화였지만 하루 분위기가 달라져서 기분 좋게 마무리했답니다. 처음 가보는 분들도 크게 부담 없이 즐길 수 있을 것 같아요. 전체적으로 무난하면서도 기분 좋게 마무리할 수 있었어요.,20201228,1
전문_정보,2020년 연말정산 _ 소득세액공제신고서 작성법_동영상,"오늘은 연말정산 소득세액공제신고서에 대해 짧게 남겨봅니다. 큰 기대 없이 시작했는데 생각보다 만족스러웠고, 다음에도 비슷하게 해보고 싶어요. 다음에는 조금 더 여유 있게 다시 가보고 싶어요. 처음 가보는 분들도 크게 부담 없이 즐길 수 있을 것 같아요.",20201231,1
전문_정보,연말정산으로 세테크! 2020년 달라진 공제 항목 알아보기,연말정산으로 세테크!를 하면서 오랜만에 여유를 느꼈어요. 바쁜 와중에 잠깐 쉬어가는 시간이 생긴 것 같아서 꽤 괜찮은 하루였답니다. 처음 가보는 분들도 크게 부담 없이 즐길 수 있을 것 같아요. 개인적으로는 너무 과하지 않은 점이 마음에 들었어요. 짧게 들렀지만 생각보다 알차게 시간을 보냈어요. 기대보다 편하게 즐길 수 있어서 만족스러운 시간이었답니다.,20200206,1
전문_정보,2020년 연말정산! 문화비 소득공제에 대해 알아보자!,연말정산! 문화비 관련해서 소소하게 기록해봤어요. 특별한 일은 아니었지만 막상 지나고 보니 은근 기억에 남아서 이렇게 남겨두고 싶더라고요. 처음 가보는 분들도 크게 부담 없이 즐길 수 있을 것 같아요. 짧게 들렀지만 생각보다 알차게 시간을 보냈어요.,20201209,1
전문_정보,"2020년 연말정산 바뀌는 것들, 신용카드 소득공제 대상 제외항목","요즘 연말정산 바뀌는 때문에 생각이 많았는데, 직접 해보니 생각보다 어렵지 않았어요. 천천히 정리하니 마음도 조금 편해진 느낌입니다. 처음 가보는 분들도 크게 부담 없이 즐길 수 있을 것 같아요. 전체적으로 무난하면서도 기분 좋게 마무리할 수 있었어요.",20191226,1
전문_정보,2020년 연말정산 변경사항 알아보기 #연말정산소득공제,연말정산 변경사항은 별일 아닌 듯해도 막상 겪어보니 나름 의미가 있었어요. 작은 변화였지만 하루 분위기가 달라져서 기분 좋게 마무리했답니다. 기대보다 편하게 즐길 수 있어서 만족스러운 시간이었답니다. 다음에는 조금 더 여유 있게 다시 가보고 싶어요.,20201103,1
전문_정보,[연말정산] 2020년 교육비 연말정산 세액공제 혜택... ,"오늘은 연말정산 교육비에 대해 짧게 남겨봅니다. 큰 기대 없이 시작했는데 생각보다 만족스러웠고, 다음에도 비슷하게 해보고 싶어요. 처음 가보는 분들도 크게 부담 없이 즐길 수 있을 것 같아요. 전체적으로 무난하면서도 기분 좋게 마무리할 수 있었어요.",20201211,1
전문_정보,"2020년 연말정산, 어떻게 준비할까? 달라지는 공제 항목... ",연말정산을 하면서 오랜만에 여유를 느꼈어요. 바쁜 와중에 잠깐 쉬어가는 시간이 생긴 것 같아서 꽤 괜찮은 하루였답니다. 처음 가보는 분들도 크게 부담 없이 즐길 수 있을 것 같아요. 사진으로 남겨두기에도 괜찮아서 기억에 오래 남을 것 같아요.,20191210,1
전문_정보,[2020년 연말정산] 박물관∙미술관 입장료 문화비 소득공제... ,연말정산 관련해서 소소하게 기록해봤어요. 특별한 일은 아니었지만 막상 지나고 보니 은근 기억에 남아서 이렇게 남겨두고 싶더라고요. 다음에는 조금 더 여유 있게 다시 가보고 싶어요. 처음 가보는 분들도 크게 부담 없이 즐길 수 있을 것 같아요.,20200113,1
전문_정보,신용카드 연말정산 소득공제 2020년 한시적 혜택? 눈 가리고... ,"요즘 신용카드 연말정산 때문에 생각이 많았는데, 직접 해보니 생각보다 어렵지 않았어요. 천천히 정리하니 마음도 조금 편해진 느낌입니다. 전체적으로 무난하면서도 기분 좋게 마무리할 수 있었어요. 다음에는 조금 더 여유 있게 다시 가보고 싶어요.",20200306,1
전문_정보,홈택스 : 2020년 귀속 연말정산... 끝나기 전 추가 세액공제),홈택스 귀속은 별일 아닌 듯해도 막상 겪어보니 나름 의미가 있었어요. 작은 변화였지만 하루 분위기가 달라져서 기분 좋게 마무리했답니다. 사진으로 남겨두기에도 괜찮아서 기억에 오래 남을 것 같아요. 기대보다 편하게 즐길 수 있어서 만족스러운 시간이었답니다.,20201102,1
전문_정보,2020년 연말정산 소득공제 똑똑히 챙기기!,"오랜만에 오늘은 연말정산 소득공제에 대해 짧게 남겨봅니다. 큰 기대 없이 시작했는데 생각보다 만족스러웠고, 다음에도 비슷하게 해보고 싶어요. 개인적으로는 너무 과하지 않은 점이 마음에 들었어요. 다음에는 조금 더 여유 있게 다시 가보고 싶어요.",20191224,1
전문_정보,2020년 연말정산 의료비 공제 실손 보상금 제외,가볍게 연말정산을 하면서 오랜만에 여유를 느꼈어요. 바쁜 와중에 잠깐 쉬어가는 시간이 생긴 것 같아서 꽤 괜찮은 하루였답니다. 다음에는 조금 더 여유 있게 다시 가보고 싶어요. 전체적으로 무난하면서도 기분 좋게 마무리할 수 있었어요.,20191223,1
전문_정보,"2020년 연말정산 인적공제(자녀, 부모님, 배우자, 형제,자매)",연말정산 인적공제 관련해서 소소하게 기록해봤어요. 특별한 일은 아니었지만 막상 지나고 보니 은근 기억에 남아서 이렇게 남겨두고 싶더라고요. 전체적으로 무난하면서도 기분 좋게 마무리할 수 있었어요. 처음 가보는 분들도 크게 부담 없이 즐길 수 있을 것 같아요.,20191228,1
전문_정보,[연말정산] 2020년 연말정산 ‘신용카드’공제혜택 정리!,"요즘 연말정산 연말정산 때문에 생각이 많았는데, 직접 해보니 생각보다 어렵지 않았어요. 천천히 정리하니 마음도 조금 편해진 느낌입니다. 처음 가보는 분들도 크게 부담 없이 즐길 수 있을 것 같아요. 사진으로 남겨두기에도 괜찮아서 기억에 오래 남을 것 같아요.",20201210,1
전문_정보,2020년 연말정산 절세 팁 - 신용카드 등 소득공제,이번에 연말정산은 별일 아닌 듯해도 막상 겪어보니 나름 의미가 있었어요. 작은 변화였지만 하루 분위기가 달라져서 기분 좋게 마무리했답니다. 개인적으로는 너무 과하지 않은 점이 마음에 들었어요. 전체적으로 무난하면서도 기분 좋게 마무리할 수 있었어요.,20200117,1
전문_정보,"2020년 바뀐 연말정산 정보... 연말정산 간소화, 공제 혜택... ","오늘은 바뀐 연말정산에 대해 짧게 남겨봅니다. 큰 기대 없이 시작했는데 생각보다 만족스러웠고, 다음에도 비슷하게 해보고 싶어요. 다음에는 조금 더 여유 있게 다시 가보고 싶어요. 개인적으로는 너무 과하지 않은 점이 마음에 들었어요.",20200115,1
전문_정보,"2020년 연말정산 관련 개정세법, ISA계좌 세액공제 한도 확대!",연말정산 관련을 하면서 오랜만에 여유를 느꼈어요. 바쁜 와중에 잠깐 쉬어가는 시간이 생긴 것 같아서 꽤 괜찮은 하루였답니다. 개인적으로는 너무 과하지 않은 점이 마음에 들었어요. 사진으로 남겨두기에도 괜찮아서 기억에 오래 남을 것 같아요.,20200902,1
전문_정보,"2020년 연말정산, 신용카드 사용금액 소득공제가 제외되는... ",연말정산 신용카드 사용해보니 처음 기대했던 것보다 만족도가 괜찮았어요. 큰 단점은 없었고 일상에서 쓰기 편해서 당분간 계속 써볼 생각입니다. 사진으로 남겨두기에도 괜찮아서 기억에 오래 남을 것 같아요. 짧게 들렀지만 생각보다 알차게 시간을 보냈어요.,20200117,1
전문_정보,"2020년 연말정산 신용카드 소득공제,연금저축 세액공제 확대","요즘 연말정산 신용카드 때문에 생각이 많았는데, 직접 해보니 생각보다 어렵지 않았어요. 천천히 정리하니 마음도 조금 편해진 느낌입니다. 다음에는 조금 더 여유 있게 다시 가보고 싶어요. 전체적으로 무난하면서도 기분 좋게 마무리할 수 있었어요.",20201103,1
전문_정보,2020년 연말정산 소득공제 신고서 양식,연말정산은 별일 아닌 듯해도 막상 겪어보니 나름 의미가 있었어요. 작은 변화였지만 하루 분위기가 달라져서 기분 좋게 마무리했답니다. 기대보다 편하게 즐길 수 있어서 만족스러운 시간이었답니다. 다음에는 조금 더 여유 있게 다시 가보고 싶어요.,20200108,1
전문_정보,2020년 연말정산 소득공제 개정세법 총정리,"오늘은 연말정산 소득공제에 대해 짧게 남겨봅니다. 큰 기대 없이 시작했는데 생각보다 만족스러웠고, 다음에도 비슷하게 해보고 싶어요. 처음 가보는 분들도 크게 부담 없이 즐길 수 있을 것 같아요. 사진으로 남겨두기에도 괜찮아서 기억에 오래 남을 것 같아요.",20201119,1
전문_정보,2020년 연말정산 소득공제 달라진 점 알아보기!,연말정산을 하면서 오랜만에 여유를 느꼈어요. 바쁜 와중에 잠깐 쉬어가는 시간이 생긴 것 같아서 꽤 괜찮은 하루였답니다. 전체적으로 무난하면서도 기분 좋게 마무리할 수 있었어요. 다음에는 조금 더 여유 있게 다시 가보고 싶어요.,20191230,1
전문_정보,2020년 연말정산 기본공제대상자 나이,연말정산 관련해서 소소하게 기록해봤어요. 특별한 일은 아니었지만 막상 지나고 보니 은근 기억에 남아서 이렇게 남겨두고 싶더라고요. 사진으로 남겨두기에도 괜찮아서 기억에 오래 남을 것 같아요. 짧게 들렀지만 생각보다 알차게 시간을 보냈어요.,20200117,1
전문_정보,챙기는 2020년 연말정산... 미리보기 및 연말정산 소득공제기간,"요즘 챙기는 연말정산... 때문에 생각이 많았는데, 직접 해보니 생각보다 어렵지 않았어요. 천천히 정리하니 마음도 조금 편해진 느낌입니다. 기대보다 편하게 즐길 수 있어서 만족스러운 시간이었답니다. 전체적으로 무난하면서도 기분 좋게 마무리할 수 있었어요.",20201229,1
전문_정보,2020년 연말정산 신용카드 소득공제 무엇이 달라졌을까?,연말정산은 별일 아닌 듯해도 막상 겪어보니 나름 의미가 있었어요. 작은 변화였지만 하루 분위기가 달라져서 기분 좋게 마무리했답니다. 처음 가보는 분들도 크게 부담 없이 즐길 수 있을 것 같아요. 사진으로 남겨두기에도 괜찮아서 기억에 오래 남을 것 같아요.,20201217,1
전문_정보,2020년 연말정산 간소화 서비스와 달라진 공제 항목,"오늘은 연말정산에 대해 짧게 남겨봅니다. 큰 기대 없이 시작했는데 생각보다 만족스러웠고, 다음에도 비슷하게 해보고 싶어요. 전체적으로 무난하면서도 기분 좋게 마무리할 수 있었어요. 다음에는 조금 더 여유 있게 다시 가보고 싶어요. 처음 가보는 분들도 크게 부담 없이 즐길 수 있을 것 같아요.",20200129,1
전문_정보,"[비젠트로] 2020년 연말정산, ' 커진 혜택' 공제 항목 알아보기",비젠트로를 하면서 오랜만에 여유를 느꼈어요. 바쁜 와중에 잠깐 쉬어가는 시간이 생긴 것 같아서 꽤 괜찮은 하루였답니다. 처음 가보는 분들도 크게 부담 없이 즐길 수 있을 것 같아요. 다음에는 조금 더 여유 있게 다시 가보고 싶어요.,20191230,1
전문_정보,2020년 연말정산 소득공제 팁,연말정산 관련해서 소소하게 기록해봤어요. 특별한 일은 아니었지만 막상 지나고 보니 은근 기억에 남아서 이렇게 남겨두고 싶더라고요. 개인적으로는 너무 과하지 않은 점이 마음에 들었어요. 짧게 들렀지만 생각보다 알차게 시간을 보냈어요.,20201124,1
전문_정보,"2020년 연말정산, 13일의 월급 알차게 챙기자!","요즘 연말정산 때문에 생각이 많았는데, 직접 해보니 생각보다 어렵지 않았어요. 천천히 정리하니 마음도 조금 편해진 느낌입니다. 다음에는 조금 더 여유 있게 다시 가보고 싶어요. 개인적으로는 너무 과하지 않은 점이 마음에 들었어요.",20191227,1
전문_정보,개정된 2020년 &quot;연말정산 소득공제&quot; 모두보기...,개정된 &quot;연말정산은 별일 아닌 듯해도 막상 겪어보니 나름 의미가 있었어요. 작은 변화였지만 하루 분위기가 달라져서 기분 좋게 마무리했답니다. 전체적으로 무난하면서도 기분 좋게 마무리할 수 있었어요.,20201209,1
전문_정보,"연말정산 기간에 꼭 체크할 것 : 하는법, 소득공제, 2020... ","오늘은 연말정산 기간에에 대해 짧게 남겨봅니다. 큰 기대 없이 시작했는데 생각보다 만족스러웠고, 다음에도 비슷하게 해보고 싶어요. 짧게 들렀지만 생각보다 알차게 시간을 보냈어요. 전체적으로 무난하면서도 기분 좋게 마무리할 수 있었어요.",20201223,1
전문_정보,2020년 연말정산 주택청약 소득공제 (ft. 기업은행... ,가볍게 연말정산 주택청약을 하면서 오랜만에 여유를 느꼈어요. 바쁜 와중에 잠깐 쉬어가는 시간이 생긴 것 같아서 꽤 괜찮은 하루였답니다. 기대보다 편하게 즐길 수 있어서 만족스러운 시간이었답니다. 다음에는 조금 더 여유 있게 다시 가보고 싶어요.,20201214,1
전문_정보,2020년 연말정산 미리 준비하자! 개념 및 소득공제 세액공제... ,이번에 연말정산 미리 관련해서 소소하게 기록해봤어요. 특별한 일은 아니었지만 막상 지나고 보니 은근 기억에 남아서 이렇게 남겨두고 싶더라고요. 짧게 들렀지만 생각보다 알차게 시간을 보냈어요. 다음에는 조금 더 여유 있게 다시 가보고 싶어요.,20201004,1
전문_정보,"돌아왔다! 2020 연말정산 일정, 서류, 공제항목 총정리","요즘 돌아왔다! 때문에 생각이 많았는데, 직접 해보니 생각보다 어렵지 않았어요. 천천히 정리하니 마음도 조금 편해진 느낌입니다. 전체적으로 무난하면서도 기분 좋게 마무리할 수 있었어요. 개인적으로는 너무 과하지 않은 점이 마음에 들었어요.",20200108,1
전문_정보,[직장 정보] 2020년 연말정산! 달라진 공제 항목은?,직장은 별일 아닌 듯해도 막상 겪어보니 나름 의미가 있었어요. 작은 변화였지만 하루 분위기가 달라져서 기분 좋게 마무리했답니다. 전체적으로 무난하면서도 기분 좋게 마무리할 수 있었어요. 다음에는 조금 더 여유 있게 다시 가보고 싶어요.,20191217,1
전문_정보,[세테크] 2020년 연말정산 달라진 점 000은 놓치지 말자!... ,"오늘은 세테크 연말정산에 대해 짧게 남겨봅니다. 큰 기대 없이 시작했는데 생각보다 만족스러웠고, 다음에도 비슷하게 해보고 싶어요. 전체적으로 무난하면서도 기분 좋게 마무리할 수 있었어요. 짧게 들렀지만 생각보다 알차게 시간을 보냈어요.",20201221,1
전문_정보,"연말정산 소득공제, 2020년 변경된 내용 (신용카드,현금영수증)",연말정산 소득공제를 하면서 오랜만에 여유를 느꼈어요. 바쁜 와중에 잠깐 쉬어가는 시간이 생긴 것 같아서 꽤 괜찮은 하루였답니다. 사진으로 남겨두기에도 괜찮아서 기억에 오래 남을 것 같아요. 짧게 들렀지만 생각보다 알차게 시간을 보냈어요.,20201030,1
전문_정보,개정된 2020년 &quot;연말정산 소득공제&quot; 모두보기...,가볍게 개정된 &quot;연말정산 관련해서 소소하게 기록해봤어요. 특별한 일은 아니었지만 막상 지나고 보니 은근 기억에 남아서 이렇게 남겨두고 싶더라고요. 사진으로 남겨두기에도 괜찮아서 기억에 오래 남을 것 같아요.,20201209,1
전문_정보,2020년 연말정산 변경된 혜택 준비하기!,"요즘 연말정산 때문에 생각이 많았는데, 직접 해보니 생각보다 어렵지 않았어요. 천천히 정리하니 마음도 조금 편해진 느낌입니다. 짧게 들렀지만 생각보다 알차게 시간을 보냈어요. 전체적으로 무난하면서도 기분 좋게 마무리할 수 있었어요.",20190920,1
전문_정보,2020년 연말정산 미리보기 : 소득공제 세액공제 항목 및 확인,연말정산 미리보기는 별일 아닌 듯해도 막상 겪어보니 나름 의미가 있었어요. 작은 변화였지만 하루 분위기가 달라져서 기분 좋게 마무리했답니다. 짧게 들렀지만 생각보다 알차게 시간을 보냈어요. 기대보다 편하게 즐길 수 있어서 만족스러운 시간이었답니다.,20191112,1
전문_정보,2020년 연말정산 변경사항 알아보기,"오늘은 연말정산에 대해 짧게 남겨봅니다. 큰 기대 없이 시작했는데 생각보다 만족스러웠고, 다음에도 비슷하게 해보고 싶어요. 다음에는 조금 더 여유 있게 다시 가보고 싶어요. 기대보다 편하게 즐길 수 있어서 만족스러운 시간이었답니다.",20201206,1
전문_정보,2020 연말정산 미리보기! 새로운 공제항목은?,연말정산을 하면서 오랜만에 여유를 느꼈어요. 바쁜 와중에 잠깐 쉬어가는 시간이 생긴 것 같아서 꽤 괜찮은 하루였답니다. 전체적으로 무난하면서도 기분 좋게 마무리할 수 있었어요. 기대보다 편하게 즐길 수 있어서 만족스러운 시간이었답니다.,20191203,1
전문_정보,2020년 연말정산 변경된 혜택,연말정산 관련해서 소소하게 기록해봤어요. 특별한 일은 아니었지만 막상 지나고 보니 은근 기억에 남아서 이렇게 남겨두고 싶더라고요. 사진으로 남겨두기에도 괜찮아서 기억에 오래 남을 것 같아요. 짧게 들렀지만 생각보다 알차게 시간을 보냈어요.,20191116,1
전문_정보,"되는 2020년 연말정산 꿀팁 A to Z, 새로운 공제 항목... ","요즘 되는 연말정산 때문에 생각이 많았는데, 직접 해보니 생각보다 어렵지 않았어요. 천천히 정리하니 마음도 조금 편해진 느낌입니다. 전체적으로 무난하면서도 기분 좋게 마무리할 수 있었어요. 다음에는 조금 더 여유 있게 다시 가보고 싶어요. 개인적으로는 너무 과하지 않은 점이 마음에 들었어요.",20191220,1
전문_정보,"2020년 연말정산 , 혜택 커진 공제항목 알려드릴게요",연말정산 혜택은 별일 아닌 듯해도 막상 겪어보니 나름 의미가 있었어요. 작은 변화였지만 하루 분위기가 달라져서 기분 좋게 마무리했답니다. 개인적으로는 너무 과하지 않은 점이 마음에 들었어요. 짧게 들렀지만 생각보다 알차게 시간을 보냈어요. 사진으로 남겨두기에도 괜찮아서 기억에 오래 남을 것 같아요.,20191231,1
전문_정보,"2020년 연말정산 시작! 놓치지 말아요, 13월의 월급!","오늘은 연말정산에 대해 짧게 남겨봅니다. 큰 기대 없이 시작했는데 생각보다 만족스러웠고, 다음에도 비슷하게 해보고 싶어요. 처음 가보는 분들도 크게 부담 없이 즐길 수 있을 것 같아요. 짧게 들렀지만 생각보다 알차게 시간을 보냈어요.",20200114,1
전문_정보,[연말 정산]2020년 연말 정산 코로나 특별 공제.,연말 정산을 하면서 오랜만에 여유를 느꼈어요. 바쁜 와중에 잠깐 쉬어가는 시간이 생긴 것 같아서 꽤 괜찮은 하루였답니다. 개인적으로는 너무 과하지 않은 점이 마음에 들었어요. 짧게 들렀지만 생각보다 알차게 시간을 보냈어요.,20201224,1
전문_정보,2020년 연말정산 신청서 양식 (세액공제신청서),연말정산 관련해서 소소하게 기록해봤어요. 특별한 일은 아니었지만 막상 지나고 보니 은근 기억에 남아서 이렇게 남겨두고 싶더라고요. 개인적으로는 너무 과하지 않은 점이 마음에 들었어요. 기대보다 편하게 즐길 수 있어서 만족스러운 시간이었답니다. 전체적으로 무난하면서도 기분 좋게 마무리할 수 있었어요. 처음 가보는 분들도 크게 부담 없이 즐길 수 있을 것 같아요.,20200115,1
전문_정보,2020년 연말정산 미리보기(신용카드소득공제),"요즘 연말정산 미리보기 때문에 생각이 많았는데, 직접 해보니 생각보다 어렵지 않았어요. 천천히 정리하니 마음도 조금 편해진 느낌입니다. 다음에는 조금 더 여유 있게 다시 가보고 싶어요. 사진으로 남겨두기에도 괜찮아서 기억에 오래 남을 것 같아요.",20201215,1
전문_정보,"2020년 연말정산, 달라진 공제항목은?",연말정산 달라진은 별일 아닌 듯해도 막상 겪어보니 나름 의미가 있었어요. 작은 변화였지만 하루 분위기가 달라져서 기분 좋게 마무리했답니다. 짧게 들렀지만 생각보다 알차게 시간을 보냈어요. 사진으로 남겨두기에도 괜찮아서 기억에 오래 남을 것 같아요.,20200121,1
전문_정보,2020년 연말정산 아동수당 때문에 자녀세액공제가 없어졌다.... ,"오랜만에 오늘은 연말정산에 대해 짧게 남겨봅니다. 큰 기대 없이 시작했는데 생각보다 만족스러웠고, 다음에도 비슷하게 해보고 싶어요. 사진으로 남겨두기에도 괜찮아서 기억에 오래 남을 것 같아요. 개인적으로는 너무 과하지 않은 점이 마음에 들었어요.",20200209,1
전문_정보,2020년 연말정산 소득공제 알아보기,연말정산을 하면서 오랜만에 여유를 느꼈어요. 바쁜 와중에 잠깐 쉬어가는 시간이 생긴 것 같아서 꽤 괜찮은 하루였답니다. 다음에는 조금 더 여유 있게 다시 가보고 싶어요. 짧게 들렀지만 생각보다 알차게 시간을 보냈어요.,20201103,1
전문_정보,"2020년 연말정산 하는법, 공제 항목",연말정산 하는법 관련해서 소소하게 기록해봤어요. 특별한 일은 아니었지만 막상 지나고 보니 은근 기억에 남아서 이렇게 남겨두고 싶더라고요. 전체적으로 무난하면서도 기분 좋게 마무리할 수 있었어요. 개인적으로는 너무 과하지 않은 점이 마음에 들었어요.,20200123,1
전문_정보,연말정산 하는법 2020년 바뀐 소득공제 내역 월세 소득공제... ,"이번에 요즘 연말정산 때문에 생각이 많았는데, 직접 해보니 생각보다 어렵지 않았어요. 천천히 정리하니 마음도 조금 편해진 느낌입니다. 기대보다 편하게 즐길 수 있어서 만족스러운 시간이었답니다. 짧게 들렀지만 생각보다 알차게 시간을 보냈어요.",20200104,1
전문_정보,13월의 월급 연말정산 소득공제 항목,13월의 월급은 별일 아닌 듯해도 막상 겪어보니 나름 의미가 있었어요. 작은 변화였지만 하루 분위기가 달라져서 기분 좋게 마무리했답니다. 처음 가보는 분들도 크게 부담 없이 즐길 수 있을 것 같아요. 사진으로 남겨두기에도 괜찮아서 기억에 오래 남을 것 같아요.,20200128,1
전문_정보,미리준비하는 2020년 연말정산 &lt;인적공제&gt;편,"오늘은 미리준비하는 연말정산에 대해 짧게 남겨봅니다. 큰 기대 없이 시작했는데 생각보다 만족스러웠고, 다음에도 비슷하게 해보고 싶어요. 다음에는 조금 더 여유 있게 다시 가보고 싶어요. 처음 가보는 분들도 크게 부담 없이 즐길 수 있을 것 같아요. 전체적으로 무난하면서도 기분 좋게 마무리할 수 있었어요.",20200911,1
전문_정보,"[부자되'세'요] 2020년 연말정산, 달라진 혜택으로 세(稅)테크... ",부자되세요를 하면서 오랜만에 여유를 느꼈어요. 바쁜 와중에 잠깐 쉬어가는 시간이 생긴 것 같아서 꽤 괜찮은 하루였답니다. 다음에는 조금 더 여유 있게 다시 가보고 싶어요. 개인적으로는 너무 과하지 않은 점이 마음에 들었어요.,20200109,1
전문_정보,2020년 연말정산 소득공제,연말정산 소득공제 관련해서 소소하게 기록해봤어요. 특별한 일은 아니었지만 막상 지나고 보니 은근 기억에 남아서 이렇게 남겨두고 싶더라고요. 개인적으로는 너무 과하지 않은 점이 마음에 들었어요. 다음에는 조금 더 여유 있게 다시 가보고 싶어요.,20201218,1
전문_정보,"2020년 연말정산 소득공제 총정리 (기간, 변경내용, 신용카드... ","요즘 연말정산 때문에 생각이 많았는데, 직접 해보니 생각보다 어렵지 않았어요. 천천히 정리하니 마음도 조금 편해진 느낌입니다. 개인적으로는 너무 과하지 않은 점이 마음에 들었어요. 다음에는 조금 더 여유 있게 다시 가보고 싶어요.",20200107,1
전문_정보,2020 연말정산 달라진 공제항목 살펴보기,연말정산 달라진은 별일 아닌 듯해도 막상 겪어보니 나름 의미가 있었어요. 작은 변화였지만 하루 분위기가 달라져서 기분 좋게 마무리했답니다. 기대보다 편하게 즐길 수 있어서 만족스러운 시간이었답니다. 기대보다 편하게 즐길 수 있어서 만족스러운 시간이었답니다.,20200107,1
전문_정보,2020년 연말정산 변경사항은? 연말정산 현명하게 하는 법!,"오늘은 연말정산 변경사항은?에 대해 짧게 남겨봅니다. 큰 기대 없이 시작했는데 생각보다 만족스러웠고, 다음에도 비슷하게 해보고 싶어요. 처음 가보는 분들도 크게 부담 없이 즐길 수 있을 것 같아요. 기대보다 편하게 즐길 수 있어서 만족스러운 시간이었답니다.",20200113,1
전문_정보,"&quot; 2020년 연말정산 &quot; 소득공제, 세액공제, 연말정산 간소화... ",&quot; 연말정산을 하면서 오랜만에 여유를 느꼈어요. 바쁜 와중에 잠깐 쉬어가는 시간이 생긴 것 같아서 꽤 괜찮은 하루였답니다. 전체적으로 무난하면서도 기분 좋게 마무리할 수 있었어요. 개인적으로는 너무 과하지 않은 점이 마음에 들었어요.,20191119,1
전문_정보,"2020년 연말정산, 지금부터 계획해야 성공한다",연말정산 관련해서 소소하게 기록해봤어요. 특별한 일은 아니었지만 막상 지나고 보니 은근 기억에 남아서 이렇게 남겨두고 싶더라고요. 사진으로 남겨두기에도 괜찮아서 기억에 오래 남을 것 같아요. 전체적으로 무난하면서도 기분 좋게 마무리할 수 있었어요.,20200102,1
전문_정보,증권사 이전완료 및 300만 입금. 연말정산 세액공제 받기,"요즘 증권사 이전완료 때문에 생각이 많았는데, 직접 해보니 생각보다 어렵지 않았어요. 천천히 정리하니 마음도 조금 편해진 느낌입니다. 처음 가보는 분들도 크게 부담 없이 즐길 수 있을 것 같아요. 전체적으로 무난하면서도 기분 좋게 마무리할 수 있었어요.",20201204,1
전문_정보,"보는 법, 연말정산이란?, 소득공제와 세액공제, 추천 공제항목",보는은 별일 아닌 듯해도 막상 겪어보니 나름 의미가 있었어요. 작은 변화였지만 하루 분위기가 달라져서 기분 좋게 마무리했답니다. 사진으로 남겨두기에도 괜찮아서 기억에 오래 남을 것 같아요. 개인적으로는 너무 과하지 않은 점이 마음에 들었어요.,20200202,1
전문_정보,2020년 연말정산 소득공제 총정리!,"오늘은 연말정산에 대해 짧게 남겨봅니다. 큰 기대 없이 시작했는데 생각보다 만족스러웠고, 다음에도 비슷하게 해보고 싶어요. 다음에는 조금 더 여유 있게 다시 가보고 싶어요. 짧게 들렀지만 생각보다 알차게 시간을 보냈어요.",20200101,1
전문_정보,2020 연말정산 미리미리 준비하기 [1편] 현금영수증 소득공제... ,연말정산을 하면서 오랜만에 여유를 느꼈어요. 바쁜 와중에 잠깐 쉬어가는 시간이 생긴 것 같아서 꽤 괜찮은 하루였답니다. 개인적으로는 너무 과하지 않은 점이 마음에 들었어요. 전체적으로 무난하면서도 기분 좋게 마무리할 수 있었어요.,20201013,1
전문_정보,"2020년 연말정산 소득공제, 세액공제 미리 보기 하는 방법",연말정산 소득공제 관련해서 소소하게 기록해봤어요. 특별한 일은 아니었지만 막상 지나고 보니 은근 기억에 남아서 이렇게 남겨두고 싶더라고요. 개인적으로는 너무 과하지 않은 점이 마음에 들었어요. 기대보다 편하게 즐길 수 있어서 만족스러운 시간이었답니다.,20191031,1
전문_정보,2020년 연말정산! 산후조리원 등 혜택 커진 소득 공제 항목... ,"요즘 연말정산! 산후조리원 때문에 생각이 많았는데, 직접 해보니 생각보다 어렵지 않았어요. 천천히 정리하니 마음도 조금 편해진 느낌입니다. 전체적으로 무난하면서도 기분 좋게 마무리할 수 있었어요. 다음에는 조금 더 여유 있게 다시 가보고 싶어요.",20200102,1
전문_정보,2020년 신용카드 연말정산 (세액공제) 이것만 알아도 13월의... ,신용카드 연말정산은 별일 아닌 듯해도 막상 겪어보니 나름 의미가 있었어요. 작은 변화였지만 하루 분위기가 달라져서 기분 좋게 마무리했답니다. 짧게 들렀지만 생각보다 알차게 시간을 보냈어요. 사진으로 남겨두기에도 괜찮아서 기억에 오래 남을 것 같아요.,20201119,1
전문_정보,2020년 연말정산 - 인적공제 (기본공제 + 추가공제),"오늘은 연말정산 인적공제에 대해 짧게 남겨봅니다. 큰 기대 없이 시작했는데 생각보다 만족스러웠고, 다음에도 비슷하게 해보고 싶어요. 기대보다 편하게 즐길 수 있어서 만족스러운 시간이었답니다. 개인적으로는 너무 과하지 않은 점이 마음에 들었어요.",20201227,1
전문_정보,"안경, 콘택트렌즈 2020년 연말정산 소득공제 가능합니다",안경 콘택트렌즈를 하면서 오랜만에 여유를 느꼈어요. 바쁜 와중에 잠깐 쉬어가는 시간이 생긴 것 같아서 꽤 괜찮은 하루였답니다. 기대보다 편하게 즐길 수 있어서 만족스러운 시간이었답니다. 개인적으로는 너무 과하지 않은 점이 마음에 들었어요.,20201231,1
전문_정보,2020년(2019 귀속) 연말정산 달라진 공제항목 확인하기,연말정산 달라진 관련해서 소소하게 기록해봤어요. 특별한 일은 아니었지만 막상 지나고 보니 은근 기억에 남아서 이렇게 남겨두고 싶더라고요. 처음 가보는 분들도 크게 부담 없이 즐길 수 있을 것 같아요. 개인적으로는 너무 과하지 않은 점이 마음에 들었어요.,20200111,1
전문_정보,2020년 연말정산 미리보기,"요즘 연말정산 미리보기 때문에 생각이 많았는데, 직접 해보니 생각보다 어렵지 않았어요. 천천히 정리하니 마음도 조금 편해진 느낌입니다. 처음 가보는 분들도 크게 부담 없이 즐길 수 있을 것 같아요. 개인적으로는 너무 과하지 않은 점이 마음에 들었어요.",20191128,1
전문_정보,2020년 연말정산! 구매하신 보청기 의료비 세액공제 받으세요~,며칠 동안 연말정산! 구매하신을 써봤는데 생각보다 손이 자주 가더라고요. 사용법도 어렵지 않고 마감도 괜찮아서 전체적으로 만족했어요. 다음에는 조금 더 여유 있게 다시 가보고 싶어요. 처음 가보는 분들도 크게 부담 없이 즐길 수 있을 것 같아요.,20201223,1
전문_정보,"2020년 연말정산, 소득공제 새로운 항목 확실하게 챙기는 방법","오늘은 연말정산 소득공제에 대해 짧게 남겨봅니다. 큰 기대 없이 시작했는데 생각보다 만족스러웠고, 다음에도 비슷하게 해보고 싶어요. 개인적으로는 너무 과하지 않은 점이 마음에 들었어요. 사진으로 남겨두기에도 괜찮아서 기억에 오래 남을 것 같아요.",20191206,1
전문_정보,[편리한연말정산] 공제신고서작성하기_STEP 01 기본사항입력,편리한연말정산을 하면서 오랜만에 여유를 느꼈어요. 바쁜 와중에 잠깐 쉬어가는 시간이 생긴 것 같아서 꽤 괜찮은 하루였답니다. 다음에는 조금 더 여유 있게 다시 가보고 싶어요. 전체적으로 무난하면서도 기분 좋게 마무리할 수 있었어요.,20200121,1
전문_정보,2020년 연말정산 개정세법 핵심요약 및 절세전략,연말정산 관련해서 소소하게 기록해봤어요. 특별한 일은 아니었지만 막상 지나고 보니 은근 기억에 남아서 이렇게 남겨두고 싶더라고요. 사진으로 남겨두기에도 괜찮아서 기억에 오래 남을 것 같아요. 기대보다 편하게 즐길 수 있어서 만족스러운 시간이었답니다.,20201113,1
전문_정보,2021년(2020년귀속) 연말정산일정 안내,"가볍게 요즘 연말정산일정 때문에 생각이 많았는데, 직접 해보니 생각보다 어렵지 않았어요. 천천히 정리하니 마음도 조금 편해진 느낌입니다. 다음에는 조금 더 여유 있게 다시 가보고 싶어요. 처음 가보는 분들도 크게 부담 없이 즐길 수 있을 것 같아요.",20201229,1
전문_정보,2020 연말정산 교육비 세액 공제 (+ 학원비 납입증명서 및 현금... ,연말정산 교육비는 별일 아닌 듯해도 막상 겪어보니 나름 의미가 있었어요. 작은 변화였지만 하루 분위기가 달라져서 기분 좋게 마무리했답니다. 기대보다 편하게 즐길 수 있어서 만족스러운 시간이었답니다. 사진으로 남겨두기에도 괜찮아서 기억에 오래 남을 것 같아요.,20200116,1
전문_정보,【알고가요~】2020년 연말정산 소득공제 준비 하고 계신가요?,"오늘은 【알고가요~】 연말정산에 대해 짧게 남겨봅니다. 큰 기대 없이 시작했는데 생각보다 만족스러웠고, 다음에도 비슷하게 해보고 싶어요. 사진으로 남겨두기에도 괜찮아서 기억에 오래 남을 것 같아요. 기대보다",20190924,1
전문_정보,"2020년 연말정산 : 월세 세액공제, 주택청약 공제, 안경 구입... ",연말정산 월세를 하면서 오랜만에 여유를 느꼈어요. 바쁜 와중에 잠깐 쉬어가는 시간이 생긴 것 같아서 꽤 괜찮은 하루였답니다. 사진으로 남겨두기에도 괜찮아서 기억에 오래 남을 것 같아요. 다음에는 조금 더 여유 있게 다시 가보고 싶어요.,20200120,1
전문_정보,[일상] 2020년 연말정산 소득공제 추가로 받는 항목 알아보기,연말정산 관련해서 소소하게 기록해봤어요. 특별한 일은 아니었지만 막상 지나고 보니 은근 기억에 남아서 이렇게 남겨두고 싶더라고요. 짧게 들렀지만 생각보다 알차게 시간을 보냈어요. 처음 가보는 분들도 크게 부담 없이 즐길 수 있을 것 같아요.,20200117,1
전문_정보,다가오는 2020년 귀속 연말정산 준비해보자(2)-인적공제,"오랜만에 요즘 다가오는 때문에 생각이 많았는데, 직접 해보니 생각보다 어렵지 않았어요. 천천히 정리하니 마음도 조금 편해진 느낌입니다. 기대보다 편하게 즐길 수 있어서 만족스러운 시간이었답니다. 다음에는 조금 더 여유 있게 다시 가보고 싶어요.",20201219,1
전문_정보,"2020년 완전 달라진 연말정산 총정리, 세금(소득공제)... ",완전 달라진은 별일 아닌 듯해도 막상 겪어보니 나름 의미가 있었어요. 작은 변화였지만 하루 분위기가 달라져서 기분 좋게 마무리했답니다. 짧게 들렀지만 생각보다 알차게 시간을 보냈어요. 처음 가보는 분들도 크게 부담 없이 즐길 수 있을 것 같아요.,20201215,1
전문_정보,"2020년, 달라지는 연말정산 총정리","오늘은 달라지는에 대해 짧게 남겨봅니다. 큰 기대 없이 시작했는데 생각보다 만족스러웠고, 다음에도 비슷하게 해보고 싶어요. 처음 가보는 분들도 크게 부담 없이 즐길 수 있을 것 같아요. 전체적으로 무난하면서도 기분 좋게 마무리할 수 있었어요.",20191115,1
전문_정보,2020년 #연말정산 바로알기 &amp; 연말정산 변경사항 정보,#연말정산 바로알기를 하면서 오랜만에 여유를 느꼈어요. 바쁜 와중에 잠깐 쉬어가는 시간이 생긴 것 같아서 꽤 괜찮은 하루였답니다. 짧게 들렀지만 생각보다 알차게 시간을 보냈어요. 기대보다 편하게 즐길 수 있어서 만족스러운 시간이었답니다.,20201119,1
전문_정보,"제로페이 가맹점 찾기, 연말정산 소득공제 받는 법!",제로페이 관련해서 소소하게 기록해봤어요. 특별한 일은 아니었지만 막상 지나고 보니 은근 기억에 남아서 이렇게 남겨두고 싶더라고요. 기대보다 편하게 즐길 수 있어서 만족스러운 시간이었답니다. 다음에는 조금 더 여유 있게 다시 가보고 싶어요.,20200204,1
전문_정보,"2020년 연말정산 환급 받기위한 소득공제, 세액공제 알아보기","요즘 연말정산 때문에 생각이 많았는데, 직접 해보니 생각보다 어렵지 않았어요. 천천히 정리하니 마음도 조금 편해진 느낌입니다. 사진으로 남겨두기에도 괜찮아서 기억에 오래 남을 것 같아요. 전체적으로 무난하면서도 기분 좋게 마무리할 수 있었어요.",20200110,1
전문_정보,2020 연말정산 소득공제 바뀐 항목 알아보자,연말정산은 별일 아닌 듯해도 막상 겪어보니 나름 의미가 있었어요. 작은 변화였지만 하루 분위기가 달라져서 기분 좋게 마무리했답니다. 처음 가보는 분들도 크게 부담 없이 즐길 수 있을 것 같아요. 전체적으로 무난하면서도 기분 좋게 마무리할 수 있었어요.,20200104,1
전문_정보,"2020년 변경된 연말 정산 하는법 (소득공제, 월세 환급 등)","오늘은 변경된 연말에 대해 짧게 남겨봅니다. 큰 기대 없이 시작했는데 생각보다 만족스러웠고, 다음에도 비슷하게 해보고 싶어요. 사진으로 남겨두기에도 괜찮아서 기억에 오래 남을 것 같아요. 처음 가보는 분들도 크게 부담 없이 즐길 수 있을 것 같아요.",20201230,1
전문_정보,알면 득이 되는 연말정산 꿀팁! 2020년 달라지는 연말정산... ,알면을 하면서 오랜만에 여유를 느꼈어요. 바쁜 와중에 잠깐 쉬어가는 시간이 생긴 것 같아서 꽤 괜찮은 하루였답니다. 다음에는 조금 더 여유 있게 다시 가보고 싶어요. 처음 가보는 분들도 크게 부담 없이 즐길 수 있을 것 같아요. 전체적으로 무난하면서도 기분 좋게 마무리할 수 있었어요.,20200114,1
전문_정보,2020 연말정산 소득공제 하는 법과 변경사항 알아보자!,가볍게 연말정산 관련해서 소소하게 기록해봤어요. 특별한 일은 아니었지만 막상 지나고 보니 은근 기억에 남아서 이렇게 남겨두고 싶더라고요. 전체적으로 무난하면서도 기분 좋게 마무리할 수 있었어요. 개인적으로는 너무 과하지 않은 점이 마음에 들었어요.,20201120,1
전문_정보,2020년 연말정산간소화 공제 자료 확인하기,"요즘 연말정산간소화 때문에 생각이 많았는데, 직접 해보니 생각보다 어렵지 않았어요. 천천히 정리하니 마음도 조금 편해진 느낌입니다. 처음 가보는 분들도 크게 부담 없이 즐길 수 있을 것 같아요. 전체적으로 무난하면서도 기분 좋게 마무리할 수 있었어요.",20201222,1
전문_정보,"2020년 연말정산 필요서류, 세액 공제 대상은?",연말정산 필요서류는 별일 아닌 듯해도 막상 겪어보니 나름 의미가 있었어요. 작은 변화였지만 하루 분위기가 달라져서 기분 좋게 마무리했답니다. 처음 가보는 분들도 크게 부담 없이 즐길 수 있을 것 같아요. 사진으로 남겨두기에도 괜찮아서 기억에 오래 남을 것 같아요. 전체적으로 무난하면서도 기분 좋게 마무리할 수 있었어요.,20201216,1
전문_정보,"2020년 연말정산, 무엇이 달라졌나?","오늘은 연말정산에 대해 짧게 남겨봅니다. 큰 기대 없이 시작했는데 생각보다 만족스러웠고, 다음에도 비슷하게 해보고 싶어요. 기대보다 편하게 즐길 수 있어서 만족스러운 시간이었답니다. 개인적으로는 너무 과하지 않은 점이 마음에 들었어요.",20200203,1
전문_정보,"2020년 연말정산 월세 소득공제, 자료제공 동의 방법",연말정산 월세를 하면서 오랜만에 여유를 느꼈어요. 바쁜 와중에 잠깐 쉬어가는 시간이 생긴 것 같아서 꽤 괜찮은 하루였답니다. 다음에는 조금 더 여유 있게 다시 가보고 싶어요. 처음 가보는 분들도 크게 부담 없이 즐길 수 있을 것 같아요.,20200120,1
전문_정보,달라진 2020년 연말정산? 변경사항 알아보기,달라진 연말정산? 관련해서 소소하게 기록해봤어요. 특별한 일은 아니었지만 막상 지나고 보니 은근 기억에 남아서 이렇게 남겨두고 싶더라고요. 개인적으로는 너무 과하지 않은 점이 마음에 들었어요. 짧게 들렀지만 생각보다 알차게 시간을 보냈어요.,20201214,1
전문_정보,"홈텍스 연말정산 미리보기 조회 방법, 2020년 소득공제... ","요즘 홈텍스 연말정산 때문에 생각이 많았는데, 직접 해보니 생각보다 어렵지 않았어요. 천천히 정리하니 마음도 조금 편해진 느낌입니다. 전체적으로 무난하면서도 기분 좋게 마무리할 수 있었어요. 다음에는 조금 더 여유 있게 다시 가보고 싶어요.",20201104,1
전문_정보,2020년 연말정산 2 (연금계좌-세액공제),오랜만에 연말정산은 별일 아닌 듯해도 막상 겪어보니 나름 의미가 있었어요. 작은 변화였지만 하루 분위기가 달라져서 기분 좋게 마무리했답니다. 개인적으로는 너무 과하지 않은 점이 마음에 들었어요. 기대보다 편하게 즐길 수 있어서 만족스러운 시간이었답니다.,20201215,1
전문_정보,2020년 연말정산 의미 계산 공제 팁 알아보기,"오늘은 연말정산 의미에 대해 짧게 남겨봅니다. 큰 기대 없이 시작했는데 생각보다 만족스러웠고, 다음에도 비슷하게 해보고 싶어요. 짧게 들렀지만 생각보다 알차게 시간을 보냈어요. 기대보다 편하게 즐길 수 있어서 만족스러운 시간이었답니다.",20200120,1
전문_정보,2020년 연말정산 한시적으로 달라지는 신용카드소득공제,연말정산을 하면서 오랜만에 여유를 느꼈어요. 바쁜 와중에 잠깐 쉬어가는 시간이 생긴 것 같아서 꽤 괜찮은 하루였답니다. 처음 가보는 분들도 크게 부담 없이 즐길 수 있을 것 같아요. 다음에는 조금 더 여유 있게 다시 가보고 싶어요.,20200723,1
전문_정보,2020년 올해 달라진 연말정산 주요 내용 정리 (카드 소득공제... ,올해 관련해서 소소하게 기록해봤어요. 특별한 일은 아니었지만 막상 지나고 보니 은근 기억에 남아서 이렇게 남겨두고 싶더라고요. 사진으로 남겨두기에도 괜찮아서 기억에 오래 남을 것 같아요. 기대보다 편하게 즐길 수 있어서 만족스러운 시간이었답니다.,20201223,1
전문_정보,2020년 연말정산 꿀팁! 전년도와 달라진 내용 확인하고 가세요~,"요즘 연말정산 꿀팁! 때문에 생각이 많았는데, 직접 해보니 생각보다 어렵지 않았어요. 천천히 정리하니 마음도 조금 편해진 느낌입니다. 사진으로 남겨두기에도 괜찮아서 기억에 오래 남을 것 같아요. 개인적으로는 너무 과하지 않은 점이 마음에 들었어요. 전체적으로 무난하면서도 기분 좋게 마무리할 수 있었어요.",20200109,1
전문_정보,2020년 연말정산 소득공제 4배로 늘어난다.,연말정산 소득공제는 별일 아닌 듯해도 막상 겪어보니 나름 의미가 있었어요. 작은 변화였지만 하루 분위기가 달라져서 기분 좋게 마무리했답니다. 처음 가보는 분들도 크게 부담 없이 즐길 수 있을 것 같아요. 전체적으로 무난하면서도 기분 좋게 마무리할 수 있었어요.,20201215,1
전문_정보,2020년 연말정산. 올해 달라지는 점과 빠트리기 쉬운 항목은?,"가볍게 오늘은 연말정산. 올해에 대해 짧게 남겨봅니다. 큰 기대 없이 시작했는데 생각보다 만족스러웠고, 다음에도 비슷하게 해보고 싶어요. 짧게 들렀지만 생각보다 알차게 시간을 보냈어요. 기대보다 편하게 즐길 수 있어서 만족스러운 시간이었답니다.",20191107,1
전문_정보,2020 연말정산 소득공제 홈택스 이용해서 미리보기 veiw,연말정산을 하면서 오랜만에 여유를 느꼈어요. 바쁜 와중에 잠깐 쉬어가는 시간이 생긴 것 같아서 꽤 괜찮은 하루였답니다. 기대보다 편하게 즐길 수 있어서 만족스러운 시간이었답니다. 다음에는 조금 더 여유 있게 다시 가보고 싶어요.,20201106,1
전문_정보,"2020년 연말정산, 달라지는 내용 , 신용카드사용액공제... ",연말정산 사용해보니 처음 기대했던 것보다 만족도가 괜찮았어요. 큰 단점은 없었고 일상에서 쓰기 편해서 당분간 계속 써볼 생각입니다. 다음에는 조금 더 여유 있게 다시 가보고 싶어요. 짧게 들렀지만 생각보다 알차게 시간을 보냈어요.,20200117,1
전문_정보,[2020 연말정산]월세 세액공제 vs 월세 현금영수증 소득공제... ,"요즘 연말정산 월세 때문에 생각이 많았는데, 직접 해보니 생각보다 어렵지 않았어요. 천천히 정리하니 마음도 조금 편해진 느낌입니다. 처음 가보는 분들도 크게 부담 없이 즐길 수 있을 것 같아요. 전체적으로 무난하면서도 기분 좋게 마무리할 수 있었어요.",20201220,1
전문_정보,연말정산 공제 달라진 점? 13월의 월급?!,연말정산 공제는 별일 아닌 듯해도 막상 겪어보니 나름 의미가 있었어요. 작은 변화였지만 하루 분위기가 달라져서 기분 좋게 마무리했답니다. 짧게 들렀지만 생각보다 알차게 시간을 보냈어요. 다음에는 조금 더 여유 있게 다시 가보고 싶어요.,20190115,1
전문_정보,2020년 연말정산 미리보기 바뀐 공제항목은?,"이번에 오늘은 연말정산 미리보기에 대해 짧게 남겨봅니다. 큰 기대 없이 시작했는데 생각보다 만족스러웠고, 다음에도 비슷하게 해보고 싶어요. 전체적으로 무난하면서도 기분 좋게 마무리할 수 있었어요. 짧게 들렀지만 생각보다 알차게 시간을 보냈어요.",20191120,1
전문_정보,미리미리 알아보자! 2020년 &quot;13월의 보너스 &quot;연말정산”,미리미리 알아보자!를 하면서 오랜만에 여유를 느꼈어요. 바쁜 와중에 잠깐 쉬어가는 시간이 생긴 것 같아서 꽤 괜찮은 하루였답니다. 기대보다 편하게 즐길 수 있어서 만족스러운 시간이었답니다. 다음에는 조금 더 여유 있게 다시 가보고 싶어요.,20191223,1
전문_정보,"연금펀드, 연금ETF로 연말정산 소득공제 받기(Ft. 키움증권)",연금펀드 연금ETF로 관련해서 소소하게 기록해봤어요. 특별한 일은 아니었지만 막상 지나고 보니 은근 기억에 남아서 이렇게 남겨두고 싶더라고요. 처음 가보는 분들도 크게 부담 없이 즐길 수 있을 것 같아요. 다음에는 조금 더 여유 있게 다시 가보고 싶어요.,20201130,1
전문_정보,2020년 연말정산,"요즘 연말정산 때문에 생각이 많았는데, 직접 해보니 생각보다 어렵지 않았어요. 천천히 정리하니 마음도 조금 편해진 느낌입니다. 처음 가보는 분들도 크게 부담 없이 즐길 수 있을 것 같아요. 개인적으로는 너무 과하지 않은 점이 마음에 들었어요.",20200120,1
전문_정보,2020년 연말정산 13월의 월급... 소득공제가 달라졌습니다.,연말정산은 별일 아닌 듯해도 막상 겪어보니 나름 의미가 있었어요. 작은 변화였지만 하루 분위기가 달라져서 기분 좋게 마무리했답니다. 다음에는 조금 더 여유 있게 다시 가보고 싶어요. 기대보다 편하게 즐길 수 있어서 만족스러운 시간이었답니다.,20201130,1
전문_정보,[안내] 2020년 연말정산 기부금영수증 발급,"오늘은 안내에 대해 짧게 남겨봅니다. 큰 기대 없이 시작했는데 생각보다 만족스러웠고, 다음에도 비슷하게 해보고 싶어요. 짧게 들렀지만 생각보다 알차게 시간을 보냈어요. 다음에는 조금 더 여유 있게 다시 가보고 싶어요.",20201214,1
전문_정보,2020년 연말정산 3탄! 코로나로 인한 신용카드 소득공제 월별... ,이번에 연말정산 3탄!를 하면서 오랜만에 여유를 느꼈어요. 바쁜 와중에 잠깐 쉬어가는 시간이 생긴 것 같아서 꽤 괜찮은 하루였답니다. 개인적으로는 너무 과하지 않은 점이 마음에 들었어요. 기대보다 편하게 즐길 수 있어서 만족스러운 시간이었답니다.,20201225,1
전문_정보,2020년 연말정산 간소화서비스 꿀팁받고 공짜월급 받자!!,이번에 연말정산 간소화서비스 관련해서 소소하게 기록해봤어요. 특별한 일은 아니었지만 막상 지나고 보니 은근 기억에 남아서 이렇게 남겨두고 싶더라고요. 개인적으로는 너무 과하지 않은 점이 마음에 들었어요. 기대보다 편하게 즐길 수 있어서 만족스러운 시간이었답니다.,20200122,1
전문_정보,2020년 연말정산을 준비 하기 필요한 것들...,"가볍게 요즘 연말정산을 준비 때문에 생각이 많았는데, 직접 해보니 생각보다 어렵지 않았어요. 천천히 정리하니 마음도 조금 편해진 느낌입니다. 사진으로 남겨두기에도 괜찮아서 기억에 오래 남을 것 같아요. 처음 가보는 분들도 크게 부담 없이 즐길 수 있을 것 같아요.",20200109,1
전문_정보,"코로나19 영향으로 2020년 연말정산,  이렇게 달라졌습니다",코로나19 영향으로는 별일 아닌 듯해도 막상 겪어보니 나름 의미가 있었어요. 작은 변화였지만 하루 분위기가 달라져서 기분 좋게 마무리했답니다. 사진으로 남겨두기에도 괜찮아서 기억에 오래 남을 것 같아요. 다음에는 조금 더 여유 있게 다시 가보고 싶어요.,20201221,1
전문_정보,2020년 연말정산용 의료비 세액공제 신청해 주세요,"오늘은 연말정산용 의료비에 대해 짧게 남겨봅니다. 큰 기대 없이 시작했는데 생각보다 만족스러웠고, 다음에도 비슷하게 해보고 싶어요. 짧게 들렀지만 생각보다 알차게 시간을 보냈어요. 전체적으로 무난하면서도 기분 좋게 마무리할 수 있었어요.",20201224,1
전문_정보,2020년 연말정산 아직 챙기지 못한 것들이 있다면..,연말정산 아직을 하면서 오랜만에 여유를 느꼈어요. 바쁜 와중에 잠깐 쉬어가는 시간이 생긴 것 같아서 꽤 괜찮은 하루였답니다. 짧게 들렀지만 생각보다 알차게 시간을 보냈어요. 사진으로 남겨두기에도 괜찮아서 기억에 오래 남을 것 같아요.,20201228,1
전문_정보,2020년 연말정산 진행 중! 올해부터 달라진 연말정산 주요... ,연말정산 관련해서 소소하게 기록해봤어요. 특별한 일은 아니었지만 막상 지나고 보니 은근 기억에 남아서 이렇게 남겨두고 싶더라고요. 개인적으로는 너무 과하지 않은 점이 마음에 들었어요. 처음 가보는 분들도 크게 부담 없이 즐길 수 있을 것 같아요.,20200121,1
전문_정보,연말정산 간소화서비스 기간 2020년 공제 팁 환급 더받자,"이번에 요즘 연말정산 간소화서비스 때문에 생각이 많았는데, 직접 해보니 생각보다 어렵지 않았어요. 천천히 정리하니 마음도 조금 편해진 느낌입니다. 처음 가보는 분들도 크게 부담 없이 즐길 수 있을 것 같아요. 개인적으로는 너무 과하지 않은 점이 마음에 들었어요.",20201223,1
전문_정보,"2021 연말정산 기간과 소득 공제 항목 총정리! 월세, 카드... ",연말정산은 별일 아닌 듯해도 막상 겪어보니 나름 의미가 있었어요. 작은 변화였지만 하루 분위기가 달라져서 기분 좋게 마무리했답니다. 기대보다 편하게 즐길 수 있어서 만족스러운 시간이었답니다. 짧게 들렀지만 생각보다 알차게 시간을 보냈어요. 전체적으로 무난하면서도 기분 좋게 마무리할 수 있었어요.,20201231,1
전문_정보,"2020년 연말정산, 신용카드 소득공제 및 제외항목","오늘은 연말정산 신용카드에 대해 짧게 남겨봅니다. 큰 기대 없이 시작했는데 생각보다 만족스러웠고, 다음에도 비슷하게 해보고 싶어요. 기대보다 편하게 즐길 수 있어서 만족스러운 시간이었답니다. 짧게 들렀지만 생각보다 알차게 시간을 보냈어요.",20201109,1
전문_정보,미리보기' 2020년 연말정산 달라진 소득공제 - 신화회계법인... ,미리보기를 하면서 오랜만에 여유를 느꼈어요. 바쁜 와중에 잠깐 쉬어가는 시간이 생긴 것 같아서 꽤 괜찮은 하루였답니다. 다음에는 조금 더 여유 있게 다시 가보고 싶어요. 처음 가보는 분들도 크게 부담 없이 즐길 수 있을 것 같아요.,20201123,1
전문_정보,"보청기 연말정산, 2020년 의료비 소득공제 혜택받으세요!",보청기 관련해서 소소하게 기록해봤어요. 특별한 일은 아니었지만 막상 지나고 보니 은근 기억에 남아서 이렇게 남겨두고 싶더라고요. 개인적으로는 너무 과하지 않은 점이 마음에 들었어요. 처음 가보는 분들도 크게 부담 없이 즐길 수 있을 것 같아요.,20201126,1
전문_정보,연말정산 소득공제 총정리 :2020 꼭 챙겨야 할 공제부분 정리,"요즘 연말정산 때문에 생각이 많았는데, 직접 해보니 생각보다 어렵지 않았어요. 천천히 정리하니 마음도 조금 편해진 느낌입니다. 전체적으로 무난하면서도 기분 좋게 마무리할 수 있었어요. 짧게 들렀지만 생각보다 알차게 시간을 보냈어요.",20200101,1
전문_정보,연말정산 실패? 빈대개미는 웁니다.(직장인의 2020년 연말정산),연말정산은 별일 아닌 듯해도 막상 겪어보니 나름 의미가 있었어요. 작은 변화였지만 하루 분위기가 달라져서 기분 좋게 마무리했답니다. 전체적으로 무난하면서도 기분 좋게 마무리할 수 있었어요. 개인적으로는 너무 과하지 않은 점이 마음에 들었어요.,20200121,1
전문_정보,2020년 연말정산! 올해 달라진 항목과 연말정산 미리보기... ,"오늘은 연말정산! 올해에 대해 짧게 남겨봅니다. 큰 기대 없이 시작했는데 생각보다 만족스러웠고, 다음에도 비슷하게 해보고 싶어요. 다음에는 조금 더 여유 있게 다시 가보고 싶어요. 기대보다 편하게 즐길 수 있어서 만족스러운 시간이었답니다. 전체적으로 무난하면서도 기분 좋게 마무리할 수 있었어요.",20201221,1
전문_정보,2020 연말정산(해외체류 자녀 유치원비 공제될까?- 됐다!),"연말정산에 다녀왔는데 생각보다 볼거리가 많았어요. 중간중간 쉬어가며 둘러보니 부담 없었고, 사진 남기기에도 좋은 분위기였어요. 다음에는 조금 더 여유 있게 다시 가보고 싶어요. 기대보다 편하게 즐길 수 있어서 만족스러운 시간이었답니다.",20200116,1
전문_정보,"연말정산 실손의료비 공제, 조회하는 법, 가산세등 Q&amp;A",연말정산 관련해서 소소하게 기록해봤어요. 특별한 일은 아니었지만 막상 지나고 보니 은근 기억에 남아서 이렇게 남겨두고 싶더라고요. 처음 가보는 분들도 크게 부담 없이 즐길 수 있을 것 같아요. 전체적으로 무난하면서도 기분 좋게 마무리할 수 있었어요.,20200130,1
전문_정보,2020년 귀속 연말정산 달라진점 그리고 자동계산 엑셀 파일,"요즘 귀속 때문에 생각이 많았는데, 직접 해보니 생각보다 어렵지 않았어요. 천천히 정리하니 마음도 조금 편해진 느낌입니다. 개인적으로는 너무 과하지 않은 점이 마음에 들었어요. 전체적으로 무난하면서도 기분 좋게 마무리할 수 있었어요.",20201214,1
전문_정보,2020년 연말정산 변경사항 꼭 알아봐야죠,연말정산 변경사항은 별일 아닌 듯해도 막상 겪어보니 나름 의미가 있었어요. 작은 변화였지만 하루 분위기가 달라져서 기분 좋게 마무리했답니다. 처음 가보는 분들도 크게 부담 없이 즐길 수 있을 것 같아요. 다음에는 조금 더 여유 있게 다시 가보고 싶어요.,20201219,1
전문_정보,[공지] 2020년 연말정산 기부금 영수증 발급 안내,"오늘은 공지 연말정산에 대해 짧게 남겨봅니다. 큰 기대 없이 시작했는데 생각보다 만족스러웠고, 다음에도 비슷하게 해보고 싶어요. 사진으로 남겨두기에도 괜찮아서 기억에 오래 남을 것 같아요. 다음에는 조금 더 여유 있게 다시 가보고 싶어요.",20201228,1
전문_정보,연말정산 미리보기 및 올해부터 달라진 소득공제 내용은?,연말정산 미리보기를 하면서 오랜만에 여유를 느꼈어요. 바쁜 와중에 잠깐 쉬어가는 시간이 생긴 것 같아서 꽤 괜찮은 하루였답니다. 사진으로 남겨두기에도 괜찮아서 기억에 오래 남을 것 같아요. 개인적으로는 너무 과하지 않은 점이 마음에 들었어요. 기대보다 편하게 즐길 수 있어서 만족스러운 시간이었답니다.,20201101,1
전문_정보,2020년 연말정산 '부동산공제',연말정산 부동산공제 관련해서 소소하게 기록해봤어요. 특별한 일은 아니었지만 막상 지나고 보니 은근 기억에 남아서 이렇게 남겨두고 싶더라고요. 기대보다 편하게 즐길 수 있어서 만족스러운 시간이었답니다. 가볍게 보기 좋고 부담 없이 참고하기에도 괜찮았어요.,20201218,1
전문_정보,2020년 연말정산 간소화... 2020소득공제 변경사항... ,"오랜만에 요즘 연말정산 때문에 생각이 많았는데, 직접 해보니 생각보다 어렵지 않았어요. 천천히 정리하니 마음도 조금 편해진 느낌입니다. 처음 가보는 분들도 크게 부담 없이 즐길 수 있을 것 같아요. 다음에는 조금 더 여유 있게 다시 가보고 싶어요.",20200113,1
전문_정보,"[2020 연말정산]의료비 세액공제(산후조리원, 난임시술비... ",연말정산은 별일 아닌 듯해도 막상 겪어보니 나름 의미가 있었어요. 작은 변화였지만 하루 분위기가 달라져서 기분 좋게 마무리했답니다. 전체적으로 무난하면서도 기분 좋게 마무리할 수 있었어요. 처음 가보는 분들도 크게 부담 없이 즐길 수 있을 것 같아요.,20201225,1
전문_정보,"연말정산하는법 기초 개념정리! (소득공제,세액공제,연말정산시기)","오늘은 연말정산하는법 기초에 대해 짧게 남겨봅니다. 큰 기대 없이 시작했는데 생각보다 만족스러웠고, 다음에도 비슷하게 해보고 싶어요. 처음 가보는 분들도 크게 부담 없이 즐길 수 있을 것 같아요. 사진으로 남겨두기에도 괜찮아서 기억에 오래 남을 것 같아요.",20191230,1
전문_정보,[2020년 귀속 연말정산] 신용카드 등 공제혜택 알아보기,귀속을 하면서 오랜만에 여유를 느꼈어요. 바쁜 와중에 잠깐 쉬어가는 시간이 생긴 것 같아서 꽤 괜찮은 하루였답니다. 기대보다 편하게 즐길 수 있어서 만족스러운 시간이었답니다. 사진으로 남겨두기에도 괜찮아서 기억에 오래 남을 것 같아요.,20201208,1
전문_정보,"2020년 연말정산 바뀌는 점, 신용카드 소득공제 대상 제외항목",연말정산 바뀌는 관련해서 소소하게 기록해봤어요. 특별한 일은 아니었지만 막상 지나고 보니 은근 기억에 남아서 이렇게 남겨두고 싶더라고요. 기대보다 편하게 즐길 수 있어서 만족스러운 시간이었답니다. 개인적으로는 너무 과하지 않은 점이 마음에 들었어요.,20200403,1
전문_정보,2020년 연말정산 현금영수증한도 신용카드공제  상향... ,"이번에 요즘 연말정산 현금영수증한도 때문에 생각이 많았는데, 직접 해보니 생각보다 어렵지 않았어요. 천천히 정리하니 마음도 조금 편해진 느낌입니다. 개인적으로는 너무 과하지 않은 점이 마음에 들었어요. 짧게 들렀지만 생각보다 알차게 시간을 보냈어요.",20201212,1
전문_정보,2020년 달라진 연말정산 신용카드 공제,달라진 연말정산은 별일 아닌 듯해도 막상 겪어보니 나름 의미가 있었어요. 작은 변화였지만 하루 분위기가 달라져서 기분 좋게 마무리했답니다. 다음에는 조금 더 여유 있게 다시 가보고 싶어요. 짧게 들렀지만 생각보다 알차게 시간을 보냈어요.,20201026,1
전문_정보,소득공제 (2020년 연말정산(2019년 귀속 근로소득) 적용... ,"오늘은 소득공제에 대해 짧게 남겨봅니다. 큰 기대 없이 시작했는데 생각보다 만족스러웠고, 다음에도 비슷하게 해보고 싶어요. 다음에는 조금 더 여유 있게 다시 가보고 싶어요. 개인적으로는 너무 과하지 않은 점이 마음에 들었어요.",20190902,1
전문_정보,2020년) 신용카드 연말정산 소득공제 30만원 확대? 의문점,신용카드 연말정산을 하면서 오랜만에 여유를 느꼈어요. 바쁜 와중에 잠깐 쉬어가는 시간이 생긴 것 같아서 꽤 괜찮은 하루였답니다. 기대보다 편하게 즐길 수 있어서 만족스러운 시간이었답니다. 개인적으로는 너무 과하지 않은 점이 마음에 들었어요.,20200727,1
전문_정보,"연말정산 부양가족 인적공제 기준, 소득 및 나이 요건",연말정산 부양가족 관련해서 소소하게 기록해봤어요. 특별한 일은 아니었지만 막상 지나고 보니 은근 기억에 남아서 이렇게 남겨두고 싶더라고요. 처음 가보는 분들도 크게 부담 없이 즐길 수 있을 것 같아요. 사진으로 남겨두기에도 괜찮아서 기억에 오래 남을 것 같아요.,20201220,1
전문_정보,"연말정산 월세 세액공제 조건과 서류, 신청방법까지 간단 정리.","오랜만에 요즘 연말정산 때문에 생각이 많았는데, 직접 해보니 생각보다 어렵지 않았어요. 천천히 정리하니 마음도 조금 편해진 느낌입니다. 개인적으로는 너무 과하지 않은 점이 마음에 들었어요. 사진으로 남겨두기에도 괜찮아서 기억에 오래 남을 것 같아요.",20201222,1
전문_정보,[연말정산] 2020년 귀속 연말정산 모의계산,이번에 연말정산 귀속은 별일 아닌 듯해도 막상 겪어보니 나름 의미가 있었어요. 작은 변화였지만 하루 분위기가 달라져서 기분 좋게 마무리했답니다. 처음 가보는 분들도 크게 부담 없이 즐길 수 있을 것 같아요. 개인적으로는 너무 과하지 않은 점이 마음에 들었어요.,20200815,1
전문_정보,연말정산 절세 전략…바뀐 연금세액공제 확인,"오늘은 연말정산에 대해 짧게 남겨봅니다. 큰 기대 없이 시작했는데 생각보다 만족스러웠고, 다음에도 비슷하게 해보고 싶어요. 개인적으로는 너무 과하지 않은 점이 마음에 들었어요. 기대보다 편하게 즐길 수 있어서 만족스러운 시간이었답니다.",20201123,1
전문_정보,[캐논 이야기] 2020년 달라진 연말정산 / 2020년 연말정산 / 2020... ,캐논 이야기를 하면서 오랜만에 여유를 느꼈어요. 바쁜 와중에 잠깐 쉬어가는 시간이 생긴 것 같아서 꽤 괜찮은 하루였답니다. 다음에는 조금 더 여유 있게 다시 가보고 싶어요. 기대보다 편하게 즐길 수 있어서 만족스러운 시간이었답니다.,20200113,1
전문_정보,신용카드 등 사용금액 소득공제(feat. 2020년 연말정산... ,신용카드 사용해보니 처음 기대했던 것보다 만족도가 괜찮았어요. 큰 단점은 없었고 일상에서 쓰기 편해서 당분간 계속 써볼 생각입니다. 개인적으로는 너무 과하지 않은 점이 마음에 들었어요. 기대보다 편하게 즐길 수 있어서 만족스러운 시간이었답니다.,20200917,1
전문_정보,연말정산 부양가족 인적공제 기준 간단합니다!,"요즘 연말정산 부양가족 때문에 생각이 많았는데, 직접 해보니 생각보다 어렵지 않았어요. 천천히 정리하니 마음도 조금 편해진 느낌입니다. 기대보다 편하게 즐길 수 있어서 만족스러운 시간이었답니다. 처음 가보는 분들도 크게 부담 없이 즐길 수 있을 것 같아요.",20200204,1
전문_정보,"[2020 연말정산]총급여액, 근로소득공제, 근로소득금액",오랜만에 연말정산은 별일 아닌 듯해도 막상 겪어보니 나름 의미가 있었어요. 작은 변화였지만 하루 분위기가 달라져서 기분 좋게 마무리했답니다. 사진으로 남겨두기에도 괜찮아서 기억에 오래 남을 것 같아요. 처음 가보는 분들도 크게 부담 없이 즐길 수 있을 것 같아요.,20201206,1
전문_정보,사용처 총정리! 온누리상품권 사용하고 연말정산소득공제 받자!,"사용처 총정리! 후기 남겨보면, 처음엔 반신반의했지만 써볼수록 편한 점이 많았어요. 아쉬운 부분도 있지만 재구매를 고민할 정도는 됩니다. 전체적으로 무난하면서도 기분 좋게 마무리할 수 있었어요. 처음 가보는 분들도 크게 부담 없이 즐길 수 있을 것 같아요.",20200120,1
전문_정보,2019년 달라진 개정세법 및 2020년 홈텍스 연말정산 신고서... ,달라진을 하면서 오랜만에 여유를 느꼈어요. 바쁜 와중에 잠깐 쉬어가는 시간이 생긴 것 같아서 꽤 괜찮은 하루였답니다. 처음 가보는 분들도 크게 부담 없이 즐길 수 있을 것 같아요. 사진으로 남겨두기에도 괜찮아서 기억에 오래 남을 것 같아요.,20200118,1
전문_정보,[연말정산] 2020년 올해 달라진 점은? (ft. 카드공제 혜택 확대),연말정산 관련해서 소소하게 기록해봤어요. 특별한 일은 아니었지만 막상 지나고 보니 은근 기억에 남아서 이렇게 남겨두고 싶더라고요. 짧게 들렀지만 생각보다 알차게 시간을 보냈어요. 사진으로 남겨두기에도 괜찮아서 기억에 오래 남을 것 같아요.,20201209,1
전문_정보,【2020년 연말정산】 월세세액공제 대상자 및 공제율 10~12%,"요즘 연말정산】 월세세액공제 때문에 생각이 많았는데, 직접 해보니 생각보다 어렵지 않았어요. 천천히 정리하니 마음도 조금 편해진 느낌입니다. 전체적으로 무난하면서도 기분 좋게 마무리할 수 있었어요. 처음 가보는 분들도 크게 부담 없이 즐길 수 있을 것 같아요.",20191227,1
전문_정보,2020년 연말정산 소득공제 달라진다? 꼭 알아야할 꿀팁!!,이번에 연말정산 소득공제는 별일 아닌 듯해도 막상 겪어보니 나름 의미가 있었어요. 작은 변화였지만 하루 분위기가 달라져서 기분 좋게 마무리했답니다. 짧게 들렀지만 생각보다 알차게 시간을 보냈어요. 개인적으로는 너무 과하지 않은 점이 마음에 들었어요.,20200106,1
전문_정보,"2020 연말정산 미리보기, 올해 공제 항목은?","오늘은 연말정산 미리보기에 대해 짧게 남겨봅니다. 큰 기대 없이 시작했는데 생각보다 만족스러웠고, 다음에도 비슷하게 해보고 싶어요. 처음 가보는 분들도 크게 부담 없이 즐길 수 있을 것 같아요. 다음에는 조금 더 여유 있게 다시 가보고 싶어요.",20191129,1
전문_정보,2020년 근로자(직장인) 연말 정산 팁,근로자 연말을 하면서 오랜만에 여유를 느꼈어요. 바쁜 와중에 잠깐 쉬어가는 시간이 생긴 것 같아서 꽤 괜찮은 하루였답니다. 처음 가보는 분들도 크게 부담 없이 즐길 수 있을 것 같아요. 전체적으로 무난하면서도 기분 좋게 마무리할 수 있었어요.,20191229,1
전문_정보,신용카드연말정산 때 참고하면 좋은 '공제한도',신용카드연말정산 참고하면 관련해서 소소하게 기록해봤어요. 특별한 일은 아니었지만 막상 지나고 보니 은근 기억에 남아서 이렇게 남겨두고 싶더라고요. 다음에는 조금 더 여유 있게 다시 가보고 싶어요. 전체적으로 무난하면서도 기분 좋게 마무리할 수 있었어요.,20201103,1
전문_정보,"어렵고 복잡한 연말정산, 소득공제 총정리! 페퍼저축은행이... ","요즘 어렵고 복잡한 때문에 생각이 많았는데, 직접 해보니 생각보다 어렵지 않았어요. 천천히 정리하니 마음도 조금 편해진 느낌입니다. 짧게 들렀지만 생각보다 알차게 시간을 보냈어요. 사진으로 남겨두기에도 괜찮아서 기억에 오래 남을 것 같아요.",20200115,1
전문_정보,[ETF 투자] 연말정산 대비 '연금펀드/ETF'로 세액공제받기,오랜만에 ETF 투자는 별일 아닌 듯해도 막상 겪어보니 나름 의미가 있었어요. 작은 변화였지만 하루 분위기가 달라져서 기분 좋게 마무리했답니다. 전체적으로 무난하면서도 기분 좋게 마무리할 수 있었어요. 짧게 들렀지만 생각보다 알차게 시간을 보냈어요.,20201130,1
전문_정보,"2020년 연말정산, 카드공제를 꼭 살펴보셔야 합니다.","가볍게 오늘은 연말정산 카드공제를에 대해 짧게 남겨봅니다. 큰 기대 없이 시작했는데 생각보다 만족스러웠고, 다음에도 비슷하게 해보고 싶어요. 기대보다 편하게 즐길 수 있어서 만족스러운 시간이었답니다. 짧게 들렀지만 생각보다 알차게 시간을 보냈어요.",20201228,1
전문_정보,2020년 귀속 연말정산 총정리,귀속을 하면서 오랜만에 여유를 느꼈어요. 바쁜 와중에 잠깐 쉬어가는 시간이 생긴 것 같아서 꽤 괜찮은 하루였답니다. 전체적으로 무난하면서도 기분 좋게 마무리할 수 있었어요. 개인적으로는 너무 과하지 않은 점이 마음에 들었어요.,20201225,1
전문_정보,2020년 연말정산 월세액 세액공제,연말정산 월세액 관련해서 소소하게 기록해봤어요. 특별한 일은 아니었지만 막상 지나고 보니 은근 기억에 남아서 이렇게 남겨두고 싶더라고요. 기대보다 편하게 즐길 수 있어서 만족스러운 시간이었답니다. 전체적으로 무난하면서도 기분 좋게 마무리할 수 있었어요.,20201222,1
전문_정보,"[2020 연말정산]연금계좌 세액공제(연금저축, IRP, 퇴직연금... ","요즘 연말정산 때문에 생각이 많았는데, 직접 해보니 생각보다 어렵지 않았어요. 천천히 정리하니 마음도 조금 편해진 느낌입니다. 짧게 들렀지만 생각보다 알차게 시간을 보냈어요. 다음에는 조금 더 여유 있게 다시 가보고 싶어요.",20201220,1
전문_정보,"2020년 연말정산 무주택자... 이자, 월세 관련 세액공제 신고 방법",연말정산 무주택자...는 별일 아닌 듯해도 막상 겪어보니 나름 의미가 있었어요. 작은 변화였지만 하루 분위기가 달라져서 기분 좋게 마무리했답니다. 짧게 들렀지만 생각보다 알차게 시간을 보냈어요. 사진으로 남겨두기에도 괜찮아서 기억에 오래 남을 것 같아요.,20201223,1
전문_정보,"보너스, 2020년 연말정산 - 4... 팁, 연말정산 세액공제 강의... ","오늘은 보너스 연말정산에 대해 짧게 남겨봅니다. 큰 기대 없이 시작했는데 생각보다 만족스러웠고, 다음에도 비슷하게 해보고 싶어요. 짧게 들렀지만 생각보다 알차게 시간을 보냈어요. 기대보다 편하게 즐길 수 있어서 만족스러운 시간이었답니다.",20200323,1
전문_정보,2020년 세법개정안 핵심 연말정산 비과세 세액감면공제,세법개정안을 하면서 오랜만에 여유를 느꼈어요. 바쁜 와중에 잠깐 쉬어가는 시간이 생긴 것 같아서 꽤 괜찮은 하루였답니다. 전체적으로 무난하면서도 기분 좋게 마무리할 수 있었어요. 개인적으로는 너무 과하지 않은 점이 마음에 들었어요.,20201208,1
전문_정보,간단 정리 (+ 주택청약 소득공제/청년우대형 청약통장 연말정산),가볍게 간단 주택청약 관련해서 소소하게 기록해봤어요. 특별한 일은 아니었지만 막상 지나고 보니 은근 기억에 남아서 이렇게 남겨두고 싶더라고요. 기대보다 편하게 즐길 수 있어서 만족스러운 시간이었답니다. 다음에는 조금 더 여유 있게 다시 가보고 싶어요.,20191217,1
전문_정보,2020년 달라진 연말정산 알아보기!,"요즘 달라진 때문에 생각이 많았는데, 직접 해보니 생각보다 어렵지 않았어요. 천천히 정리하니 마음도 조금 편해진 느낌입니다. 전체적으로 무난하면서도 기분 좋게 마무리할 수 있었어요. 기대보다 편하게 즐길 수 있어서 만족스러운 시간이었답니다.",20201218,1
전문_정보,2020년 연말정산 기간부터... 국세청 홈택스 의료비공제... ,오랜만에 연말정산 기간부터...는 별일 아닌 듯해도 막상 겪어보니 나름 의미가 있었어요. 작은 변화였지만 하루 분위기가 달라져서 기분 좋게 마무리했답니다. 개인적으로는 너무 과하지 않은 점이 마음에 들었어요.,20200131,1
전문_정보,"[2020 연말정산]부양가족 공제 조건(나이요건, 소득요건... ","가볍게 오늘은 연말정산 부양가족에 대해 짧게 남겨봅니다. 큰 기대 없이 시작했는데 생각보다 만족스러웠고, 다음에도 비슷하게 해보고 싶어요. 다음에는 조금 더 여유 있게 다시 가보고 싶어요. 처음 가보는 분들도 크게 부담 없이 즐길 수 있을 것 같아요.",20201213,1
전문_정보,[연말정산 신용카드 공제] Ep.13 소득공제 환급 제대로 알기... ,연말정산을 하면서 오랜만에 여유를 느꼈어요. 바쁜 와중에 잠깐 쉬어가는 시간이 생긴 것 같아서 꽤 괜찮은 하루였답니다. 사진으로 남겨두기에도 괜찮아서 기억에 오래 남을 것 같아요. 짧게 들렀지만 생각보다 알차게 시간을 보냈어요.,20201002,1
전문_정보,2020년 달라지는 연말정산,달라지는 관련해서 소소하게 기록해봤어요. 특별한 일은 아니었지만 막상 지나고 보니 은근 기억에 남아서 이렇게 남겨두고 싶더라고요. 다음에는 조금 더 여유 있게 다시 가보고 싶어요. 전체적으로 무난하면서도 기분 좋게 마무리할 수 있었어요.,20200114,1
전문_정보,2020년 연말정산 기간과 달라진 점,"요즘 연말정산 때문에 생각이 많았는데, 직접 해보니 생각보다 어렵지 않았어요. 천천히 정리하니 마음도 조금 편해진 느낌입니다. 짧게 들렀지만 생각보다 알차게 시간을 보냈어요. 다음에는 조금 더 여유 있게 다시 가보고 싶어요.",20191211,1
전문_정보,"2020 연말정산 미리보기로... 월세, 달라지는 소득공제등 알아보기",연말정산 미리보기로...는 별일 아닌 듯해도 막상 겪어보니 나름 의미가 있었어요. 작은 변화였지만 하루 분위기가 달라져서 기분 좋게 마무리했답니다. 전체적으로 무난하면서도 기분 좋게 마무리할 수 있었어요. 기대보다 편하게 즐길 수 있어서 만족스러운 시간이었답니다.,20191130,1
전문_정보,모바일 연말정산! 2020년 연말정산 간소화 서비스 알아보기,"오늘은 모바일에 대해 짧게 남겨봅니다. 큰 기대 없이 시작했는데 생각보다 만족스러웠고, 다음에도 비슷하게 해보고 싶어요. 처음 가보는 분들도 크게 부담 없이 즐길 수 있을 것 같아요. 사진으로 남겨두기에도 괜찮아서 기억에 오래 남을 것 같아요.",20200120,1
전문_정보,2020년 연말정산 미리준비하기 - 12월에 해야 할 것,연말정산 미리준비하기를 하면서 오랜만에 여유를 느꼈어요. 바쁜 와중에 잠깐 쉬어가는 시간이 생긴 것 같아서 꽤 괜찮은 하루였답니다. 기대보다 편하게 즐길 수 있어서 만족스러운 시간이었답니다. 처음 가보는 분들도 크게 부담 없이 즐길 수 있을 것 같아요.,20201201,1
전문_정보,[동원대학교] 세무회계정보과 - 2020년 연말정산하는 방법 및... ,가볍게 동원대학교 세무회계정보과 관련해서 소소하게 기록해봤어요. 특별한 일은 아니었지만 막상 지나고 보니 은근 기억에 남아서 이렇게 남겨두고 싶더라고요. 개인적으로는 너무 과하지 않은 점이 마음에 들었어요.,20200113,1
전문_정보,[연말정산] 연말정산 준비하기_연금계좌세액공제,"이번에 요즘 연말정산 때문에 생각이 많았는데, 직접 해보니 생각보다 어렵지 않았어요. 천천히 정리하니 마음도 조금 편해진 느낌입니다. 개인적으로는 너무 과하지 않은 점이 마음에 들었어요. 처음 가보는 분들도 크게 부담 없이 즐길 수 있을 것 같아요.",20200114,1
전문_정보,2020년 달라진 연말정산과 보청기 소득공제,달라진 연말정산과는 별일 아닌 듯해도 막상 겪어보니 나름 의미가 있었어요. 작은 변화였지만 하루 분위기가 달라져서 기분 좋게 마무리했답니다. 짧게 들렀지만 생각보다 알차게 시간을 보냈어요. 처음 가보는 분들도 크게 부담 없이 즐길 수 있을 것 같아요.,20201210,1
전문_정보,2020 기부금 영수증 발급 안내 | 연말정산 및 세액공제(적십자... ,"오늘은 기부금 영수증에 대해 짧게 남겨봅니다. 큰 기대 없이 시작했는데 생각보다 만족스러웠고, 다음에도 비슷하게 해보고 싶어요. 짧게 들렀지만 생각보다 알차게 시간을 보냈어요. 다음에는 조금 더 여유 있게 다시 가보고 싶어요.",20201229,1
전문_정보,의료비 소득공제 한도 무제한? 2020년 연말정산 의료비 한도... ,의료비 소득공제를 하면서 오랜만에 여유를 느꼈어요. 바쁜 와중에 잠깐 쉬어가는 시간이 생긴 것 같아서 꽤 괜찮은 하루였답니다. 처음 가보는 분들도 크게 부담 없이 즐길 수 있을 것 같아요. 개인적으로는 너무 과하지 않은 점이 마음에 들었어요.,20200118,1
전문_정보,2020년 &quot;연말정산 세액공제 신청서&quot; 양식 공유,&quot;연말정산 관련해서 소소하게 기록해봤어요. 특별한 일은 아니었지만 막상 지나고 보니 은근 기억에 남아서 이렇게 남겨두고 싶더라고요. 개인적으로는 너무 과하지 않은 점이 마음에 들었어요. 사진으로 남겨두기에도 괜찮아서 기억에 오래 남을 것 같아요.,20200210,1
전문_정보,2020년 홈택스 연말정산 소득공제 금액 미리보기 서비스 오픈,"이번에 요즘 홈택스 때문에 생각이 많았는데, 직접 해보니 생각보다 어렵지 않았어요. 천천히 정리하니 마음도 조금 편해진 느낌입니다. 다음에는 조금 더 여유 있게 다시 가보고 싶어요. 전체적으로 무난하면서도 기분 좋게 마무리할 수 있었어요.",20201030,1
전문_정보,연말정산 세액공제 소득공제 차이는 무엇일까?,연말정산은 별일 아닌 듯해도 막상 겪어보니 나름 의미가 있었어요. 작은 변화였지만 하루 분위기가 달라져서 기분 좋게 마무리했답니다. 개인적으로는 너무 과하지 않은 점이 마음에 들었어요. 사진으로 남겨두기에도 괜찮아서 기억에 오래 남을 것 같아요.,20201016,1
전문_정보,연말정산 변경된 내용 &amp; 세액공제 혜택 받을 수 있는 꿀팁!,"오늘은 연말정산 변경된에 대해 짧게 남겨봅니다. 큰 기대 없이 시작했는데 생각보다 만족스러웠고, 다음에도 비슷하게 해보고 싶어요. 처음 가보는 분들도 크게 부담 없이 즐길 수 있을 것 같아요. 전체적으로 무난하면서도 기분 좋게 마무리할 수 있었어요.",20201111,1
전문_정보,2020년 연말정산 부양가족 인적공제 아동복지법 위탁아동... ,연말정산을 하면서 오랜만에 여유를 느꼈어요. 바쁜 와중에 잠깐 쉬어가는 시간이 생긴 것 같아서 꽤 괜찮은 하루였답니다. 짧게 들렀지만 생각보다 알차게 시간을 보냈어요. 처음 가보는 분들도 크게 부담 없이 즐길 수 있을 것 같아요.,20201123,1
전문_정보,[2019 연말정산팁] 삼성페이 티머니 쓰면대중교통 소득공제... ,연말정산팁 관련해서 소소하게 기록해봤어요. 특별한 일은 아니었지만 막상 지나고 보니 은근 기억에 남아서 이렇게 남겨두고 싶더라고요. 기대보다 편하게 즐길 수 있어서 만족스러운 시간이었답니다. 짧게 들렀지만 생각보다 알차게 시간을 보냈어요.,20200130,1
전문_정보,연말정산 의료비 공제에서 실비보험 제외(실손의료보험금 자료... ,"요즘 연말정산 때문에 생각이 많았는데, 직접 해보니 생각보다 어렵지 않았어요. 천천히 정리하니 마음도 조금 편해진 느낌입니다. 사진으로 남겨두기에도 괜찮아서 기억에 오래 남을 것 같아요. 개인적으로는 너무 과하지 않은 점이 마음에 들었어요.",20200116,1
전문_정보,2019년 귀속 연말정산 자료 한눈에 보기(소득공제/세액공제),귀속은 별일 아닌 듯해도 막상 겪어보니 나름 의미가 있었어요. 작은 변화였지만 하루 분위기가 달라져서 기분 좋게 마무리했답니다. 전체적으로 무난하면서도 기분 좋게 마무리할 수 있었어요. 처음 가보는 분들도 크게 부담 없이 즐길 수 있을 것 같아요.,20200114,1
전문_정보,"2020년 출산휴가, 육아휴직급여 연말정산 모든것(feat.... ","오늘은 출산휴가에 대해 짧게 남겨봅니다. 큰 기대 없이 시작했는데 생각보다 만족스러웠고, 다음에도 비슷하게 해보고 싶어요. 짧게 들렀지만 생각보다 알차게 시간을 보냈어요. 다음에는 조금 더 여유 있게 다시 가보고 싶어요.",20200323,1
전문_정보,"국세청 연말정산, 법인 소득공제 꿀팁",국세청 연말정산을 하면서 오랜만에 여유를 느꼈어요. 바쁜 와중에 잠깐 쉬어가는 시간이 생긴 것 같아서 꽤 괜찮은 하루였답니다. 사진으로 남겨두기에도 괜찮아서 기억에 오래 남을 것 같아요. 기대보다 편하게 즐길 수 있어서 만족스러운 시간이었답니다.,20191004,1
