category,title,content,date,is_ai
맛집_리뷰,"강남역 맛집 바비레드(양식, 2019년 봄)  데이트 맛집에 필요한... ",바비레드 맛집에에서 밥 먹었다. 맛은 자극적이지 않았고 가격도 요즘 기준으로는 평범했다. 근처 약속 있을 때 한 끼 해결하기 괜찮은 곳. 가격은 막 싸진 않았고 위치는 찾기 쉬운 편. 사람이 좀 있어서 조용한 느낌은 아니었음.,20190402,1
맛집_리뷰,강남역 맛집 청류벽,"청류벽 갔다옴. 대기 조금 있었고 메뉴는 생각보다 빨리 나왔다. 맛은 무난, 양은 적당한 편이라 근처에서 밥 먹을 때 참고할 만함. 기대치를 낮추고 가면 무난한 정도. 사람이 좀 있어서 조용한 느낌은 아니었음. 이런 곳도 있었네 싶었다.",20191002,1
맛집_리뷰,2019년 강남역 맛집 청춘양꼬치 방문기,"청춘양꼬치 다녀왔는데 첫인상은 그냥 보통. 근데 먹다 보니 나쁘지 않았다. 소스가 조금 강해서 호불호 있을 듯하고, 나는 그럭저럭 괜찮았음. 가격은 막 싸진 않았고 위치는 찾기 쉬운 편. 기대치를 낮추고 가면 무난한 정도.",20190401,1
맛집_리뷰,강남역맛집 : 바비레드 - 매콤한 크림파스타 &amp; 큐브 스테이크,친구가 가보자 해서 바비레드 들렀는데 사람 많더라. 그래도 음식은 금방 나왔고 맛도 나쁘지 않았음. 막 감탄까진 아니고 배부르게 먹고 나왔다. 사람이 좀 있어서 조용한 느낌은 아니었음. 딱히 특별하진 않은데 기억은 남는 편이다.,20200110,1
맛집_리뷰,강남역맛집:: 빠네치킨으로 유명한 치킨맛집 꼭그닭,"빠네치킨으로 치킨맛집 먹고 옴. 사람 많고 조금 정신없었지만 음식은 괜찮았다. 가격은 보통, 위치는 편한 편이라 약속 전후로 들르기 좋음. 기대치를 낮추고 가면 무난한 정도. 사진은 몇 장 찍었는데 정리는 나중에 해야겠다.",20190104,1
맛집_리뷰,[식사일기] 서촌레이어드 카페부터 강남역맛집까지 2019년... ,서촌레이어드 먹어봄. 맛은 괜찮았고 특별히 불편한 건 없었다. 가게가 조금 북적여서 오래 앉아있긴 애매했고 그냥 식사하고 나오기 좋음. 다음엔 다른 메뉴도 봐야 할 듯. 사람이 좀 있어서 조용한 느낌은 아니었음. 사람이 좀 있어서 조용한 느낌은 아니었음.,20190202,1
맛집_리뷰,"홍콩을 연상시키는 강남역맛집, 구구당!",홍콩을 들렀다. 맛은 무난했고 양도 적당. 웨이팅만 길지 않으면 괜찮음. 엄청 특별한 맛집이라기보단 근처에서 밥 먹기 좋은 곳. 이런 곳도 있었네 싶었다. 다음엔 다른 메뉴도 봐야 할 듯. 딱히 특별하진 않은데 기억은 남는 편이다.,20200101,1
맛집_리뷰,[강남역 맛집] 바비레드 추천,바비레드 이름은 몇 번 봤는데 이제야 가봄. 양은 생각보다 괜찮고 맛은 익숙한 쪽. 웨이팅 길면 굳이 기다릴 정도는 아닌 듯. 가격은 막 싸진 않았고 위치는 찾기 쉬운 편. 딱히 특별하진 않은데 기억은 남는 편이다. 가격은 막 싸진 않았고 위치는 찾기 쉬운 편.,20191209,1
맛집_리뷰,강남역 맛집- 옛터 남도밥상  솔직후기,"맛집-를 먹었는데 양이 아주 많진 않아도 부족하진 않았다. 내부는 조금 바빴고, 음식은 깔끔한 편이라 크게 실패할 느낌은 아님. 엄청난 건 아니고 그냥 기록용. 엄청난 건 아니고 그냥 기록용. 급하게 정한 일정치고는 나쁘지 않았다.",20190725,1
맛집_리뷰,강남역맛집 인기명 역삼본점 조갈찜 토토가 연말모임 회식장소,인기명 역삼본점 기록. 자리 간격은 넓진 않았고 음식은 바로 먹기 괜찮았다. 막 특별하진 않은데 배고플 때 들르면 나쁘지 않은 정도. 가격은 막 싸진 않았고 위치는 찾기 쉬운 편. 딱히 특별하진 않은데 기억은 남는 편이다.,20190120,1
맛집_리뷰,"강남역 맛집 - 토끼정, 커리하우스빈103",토끼정은 가게 앞에서 잠깐 기다렸다. 메뉴는 금방 정했고 맛은 평범한데 묘하게 계속 먹게 됨. 다음에 지나가면 또 생각날 수도. 사람이 좀 있어서 조용한 느낌은 아니었음. 사람이 좀 있어서 조용한 느낌은 아니었음. 엄청난 건 아니고 그냥 기록용.,20190627,1
맛집_리뷰,강남역 맛집 / 알요리 전문점 알부자 - 오랫동안 사랑받는 알찜... ,알요리은 사진으로 봤던 느낌이랑 비슷했다. 음식 비주얼은 괜찮고 양도 보통. 먹다 보니 금방 배불러서 남길 뻔했다. 급하게 정한 일정치고는 나쁘지 않았다. 급하게 정한 일정치고는 나쁘지 않았다. 사람이 좀 있어서 조용한 느낌은 아니었음.,20200330,1
맛집_리뷰,(매장 없어짐)강남역 맛집 셰프투고 배달 큐브스테이크 감바스... ,셰프투고는 가게 앞에서 잠깐 기다렸다. 메뉴는 금방 정했고 맛은 평범한데 묘하게 계속 먹게 됨. 다음에 지나가면 또 생각날 수도. 기대치를 낮추고 가면 무난한 정도. 딱히 특별하진 않은데 기억은 남는 편이다. 기대치를 낮추고 가면 무난한 정도.,20191118,1
맛집_리뷰,"강남 맛집, 강남역 맛집 마초쉐프 강남역점 청첩장 모임 하러... ",강남 마초쉐프는 가게 앞에서 잠깐 기다렸다. 메뉴는 금방 정했고 맛은 평범한데 묘하게 계속 먹게 됨. 다음에 지나가면 또 생각날 수도. 급하게 정한 일정치고는 나쁘지 않았다. 사람이 좀 있어서 조용한 느낌은 아니었음.,20190809,1
맛집_리뷰,차이니즈 레스토랑 위크 강남역 맛집 스트릿 USBEEF 우육탕면,차이니즈 먹어봄. 맛은 괜찮았고 특별히 불편한 건 없었다. 가게가 조금 북적여서 오래 앉아있긴 애매했고 그냥 식사하고 나오기 좋음. 엄청난 건 아니고 그냥 기록용. 엄청난 건 아니고 그냥 기록용. 가격은 막 싸진 않았고 위치는 찾기 쉬운 편.,20190920,1
맛집_리뷰,강남역 맛집 / 5000원 냉삼 회식장소로 좋은 수입식당,5000원 냉삼 기록. 자리 간격은 넓진 않았고 음식은 바로 먹기 괜찮았다. 막 특별하진 않은데 배고플 때 들르면 나쁘지 않은 정도. 급하게 정한 일정치고는 나쁘지 않았다. 급하게 정한 일정치고는 나쁘지 않았다. 엄청난 건 아니고 그냥 기록용.,20191217,1
맛집_리뷰,신분당선 강남역 맛집 / 참치공방 - 참치회 무난한 스끼다시와... ,신분당선 참치공방은 기대 많이 안 하고 갔는데 딱 그 정도였다. 음식은 무난했고 직원 응대도 평범. 근처에 있으면 다시 갈 수도 있음. 사람이 좀 있어서 조용한 느낌은 아니었음. 가격은 막 싸진 않았고 위치는 찾기 쉬운 편.,20190701,1
맛집_리뷰,"강남역 맛집, 고소한 막국수와 제복쟁반 ' 청류벽 '",고소한은 가게 앞에서 잠깐 기다렸다. 메뉴는 금방 정했고 맛은 평범한데 묘하게 계속 먹게 됨. 다음에 지나가면 또 생각날 수도. 시간 맞으면 한 번쯤 들를만함. 엄청난 건 아니고 그냥 기록용. 딱히 특별하진 않은데 기억은 남는 편이다.,20190130,1
맛집_리뷰,[강남역 맛집] 피그인더가든 강남점,"피그인더가든을 먹었는데 양이 아주 많진 않아도 부족하진 않았다. 내부는 조금 바빴고, 음식은 깔끔한 편이라 크게 실패할 느낌은 아님. 엄청난 건 아니고 그냥 기록용. 시간 맞으면 한 번쯤 들를만함. 기대치를 낮추고 가면 무난한 정도.",20191206,1
맛집_리뷰,강남역 맛집 바비레드 BTS팝업스토어 근처맛집 강남역 핫플,바비레드 이름은 몇 번 봤는데 이제야 가봄. 양은 생각보다 괜찮고 맛은 익숙한 쪽. 웨이팅 길면 굳이 기다릴 정도는 아닌 듯. 사진은 몇 장 찍었는데 정리는 나중에 해야겠다. 이런 곳도 있었네 싶었다. 딱히 특별하진 않은데 기억은 남는 편이다.,20200103,1
맛집_리뷰,2019년 1월 28일의 기록 &lt;강남역 맛집 본토닭갈비 &amp; 강남역... ,1월은 가게 앞에서 잠깐 기다렸다. 메뉴는 금방 정했고 맛은 평범한데 묘하게 계속 먹게 됨. 다음에 지나가면 또 생각날 수도. 다음엔 다른 메뉴도 봐야 할 듯. 시간 맞으면 한 번쯤 들를만함. 다음엔 다른 메뉴도 봐야 할 듯.,20190129,1
맛집_리뷰,강남역 맛집 해담채 정갈한 건강한 한상,"해담채는 위치가 편해서 들렀다. 주문하고 기다리는 시간은 보통, 맛은 익숙한 느낌이었다. 조용한 식사보단 가볍게 먹는 쪽에 가까움. 엄청난 건 아니고 그냥 기록용. 사진은 몇 장 찍었는데 정리는 나중에 해야겠다.",20191114,1
맛집_리뷰,"강남역 맛집 낙원타코 / 낙원스낵, 롯데백화점 '갬성푸드' 팝업",낙원타코 기록. 자리 간격은 넓진 않았고 음식은 바로 먹기 괜찮았다. 막 특별하진 않은데 배고플 때 들르면 나쁘지 않은 정도. 엄청난 건 아니고 그냥 기록용. 기대치를 낮추고 가면 무난한 정도. 이런 곳도 있었네 싶었다.,20190320,1
맛집_리뷰,강남역 맛집 이딸라시안 여길 왜 이제갔지!?,"이딸라시안 먹고 옴. 사람 많고 조금 정신없었지만 음식은 괜찮았다. 가격은 보통, 위치는 편한 편이라 약속 전후로 들르기 좋음. 사람이 좀 있어서 조용한 느낌은 아니었음. 사진은 몇 장 찍었는데 정리는 나중에 해야겠다.",20190107,1
맛집_리뷰,"[강남역 맛집] 인도 음식은 여기서, 강가 강남점",친구가 가보자 해서 인도 들렀는데 사람 많더라. 그래도 음식은 금방 나왔고 맛도 나쁘지 않았음. 막 감탄까진 아니고 배부르게 먹고 나왔다. 기대치를 낮추고 가면 무난한 정도. 가격은 막 싸진 않았고 위치는 찾기 쉬운 편.,20191222,1
맛집_리뷰,강남역맛집:드뎌 먹었본 흑당버블티 타이거슈거,드뎌는 가게 앞에서 잠깐 기다렸다. 메뉴는 금방 정했고 맛은 평범한데 묘하게 계속 먹게 됨. 다음에 지나가면 또 생각날 수도. 기대치를 낮추고 가면 무난한 정도. 가격은 막 싸진 않았고 위치는 찾기 쉬운 편. 사람이 좀 있어서 조용한 느낌은 아니었음.,20190805,1
맛집_리뷰,2019년 8월 16일 강남역 맛집 SPC스퀘어 그릭슈바인,8월 기록. 자리 간격은 넓진 않았고 음식은 바로 먹기 괜찮았다. 막 특별하진 않은데 배고플 때 들르면 나쁘지 않은 정도. 급하게 정한 일정치고는 나쁘지 않았다. 급하게 정한 일정치고는 나쁘지 않았다. 다음엔 다른 메뉴도 봐야 할 듯.,20190816,1
맛집_리뷰,[강남역 맛집] 느린마을양조장 강남점,친구가 가보자 해서 느린마을양조장 들렀는데 사람 많더라. 그래도 음식은 금방 나왔고 맛도 나쁘지 않았음. 막 감탄까진 아니고 배부르게 먹고 나왔다. 딱히 특별하진 않은데 기억은 남는 편이다. 이런 곳도 있었네 싶었다.,20200131,1
맛집_리뷰,"[강남역 맛집] 소개팅 명소, 마노 디 셰프 Mano Di Chef","소개팅 쪽은 사람이 꽤 많았다. 메뉴판 보고 고르는데 가격대는 평범했고, 음식은 간이 센 편. 웨이팅 싫으면 애매한 시간에 가는 게 나을 듯. 이런 곳도 있었네 싶었다. 사람이 좀 있어서 조용한 느낌은 아니었음. 이런 곳도 있었네 싶었다.",20191210,1
맛집_리뷰,강남역 맛집) 신데렐라롱,맛집) 들렀다. 맛은 무난했고 양도 적당. 웨이팅만 길지 않으면 괜찮음. 엄청 특별한 맛집이라기보단 근처에서 밥 먹기 좋은 곳. 급하게 정한 일정치고는 나쁘지 않았다. 사람이 좀 있어서 조용한 느낌은 아니었음. 기대치를 낮추고 가면 무난한 정도.,20200407,1
맛집_리뷰,"[강남역 맛집] 우리의 소개팅 장소, 블루밍 가든 Blooming... ",우리의 소개팅은 기대 많이 안 하고 갔는데 딱 그 정도였다. 음식은 무난했고 직원 응대도 평범. 근처에 있으면 다시 갈 수도 있음. 엄청난 건 아니고 그냥 기록용. 시간 맞으면 한 번쯤 들를만함. 딱히 특별하진 않은데 기억은 남는 편이다.,20191218,1
맛집_리뷰,강남역 맛집- 쉑쉑버거 Shake Shack  아주 리얼후기,친구가 가보자 해서 맛집- 들렀는데 사람 많더라. 그래도 음식은 금방 나왔고 맛도 나쁘지 않았음. 막 감탄까진 아니고 배부르게 먹고 나왔다. 시간 맞으면 한 번쯤 들를만함. 이런 곳도 있었네 싶었다. 엄청난 건 아니고 그냥 기록용.,20190725,1
맛집_리뷰,하이앤드 양대창집...^^  -강남역맛집 연타발 강남역점-,하이앤드 양대창집...^^은 사진으로 봤던 느낌이랑 비슷했다. 음식 비주얼은 괜찮고 양도 보통. 먹다 보니 금방 배불러서 남길 뻔했다. 가격은 막 싸진 않았고 위치는 찾기 쉬운 편. 급하게 정한 일정치고는 나쁘지 않았다.,20190627,1
맛집_리뷰,"[강남역 맛집] 따뜻한 국물이 먹고 싶어서 간, 딘타이펑 강남점",따뜻한 국물이 기록. 자리 간격은 넓진 않았고 음식은 바로 먹기 괜찮았다. 막 특별하진 않은데 배고플 때 들르면 나쁘지 않은 정도. 딱히 특별하진 않은데 기억은 남는 편이다. 사람이 좀 있어서 조용한 느낌은 아니었음.,20190715,1
맛집_리뷰,"* 강남역 맛집, 강남역 존맛, 돈까스 맛집 모리카츠",존맛 먹어봄. 맛은 괜찮았고 특별히 불편한 건 없었다. 가게가 조금 북적여서 오래 앉아있긴 애매했고 그냥 식사하고 나오기 좋음. 사진은 몇 장 찍었는데 정리는 나중에 해야겠다. 가격은 막 싸진 않았고 위치는 찾기 쉬운 편.,20190116,1
맛집_리뷰,[강남역맛집] 메이드바이오즈/맛있는 오삼불고기,"메이드바이오즈는 위치가 편해서 들렀다. 주문하고 기다리는 시간은 보통, 맛은 익숙한 느낌이었다. 조용한 식사보단 가볍게 먹는 쪽에 가까움. 이런 곳도 있었네 싶었다. 이런 곳도 있었네 싶었다. 딱히 특별하진 않은데 기억은 남는 편이다.",20190107,1
맛집_리뷰,강남역 맛집- 지파이 &lt;대만간식 &gt; 리얼 솔직후기 &amp; 타이거 슈가... ,맛집- 지파이은 사진으로 봤던 느낌이랑 비슷했다. 음식 비주얼은 괜찮고 양도 보통. 먹다 보니 금방 배불러서 남길 뻔했다. 이런 곳도 있었네 싶었다. 다음엔 다른 메뉴도 봐야 할 듯. 기대치를 낮추고 가면 무난한 정도.,20190725,1
맛집_리뷰,[서울/강남역맛집] 갬성있는 서울여자와 함께  &quot;감성타코 강남... ,"갬성있는 서울여자와 다녀왔는데 첫인상은 그냥 보통. 근데 먹다 보니 나쁘지 않았다. 소스가 조금 강해서 호불호 있을 듯하고, 나는 그럭저럭 괜찮았음. 엄청난 건 아니고 그냥 기록용. 사진은 몇 장 찍었는데 정리는 나중에 해야겠다.",20200407,1
맛집_리뷰,[강남] 강남역 맛집 바비레드,바비레드에서 밥 먹었다. 맛은 자극적이지 않았고 가격도 요즘 기준으로는 평범했다. 근처 약속 있을 때 한 끼 해결하기 괜찮은 곳. 시간 맞으면 한 번쯤 들를만함. 딱히 특별하진 않은데 기억은 남는 편이다. 시간 맞으면 한 번쯤 들를만함.,20191212,1
맛집_리뷰,강남역 맛집 매콤한게 끌린다?,매콤한게 기록. 자리 간격은 넓진 않았고 음식은 바로 먹기 괜찮았다. 막 특별하진 않은데 배고플 때 들르면 나쁘지 않은 정도. 시간 맞으면 한 번쯤 들를만함. 다음엔 다른 메뉴도 봐야 할 듯. 딱히 특별하진 않은데 기억은 남는 편이다.,20190207,1
맛집_리뷰,( 강남역맛집 ) 정말 맛있는... 먹을 수 있는 강남역 맛집 NY BnB,"정말 맛있는... 다녀왔는데 첫인상은 그냥 보통. 근데 먹다 보니 나쁘지 않았다. 소스가 조금 강해서 호불호 있을 듯하고, 나는 그럭저럭 괜찮았음. 시간 맞으면 한 번쯤 들를만함. 딱히 특별하진 않은데 기억은 남는 편이다.",20190114,1
맛집_리뷰,[강남역 맛집] 동해도 - 회전초밥 뷔페,동해도 사진 몇 장 남김. 조명 때문에 음식 색은 잘 나오는 편이었고 실제 맛도 크게 다르진 않았다. 테이블은 조금 좁아서 그건 아쉬웠음. 시간 맞으면 한 번쯤 들를만함. 엄청난 건 아니고 그냥 기록용. 이런 곳도 있었네 싶었다.,20190505,1
맛집_리뷰,강남역 맛집 강남역 회식장소는 진구곱창이 최고죠,"회식장소는 갔다옴. 대기 조금 있었고 메뉴는 생각보다 빨리 나왔다. 맛은 무난, 양은 적당한 편이라 근처에서 밥 먹을 때 참고할 만함. 사람이 좀 있어서 조용한 느낌은 아니었음. 사람이 좀 있어서 조용한 느낌은 아니었음.",20190602,1
맛집_리뷰,[강남역 맛집] 모두가 좋아할 곳!,"모두가 먹고 옴. 사람 많고 조금 정신없었지만 음식은 괜찮았다. 가격은 보통, 위치는 편한 편이라 약속 전후로 들르기 좋음. 사진은 몇 장 찍었는데 정리는 나중에 해야겠다. 가격은 막 싸진 않았고 위치는 찾기 쉬운 편.",20190330,1
맛집_리뷰,&lt;강남역 맛집 두번 추천&gt;고에몬,<강남역 먹어봄. 맛은 괜찮았고 특별히 불편한 건 없었다. 가게가 조금 북적여서 오래 앉아있긴 애매했고 그냥 식사하고 나오기 좋음. 시간 맞으면 한 번쯤 들를만함. 시간 맞으면 한 번쯤 들를만함. 사진은 몇 장 찍었는데 정리는 나중에 해야겠다.,20200605,1
맛집_리뷰,"[강남역 맛집] SHY BANA - 미국남부가정식, 주차 2시간 무료!!!",SHY BANA는 가게 앞에서 잠깐 기다렸다. 메뉴는 금방 정했고 맛은 평범한데 묘하게 계속 먹게 됨. 다음에 지나가면 또 생각날 수도. 사람이 좀 있어서 조용한 느낌은 아니었음. 가격은 막 싸진 않았고 위치는 찾기 쉬운 편.,20190623,1
맛집_리뷰,"[2019년 3월 12일,  7,620걸음] 오랜만에 강남역 맛집을 찾다","오랜만에 다녀왔는데 첫인상은 그냥 보통. 근데 먹다 보니 나쁘지 않았다. 소스가 조금 강해서 호불호 있을 듯하고, 나는 그럭저럭 괜찮았음. 시간 맞으면 한 번쯤 들를만함. 다음엔 다른 메뉴도 봐야 할 듯. 기대치를 낮추고 가면 무난한 정도.",20190316,1
맛집_리뷰,[강남역 맛집] 천진영감 X 맛집꿀정보,"천진영감 맛집꿀정보 갔다옴. 대기 조금 있었고 메뉴는 생각보다 빨리 나왔다. 맛은 무난, 양은 적당한 편이라 근처에서 밥 먹을 때 참고할 만함. 시간 맞으면 한 번쯤 들를만함. 기대치를 낮추고 가면 무난한 정도. 사람이 좀 있어서 조용한 느낌은 아니었음.",20190529,1
맛집_리뷰,[강남역 맛집] 한식 &quot;노랑저고리&quot;,"한식 ""노랑저고리""는 가게 앞에서 잠깐 기다렸다. 메뉴는 금방 정했고 맛은 평범한데 묘하게 계속 먹게 됨. 다음에 지나가면 또 생각날 수도. 기대치를 낮추고 가면 무난한 정도. 사람이 좀 있어서 조용한 느낌은 아니었음.",20190717,1
맛집_리뷰,20191110_강남_하루하루(#강남역맛집),1110_강남_하루하루 사진 몇 장 남김. 조명 때문에 음식 색은 잘 나오는 편이었고 실제 맛도 크게 다르진 않았다. 테이블은 조금 좁아서 그건 아쉬웠음. 다음엔 다른 메뉴도 봐야 할 듯. 사람이 좀 있어서 조용한 느낌은 아니었음.,20191123,1
맛집_리뷰,[강남역 맛집] 일본풍 파스타가 정말 맛있었던곳 '고에몬... ,"일본풍을 먹었는데 양이 아주 많진 않아도 부족하진 않았다. 내부는 조금 바빴고, 음식은 깔끔한 편이라 크게 실패할 느낌은 아님. 사진은 몇 장 찍었는데 정리는 나중에 해야겠다. 사람이 좀 있어서 조용한 느낌은 아니었음.",20200716,1
맛집_리뷰,강남역 맛집 딘타이펑 이집 샤오롱바오 잘하네,딘타이펑 이름은 몇 번 봤는데 이제야 가봄. 양은 생각보다 괜찮고 맛은 익숙한 쪽. 웨이팅 길면 굳이 기다릴 정도는 아닌 듯. 시간 맞으면 한 번쯤 들를만함. 엄청난 건 아니고 그냥 기록용. 사진은 몇 장 찍었는데 정리는 나중에 해야겠다.,20190214,1
맛집_리뷰,강남역 맛집 - 알부자,알부자는 가게 앞에서 잠깐 기다렸다. 메뉴는 금방 정했고 맛은 평범한데 묘하게 계속 먹게 됨. 다음에 지나가면 또 생각날 수도. 이런 곳도 있었네 싶었다. 급하게 정한 일정치고는 나쁘지 않았다. 엄청난 건 아니고 그냥 기록용.,20200306,1
맛집_리뷰,"강남역맛집, 강남회전초밥을 찾는다면 강남 스시오 추천!","강남회전초밥을 먹고 옴. 사람 많고 조금 정신없었지만 음식은 괜찮았다. 가격은 보통, 위치는 편한 편이라 약속 전후로 들르기 좋음. 가격은 막 싸진 않았고 위치는 찾기 쉬운 편. 엄청난 건 아니고 그냥 기록용. 다음엔 다른 메뉴도 봐야 할 듯.",20190813,1
맛집_리뷰,[강남역 맛집] 쉐이크쉑 (SHAKE SHACK)- 쉑쉑버거 느끼하지만... ,"쉐이크쉑 먹고 옴. 사람 많고 조금 정신없었지만 음식은 괜찮았다. 가격은 보통, 위치는 편한 편이라 약속 전후로 들르기 좋음. 사람이 좀 있어서 조용한 느낌은 아니었음. 사진은 몇 장 찍었는데 정리는 나중에 해야겠다.",20190216,1
맛집_리뷰,강남역 맛집 바비레드 재방문 후기,"바비레드 쪽은 사람이 꽤 많았다. 메뉴판 보고 고르는데 가격대는 평범했고, 음식은 간이 센 편. 웨이팅 싫으면 애매한 시간에 가는 게 나을 듯. 가격은 막 싸진 않았고 위치는 찾기 쉬운 편. 이런 곳도 있었네 싶었다. 가격은 막 싸진 않았고 위치는 찾기 쉬운 편.",20191202,1
맛집_리뷰,강남역 맛집 바비레드 꼭가기 두번가기,"바비레드 꼭가기를 먹었는데 양이 아주 많진 않아도 부족하진 않았다. 내부는 조금 바빴고, 음식은 깔끔한 편이라 크게 실패할 느낌은 아님. 사람이 좀 있어서 조용한 느낌은 아니었음. 시간 맞으면 한 번쯤 들를만함. 다음엔 다른 메뉴도 봐야 할 듯.",20190102,1
맛집_리뷰,"강남역 맛집, 미소다이닝 세이로무시 추천.",미소다이닝 사진 몇 장 남김. 조명 때문에 음식 색은 잘 나오는 편이었고 실제 맛도 크게 다르진 않았다. 테이블은 조금 좁아서 그건 아쉬웠음. 사진은 몇 장 찍었는데 정리는 나중에 해야겠다. 엄청난 건 아니고 그냥 기록용.,20190116,1
맛집_리뷰,강남역맛집 / 낙원타코아니죠... 타코맛집 / 플래터 / 스텔라,낙원타코아니죠... 타코맛집은 가게 앞에서 잠깐 기다렸다. 메뉴는 금방 정했고 맛은 평범한데 묘하게 계속 먹게 됨. 다음에 지나가면 또 생각날 수도. 엄청난 건 아니고 그냥 기록용. 기대치를 낮추고 가면 무난한 정도.,20200113,1
맛집_리뷰,강남역 맛집 장인닭갈비 줄서서 먹은 보람이 있다!,장인닭갈비 줄서서 기록. 자리 간격은 넓진 않았고 음식은 바로 먹기 괜찮았다. 막 특별하진 않은데 배고플 때 들르면 나쁘지 않은 정도. 다음엔 다른 메뉴도 봐야 할 듯. 기대치를 낮추고 가면 무난한 정도. 시간 맞으면 한 번쯤 들를만함.,20190317,1
맛집_리뷰,"강남역맛집, 마녀주방 피자와브리또 솔직후기!","마녀주방 피자와브리또를 먹었는데 양이 아주 많진 않아도 부족하진 않았다. 내부는 조금 바빴고, 음식은 깔끔한 편이라 크게 실패할 느낌은 아님. 다음엔 다른 메뉴도 봐야 할 듯. 기대치를 낮추고 가면 무난한 정도. 사람이 좀 있어서 조용한 느낌은 아니었음.",20190917,1
맛집_리뷰,"[강남역 맛집] 희래식당 -마라탕 처음 먹어본 날, 꿔바로우도 함께",희래식당 이름은 몇 번 봤는데 이제야 가봄. 양은 생각보다 괜찮고 맛은 익숙한 쪽. 웨이팅 길면 굳이 기다릴 정도는 아닌 듯. 사람이 좀 있어서 조용한 느낌은 아니었음. 시간 맞으면 한 번쯤 들를만함. 딱히 특별하진 않은데 기억은 남는 편이다.,20190427,1
맛집_리뷰,[강남역맛집]60년전통신촌황소곱창,"60년전통신촌황소곱창은 위치가 편해서 들렀다. 주문하고 기다리는 시간은 보통, 맛은 익숙한 느낌이었다. 조용한 식사보단 가볍게 먹는 쪽에 가까움. 엄청난 건 아니고 그냥 기록용. 딱히 특별하진 않은데 기억은 남는 편이다.",20190302,1
맛집_리뷰,강남역맛집 어거스트 힐 맛집을 가다,"어거스트 맛집을은 위치가 편해서 들렀다. 주문하고 기다리는 시간은 보통, 맛은 익숙한 느낌이었다. 조용한 식사보단 가볍게 먹는 쪽에 가까움. 사진은 몇 장 찍었는데 정리는 나중에 해야겠다. 가격은 막 싸진 않았고 위치는 찾기 쉬운 편.",20191120,1
맛집_리뷰,강남역 맛집 / 강남역 11번출구 맛집 / 낮 맥주가 가능 한... ,11번출구 먹어봄. 맛은 괜찮았고 특별히 불편한 건 없었다. 가게가 조금 북적여서 오래 앉아있긴 애매했고 그냥 식사하고 나오기 좋음. 시간 맞으면 한 번쯤 들를만함. 급하게 정한 일정치고는 나쁘지 않았다. 다음엔 다른 메뉴도 봐야 할 듯.,20191013,1
맛집_리뷰,크리스마스 분위기 가득나는 강남역 맛집 바비레드에서... ,친구가 가보자 해서 크리스마스 분위기 들렀는데 사람 많더라. 그래도 음식은 금방 나왔고 맛도 나쁘지 않았음. 막 감탄까진 아니고 배부르게 먹고 나왔다. 기대치를 낮추고 가면 무난한 정도. 다음엔 다른 메뉴도 봐야 할 듯.,20191202,1
맛집_리뷰,[강남역맛집] 바비레드,"바비레드 먹고 옴. 사람 많고 조금 정신없었지만 음식은 괜찮았다. 가격은 보통, 위치는 편한 편이라 약속 전후로 들르기 좋음. 딱히 특별하진 않은데 기억은 남는 편이다. 기대치를 낮추고 가면 무난한 정도. 사진은 몇 장 찍었는데 정리는 나중에 해야겠다.",20200120,1
맛집_리뷰,[강남 맛집 / 강남역 맛집] 로리스 더 프라임 립,로리스 이름은 몇 번 봤는데 이제야 가봄. 양은 생각보다 괜찮고 맛은 익숙한 쪽. 웨이팅 길면 굳이 기다릴 정도는 아닌 듯. 시간 맞으면 한 번쯤 들를만함. 이런 곳도 있었네 싶었다. 급하게 정한 일정치고는 나쁘지 않았다.,20191126,1
맛집_리뷰,강남역 맛집 추천 : 수제맥주펍 브롱스(bronx),수제맥주펍 브롱스 기록. 자리 간격은 넓진 않았고 음식은 바로 먹기 괜찮았다. 막 특별하진 않은데 배고플 때 들르면 나쁘지 않은 정도. 시간 맞으면 한 번쯤 들를만함. 사진은 몇 장 찍었는데 정리는 나중에 해야겠다. 엄청난 건 아니고 그냥 기록용.,20190103,1
맛집_리뷰,2019년10월 EP.1[강남역 맛집 / 완백부대찌개 / 강남역 VR... ,10월은 사진으로 봤던 느낌이랑 비슷했다. 음식 비주얼은 괜찮고 양도 보통. 먹다 보니 금방 배불러서 남길 뻔했다. 시간 맞으면 한 번쯤 들를만함. 사진은 몇 장 찍었는데 정리는 나중에 해야겠다. 엄청난 건 아니고 그냥 기록용.,20191007,1
맛집_리뷰,신분당선 강남역 맛집 장서는날 푸짐한 안주로 한 끼 식사하기... ,"신분당선 쪽은 사람이 꽤 많았다. 메뉴판 보고 고르는데 가격대는 평범했고, 음식은 간이 센 편. 웨이팅 싫으면 애매한 시간에 가는 게 나을 듯. 딱히 특별하진 않은데 기억은 남는 편이다. 이런 곳도 있었네 싶었다. 가격은 막 싸진 않았고 위치는 찾기 쉬운 편.",20200128,1
맛집_리뷰,[강남역 맛집] 딘딘향의 3만원어치 마라탕 ㅋㅋㅋㅋ,딘딘향의 3만원어치에서 밥 먹었다. 맛은 자극적이지 않았고 가격도 요즘 기준으로는 평범했다. 근처 약속 있을 때 한 끼 해결하기 괜찮은 곳. 사진은 몇 장 찍었는데 정리는 나중에 해야겠다. 딱히 특별하진 않은데 기억은 남는 편이다.,20191126,1
맛집_리뷰,"강남역 맛집 바비레드, 아들과 동행","바비레드 아들과 먹고 옴. 사람 많고 조금 정신없었지만 음식은 괜찮았다. 가격은 보통, 위치는 편한 편이라 약속 전후로 들르기 좋음. 사진은 몇 장 찍었는데 정리는 나중에 해야겠다. 사람이 좀 있어서 조용한 느낌은 아니었음.",20191218,1
맛집_리뷰,강남역 맛집 미즈컨테이너 이탈리안 음식,미즈컨테이너 이탈리안은 가게 앞에서 잠깐 기다렸다. 메뉴는 금방 정했고 맛은 평범한데 묘하게 계속 먹게 됨. 다음에 지나가면 또 생각날 수도. 이런 곳도 있었네 싶었다. 급하게 정한 일정치고는 나쁘지 않았다. 사진은 몇 장 찍었는데 정리는 나중에 해야겠다.,20191231,1
맛집_리뷰,강남역 맛집 꼭그닭 빠네치킨 먹어보기 ' ▾ ',꼭그닭은 사진으로 봤던 느낌이랑 비슷했다. 음식 비주얼은 괜찮고 양도 보통. 먹다 보니 금방 배불러서 남길 뻔했다. 기대치를 낮추고 가면 무난한 정도. 사람이 좀 있어서 조용한 느낌은 아니었음. 엄청난 건 아니고 그냥 기록용.,20190908,1
맛집_리뷰,[강남역맛집] 5년단골 참치21의 맛있는 숙성참치파티 (feat.... ,"5년단골 쪽은 사람이 꽤 많았다. 메뉴판 보고 고르는데 가격대는 평범했고, 음식은 간이 센 편. 웨이팅 싫으면 애매한 시간에 가는 게 나을 듯. 사진은 몇 장 찍었는데 정리는 나중에 해야겠다. 이런 곳도 있었네 싶었다.",20200928,1
맛집_리뷰,"[맛집추천] 강남역맛집, 가성비 최고 롤링파스타에서... ","가성비 먹고 옴. 사람 많고 조금 정신없었지만 음식은 괜찮았다. 가격은 보통, 위치는 편한 편이라 약속 전후로 들르기 좋음. 엄청난 건 아니고 그냥 기록용. 다음엔 다른 메뉴도 봐야 할 듯. 다음엔 다른 메뉴도 봐야 할 듯.",20190829,1
맛집_리뷰,강남역 라멘 맛집 마루이치[강남역맛집/데이트코스/혼밥]... ,라멘 마루이치 이름은 몇 번 봤는데 이제야 가봄. 양은 생각보다 괜찮고 맛은 익숙한 쪽. 웨이팅 길면 굳이 기다릴 정도는 아닌 듯. 딱히 특별하진 않은데 기억은 남는 편이다. 딱히 특별하진 않은데 기억은 남는 편이다. 기대치를 낮추고 가면 무난한 정도.,20190104,1
맛집_리뷰,[강남역 맛집] 연인끼리 데이트하기 좋은 파스타집 | 바비레드,"연인끼리 다녀왔는데 첫인상은 그냥 보통. 근데 먹다 보니 나쁘지 않았다. 소스가 조금 강해서 호불호 있을 듯하고, 나는 그럭저럭 괜찮았음. 급하게 정한 일정치고는 나쁘지 않았다. 사람이 좀 있어서 조용한 느낌은 아니었음.",20191122,1
맛집_리뷰,분위기 좋은 강남역 맛집 푸짐하고 맛있는 바비레드,분위기 들렀다. 맛은 무난했고 양도 적당. 웨이팅만 길지 않으면 괜찮음. 엄청 특별한 맛집이라기보단 근처에서 밥 먹기 좋은 곳. 딱히 특별하진 않은데 기억은 남는 편이다. 다음엔 다른 메뉴도 봐야 할 듯. 급하게 정한 일정치고는 나쁘지 않았다.,20191231,1
맛집_리뷰,강남역 맛집] 셰프투고/ 역삼역 배달 맛집♡,맛집] 셰프투고은 사진으로 봤던 느낌이랑 비슷했다. 음식 비주얼은 괜찮고 양도 보통. 먹다 보니 금방 배불러서 남길 뻔했다. 가격은 막 싸진 않았고 위치는 찾기 쉬운 편. 엄청난 건 아니고 그냥 기록용. 딱히 특별하진 않은데 기억은 남는 편이다.,20191115,1
맛집_리뷰,[강남역 맛집] 강남 돈코츠 일본라멘 유타로 (점심맥주팜^^),강남 돈코츠 기록. 자리 간격은 넓진 않았고 음식은 바로 먹기 괜찮았다. 막 특별하진 않은데 배고플 때 들르면 나쁘지 않은 정도. 다음엔 다른 메뉴도 봐야 할 듯. 시간 맞으면 한 번쯤 들를만함. 사람이 좀 있어서 조용한 느낌은 아니었음.,20191231,1
맛집_리뷰,"강남역맛집, 베트남쌀국수 땀땀!",베트남쌀국수 땀땀!는 가게 앞에서 잠깐 기다렸다. 메뉴는 금방 정했고 맛은 평범한데 묘하게 계속 먹게 됨. 다음에 지나가면 또 생각날 수도. 엄청난 건 아니고 그냥 기록용. 가격은 막 싸진 않았고 위치는 찾기 쉬운 편.,20200124,1
맛집_리뷰,강남역 맛집 가성비 실화?,친구가 가보자 해서 가성비 실화? 들렀는데 사람 많더라. 그래도 음식은 금방 나왔고 맛도 나쁘지 않았음. 막 감탄까진 아니고 배부르게 먹고 나왔다. 딱히 특별하진 않은데 기억은 남는 편이다. 급하게 정한 일정치고는 나쁘지 않았다.,20190618,1
맛집_리뷰,강남역맛집 : 어글리스토브!,어글리스토브!은 사진으로 봤던 느낌이랑 비슷했다. 음식 비주얼은 괜찮고 양도 보통. 먹다 보니 금방 배불러서 남길 뻔했다. 엄청난 건 아니고 그냥 기록용. 다음엔 다른 메뉴도 봐야 할 듯. 이런 곳도 있었네 싶었다.,20200102,1
맛집_리뷰,[강남역 맛집] 모모사라 크림/김치함박스테이크 존맛탱,모모사라 크림 사진 몇 장 남김. 조명 때문에 음식 색은 잘 나오는 편이었고 실제 맛도 크게 다르진 않았다. 테이블은 조금 좁아서 그건 아쉬웠음. 딱히 특별하진 않은데 기억은 남는 편이다. 다음엔 다른 메뉴도 봐야 할 듯.,20191222,1
맛집_리뷰,[강남역 맛집] 출간기념으로 강남역 한식 맛집 매우매오 방문!... ,"출간기념으로 한식 먹고 옴. 사람 많고 조금 정신없었지만 음식은 괜찮았다. 가격은 보통, 위치는 편한 편이라 약속 전후로 들르기 좋음. 사진은 몇 장 찍었는데 정리는 나중에 해야겠다. 엄청난 건 아니고 그냥 기록용.",20190425,1
맛집_리뷰,"[강남역맛집 쭈꾸미맛집 오쭈] 쭈닭으로 주문주문, 쭈꾸미... ","쭈닭으로 주문주문 먹고 옴. 사람 많고 조금 정신없었지만 음식은 괜찮았음. 가격은 보통, 위치는 편한 편이라 약속 전후로 들르기 좋음. 시간 맞으면 한 번쯤 들를만함. 이런 곳도 있었네 싶었다. 시간 맞으면 한 번쯤 들를만함.",20191226,1
맛집_리뷰,[강남역 맛집] 떡볶이무한리필 즉석떡볶이 '두끼 강남점' 가격인상,떡볶이무한리필 즉석떡볶이 기록. 자리 간격은 넓진 않았고 음식은 바로 먹기 괜찮았다. 막 특별하진 않은데 배고플 때 들르면 나쁘지 않은 정도. 급하게 정한 일정치고는 나쁘지 않았다. 엄청난 건 아니고 그냥 기록용.,20190327,1
맛집_리뷰,강남역맛집) 몸보신 삼계탕 맛집 : 한방삼계탕,강남역맛집) 몸보신에서 밥 먹었다. 맛은 자극적이지 않았고 가격도 요즘 기준으로는 평범했다. 근처 약속 있을 때 한 끼 해결하기 괜찮은 곳. 기대치를 낮추고 가면 무난한 정도. 이런 곳도 있었네 싶었다. 가격은 막 싸진 않았고 위치는 찾기 쉬운 편.,20190104,1
맛집_리뷰,&lt;강남역 맛집&gt; 바비레드,<강남역은 사진으로 봤던 느낌이랑 비슷했다. 음식 비주얼은 괜찮고 양도 보통. 먹다 보니 금방 배불러서 남길 뻔했다. 시간 맞으면 한 번쯤 들를만함. 엄청난 건 아니고 그냥 기록용. 딱히 특별하진 않은데 기억은 남는 편이다.,20191214,1
맛집_리뷰,"강남역 맛집 &quot;바비레드&quot; 언제나 웨이팅이 있는 찐맛집,,드디어... ","""바비레드"" 언제나 다녀왔는데 첫인상은 그냥 보통. 근데 먹다 보니 나쁘지 않았다. 소스가 조금 강해서 호불호 있을 듯하고, 나는 그럭저럭 괜찮았음. 엄청난 건 아니고 그냥 기록용. 급하게 정한 일정치고는 나쁘지 않았다.",20200101,1
맛집_리뷰,강남역 맛집 존맛 또 가야지~,존맛 이름은 몇 번 봤는데 이제야 가봄. 양은 생각보다 괜찮고 맛은 익숙한 쪽. 웨이팅 길면 굳이 기다릴 정도는 아닌 듯. 시간 맞으면 한 번쯤 들를만함. 사진은 몇 장 찍었는데 정리는 나중에 해야겠다. 시간 맞으면 한 번쯤 들를만함.,20190117,1
맛집_리뷰,[강남역맛집]9월 행사가격에 가성비좋은 저녁메뉴 매드포갈릭,"9월 먹고 옴. 사람 많고 조금 정신없었지만 음식은 괜찮았다. 가격은 보통, 위치는 편한 편이라 약속 전후로 들르기 좋음. 딱히 특별하진 않은데 기억은 남는 편이다. 딱히 특별하진 않은데 기억은 남는 편이다. 딱히 특별하진 않은데 기억은 남는 편이다.",20190919,1
맛집_리뷰,[먹잼](강남역 맛집)언제나 맛있는 바비레드에서 배부른 한 끼... ,언제나 이름은 몇 번 봤는데 이제야 가봄. 양은 생각보다 괜찮고 맛은 익숙한 쪽. 웨이팅 길면 굳이 기다릴 정도는 아닌 듯. 엄청난 건 아니고 그냥 기록용. 사진은 몇 장 찍었는데 정리는 나중에 해야겠다. 딱히 특별하진 않은데 기억은 남는 편이다.,20200113,1
맛집_리뷰,강남역 맛집 - 강남맛집 파스타 감바스 피자가 맛있는 비어룸(BR),강남맛집은 사진으로 봤던 느낌이랑 비슷했다. 음식 비주얼은 괜찮고 양도 보통. 먹다 보니 금방 배불러서 남길 뻔했다. 기대치를 낮추고 가면 무난한 정도. 급하게 정한 일정치고는 나쁘지 않았다. 사람이 좀 있어서 조용한 느낌은 아니었음.,20190614,1
맛집_리뷰,뱅뱅사거리맛집 조순금 닭도리탕 강남역 맛집 회식장소추천,"뱅뱅사거리맛집 먹고 옴. 사람 많고 조금 정신없었지만 음식은 괜찮았다. 가격은 보통, 위치는 편한 편이라 약속 전후로 들르기 좋음. 사진은 몇 장 찍었는데 정리는 나중에 해야겠다. 엄청난 건 아니고 그냥 기록용. 사진은 몇 장 찍었는데 정리는 나중에 해야겠다.",20191205,1
맛집_리뷰,[서울/강남역] 강남역 맛집 '미즈컨테이너'에서 연말 송년회 :-),"'미즈컨테이너'에서 쪽은 사람이 꽤 많았다. 메뉴판 보고 고르는데 가격대는 평범했고, 음식은 간이 센 편. 웨이팅 싫으면 애매한 시간에 가는 게 나을 듯. 사람이 좀 있어서 조용한 느낌은 아니었음. 엄청난 건 아니고 그냥 기록용.",20191213,1
맛집_리뷰,&lt;강남역 맛집 후기&gt;혼밥하기 좋은 소노야!,"<강남역 먹고 옴. 사람 많고 조금 정신없었지만 음식은 괜찮았다. 가격은 보통, 위치는 편한 편이라 약속 전후로 들르기 좋음. 사진은 몇 장 찍었는데 정리는 나중에 해야겠다. 사람이 좀 있어서 조용한 느낌은 아니었음.",20190322,1
맛집_리뷰,"[강남역 점심] 배고픈 점심... 초밥집, 강남역 맛집“은행골”... ",배고픈 점심...은 사진으로 봤던 느낌이랑 비슷했다. 음식 비주얼은 괜찮고 양도 보통. 먹다 보니 금방 배불러서 남길 뻔했다. 엄청난 건 아니고 그냥 기록용. 이런 곳도 있었네 싶었다. 이런 곳도 있었네 싶었다. 큰 기대 없이 보면 무난하게 참고할 만한 내용이다.,20200418,1
맛집_리뷰,강남역맛집 재즈공연이 있는 레스토랑,재즈공연이는 기대 많이 안 하고 갔는데 딱 그 정도였다. 음식은 무난했고 직원 응대도 평범. 근처에 있으면 다시 갈 수도 있음. 사람이 좀 있어서 조용한 느낌은 아니었음. 사진은 몇 장 찍었는데 정리는 나중에 해야겠다.,20200409,1
맛집_리뷰,"강남역 맛집 바비레드 BOBIRED, 데이트코스로 강추!","바비레드를 먹었는데 양이 아주 많진 않아도 부족하진 않았다. 내부는 조금 바빴고, 음식은 깔끔한 편이라 크게 실패할 느낌은 아님. 가격은 막 싸진 않았고 위치는 찾기 쉬운 편. 가격은 막 싸진 않았고 위치는 찾기 쉬운 편.",20191113,1
맛집_리뷰,강남역 맛집으로 딘타이펑 추천해요!♥,맛집으로 먹어봄. 맛은 괜찮았고 특별히 불편한 건 없었다. 가게가 조금 북적여서 오래 앉아있긴 애매했고 그냥 식사하고 나오기 좋음. 사람이 좀 있어서 조용한 느낌은 아니었음. 사람이 좀 있어서 조용한 느낌은 아니었음.,20200522,1
맛집_리뷰,[강남맛집/강남역맛집] 스시무한리필은 스시메이진 강남점!... ,스시무한리필은 이름은 몇 번 봤는데 이제야 가봄. 양은 생각보다 괜찮고 맛은 익숙한 쪽. 웨이팅 길면 굳이 기다릴 정도는 아닌 듯. 딱히 특별하진 않은데 기억은 남는 편이다. 가격은 막 싸진 않았고 위치는 찾기 쉬운 편.,20200330,1
맛집_리뷰,강남역 맛집  한성 돈까스 서울 돈까스 추천 신사 맛집,한성 돈까스 사진 몇 장 남김. 조명 때문에 음식 색은 잘 나오는 편이었고 실제 맛도 크게 다르진 않았다. 테이블은 조금 좁아서 그건 아쉬웠음. 가격은 막 싸진 않았고 위치는 찾기 쉬운 편. 사람이 좀 있어서 조용한 느낌은 아니었음.,20200705,1
맛집_리뷰,로맨틱한 강남역 맛집 크래프트아일랜드 강남역점에서 즐겨요~!,로맨틱한 크래프트아일랜드 이름은 몇 번 봤는데 이제야 가봄. 양은 생각보다 괜찮고 맛은 익숙한 쪽. 웨이팅 길면 굳이 기다릴 정도는 아닌 듯. 딱히 특별하진 않은데 기억은 남는 편이다. 사람이 좀 있어서 조용한 느낌은 아니었음.,20191228,1
맛집_리뷰,[강남역 맛집] 강남 아트몬스터 / 연말 회식장소 추천 / 강남역... ,강남 아트몬스터 기록. 자리 간격은 넓진 않았고 음식은 바로 먹기 괜찮았다. 막 특별하진 않은데 배고플 때 들르면 나쁘지 않은 정도. 딱히 특별하진 않은데 기억은 남는 편이다. 가격은 막 싸진 않았고 위치는 찾기 쉬운 편.,20191218,1
맛집_리뷰,라그릴리아 봄메뉴 / 라그릴리아 메뉴판 / 강남역 맛집,라그릴리아 봄메뉴에서 밥 먹었다. 맛은 자극적이지 않았고 가격도 요즘 기준으로는 평범했다. 근처 약속 있을 때 한 끼 해결하기 괜찮은 곳. 사람이 좀 있어서 조용한 느낌은 아니었음. 기대치를 낮추고 가면 무난한 정도.,20190421,1
맛집_리뷰,[강남역 맛집/강남역 파스타] 이름없는파스타(2),"이름없는파스타 쪽은 사람이 꽤 많았다. 메뉴판 보고 고르는데 가격대는 평범했고, 음식은 간이 센 편. 웨이팅 싫으면 애매한 시간에 가는 게 나을 듯. 다음엔 다른 메뉴도 봐야 할 듯. 급하게 정한 일정치고는 나쁘지 않았다.",20200114,1
맛집_리뷰,[강남역 맛집]&quot;스테이터 강남역점&quot; / 가성비 좋은... ,"""스테이터 쪽은 사람이 꽤 많았다. 메뉴판 보고 고르는데 가격대는 평범했고, 음식은 간이 센 편. 웨이팅 싫으면 애매한 시간에 가는 게 나을 듯. 다음엔 다른 메뉴도 봐야 할 듯. 다음엔 다른 메뉴도 봐야 할 듯. 이런 곳도 있었네 싶었다.",20191210,1
맛집_리뷰,[강남역 맛집/강남역 샐러드] 피그인더가든,피그인더가든은 사진으로 봤던 느낌이랑 비슷했다. 음식 비주얼은 괜찮고 양도 보통. 먹다 보니 금방 배불러서 남길 뻔했다. 엄청난 건 아니고 그냥 기록용. 다음엔 다른 메뉴도 봐야 할 듯. 사람이 좀 있어서 조용한 느낌은 아니었음.,20191220,1
맛집_리뷰,[강남역 맛집/강남역 막국수] 청류벽,"청류벽 쪽은 사람이 꽤 많았다. 메뉴판 보고 고르는데 가격대는 평범했고, 음식은 간이 센 편. 웨이팅 싫으면 애매한 시간에 가는 게 나을 듯. 다음엔 다른 메뉴도 봐야 할 듯. 사진은 몇 장 찍었는데 정리는 나중에 해야겠다.",20190623,1
맛집_리뷰,[강남역 맛집] 지금까지 이런... 인생고기 맛집 / 두껍삼 강남직... ,지금까지은 사진으로 봤던 느낌이랑 비슷했다. 음식 비주얼은 괜찮고 양도 보통. 먹다 보니 금방 배불러서 남길 뻔했다. 급하게 정한 일정치고는 나쁘지 않았다. 이런 곳도 있었네 싶었다. 다음엔 다른 메뉴도 봐야 할 듯.,20190314,1
맛집_리뷰,[강남역 맛집/강남역 초밥] 갓덴스시 강남점,갓덴스시 강남점 먹어봄. 맛은 괜찮았고 특별히 불편한 건 없었다. 가게가 조금 북적여서 오래 앉아있긴 애매했고 그냥 식사하고 나오기 좋음. 이런 곳도 있었네 싶었다. 사람이 좀 있어서 조용한 느낌은 아니었음. 이런 곳도 있었네 싶었다.,20190503,1
맛집_리뷰,"[강남역 밥집] 강남역 맛집,밥집,저렴한 가격에 스테이크를... ",밥집 들렀다. 맛은 무난했고 양도 적당. 웨이팅만 길지 않으면 괜찮음. 엄청 특별한 맛집이라기보단 근처에서 밥 먹기 좋은 곳. 엄청난 건 아니고 그냥 기록용. 엄청난 건 아니고 그냥 기록용. 다음엔 다른 메뉴도 봐야 할 듯.,20191231,1
맛집_리뷰,[강남역 맛집/강남역 파스타] 미즈컨테이너 강남 이스트,"미즈컨테이너를 먹었는데 양이 아주 많진 않아도 부족하진 않았다. 내부는 조금 바빴고, 음식은 깔끔한 편이라 크게 실패할 느낌은 아님. 이런 곳도 있었네 싶었다. 시간 맞으면 한 번쯤 들를만함. 다음엔 다른 메뉴도 봐야 할 듯.",20190412,1
맛집_리뷰,[강남역 맛집/강남역 소고기] 투뿔등심-2,투뿔등심-2 들렀다. 맛은 무난했고 양도 적당. 웨이팅만 길지 않으면 괜찮음. 엄청 특별한 맛집이라기보단 근처에서 밥 먹기 좋은 곳. 급하게 정한 일정치고는 나쁘지 않았다. 가격은 막 싸진 않았고 위치는 찾기 쉬운 편.,20190310,1
맛집_리뷰,"[강남역 맛집] 소고기 제대로 맛보기 , 창고43 강남점","소고기 제대로 먹고 옴. 사람 많고 조금 정신없었지만 음식은 괜찮았다. 가격은 보통, 위치는 편한 편이라 약속 전후로 들르기 좋음. 사람이 좀 있어서 조용한 느낌은 아니었음. 엄청난 건 아니고 그냥 기록용. 시간 맞으면 한 번쯤 들를만함.",20200129,1
맛집_리뷰,[강남역 맛집/강남역 파스타] 이름없는파스타 강남역점,"이름없는파스타 다녀왔는데 첫인상은 그냥 보통. 근데 먹다 보니 나쁘지 않았다. 소스가 조금 강해서 호불호 있을 듯하고, 나는 그럭저럭 괜찮았음. 가격은 막 싸진 않았고 위치는 찾기 쉬운 편. 사람이 좀 있어서 조용한 느낌은 아니었음.",20191107,1
맛집_리뷰,"2019년 8월 13일 강남역 맛집, VERA PIZZA SPC스퀘어점... ","8월 13일은 위치가 편해서 들렀다. 주문하고 기다리는 시간은 보통, 맛은 익숙한 느낌이었다. 조용한 식사보단 가볍게 먹는 쪽에 가까움. 이런 곳도 있었네 싶었다. 시간 맞으면 한 번쯤 들를만함. 가격은 막 싸진 않았고 위치는 찾기 쉬운 편.",20190813,1
맛집_리뷰,2019년 12월의 일상 (사진스압),12월의는 기대 많이 안 하고 갔는데 딱 그 정도였다. 음식은 무난했고 직원 응대도 평범. 근처에 있으면 다시 갈 수도 있음. 사진은 몇 장 찍었는데 정리는 나중에 해야겠다. 기대치를 낮추고 가면 무난한 정도. 시간 맞으면 한 번쯤 들를만함.,20200204,1
맛집_리뷰,강남역 맛집 : 장인 닭갈비 (건강한 재료에 엄지척!),"장인 먹고 옴. 사람 많고 조금 정신없었지만 음식은 괜찮았다. 가격은 보통, 위치는 편한 편이라 약속 전후로 들르기 좋음. 다음엔 다른 메뉴도 봐야 할 듯. 가격은 막 싸진 않았고 위치는 찾기 쉬운 편. 사람이 좀 있어서 조용한 느낌은 아니었음.",20190325,1
맛집_리뷰,[강남역 맛집]롤링파스타(Rolling Pasta),"롤링파스타 쪽은 사람이 꽤 많았다. 메뉴판 보고 고르는데 가격대는 평범했고, 음식은 간이 센 편. 웨이팅 싫으면 애매한 시간에 가는 게 나을 듯. 급하게 정한 일정치고는 나쁘지 않았다. 급하게 정한 일정치고는 나쁘지 않았다.",20190603,1
맛집_리뷰,유나이티드 갤러리 2019년 10월 U매거진_셋째주 전시_한성진... ,"유나이티드 갤러리 다녀왔는데 첫인상은 그냥 보통. 근데 먹다 보니 나쁘지 않았다. 소스가 조금 강해서 호불호 있을 듯하고, 나는 그럭저럭 괜찮았음. 기대치를 낮추고 가면 무난한 정도. 기대치를 낮추고 가면 무난한 정도.",20191011,1
맛집_리뷰,유나이티드 갤러리 2019년 5월 U매거진_셋째주 전시... ,유나이티드 갤러리에서 밥 먹었다. 맛은 자극적이지 않았고 가격도 요즘 기준으로는 평범했다. 근처 약속 있을 때 한 끼 해결하기 괜찮은 곳. 다음엔 다른 메뉴도 봐야 할 듯. 기대치를 낮추고 가면 무난한 정도. 이런 곳도 있었네 싶었다.,20190513,1
맛집_리뷰,[강남역맛집] 홍콩식... 탄탄면이 생각나면 _ 제레미20 강남역점,홍콩식... 탄탄면이 들렀다. 맛은 무난했고 양도 적당. 웨이팅만 길지 않으면 괜찮음. 엄청 특별한 맛집이라기보단 근처에서 밥 먹기 좋은 곳. 엄청난 건 아니고 그냥 기록용. 급하게 정한 일정치고는 나쁘지 않았다.,20200219,1
맛집_리뷰,강남역 맛집 바비레드에서 파스타먹고왔어요!,바비레드에서에서 밥 먹었다. 맛은 자극적이지 않았고 가격도 요즘 기준으로는 평범했다. 근처 약속 있을 때 한 끼 해결하기 괜찮은 곳. 사진은 몇 장 찍었는데 정리는 나중에 해야겠다. 다음엔 다른 메뉴도 봐야 할 듯. 사람이 좀 있어서 조용한 느낌은 아니었음.,20191217,1
맛집_리뷰,오랜만에 가본 강남역 / 강남역 맛집 &amp; 카페 / 3MK / 랑데자뷰,오랜만에 가본은 사진으로 봤던 느낌이랑 비슷했다. 음식 비주얼은 괜찮고 양도 보통. 먹다 보니 금방 배불러서 남길 뻔했다. 다음엔 다른 메뉴도 봐야 할 듯. 급하게 정한 일정치고는 나쁘지 않았다. 급하게 정한 일정치고는 나쁘지 않았다.,20200130,1
맛집_리뷰,[강남역술집] 가성비 좋은 강남역 맛집/술집 경성주막1929,가성비 술집 이름은 몇 번 봤는데 이제야 가봄. 양은 생각보다 괜찮고 맛은 익숙한 쪽. 웨이팅 길면 굳이 기다릴 정도는 아닌 듯. 기대치를 낮추고 가면 무난한 정도. 이런 곳도 있었네 싶었다. 다음엔 다른 메뉴도 봐야 할 듯.,20190122,1
맛집_리뷰,"라온위즈 9월, 본부팀의 강남역 맛집탐방",라온위즈는 기대 많이 안 하고 갔는데 딱 그 정도였다. 음식은 무난했고 직원 응대도 평범. 근처에 있으면 다시 갈 수도 있음. 엄청난 건 아니고 그냥 기록용. 시간 맞으면 한 번쯤 들를만함. 가격은 막 싸진 않았고 위치는 찾기 쉬운 편.,20191002,1
맛집_리뷰,강남역 맛집 / 비스트로바 라그릴리아,비스트로바에서 밥 먹었다. 맛은 자극적이지 않았고 가격도 요즘 기준으로는 평범했다. 근처 약속 있을 때 한 끼 해결하기 괜찮은 곳. 다음엔 다른 메뉴도 봐야 할 듯. 이런 곳도 있었네 싶었다. 딱히 특별하진 않은데 기억은 남는 편이다.,20190109,1
맛집_리뷰,2019년 12월 1주차 일상,"12월 1주차를 먹었는데 양이 아주 많진 않아도 부족하진 않았다. 내부는 조금 바빴고, 음식은 깔끔한 편이라 크게 실패할 느낌은 아님. 기대치를 낮추고 가면 무난한 정도. 딱히 특별하진 않은데 기억은 남는 편이다.",20191209,1
맛집_리뷰,강남역맛집 : 강남진해장 - 곱창전골맛집,강남진해장 사진 몇 장 남김. 조명 때문에 음식 색은 잘 나오는 편이었고 실제 맛도 크게 다르진 않았다. 테이블은 조금 좁아서 그건 아쉬웠음. 딱히 특별하진 않은데 기억은 남는 편이다. 사진은 몇 장 찍었는데 정리는 나중에 해야겠다.,20191231,1
맛집_리뷰,강남역커피빈/강남역맛집/스트릿(strEAT)/사당역맛집/연안식당... ,"강남역커피빈 스트릿 쪽은 사람이 꽤 많았다. 메뉴판 보고 고르는데 가격대는 평범했고, 음식은 간이 센 편. 웨이팅 싫으면 애매한 시간에 가는 게 나을 듯. 엄청난 건 아니고 그냥 기록용. 다음엔 다른 메뉴도 봐야 할 듯.",20190902,1
맛집_리뷰,[제405탄] 서울 강남역맛집 웨딩홀뷔페 스칼라티움 강남점,서울 사진 몇 장 남김. 조명 때문에 음식 색은 잘 나오는 편이었고 실제 맛도 크게 다르진 않았다. 테이블은 조금 좁아서 그건 아쉬웠음. 시간 맞으면 한 번쯤 들를만함. 기대치를 낮추고 가면 무난한 정도. 엄청난 건 아니고 그냥 기록용.,20191109,1
맛집_리뷰,[강남역 맛집] 88년도 개업 모퉁이집 솔직후기,88년도 개업 먹어봄. 맛은 괜찮았고 특별히 불편한 건 없었다. 가게가 조금 북적여서 오래 앉아있긴 애매했고 그냥 식사하고 나오기 좋음. 다음엔 다른 메뉴도 봐야 할 듯. 딱히 특별하진 않은데 기억은 남는 편이다. 급하게 정한 일정치고는 나쁘지 않았다.,20200630,1
맛집_리뷰,강남역 맛집 미국남부 가정식 [샤이바나 강남점]_10월... ,"미국남부 갔다옴. 대기 조금 있었고 메뉴는 생각보다 빨리 나왔다. 맛은 무난, 양은 적당한 편이라 근처에서 밥 먹을 때 참고할 만함. 가격은 막 싸진 않았고 위치는 찾기 쉬운 편. 다음엔 다른 메뉴도 봐야 할 듯. 기대치를 낮추고 가면 무난한 정도.",20200109,1
맛집_리뷰,[일상-맛집] 강남역 맛집 땀땀 (단골인의 찐 리뷰),땀땀은 사진으로 봤던 느낌이랑 비슷했다. 음식 비주얼은 괜찮고 양도 보통. 먹다 보니 금방 배불러서 남길 뻔했다. 엄청난 건 아니고 그냥 기록용. 다음엔 다른 메뉴도 봐야 할 듯. 이런 곳도 있었네 싶었다. 그냥 기록용으로 남겨두면 나중에 다시 보기 괜찮을 듯.,20200917,1
맛집_리뷰,"[강남역 맛집] 연말 모임, 회식장소 추천 &quot;큰물참치&quot;",연말 모임은 사진으로 봤던 느낌이랑 비슷했다. 음식 비주얼은 괜찮고 양도 보통. 먹다 보니 금방 배불러서 남길 뻔했다. 가격은 막 싸진 않았고 위치는 찾기 쉬운 편. 사진은 몇 장 찍었는데 정리는 나중에 해야겠다. 엄청난 건 아니고 그냥 기록용.,20190101,1
맛집_리뷰,11년 내내 바보같은 친구랑 성공적인 강남역 맛집 찾기!!,11년 이름은 몇 번 봤는데 이제야 가봄. 양은 생각보다 괜찮고 맛은 익숙한 쪽. 웨이팅 길면 굳이 기다릴 정도는 아닌 듯. 이런 곳도 있었네 싶었다. 급하게 정한 일정치고는 나쁘지 않았다. 엄청난 건 아니고 그냥 기록용.,20190715,1
맛집_리뷰,[강남역 맛집] 맥쓰세계치킨 강남점 :: 가성비 좋은 치킨... ,맥쓰세계치킨 강남점 사진 몇 장 남김. 조명 때문에 음식 색은 잘 나오는 편이었고 실제 맛도 크게 다르진 않았다. 테이블은 조금 좁아서 그건 아쉬웠음. 다음엔 다른 메뉴도 봐야 할 듯. 엄청난 건 아니고 그냥 기록용. 기대치를 낮추고 가면 무난한 정도.,20190724,1
맛집_리뷰,[강남역 맛집] 바비레드 강남본... 되는 갈비 파스타 맛집 메뉴 추천,"바비레드 먹고 옴. 사람 많고 조금 정신없었지만 음식은 괜찮았다. 가격은 보통, 위치는 편한 편이라 약속 전후로 들르기 좋음. 시간 맞으면 한 번쯤 들를만함. 시간 맞으면 한 번쯤 들를만함. 딱히 특별하진 않은데 기억은 남는 편이다.",20191123,1
맛집_리뷰,"[강남역 맛집] 만원수산, 서울 횟집, 횟집 맛집, 가성비 좋은 횟집",만원수산 먹어봄. 맛은 괜찮았고 특별히 불편한 건 없었다. 가게가 조금 북적여서 오래 앉아있긴 애매했고 그냥 식사하고 나오기 좋음. 이런 곳도 있었네 싶었다. 딱히 특별하진 않은데 기억은 남는 편이다. 사람이 좀 있어서 조용한 느낌은 아니었음.,20190928,1
맛집_리뷰,강남 맛집 / 강남역 맛집 / 강남 일식 / 강남 복요리 &quot;강남 복... ,강남은 기대 많이 안 하고 갔는데 딱 그 정도였다. 음식은 무난했고 직원 응대도 평범. 근처에 있으면 다시 갈 수도 있음. 사진은 몇 장 찍었는데 정리는 나중에 해야겠다. 가격은 막 싸진 않았고 위치는 찾기 쉬운 편. 이런 곳도 있었네 싶었다.,20190507,1
맛집_리뷰,강남 마녀의초대장  / 강남역 맛집/ 강남역 스테이크 / 강남... ,"강남은 위치가 편해서 들렀다. 주문하고 기다리는 시간은 보통, 맛은 익숙한 느낌이었다. 조용한 식사보단 가볍게 먹는 쪽에 가까움. 딱히 특별하진 않은데 기억은 남는 편이다. 엄청난 건 아니고 그냥 기록용. 사진은 몇 장 찍었는데 정리는 나중에 해야겠다.",20190202,1
맛집_리뷰,[강남역 맛집] 크림카레우동이 맛있는 “토끼정”,크림카레우동이 사진 몇 장 남김. 조명 때문에 음식 색은 잘 나오는 편이었고 실제 맛도 크게 다르진 않았다. 테이블은 조금 좁아서 그건 아쉬웠음. 가격은 막 싸진 않았고 위치는 찾기 쉬운 편. 급하게 정한 일정치고는 나쁘지 않았다.,20190114,1
맛집_리뷰,홍콩 분위기의 강남역 맛집 :: 구구당 내 돈 주고 먹은 후기,"홍콩 먹고 옴. 사람 많고 조금 정신없었지만 음식은 괜찮았다. 가격은 보통, 위치는 편한 편이라 약속 전후로 들르기 좋음. 딱히 특별하진 않은데 기억은 남는 편이다. 가격은 막 싸진 않았고 위치는 찾기 쉬운 편. 기대치를 낮추고 가면 무난한 정도.",20200506,1
맛집_리뷰,브이로그 + 2019년 12월 일상사진 모음,브이로그 12월 기록. 자리 간격은 넓진 않았고 음식은 바로 먹기 괜찮았다. 막 특별하진 않은데 배고플 때 들르면 나쁘지 않은 정도. 엄청난 건 아니고 그냥 기록용. 사람이 좀 있어서 조용한 느낌은 아니었음. 가격은 막 싸진 않았고 위치는 찾기 쉬운 편.,20200208,1
맛집_리뷰,[강남역 맛집] ‘라공방’에서 마라탕&amp;꿔바로우를 먹었어요!... ,‘라공방’에서 이름은 몇 번 봤는데 이제야 가봄. 양은 생각보다 괜찮고 맛은 익숙한 쪽. 웨이팅 길면 굳이 기다릴 정도는 아닌 듯. 급하게 정한 일정치고는 나쁘지 않았다. 사람이 좀 있어서 조용한 느낌은 아니었음. 딱히 특별하진 않은데 기억은 남는 편이다.,20190814,1
맛집_리뷰,[맛집리뷰]강남역맛집/붓처스컷강남점/BUTCHER’S CUT 강남... ,붓처스컷강남점은 가게 앞에서 잠깐 기다렸다. 메뉴는 금방 정했고 맛은 평범한데 묘하게 계속 먹게 됨. 다음에 지나가면 또 생각날 수도. 엄청난 건 아니고 그냥 기록용. 시간 맞으면 한 번쯤 들를만함. 딱히 특별하진 않은데 기억은 남는 편이다.,20190714,1
맛집_리뷰,[by HK][강남역 맛집]강남역 라공방 본점,라공방은 가게 앞에서 잠깐 기다렸다. 메뉴는 금방 정했고 맛은 평범한데 묘하게 계속 먹게 됨. 다음에 지나가면 또 생각날 수도. 엄청난 건 아니고 그냥 기록용. 이런 곳도 있었네 싶었다. 이런 곳도 있었네 싶었다. 그냥 기록용으로 남겨두면 나중에 다시 보기 괜찮을 듯.,20190711,1
맛집_리뷰,[강남역맛집] 속재료 듬뿍! 직접 만들어 먹는 타코 _ 낙원타코,"속재료를 먹었는데 양이 아주 많진 않아도 부족하진 않았다. 내부는 조금 바빴고, 음식은 깔끔한 편이라 크게 실패할 느낌은 아님. 사람이 좀 있어서 조용한 느낌은 아니었음. 가격은 막 싸진 않았고 위치는 찾기 쉬운 편.",20200318,1
맛집_리뷰,[강남역 맛집/기념일 데이트] 마키노차야 역삼점 디너 25... ,"마키노차야 쪽은 사람이 꽤 많았다. 메뉴판 보고 고르는데 가격대는 평범했고, 음식은 간이 센 편. 웨이팅 싫으면 애매한 시간에 가는 게 나을 듯. 기대치를 낮추고 가면 무난한 정도. 급하게 정한 일정치고는 나쁘지 않았다.",20190219,1
맛집_리뷰,[강남역맛집/강남카페] 강남역 메이드바이오즈 / 카페빈스플,"메이드바이오즈는 위치가 편해서 들렀다. 주문하고 기다리는 시간은 보통, 맛은 익숙한 느낌이었다. 조용한 식사보단 가볍게 먹는 쪽에 가까움. 딱히 특별하진 않은데 기억은 남는 편이다. 시간 맞으면 한 번쯤 들를만함.",20190106,1
맛집_리뷰,[강남역 맛집] 하이디라오... 골라먹는 재미! 강남 훠궈 맛집,하이디라오... 골라먹는 사진 몇 장 남김. 조명 때문에 음식 색은 잘 나오는 편이었고 실제 맛도 크게 다르진 않았다. 테이블은 조금 좁아서 그건 아쉬웠음. 이런 곳도 있었네 싶었다. 엄청난 건 아니고 그냥 기록용. 가격은 막 싸진 않았고 위치는 찾기 쉬운 편.,20190501,1
맛집_리뷰,[강남역 맛집] 중경 마라탕,"중경 쪽은 사람이 꽤 많았다. 메뉴판 보고 고르는데 가격대는 평범했고, 음식은 간이 센 편. 웨이팅 싫으면 애매한 시간에 가는 게 나을 듯. 딱히 특별하진 않은데 기억은 남는 편이다. 기대치를 낮추고 가면 무난한 정도.",20190412,1
맛집_리뷰,강남역 맛집/더치맥앤펍(The CHIMAC and Pub),더치맥앤펍에서 밥 먹었다. 맛은 자극적이지 않았고 가격도 요즘 기준으로는 평범했다. 근처 약속 있을 때 한 끼 해결하기 괜찮은 곳. 엄청난 건 아니고 그냥 기록용. 이런 곳도 있었네 싶었다. 시간 맞으면 한 번쯤 들를만함.,20190122,1
맛집_리뷰,2019년 첫 일상사진 모음,일상사진 모음 먹어봄. 맛은 괜찮았고 특별히 불편한 건 없었다. 가게가 조금 북적여서 오래 앉아있긴 애매했고 그냥 식사하고 나오기 좋음. 시간 맞으면 한 번쯤 들를만함. 시간 맞으면 한 번쯤 들를만함. 딱히 특별하진 않은데 기억은 남는 편이다.,20190214,1
맛집_리뷰,2019년 12월 4주 금요일 일기,"12월 4주 다녀왔는데 첫인상은 그냥 보통. 근데 먹다 보니 나쁘지 않았다. 소스가 조금 강해서 호불호 있을 듯하고, 나는 그럭저럭 괜찮았음. 사진은 몇 장 찍었는데 정리는 나중에 해야겠다. 급하게 정한 일정치고는 나쁘지 않았다.",20191228,1
맛집_리뷰,2019년 10월에 열리는 축제!,10월에 열리는 사진 몇 장 남김. 조명 때문에 음식 색은 잘 나오는 편이었고 실제 맛도 크게 다르진 않았다. 테이블은 조금 좁아서 그건 아쉬웠음. 급하게 정한 일정치고는 나쁘지 않았다. 기대치를 낮추고 가면 무난한 정도.,20190920,1
맛집_리뷰,강남역 맛집 신논현 고기집 하몽하몽 이베리코! 돼지고기의... ,친구가 가보자 해서 신논현 들렀는데 사람 많더라. 그래도 음식은 금방 나왔고 맛도 나쁘지 않았음. 막 감탄까진 아니고 배부르게 먹고 나왔다. 이런 곳도 있었네 싶었다. 딱히 특별하진 않은데 기억은 남는 편이다. 이런 곳도 있었네 싶었다.,20191022,1
맛집_리뷰,[강남역맛집]쉑쉑버거 메뉴추천 및 가격표,"쉑쉑버거 다녀왔는데 첫인상은 그냥 보통. 근데 먹다 보니 나쁘지 않았다. 소스가 조금 강해서 호불호 있을 듯하고, 나는 그럭저럭 괜찮았음. 기대치를 낮추고 가면 무난한 정도. 엄청난 건 아니고 그냥 기록용. 다음엔 다른 메뉴도 봐야 할 듯.",20190101,1
맛집_리뷰,마라탕 혼밥하기 좋은 분위기의 강남역 맛집 [딘딘향 강남역점],마라탕 사진 몇 장 남김. 조명 때문에 음식 색은 잘 나오는 편이었고 실제 맛도 크게 다르진 않았다. 테이블은 조금 좁아서 그건 아쉬웠음. 엄청난 건 아니고 그냥 기록용. 가격은 막 싸진 않았고 위치는 찾기 쉬운 편. 엄청난 건 아니고 그냥 기록용.,20190729,1
맛집_리뷰,유나이티드 갤러리 2019년 9월 U매거진 셋째주 전시_다나 박... ,유나이티드 갤러리 이름은 몇 번 봤는데 이제야 가봄. 양은 생각보다 괜찮고 맛은 익숙한 쪽. 웨이팅 길면 굳이 기다릴 정도는 아닌 듯. 사진은 몇 장 찍었는데 정리는 나중에 해야겠다. 시간 맞으면 한 번쯤 들를만함. 딱히 특별하진 않은데 기억은 남는 편이다.,20190917,1
맛집_리뷰,유나이티드 갤러리 2019년 9월 U매거진 넷째주 전시_민경아... ,유나이티드 기록. 자리 간격은 넓진 않았고 음식은 바로 먹기 괜찮았음. 막 특별하진 않은데 배고플 때 들르면 나쁘지 않은 정도. 딱히 특별하진 않은데 기억은 남는 편이다. 급하게 정한 일정치고는 나쁘지 않았다. 엄청난 건 아니고 그냥 기록용.,20190923,1
맛집_리뷰,유나이티드 갤러리 2019년 5월 U매거진_첫째주 전시_김병구... ,유나이티드는 가게 앞에서 잠깐 기다렸다. 메뉴는 금방 정했고 맛은 평범한데 묘하게 계속 먹게 됨. 다음에 지나가면 또 생각날 수도. 가격은 막 싸진 않았고 위치는 찾기 쉬운 편. 엄청난 건 아니고 그냥 기록용. 시간 맞으면 한 번쯤 들를만함.,20190426,1
맛집_리뷰,2019년 2월 24일 일요일,"2월은 위치가 편해서 들렀다. 주문하고 기다리는 시간은 보통, 맛은 익숙한 느낌이었다. 조용한 식사보단 가볍게 먹는 쪽에 가까움. 사진은 몇 장 찍었는데 정리는 나중에 해야겠다. 기대치를 낮추고 가면 무난한 정도.",20190226,1
맛집_리뷰,2019년 8월 일상 이야기 (1) - 서울 나들이,8월 이야기 들렀다. 맛은 무난했고 양도 적당. 웨이팅만 길지 않으면 괜찮음. 엄청 특별한 맛집이라기보단 근처에서 밥 먹기 좋은 곳. 급하게 정한 일정치고는 나쁘지 않았다. 다음엔 다른 메뉴도 봐야 할 듯. 다음엔 다른 메뉴도 봐야 할 듯.,20190813,1
맛집_리뷰,강남역 자매수산 대방어회 &amp; 매운탕 ♥,자매수산 먹어봄. 맛은 괜찮았고 특별히 불편한 건 없었다. 가게가 조금 북적여서 오래 앉아있긴 애매했고 그냥 식사하고 나오기 좋음. 이런 곳도 있었네 싶었다. 이런 곳도 있었네 싶었다. 사진은 몇 장 찍었는데 정리는 나중에 해야겠다.,20200102,1
맛집_리뷰,2019년 2월의 일상,2월의은 사진으로 봤던 느낌이랑 비슷했다. 음식 비주얼은 괜찮고 양도 보통. 먹다 보니 금방 배불러서 남길 뻔했다. 이런 곳도 있었네 싶었다. 급하게 정한 일정치고는 나쁘지 않았다. 엄청난 건 아니고 그냥 기록용.,20190227,1
맛집_리뷰,[투뿔등심/강남역] #43 Ch. Pique-Segue Terre de Pique... ,#43 사진 몇 장 남김. 조명 때문에 음식 색은 잘 나오는 편이었고 실제 맛도 크게 다르진 않았다. 테이블은 조금 좁아서 그건 아쉬웠음. 급하게 정한 일정치고는 나쁘지 않았다. 급하게 정한 일정치고는 나쁘지 않았다.,20190916,1
맛집_리뷰,퇴근 후 데이트,"퇴근 먹고 옴. 사람 많고 조금 정신없었지만 음식은 괜찮았다. 가격은 보통, 위치는 편한 편이라 약속 전후로 들르기 좋음. 기대치를 낮추고 가면 무난한 정도. 시간 맞으면 한 번쯤 들를만함. 시간 맞으면 한 번쯤 들를만함.",20190122,1
맛집_리뷰,2019년 9월,9월 먹어봄. 맛은 괜찮았고 특별히 불편한 건 없었다. 가게가 조금 북적여서 오래 앉아있긴 애매했고 그냥 식사하고 나오기 좋음. 딱히 특별하진 않은데 기억은 남는 편이다. 사람이 좀 있어서 조용한 느낌은 아니었음.,20191019,1
맛집_리뷰,강남역 24시간 해장국 맛집 강남진해장 -!,"24시간 해장국 다녀왔는데 첫인상은 그냥 보통. 근데 먹다 보니 나쁘지 않았다. 소스가 조금 강해서 호불호 있을 듯하고, 나는 그럭저럭 괜찮았음. 이런 곳도 있었네 싶었다. 기대치를 낮추고 가면 무난한 정도. 기대치를 낮추고 가면 무난한 정도.",20190908,1
맛집_리뷰,"강남역 훠궈 무한리필, 고기 무제한 존맛탱 하이라훠궈",친구가 가보자 해서 훠궈 들렀는데 사람 많더라. 그래도 음식은 금방 나왔고 맛도 나쁘지 않았음. 막 감탄까진 아니고 배부르게 먹고 나왔다. 사람이 좀 있어서 조용한 느낌은 아니었음. 엄청난 건 아니고 그냥 기록용. 시간 맞으면 한 번쯤 들를만함.,20190101,1
맛집_리뷰,2019년 11월,11월 들렀다. 맛은 무난했고 양도 적당. 웨이팅만 길지 않으면 괜찮음. 엄청 특별한 맛집이라기보단 근처에서 밥 먹기 좋은 곳. 시간 맞으면 한 번쯤 들를만함. 엄청난 건 아니고 그냥 기록용. 기대치를 낮추고 가면 무난한 정도.,20191228,1
맛집_리뷰,2019년 10월 어제자(feat.강남역동경야시장),"10월은 위치가 편해서 들렀다. 주문하고 기다리는 시간은 보통, 맛은 익숙한 느낌이었다. 조용한 식사보단 가볍게 먹는 쪽에 가까움. 다음엔 다른 메뉴도 봐야 할 듯. 시간 맞으면 한 번쯤 들를만함. 시간 맞으면 한 번쯤 들를만함.",20191005,1
맛집_리뷰,2019년 2월 9일의 일상 &lt;강남 신포다이닝 &amp; 육회먹은연어 &gt;,2월 9일의는 기대 많이 안 하고 갔는데 딱 그 정도였다. 음식은 무난했고 직원 응대도 평범. 근처에 있으면 다시 갈 수도 있음. 기대치를 낮추고 가면 무난한 정도. 이런 곳도 있었네 싶었다. 다음엔 다른 메뉴도 봐야 할 듯.,20190211,1
맛집_리뷰,2019년 5월 서울여행,"5월 서울여행은 위치가 편해서 들렀다. 주문하고 기다리는 시간은 보통, 맛은 익숙한 느낌이었다. 조용한 식사보단 가볍게 먹는 쪽에 가까움. 이런 곳도 있었네 싶었다. 사진은 몇 장 찍었는데 정리는 나중에 해야겠다.",20190516,1
맛집_리뷰,2019년 8월 소소한 일상 (다양한 먹방)♥️,"8월 먹고 옴. 사람 많고 조금 정신없었지만 음식은 괜찮았다. 가격은 보통, 위치는 편한 편이라 약속 전후로 들르기 좋음. 다음엔 다른 메뉴도 봐야 할 듯. 이런 곳도 있었네 싶었다. 사진은 몇 장 찍었는데 정리는 나중에 해야겠다.",20190827,1
맛집_리뷰,유나이티드 갤러리 2019년 6월 U매거진_다섯째주 전시_김세은... ,"유나이티드 갤러리 쪽은 사람이 꽤 많았다. 메뉴판 보고 고르는데 가격대는 평범했고, 음식은 간이 센 편. 웨이팅 싫으면 애매한 시간에 가는 게 나을 듯. 급하게 정한 일정치고는 나쁘지 않았다. 기대치를 낮추고 가면 무난한 정도.",20190605,1
맛집_리뷰,2019년 8월 마지막주 아이폰 일상 (전주 구례 전라도여행),8월 마지막주에서 밥 먹었다. 맛은 자극적이지 않았고 가격도 요즘 기준으로는 평범했다. 근처 약속 있을 때 한 끼 해결하기 괜찮은 곳. 사람이 좀 있어서 조용한 느낌은 아니었음. 사진은 몇 장 찍었는데 정리는 나중에 해야겠다.,20190904,1
맛집_리뷰,2019년 7월 13일 토요일,"7월 다녀왔는데 첫인상은 그냥 보통. 근데 먹다 보니 나쁘지 않았다. 소스가 조금 강해서 호불호 있을 듯하고, 나는 그럭저럭 괜찮았음. 이런 곳도 있었네 싶었다. 시간 맞으면 한 번쯤 들를만함. 기대치를 낮추고 가면 무난한 정도.",20190717,1
맛집_리뷰,2019년 1월 11일 부부일상 : 친구랑 데이트- 엄빠 결기 선물... ,"1월 11일 다녀왔는데 첫인상은 그냥 보통. 근데 먹다 보니 나쁘지 않았다. 소스가 조금 강해서 호불호 있을 듯하고, 나는 그럭저럭 괜찮았음. 다음엔 다른 메뉴도 봐야 할 듯. 사람이 좀 있어서 조용한 느낌은 아니었음.",20190112,1
맛집_리뷰,S_Diary : 2019년 9월 7-8일 일상(◍•ᴗ... ,S_Diary 9월은 가게 앞에서 잠깐 기다렸다. 메뉴는 금방 정했고 맛은 평범한데 묘하게 계속 먹게 됨. 다음에 지나가면 또 생각날 수도. 엄청난 건 아니고 그냥 기록용. 급하게 정한 일정치고는 나쁘지 않았다. 급하게 정한 일정치고는 나쁘지 않았다.,20190908,1
맛집_리뷰,"강남 복어,강남 복집,강남역 복집 [강남 복칼국수]",강남은 사진으로 봤던 느낌이랑 비슷했다. 음식 비주얼은 괜찮고 양도 보통. 먹다 보니 금방 배불러서 남길 뻔했다. 딱히 특별하진 않은데 기억은 남는 편이다. 엄청난 건 아니고 그냥 기록용. 기대치를 낮추고 가면 무난한 정도.,20191025,1
맛집_리뷰,강남역 데이트 맛집 _ 핫플레이스 타파스클럽 추천,"핫플레이스 쪽은 사람이 꽤 많았다. 메뉴판 보고 고르는데 가격대는 평범했고, 음식은 간이 센 편. 웨이팅 싫으면 애매한 시간에 가는 게 나을 듯. 사람이 좀 있어서 조용한 느낌은 아니었음. 엄청난 건 아니고 그냥 기록용.",20191229,1
맛집_리뷰,[일상] 달달한 과일막걸리가 매력적인 강남 [무월]... ,"달달한 과일막걸리가 쪽은 사람이 꽤 많았다. 메뉴판 보고 고르는데 가격대는 평범했고, 음식은 간이 센 편. 웨이팅 싫으면 애매한 시간에 가는 게 나을 듯. 엄청난 건 아니고 그냥 기록용. 급하게 정한 일정치고는 나쁘지 않았다.",20191127,1
맛집_리뷰,[청류벽/서초동] 막국수 3종 맛보기,"막국수 쪽은 사람이 꽤 많았다. 메뉴판 보고 고르는데 가격대는 평범했고, 음식은 간이 센 편. 웨이팅 싫으면 애매한 시간에 가는 게 나을 듯. 시간 맞으면 한 번쯤 들를만함. 시간 맞으면 한 번쯤 들를만함. 시간 맞으면 한 번쯤 들를만함.",20190526,1
맛집_리뷰,◆ 2019년 9월 한달간의 일상 ◆,"9월 다녀왔는데 첫인상은 그냥 보통. 근데 먹다 보니 나쁘지 않았다. 소스가 조금 강해서 호불호 있을 듯하고, 나는 그럭저럭 괜찮았음. 기대치를 낮추고 가면 무난한 정도. 딱히 특별하진 않은데 기억은 남는 편이다.",20191008,1
맛집_리뷰,매월 31일 할로윈 피티 강남역 마녀주방,매월 31일에서 밥 먹었다. 맛은 자극적이지 않았고 가격도 요즘 기준으로는 평범했다. 근처 약속 있을 때 한 끼 해결하기 괜찮은 곳. 시간 맞으면 한 번쯤 들를만함. 급하게 정한 일정치고는 나쁘지 않았다. 이런 곳도 있었네 싶었다.,20190101,1
맛집_리뷰,"몰아쓰는 2019년 5,6월의 이야기",몰아쓰는 사진 몇 장 남김. 조명 때문에 음식 색은 잘 나오는 편이었고 실제 맛도 크게 다르진 않았다. 테이블은 조금 좁아서 그건 아쉬웠음. 이런 곳도 있었네 싶었다. 기대치를 낮추고 가면 무난한 정도. 딱히 특별하진 않은데 기억은 남는 편이다.,20190720,1
맛집_리뷰,2019년 05월 01일~12일 일상,"05월 먹고 옴. 사람 많고 조금 정신없었지만 음식은 괜찮았다. 가격은 보통, 위치는 편한 편이라 약속 전후로 들르기 좋음. 급하게 정한 일정치고는 나쁘지 않았다. 가격은 막 싸진 않았고 위치는 찾기 쉬운 편. 기대치를 낮추고 가면 무난한 정도.",20190513,1
맛집_리뷰,유나이티드 갤러리 2019년 8월 U매거진 셋째주 전시_임승현... ,"유나이티드는 위치가 편해서 들렀다. 주문하고 기다리는 시간은 보통, 맛은 익숙한 느낌이었다. 조용한 식사보단 가볍게 먹는 쪽에 가까움. 시간 맞으면 한 번쯤 들를만함. 시간 맞으면 한 번쯤 들를만함. 사람이 좀 있어서 조용한 느낌은 아니었음.",20190809,1
맛집_리뷰,유나이티드 갤러리 2019년 8월 U매거진 다섯째주 전시_신상우... ,유나이티드에서 밥 먹었다. 맛은 자극적이지 않았고 가격도 요즘 기준으로는 평범했다. 근처 약속 있을 때 한 끼 해결하기 괜찮은 곳. 시간 맞으면 한 번쯤 들를만함. 딱히 특별하진 않은데 기억은 남는 편이다. 엄청난 건 아니고 그냥 기록용.,20190823,1
맛집_리뷰,유나이티드 갤러리 2019년 5월 U매거진_넷째주 전시_박소이... ,"유나이티드 갔다옴. 대기 조금 있었고 메뉴는 생각보다 빨리 나왔다. 맛은 무난, 양은 적당한 편이라 근처에서 밥 먹을 때 참고할 만함. 딱히 특별하진 않은데 기억은 남는 편이다. 사람이 좀 있어서 조용한 느낌은 아니었음.",20190517,1
맛집_리뷰,2019년 4월의 일상_늦게 쓰는 4월 일기,4월의는 기대 많이 안 하고 갔는데 딱 그 정도였다. 음식은 무난했고 직원 응대도 평범. 근처에 있으면 다시 갈 수도 있음. 급하게 정한 일정치고는 나쁘지 않았다. 이런 곳도 있었네 싶었다. 딱히 특별하진 않은데 기억은 남는 편이다.,20190525,1
맛집_리뷰,[강남 24시간 곱창] 여의도황소곱창 2019년 새해... ,"여의도황소곱창 새해... 먹고 옴. 사람 많고 조금 정신없었지만 음식은 괜찮았다. 가격은 보통, 위치는 편한 편이라 약속 전후로 들르기 좋음. 다음엔 다른 메뉴도 봐야 할 듯. 급하게 정한 일정치고는 나쁘지 않았다.",20190103,1
맛집_리뷰,슬라임 + 강남 나폴리회관 + 수지 송정갈비 + 야탑 송화양꼬치,"슬라임 다녀왔는데 첫인상은 그냥 보통. 근데 먹다 보니 나쁘지 않았다. 소스가 조금 강해서 호불호 있을 듯하고, 나는 그럭저럭 괜찮았음. 엄청난 건 아니고 그냥 기록용. 다음엔 다른 메뉴도 봐야 할 듯. 딱히 특별하진 않은데 기억은 남는 편이다.",20190107,1
맛집_리뷰,강남역 / 하이디라오 / 훠궈 / 2019.10.02,하이디라오 훠궈에서 밥 먹었다. 맛은 자극적이지 않았고 가격도 요즘 기준으로는 평범했다. 근처 약속 있을 때 한 끼 해결하기 괜찮은 곳. 이런 곳도 있었네 싶었다. 사람이 좀 있어서 조용한 느낌은 아니었음. 엄청난 건 아니고 그냥 기록용.,20200131,1
상품_리뷰,KT 공식 온라인몰 KT샵 아이폰11 화이트 내돈내산 구매후기,"KT 공식을 며칠 써봤다. 기능은 평범하지만 안정적이고, 크게 거슬리는 부분은 없었다. 필요한 사람한테는 괜찮은 선택일 듯. 급하게 정한 일정치고는 나쁘지 않았다. 급하게 정한 일정치고는 나쁘지 않았다. 다음엔 다른 메뉴도 봐야 할 듯.",20200923,1
상품_리뷰,아이폰11프로 케이스 내돈내산 세임히얼 스마일 넘 귀욤,아이폰11프로는 사용법이 어렵진 않았다. 마감은 보통이고 기능은 필요한 만큼만 있는 느낌. 오래 써봐야 알겠지만 첫인상은 나쁘지 않음. 급하게 정한 일정치고는 나쁘지 않았다. 사람이 좀 있어서 조용한 느낌은 아니었음.,20200918,1
상품_리뷰,꼴라주바캉스/ 케이스 덕후의 아이폰11케이스 (feat.내돈내산),"꼴라주바캉스 사용해봄. 장점은 간단하고 단점은 기대보다 평범하다는 것. 그래도 당장 쓰기엔 문제 없고, 재구매는 조금 더 봐야 할 듯. 급하게 정한 일정치고는 나쁘지 않았다. 다음엔 다른 메뉴도 봐야 할 듯. 급하게 정한 일정치고는 나쁘지 않았다.",20200626,1
상품_리뷰,더 킹 협찬 중인 디팍스케이스 아이폰11과 만나다 (내돈내산후기),협찬은 사용법이 어렵진 않았다. 마감은 보통이고 기능은 필요한 만큼만 있는 느낌. 오래 써봐야 알겠지만 첫인상은 나쁘지 않음. 사진은 몇 장 찍었는데 정리는 나중에 해야겠다. 사진은 몇 장 찍었는데 정리는 나중에 해야겠다.,20200613,1
상품_리뷰,[아이폰11pro 케이스 애정템] 위글위글 자수케이스(내돈내산... ,위글위글 궁금해서 써봤는데 막 놀랄 정도는 아니었다. 그래도 손이 자주 가긴 함. 불편한 점은 조금씩 보이는데 못 쓸 정도는 아님. 시간 맞으면 한 번쯤 들를만함. 시간 맞으면 한 번쯤 들를만함. 엄청난 건 아니고 그냥 기록용.,20200706,1
상품_리뷰,아이폰11 화이트 128GB 언박싱... 특가 구입! 리얼 #내돈내산 후기,"아이폰11 사용해봄. 장점은 간단하고 단점은 기대보다 평범하다는 것. 그래도 당장 쓰기엔 문제 없고, 재구매는 조금 더 봐야 할 듯. 시간 맞으면 한 번쯤 들를만함. 가격은 막 싸진 않았고 위치는 찾기 쉬운 편. 이런 곳도 있었네 싶었다.",20200817,1
상품_리뷰,내돈내산. 아이폰프로11케이스. 가죽케이스. 정품케이스.... ,"내돈내산. 아이폰프로11케이스. 사진 찍어두고 비교해봤다. 실제 색감이나 느낌은 화면이랑 조금 달랐고, 쓰다 보니 익숙해졌다. 기록용으로 남겨둠. 이런 곳도 있었네 싶었다. 시간 맞으면 한 번쯤 들를만함.",20200113,1
상품_리뷰,내돈내산 : 아이폰11 프로맥스 케이스 &quot;제로스킨&quot; 솔직후기,내돈내산 궁금해서 써봤는데 막 놀랄 정도는 아니었다. 그래도 손이 자주 가긴 함. 불편한 점은 조금씩 보이는데 못 쓸 정도는 아님. 기대치를 낮추고 가면 무난한 정도. 사람이 좀 있어서 조용한 느낌은 아니었음. 기대치를 낮추고 가면 무난한 정도.,20201012,1
상품_리뷰,[내돈내산] 갤럭시20울트라 카메라 리뷰 / 아이폰11 비교,갤럭시20울트라 써본 기록. 처음엔 별생각 없었는데 며칠 쓰다 보니 편한 부분이 있었다. 아쉬운 점도 조금 있지만 가격 생각하면 무난. 기대치를 낮추고 가면 무난한 정도. 다음엔 다른 메뉴도 봐야 할 듯. 사람이 좀 있어서 조용한 느낌은 아니었음.,20200813,1
상품_리뷰,[내돈내산] 아이폰11 후면카메라 수리 후기 (광주 아이폰수리... ,"아이폰11 후면카메라 사용해봄. 장점은 간단하고 단점은 기대보다 평범하다는 것. 그래도 당장 쓰기엔 문제 없고, 재구매는 조금 더 봐야 할 듯. 엄청난 건 아니고 그냥 기록용. 사람이 좀 있어서 조용한 느낌은 아니었음.",20201012,1
상품_리뷰,"후기 (아이폰11프로 케이스... 두두케이스, 그립톡, 내돈내산)","(아이폰11프로를 며칠 써봤다. 기능은 평범하지만 안정적이고, 크게 거슬리는 부분은 없었다. 필요한 사람한테는 괜찮은 선택일 듯. 이런 곳도 있었네 싶었다. 딱히 특별하진 않은데 기억은 남는 편이다. 사람이 좀 있어서 조용한 느낌은 아니었음.",20201008,1
상품_리뷰,아이폰11 색상 내돈내산 퍼플 후기,"아이폰11 색상 써봄. 기대만큼은 아니지만 못 쓸 정도도 아님. 간단하게 쓰기엔 괜찮고, 오래 쓰면 평가가 조금 달라질 수도. 이런 곳도 있었네 싶었다. 딱히 특별하진 않은데 기억은 남는 편이다. 가격은 막 싸진 않았고 위치는 찾기 쉬운 편.",20200812,1
상품_리뷰,아이폰 11 Pro Max/ 아이폰 6s와 비교(내돈내산 개봉기),"아이폰 사용해봄. 장점은 간단하고 단점은 기대보다 평범하다는 것. 그래도 당장 쓰기엔 문제 없고, 재구매는 조금 더 봐야 할 듯. 딱히 특별하진 않은데 기억은 남는 편이다. 사람이 좀 있어서 조용한 느낌은 아니었음.",20200522,1
상품_리뷰,가벼운 사용 후기ㅣ후기ㅣ3개월사용후기ㅣ아이폰 내돈내산,가벼운 사용은 처음엔 애매했는데 쓰다 보니 괜찮은 쪽으로 기울었다. 다만 설명이 조금 부족해서 처음 세팅할 때는 헤맸음. 이런 곳도 있었네 싶었다. 엄청난 건 아니고 그냥 기록용. 이런 곳도 있었네 싶었다. 짧게 적어두는 정도지만 나름 기억에는 남았다.,20200327,1
상품_리뷰,"구매리뷰] 가격과 성능, 내돈내산 솔직후기 (아이폰11과 비교)","구매리뷰] 가격과 사용해봄. 장점은 간단하고 단점은 기대보다 평범하다는 것. 그래도 당장 쓰기엔 문제 없고, 재구매는 조금 더 봐야 할 듯. 딱히 특별하진 않은데 기억은 남는 편이다. 기대치를 낮추고 가면 무난한 정도.",20200906,1
상품_리뷰,아이폰11 내돈내산 케이스 구매후기 - 폰스트랩으로 두 손을... ,"아이폰11 내돈내산을 며칠 써봤다. 기능은 평범하지만 안정적이고, 크게 거슬리는 부분은 없었다. 필요한 사람한테는 괜찮은 선택일 듯. 사람이 좀 있어서 조용한 느낌은 아니었음. 이런 곳도 있었네 싶었다. 시간 맞으면 한 번쯤 들를만함.",20200831,1
상품_리뷰,[내돈내산] 아이폰 12 pro max 256GB 퍼시픽블루,"아이폰 써봄. 기대만큼은 아니지만 못 쓸 정도도 아님. 간단하게 쓰기엔 괜찮고, 오래 쓰면 평가가 조금 달라질 수도. 급하게 정한 일정치고는 나쁘지 않았다. 다음엔 다른 메뉴도 봐야 할 듯. 엄청난 건 아니고 그냥 기록용.",20201121,1
상품_리뷰,(iPhone 11) 오터박스... 오랑주 아이폰 11 내돈내산... ,"오터박스... 오랑주 사진 찍어두고 비교해봤다. 실제 색감이나 느낌은 화면이랑 조금 달랐고, 쓰다 보니 익숙해졌다. 기록용으로 남겨둠. 급하게 정한 일정치고는 나쁘지 않았다. 다음엔 다른 메뉴도 봐야 할 듯.",20201028,1
상품_리뷰,블로그의 기본은 사진이다. 아이폰11 내돈내산 언박싱 후기,블로그의 기본은 써본 기록. 처음엔 별생각 없었는데 며칠 쓰다 보니 편한 부분이 있었다. 아쉬운 점도 조금 있지만 가격 생각하면 무난. 딱히 특별하진 않은데 기억은 남는 편이다. 딱히 특별하진 않은데 기억은 남는 편이다.,20200629,1
상품_리뷰,아이폰11 퍼플 내돈내산 후기 (호구 왔다네~),아이폰11는 처음엔 애매했는데 쓰다 보니 괜찮은 쪽으로 기울었다. 다만 설명이 조금 부족해서 처음 세팅할 때는 헤맸음. 이런 곳도 있었네 싶었다. 다음엔 다른 메뉴도 봐야 할 듯. 급하게 정한 일정치고는 나쁘지 않았다.,20200906,1
상품_리뷰,아이폰11 블랙 스펙과 구매후기 +화질비교,아이폰11 블랙은 처음엔 애매했는데 쓰다 보니 괜찮은 쪽으로 기울었다. 다만 설명이 조금 부족해서 처음 세팅할 때는 헤맸음. 엄청난 건 아니고 그냥 기록용. 사람이 좀 있어서 조용한 느낌은 아니었음. 가격은 막 싸진 않았고 위치는 찾기 쉬운 편.,20200529,1
상품_리뷰,[내돈내산] 아이폰12Pro그래파이트 256GB 주문/배송 후기 #11... ,아이폰12Pro그래파이트 256GB 궁금해서 써봤는데 막 놀랄 정도는 아니었다. 그래도 손이 자주 가긴 함. 불편한 점은 조금씩 보이는데 못 쓸 정도는 아님. 사람이 좀 있어서 조용한 느낌은 아니었음. 사진은 몇 장 찍었는데 정리는 나중에 해야겠다.,20201030,1
상품_리뷰,2020.05.16 내돈내산 아이폰11 구매후기,".05.16 사용해봄. 장점은 간단하고 단점은 기대보다 평범하다는 것. 그래도 당장 쓰기엔 문제 없고, 재구매는 조금 더 봐야 할 듯. 딱히 특별하진 않은데 기억은 남는 편이다. 엄청난 건 아니고 그냥 기록용. 사람이 좀 있어서 조용한 느낌은 아니었음.",20200701,1
상품_리뷰,아이폰12pro 퍼시픽블루 언박싱 + 종료 방법 ( 내돈내산... ,아이폰12pro는 처음엔 애매했는데 쓰다 보니 괜찮은 쪽으로 기울었다. 다만 설명이 조금 부족해서 처음 세팅할 때는 헤맸음. 기대치를 낮추고 가면 무난한 정도. 가격은 막 싸진 않았고 위치는 찾기 쉬운 편. 급하게 정한 일정치고는 나쁘지 않았다.,20201210,1
상품_리뷰,"아이폰 11pro 케이스 추천... 케이스 할인 팁, 내돈내산 후기!",아이폰 11pro 써본 기록. 처음엔 별생각 없었는데 며칠 쓰다 보니 편한 부분이 있었다. 아쉬운 점도 조금 있지만 가격 생각하면 무난. 시간 맞으면 한 번쯤 들를만함. 딱히 특별하진 않은데 기억은 남는 편이다. 엄청난 건 아니고 그냥 기록용.,20200810,1
상품_리뷰,[애플] 아이폰11 퍼플 128GB 같이 언박싱해요! 내돈내산 후기,"아이폰11 사진 찍어두고 비교해봤다. 실제 색감이나 느낌은 화면이랑 조금 달랐고, 쓰다 보니 익숙해졌다. 기록용으로 남겨둠. 다음엔 다른 메뉴도 봐야 할 듯. 이런 곳도 있었네 싶었다. 딱히 특별하진 않은데 기억은 남는 편이다.",20200324,1
상품_리뷰,(주)불사조디자인 아이폰 11 불사조케이스 내돈내산 구매 후기!,불사조디자인은 사용법이 어렵진 않았다. 마감은 보통이고 기능은 필요한 만큼만 있는 느낌. 오래 써봐야 알겠지만 첫인상은 나쁘지 않음. 이런 곳도 있었네 싶었다. 사진은 몇 장 찍었는데 정리는 나중에 해야겠다. 이런 곳도 있었네 싶었다.,20200130,1
상품_리뷰,아이폰11 퍼플 내돈내산,아이폰11는 사용법이 어렵진 않았다. 마감은 보통이고 기능은 필요한 만큼만 있는 느낌. 오래 써봐야 알겠지만 첫인상은 나쁘지 않음. 엄청난 건 아니고 그냥 기록용. 급하게 정한 일정치고는 나쁘지 않았다. 시간 맞으면 한 번쯤 들를만함.,20200212,1
상품_리뷰,(폰케이스 리뷰) 아이폰11 프로맥스 케이스 내돈내산후기,"아이폰11 사용해봄. 장점은 간단하고 단점은 기대보다 평범하다는 것. 그래도 당장 쓰기엔 문제 없고, 재구매는 조금 더 봐야 할 듯. 엄청난 건 아니고 그냥 기록용. 엄청난 건 아니고 그냥 기록용. 급하게 정한 일정치고는 나쁘지 않았다.",20201213,1
상품_리뷰,슈피겐 아이폰11 강화유리 액정보호필름 내돈내산 후기,슈피겐 궁금해서 써봤는데 막 놀랄 정도는 아니었다. 그래도 손이 자주 가긴 함. 불편한 점은 조금씩 보이는데 못 쓸 정도는 아님. 기대치를 낮추고 가면 무난한 정도. 사람이 좀 있어서 조용한 느낌은 아니었음. 가격은 막 싸진 않았고 위치는 찾기 쉬운 편.,20200309,1
상품_리뷰,위글위글 핸드폰 스티커로 아이폰 케이스 꾸미기 ♥ #내돈내산,"위글위글 핸드폰 사진 찍어두고 비교해봤다. 실제 색감이나 느낌은 화면이랑 조금 달랐고, 쓰다 보니 익숙해졌다. 기록용으로 남겨둠. 이런 곳도 있었네 싶었다. 급하게 정한 일정치고는 나쁘지 않았다. 엄청난 건 아니고 그냥 기록용.",20200830,1
상품_리뷰,아이폰11 몇일 써보니 바꾸기 잘했다 내돈내산,아이폰11는 사용법이 어렵진 않았다. 마감은 보통이고 기능은 필요한 만큼만 있는 느낌. 오래 써봐야 알겠지만 첫인상은 나쁘지 않음. 엄청난 건 아니고 그냥 기록용. 딱히 특별하진 않은데 기억은 남는 편이다. 딱히 특별하진 않은데 기억은 남는 편이다.,20200821,1
상품_리뷰,아이폰11pro 애플 정품 스마트 배터리 케이스 / 내돈내산... ,"아이폰11pro 애플을 며칠 써봤다. 기능은 평범하지만 안정적이고, 크게 거슬리는 부분은 없었다. 필요한 사람한테는 괜찮은 선택일 듯. 가격은 막 싸진 않았고 위치는 찾기 쉬운 편. 가격은 막 싸진 않았고 위치는 찾기 쉬운 편.",20201015,1
상품_리뷰,★폰케이스★ 아이폰11 카카오프렌즈 케이스 / 내돈내산,"★폰케이스★ 아이폰11 써봄. 기대만큼은 아니지만 못 쓸 정도도 아님. 간단하게 쓰기엔 괜찮고, 오래 쓰면 평가가 조금 달라질 수도. 다음엔 다른 메뉴도 봐야 할 듯. 급하게 정한 일정치고는 나쁘지 않았다. 사람이 좀 있어서 조용한 느낌은 아니었음.",20200102,1
상품_리뷰,[내돈내산] 아이폰 12 개봉기(with 아이폰 11),"아이폰 12 사용해봄. 장점은 간단하고 단점은 기대보다 평범하다는 것. 그래도 당장 쓰기엔 문제 없고, 재구매는 조금 더 봐야 할 듯. 이런 곳도 있었네 싶었다. 엄청난 건 아니고 그냥 기록용. 엄청난 건 아니고 그냥 기록용.",20201113,1
상품_리뷰,"내돈내산 아이폰11 강화유리, 투명케이스",내돈내산 아이폰11는 사용법이 어렵진 않았다. 마감은 보통이고 기능은 필요한 만큼만 있는 느낌. 오래 써봐야 알겠지만 첫인상은 나쁘지 않음. 사람이 좀 있어서 조용한 느낌은 아니었음. 딱히 특별하진 않은데 기억은 남는 편이다.,20200329,1
상품_리뷰,[내돈내산] 빅쏘 2.5CX 아이폰 11 PRO 액정필름,빅쏘 2.5CX는 사용법이 어렵진 않았다. 마감은 보통이고 기능은 필요한 만큼만 있는 느낌. 오래 써봐야 알겠지만 첫인상은 나쁘지 않음. 사진은 몇 장 찍었는데 정리는 나중에 해야겠다. 다음엔 다른 메뉴도 봐야 할 듯.,20201230,1
상품_리뷰,[ 내돈내산 ] 아이폰 11 실리콘케이스,"아이폰 써봄. 기대만큼은 아니지만 못 쓸 정도도 아님. 간단하게 쓰기엔 괜찮고, 오래 쓰면 평가가 조금 달라질 수도. 기대치를 낮추고 가면 무난한 정도. 가격은 막 싸진 않았고 위치는 찾기 쉬운 편. 시간 맞으면 한 번쯤 들를만함.",20200911,1
상품_리뷰,"내돈내산 , 부산 초량 ㅂㄱㅂㄷㅅ 근처 성지에서 아이폰 11... ",내돈내산을 가볍게 다녀왔다. 사람이 적진 않았지만 이동 동선은 복잡하지 않았다. 하루 코스로 잡으면 크게 무리 없는 편. 급하게 정한 일정치고는 나쁘지 않았다. 기대치를 낮추고 가면 무난한 정도. 급하게 정한 일정치고는 나쁘지 않았다.,20200904,1
상품_리뷰,내돈내산 아이폰11프로맥스케이스 Fur퍼케이스 이쁨주의♡,"내돈내산을 며칠 써봤다. 기능은 평범하지만 안정적이고, 크게 거슬리는 부분은 없었다. 필요한 사람한테는 괜찮은 선택일 듯. 이런 곳도 있었네 싶었다. 기대치를 낮추고 가면 무난한 정도. 사진은 몇 장 찍었는데 정리는 나중에 해야겠다.",20200116,1
상품_리뷰,아이폰12 프로(iphone12 pro) 언박싱(내돈내산),"아이폰12 프로 사용해봄. 장점은 간단하고 단점은 기대보다 평범하다는 것. 그래도 당장 쓰기엔 문제 없고, 재구매는 조금 더 봐야 할 듯. 딱히 특별하진 않은데 기억은 남는 편이다. 다음엔 다른 메뉴도 봐야 할 듯. 사진은 몇 장 찍었는데 정리는 나중에 해야겠다.",20201108,1
상품_리뷰,내돈내산 에이블리(Ably) 아이폰11 케이스 이불속리뷰!,내돈내산 에이블리는 사용법이 어렵진 않았다. 마감은 보통이고 기능은 필요한 만큼만 있는 느낌. 오래 써봐야 알겠지만 첫인상은 나쁘지 않음. 기대치를 낮추고 가면 무난한 정도. 사람이 좀 있어서 조용한 느낌은 아니었음.,20200907,1
상품_리뷰,갤럭시 z플립 리뷰(내돈내산)-아이폰11프로 와 비교,"갤럭시 z플립 사진 찍어두고 비교해봤다. 실제 색감이나 느낌은 화면이랑 조금 달랐고, 쓰다 보니 익숙해졌다. 기록용으로 남겨둠. 시간 맞으면 한 번쯤 들를만함. 급하게 정한 일정치고는 나쁘지 않았다. 엄청난 건 아니고 그냥 기록용.",20200323,1
상품_리뷰,내돈내산 아이폰 12ProMax 새벽배송 후기,내돈내산 궁금해서 써봤는데 막 놀랄 정도는 아니었다. 그래도 손이 자주 가긴 함. 불편한 점은 조금씩 보이는데 못 쓸 정도는 아님. 사진은 몇 장 찍었는데 정리는 나중에 해야겠다. 가격은 막 싸진 않았고 위치는 찾기 쉬운 편.,20201120,1
상품_리뷰,"아이폰11pro 폰케이스 , 내돈내산 아칸케이스 에서 구입했어요!","아이폰11pro 폰케이스를 며칠 써봤다. 기능은 평범하지만 안정적이고, 크게 거슬리는 부분은 없었다. 필요한 사람한테는 괜찮은 선택일 듯. 엄청난 건 아니고 그냥 기록용. 가격은 막 싸진 않았고 위치는 찾기 쉬운 편.",20200826,1
상품_리뷰,아이폰11(광주 봉이모바일) 내돈내산 구매후기!,아이폰11 내돈내산은 처음엔 애매했는데 쓰다 보니 괜찮은 쪽으로 기울었다. 다만 설명이 조금 부족해서 처음 세팅할 때는 헤맸음. 급하게 정한 일정치고는 나쁘지 않았다. 엄청난 건 아니고 그냥 기록용. 시간 맞으면 한 번쯤 들를만함.,20200827,1
상품_리뷰,페북광고로 유명한 아이폰 11 불사조케이스 내돈내산 구매후기,"페북광고로 사용해봄. 장점은 간단하고 단점은 기대보다 평범하다는 것. 그래도 당장 쓰기엔 문제 없고, 재구매는 조금 더 봐야 할 듯. 시간 맞으면 한 번쯤 들를만함. 엄청난 건 아니고 그냥 기록용. 엄청난 건 아니고 그냥 기록용.",20200601,1
상품_리뷰,"아이폰 11 pro, 쿠팡 로켓배송 내돈내산 언박싱 리뷰",아이폰 써본 기록. 처음엔 별생각 없었는데 며칠 쓰다 보니 편한 부분이 있었다. 아쉬운 점도 조금 있지만 가격 생각하면 무난. 딱히 특별하진 않은데 기억은 남는 편이다. 딱히 특별하진 않은데 기억은 남는 편이다. 다음엔 다른 메뉴도 봐야 할 듯.,20200907,1
상품_리뷰,늦은 아이폰 11 화이트 내돈내산 후기,"늦은 아이폰 사진 찍어두고 비교해봤다. 실제 색감이나 느낌은 화면이랑 조금 달랐고, 쓰다 보니 익숙해졌다. 기록용으로 남겨둠. 가격은 막 싸진 않았고 위치는 찾기 쉬운 편. 급하게 정한 일정치고는 나쁘지 않았다.",20200324,1
상품_리뷰,iPhone 11 Pro 아이폰 11 pro (Feat 내돈내산 후기),iPhone는 처음엔 애매했는데 쓰다 보니 괜찮은 쪽으로 기울었다. 다만 설명이 조금 부족해서 처음 세팅할 때는 헤맸음. 이런 곳도 있었네 싶었다. 이런 곳도 있었네 싶었다. 시간 맞으면 한 번쯤 들를만함. 그냥 기록용으로 남겨두면 나중에 다시 보기 괜찮을 듯.,20200516,1
상품_리뷰,[내돈내산 메종키츠네 폰케이스추천]-신상 아이폰11프로... ,-신상 아이폰11프로...는 사용법이 어렵진 않았다. 마감은 보통이고 기능은 필요한 만큼만 있는 느낌. 오래 써봐야 알겠지만 첫인상은 나쁘지 않음. 이런 곳도 있었네 싶었다. 가격은 막 싸진 않았고 위치는 찾기 쉬운 편.,20201020,1
상품_리뷰,[내돈내산] 쿠팡으로 휴대폰 살 때 주의! #쿠팡으로아이폰구매,"쿠팡으로를 며칠 써봤다. 기능은 평범하지만 안정적이고, 크게 거슬리는 부분은 없었다. 필요한 사람한테는 괜찮은 선택일 듯. 시간 맞으면 한 번쯤 들를만함. 다음엔 다른 메뉴도 봐야 할 듯. 사람이 좀 있어서 조용한 느낌은 아니었음.",20200821,1
상품_리뷰,"E6300 / 내돈내산 / 구독자... 키보드 / 아이폰,아이패드... ",E6300는 사용법이 어렵진 않았다. 마감은 보통이고 기능은 필요한 만큼만 있는 느낌. 오래 써봐야 알겠지만 첫인상은 나쁘지 않음. 다음엔 다른 메뉴도 봐야 할 듯. 가격은 막 싸진 않았고 위치는 찾기 쉬운 편. 엄청난 건 아니고 그냥 기록용.,20200513,1
상품_리뷰,아이폰11프로 미드나인트... 실버 색상 구입 후기 !! (내돈내산),아이폰11프로 미드나인트... 써본 기록. 처음엔 별생각 없었는데 며칠 쓰다 보니 편한 부분이 있었다. 아쉬운 점도 조금 있지만 가격 생각하면 무난. 급하게 정한 일정치고는 나쁘지 않았다. 이런 곳도 있었네 싶었다.,20191107,1
상품_리뷰,네고퓨어 아이폰11프로 후면카메라 액정보호방탄필름 /내돈내산,네고퓨어 아이폰11프로는 사용법이 어렵진 않았다. 마감은 보통이고 기능은 필요한 만큼만 있는 느낌. 오래 써봐야 알겠지만 첫인상은 나쁘지 않음. 사진은 몇 장 찍었는데 정리는 나중에 해야겠다. 기대치를 낮추고 가면 무난한 정도.,20200216,1
상품_리뷰,★폰케이스★ 아이폰11뮤즈캔 vs 구스페리 / 내돈내산,★폰케이스★는 사용법이 어렵진 않았다. 마감은 보통이고 기능은 필요한 만큼만 있는 느낌. 오래 써봐야 알겠지만 첫인상은 나쁘지 않음. 이런 곳도 있었네 싶었다. 기대치를 낮추고 가면 무난한 정도. 이런 곳도 있었네 싶었다.,20191123,1
상품_리뷰,아이폰 11 액정필름 추천(내돈내산),"아이폰 사진 찍어두고 비교해봤다. 실제 색감이나 느낌은 화면이랑 조금 달랐고, 쓰다 보니 익숙해졌다. 기록용으로 남겨둠. 다음엔 다른 메뉴도 봐야 할 듯. 사진은 몇 장 찍었는데 정리는 나중에 해야겠다. 사람이 좀 있어서 조용한 느낌은 아니었음.",20191128,1
상품_리뷰,아이폰11프로 핸드폰케이스... 투명케이스 ❤️ / 내돈내산... ,"아이폰11프로를 며칠 써봤다. 기능은 평범하지만 안정적이고, 크게 거슬리는 부분은 없었다. 필요한 사람한테는 괜찮은 선택일 듯. 급하게 정한 일정치고는 나쁘지 않았다. 시간 맞으면 한 번쯤 들를만함. 다음엔 다른 메뉴도 봐야 할 듯.",20200215,1
상품_리뷰,"아이폰11 에어슬림 케이스 화이트, 블랙 (#내돈내산 , #재구매)","아이폰11 사용해봄. 장점은 간단하고 단점은 기대보다 평범하다는 것. 그래도 당장 쓰기엔 문제 없고, 재구매는 조금 더 봐야 할 듯. 엄청난 건 아니고 그냥 기록용. 기대치를 낮추고 가면 무난한 정도. 이런 곳도 있었네 싶었다.",20201013,1
상품_리뷰,[MONK] 아이폰 11pro 실리콘 케이스 내돈내산 ఇ,"아이폰 11pro 써봄. 기대만큼은 아니지만 못 쓸 정도도 아님. 간단하게 쓰기엔 괜찮고, 오래 쓰면 평가가 조금 달라질 수도. 가격은 막 싸진 않았고 위치는 찾기 쉬운 편. 엄청난 건 아니고 그냥 기록용. 딱히 특별하진 않은데 기억은 남는 편이다.",20200919,1
상품_리뷰,아이폰 11PRO 핸드폰케이스 / 케이스티파이 / 내돈내산,"아이폰 11PRO 써봄. 기대만큼은 아니지만 못 쓸 정도도 아님. 간단하게 쓰기엔 괜찮고, 오래 쓰면 평가가 조금 달라질 수도. 이런 곳도 있었네 싶었다. 사진은 몇 장 찍었는데 정리는 나중에 해야겠다. 딱히 특별하진 않은데 기억은 남는 편이다.",20200825,1
상품_리뷰,드는 아이폰11케이스 GET!!! 하트그립톡케이스 내돈내산 후기,드는 아이폰11케이스 궁금해서 써봤는데 막 놀랄 정도는 아니었다. 그래도 손이 자주 가긴 함. 불편한 점은 조금씩 보이는데 못 쓸 정도는 아님. 사진은 몇 장 찍었는데 정리는 나중에 해야겠다. 딱히 특별하진 않은데 기억은 남는 편이다.,20200229,1
상품_리뷰,후기 / 아이폰11프로 싸게 바꾸는법 (내돈내산/업체추천),"아이폰11프로 싸게 써봄. 기대만큼은 아니지만 못 쓸 정도도 아님. 간단하게 쓰기엔 괜찮고, 오래 쓰면 평가가 조금 달라질 수도. 시간 맞으면 한 번쯤 들를만함. 엄청난 건 아니고 그냥 기록용. 급하게 정한 일정치고는 나쁘지 않았다.",20200812,1
상품_리뷰,아이폰11 갤럭시노트10... 로고 케이스 혜봉케이스 내돈내산,"아이폰11를 며칠 써봤다. 기능은 평범하지만 안정적이고, 크게 거슬리는 부분은 없었다. 필요한 사람한테는 괜찮은 선택일 듯. 딱히 특별하진 않은데 기억은 남는 편이다. 이런 곳도 있었네 싶었다. 이런 곳도 있었네 싶었다.",20200218,1
상품_리뷰,아이폰11promax 기변 했어요내돈내산 자급제 꿀팁,"아이폰11promax 써봄. 기대만큼은 아니지만 못 쓸 정도도 아님. 간단하게 쓰기엔 괜찮고, 오래 쓰면 평가가 조금 달라질 수도. 시간 맞으면 한 번쯤 들를만함. 딱히 특별하진 않은데 기억은 남는 편이다. 다음엔 다른 메뉴도 봐야 할 듯.",20200313,1
상품_리뷰,아이폰11 언박싱 사용후기... 현상 / KT샵 내돈내산 구매,아이폰11 궁금해서 써봤는데 막 놀랄 정도는 아니었다. 그래도 손이 자주 가긴 함. 불편한 점은 조금씩 보이는데 못 쓸 정도는 아님. 다음엔 다른 메뉴도 봐야 할 듯. 사람이 좀 있어서 조용한 느낌은 아니었음. 딱히 특별하진 않은데 기억은 남는 편이다.,20200606,1
상품_리뷰,[내돈내산] 아이폰 12 mini 후기 (프로덕트 레드),"아이폰 12 사진 찍어두고 비교해봤다. 실제 색감이나 느낌은 화면이랑 조금 달랐고, 쓰다 보니 익숙해졌다. 기록용으로 남겨둠. 사진은 몇 장 찍었는데 정리는 나중에 해야겠다. 이런 곳도 있었네 싶었다. 딱히 특별하진 않은데 기억은 남는 편이다.",20201117,1
상품_리뷰,내돈내산! 아이폰 11프로맥스 액정필름!!,"내돈내산! 사용해봄. 장점은 간단하고 단점은 기대보다 평범하다는 것. 그래도 당장 쓰기엔 문제 없고, 재구매는 조금 더 봐야 할 듯. 시간 맞으면 한 번쯤 들를만함. 딱히 특별하진 않은데 기억은 남는 편이다. 다음엔 다른 메뉴도 봐야 할 듯.",20200618,1
상품_리뷰,아르노 아이폰 11 프로 케이스 추천 핸드폰목줄 내돈내산,아르노 아이폰은 처음엔 애매했는데 쓰다 보니 괜찮은 쪽으로 기울었다. 다만 설명이 조금 부족해서 처음 세팅할 때는 헤맸음. 기대치를 낮추고 가면 무난한 정도. 기대치를 낮추고 가면 무난한 정도. 기대치를 낮추고 가면 무난한 정도.,20191202,1
상품_리뷰,핸드폰케이스 아이폰11pro 베이비블루 내돈내산후기,"핸드폰케이스 써봄. 기대만큼은 아니지만 못 쓸 정도도 아님. 간단하게 쓰기엔 괜찮고, 오래 쓰면 평가가 조금 달라질 수도. 사진은 몇 장 찍었는데 정리는 나중에 해야겠다. 딱히 특별하진 않은데 기억은 남는 편이다.",20200608,1
상품_리뷰,"[내돈내산, 아이폰11] CASETIFY 케이스 리뷰",CASETIFY 케이스 궁금해서 써봤는데 막 놀랄 정도는 아니었다. 그래도 손이 자주 가긴 함. 불편한 점은 조금씩 보이는데 못 쓸 정도는 아님. 엄청난 건 아니고 그냥 기록용. 급하게 정한 일정치고는 나쁘지 않았다.,20200422,1
상품_리뷰,내돈내산) 아이폰 11... Iphone 11 pro smart battery case... ,내돈내산) 아이폰은 처음엔 애매했는데 쓰다 보니 괜찮은 쪽으로 기울었다. 다만 설명이 조금 부족해서 처음 세팅할 때는 헤맸음. 사진은 몇 장 찍었는데 정리는 나중에 해야겠다. 급하게 정한 일정치고는 나쁘지 않았다.,20200921,1
상품_리뷰,아이폰 11PRO 펭수 폰케이스 내돈내산,"아이폰을 며칠 써봤다. 기능은 평범하지만 안정적이고, 크게 거슬리는 부분은 없었다. 필요한 사람한테는 괜찮은 선택일 듯. 가격은 막 싸진 않았고 위치는 찾기 쉬운 편. 엄청난 건 아니고 그냥 기록용. 기대치를 낮추고 가면 무난한 정도.",20200718,1
상품_리뷰,&quot;아이폰11프로&quot; 홍콩판 직구 내돈내산 솔직후기! / 언박싱,"""아이폰11프로"" 홍콩판 써봄. 기대만큼은 아니지만 못 쓸 정도도 아님. 간단하게 쓰기엔 괜찮고, 오래 쓰면 평가가 조금 달라질 수도. 급하게 정한 일정치고는 나쁘지 않았다. 사진은 몇 장 찍었는데 정리는 나중에 해야겠다.",20200111,1
상품_리뷰,[내돈내산]갤럭시에서 아이폰11pro로 바꾼 후기,"갤럭시에서 사진 찍어두고 비교해봤다. 실제 색감이나 느낌은 화면이랑 조금 달랐고, 쓰다 보니 익숙해졌다. 기록용으로 남겨둠. 다음엔 다른 메뉴도 봐야 할 듯. 가격은 막 싸진 않았고 위치는 찾기 쉬운 편. 기대치를 낮추고 가면 무난한 정도.",20200415,1
상품_리뷰,쿠팡 아이폰 11 Pro Max 애플... 49% 할인값에 득템 내돈내산,"쿠팡 써봄. 기대만큼은 아니지만 못 쓸 정도도 아님. 간단하게 쓰기엔 괜찮고, 오래 쓰면 평가가 조금 달라질 수도. 사진은 몇 장 찍었는데 정리는 나중에 해야겠다. 이런 곳도 있었네 싶었다. 급하게 정한 일정치고는 나쁘지 않았다.",20201028,1
상품_리뷰,아이폰11 실리콘케이스 하이루프 붙힌 내돈내산 후기,아이폰11 실리콘케이스는 사용법이 어렵진 않았다. 마감은 보통이고 기능은 필요한 만큼만 있는 느낌. 오래 써봐야 알겠지만 첫인상은 나쁘지 않음. 사람이 좀 있어서 조용한 느낌은 아니었음. 가격은 막 싸진 않았고 위치는 찾기 쉬운 편.,20191220,1
상품_리뷰,프로 맥스 실버 개봉기 아이폰 11프로 비교 내돈내산 실 사용기,프로 맥스 궁금해서 써봤는데 막 놀랄 정도는 아니었다. 그래도 손이 자주 가긴 함. 불편한 점은 조금씩 보이는데 못 쓸 정도는 아님. 다음엔 다른 메뉴도 봐야 할 듯. 다음엔 다른 메뉴도 봐야 할 듯. 다음엔 다른 메뉴도 봐야 할 듯.,20201228,1
상품_리뷰,아이폰11pro 케이스 내돈내산 리뷰(feat.아이폰12를... ,"아이폰11pro 케이스 사진 찍어두고 비교해봤다. 실제 색감이나 느낌은 화면이랑 조금 달랐고, 쓰다 보니 익숙해졌다. 기록용으로 남겨둠. 급하게 정한 일정치고는 나쁘지 않았다. 엄청난 건 아니고 그냥 기록용.",20201014,1
상품_리뷰,"[리뷰] 아이폰11pro 후면 카메라 렌즈 내돈내산 후기, 빅쏘",아이폰11pro 후면은 사용법이 어렵진 않았다. 마감은 보통이고 기능은 필요한 만큼만 있는 느낌. 오래 써봐야 알겠지만 첫인상은 나쁘지 않음. 가격은 막 싸진 않았고 위치는 찾기 쉬운 편. 시간 맞으면 한 번쯤 들를만함.,20200402,1
상품_리뷰,내돈내산::벤토사 9H강화유리필름/아이폰 11pro max 추천,내돈내산 궁금해서 써봤는데 막 놀랄 정도는 아니었다. 그래도 손이 자주 가긴 함. 불편한 점은 조금씩 보이는데 못 쓸 정도는 아님. 사진은 몇 장 찍었는데 정리는 나중에 해야겠다. 시간 맞으면 한 번쯤 들를만함. 시간 맞으면 한 번쯤 들를만함.,20191028,1
상품_리뷰,케이스티파이(CASETiFY) 아이폰11 Pro 케이스 구매하기,케이스티파이 아이폰11는 사용법이 어렵진 않았다. 마감은 보통이고 기능은 필요한 만큼만 있는 느낌. 오래 써봐야 알겠지만 첫인상은 나쁘지 않음. 기대치를 낮추고 가면 무난한 정도. 딱히 특별하진 않은데 기억은 남는 편이다.,20191028,1
상품_리뷰,[내돈내산]  위글위글 아이폰 11 퍼플 케이스 &amp; 그립톡 세트,위글위글 아이폰은 처음엔 애매했는데 쓰다 보니 괜찮은 쪽으로 기울었다. 다만 설명이 조금 부족해서 처음 세팅할 때는 헤맸음. 이런 곳도 있었네 싶었다. 다음엔 다른 메뉴도 봐야 할 듯. 급하게 정한 일정치고는 나쁘지 않았다.,20201015,1
상품_리뷰,내돈내산 / 마그제트 3초삼각대 아이폰11프로 블루투스 셀카봉... ,내돈내산 마그제트는 사용법이 어렵진 않았다. 마감은 보통이고 기능은 필요한 만큼만 있는 느낌. 오래 써봐야 알겠지만 첫인상은 나쁘지 않음. 가격은 막 싸진 않았고 위치는 찾기 쉬운 편. 시간 맞으면 한 번쯤 들를만함.,20200927,1
상품_리뷰,아이폰11 케이스후기- 제로스킨 시그니쳐6,"아이폰11 케이스후기- 사진 찍어두고 비교해봤다. 실제 색감이나 느낌은 화면이랑 조금 달랐고, 쓰다 보니 익숙해졌다. 기록용으로 남겨둠. 다음엔 다른 메뉴도 봐야 할 듯. 엄청난 건 아니고 그냥 기록용. 사진은 몇 장 찍었는데 정리는 나중에 해야겠다.",20201129,1
상품_리뷰,아이폰 11 케이스 신지모루 에어클로 투명케이스 샀어요 :),아이폰은 사용법이 어렵진 않았다. 마감은 보통이고 기능은 필요한 만큼만 있는 느낌. 오래 써봐야 알겠지만 첫인상은 나쁘지 않음. 급하게 정한 일정치고는 나쁘지 않았다. 시간 맞으면 한 번쯤 들를만함. 시간 맞으면 한 번쯤 들를만함.,20191105,1
상품_리뷰,아이폰 11 Pro 케이스 디자인스킨내돈내산후기 / 할인팁까지!,아이폰은 처음엔 애매했는데 쓰다 보니 괜찮은 쪽으로 기울었다. 다만 설명이 조금 부족해서 처음 세팅할 때는 헤맸음. 기대치를 낮추고 가면 무난한 정도. 사진은 몇 장 찍었는데 정리는 나중에 해야겠다. 다음엔 다른 메뉴도 봐야 할 듯.,20191112,1
상품_리뷰,"무쪼 아이폰 케이스! MUJJO 내돈내산 후기, 아이폰 케이스 추천","무쪼 써봄. 기대만큼은 아니지만 못 쓸 정도도 아님. 간단하게 쓰기엔 괜찮고, 오래 쓰면 평가가 조금 달라질 수도. 딱히 특별하진 않은데 기억은 남는 편이다. 다음엔 다른 메뉴도 봐야 할 듯. 사람이 좀 있어서 조용한 느낌은 아니었음.",20200310,1
상품_리뷰,드디어 아이폰 11 pro에게 이쁜 케이스를❤️(내돈내산!... ,"드디어 사진 찍어두고 비교해봤다. 실제 색감이나 느낌은 화면이랑 조금 달랐고, 쓰다 보니 익숙해졌다. 기록용으로 남겨둠. 기대치를 낮추고 가면 무난한 정도. 시간 맞으면 한 번쯤 들를만함. 사람이 좀 있어서 조용한 느낌은 아니었음.",20200801,1
상품_리뷰,내돈내산 ESR 강화유리 필름 붙이기!(아이폰11promax) / 하남... ,내돈내산 써본 기록. 처음엔 별생각 없었는데 며칠 쓰다 보니 편한 부분이 있었다. 아쉬운 점도 조금 있지만 가격 생각하면 무난. 가격은 막 싸진 않았고 위치는 찾기 쉬운 편. 이런 곳도 있었네 싶었다. 딱히 특별하진 않은데 기억은 남는 편이다.,20201019,1
상품_리뷰,[리뷰] 아이폰11pro 풀커버 강화유리필름 내돈내산 구매후기... ,"아이폰11pro 사용해봄. 장점은 간단하고 단점은 기대보다 평범하다는 것. 그래도 당장 쓰기엔 문제 없고, 재구매는 조금 더 봐야 할 듯. 시간 맞으면 한 번쯤 들를만함. 급하게 정한 일정치고는 나쁘지 않았다. 딱히 특별하진 않은데 기억은 남는 편이다.",20200402,1
상품_리뷰,"내돈내산 아이폰11 pro max 실버(화이트) 개봉기, 아이폰 가격... ","내돈내산 아이폰11 써봄. 기대만큼은 아니지만 못 쓸 정도도 아님. 간단하게 쓰기엔 괜찮고, 오래 쓰면 평가가 조금 달라질 수도. 딱히 특별하진 않은데 기억은 남는 편이다. 이런 곳도 있었네 싶었다. 다음엔 다른 메뉴도 봐야 할 듯.",20200704,1
상품_리뷰,내돈내산 아이폰11프로맥스 액정보호필름 네고퓨어... ,"내돈내산 아이폰11프로맥스 사진 찍어두고 비교해봤다. 실제 색감이나 느낌은 화면이랑 조금 달랐고, 쓰다 보니 익숙해졌다. 기록용으로 남겨둠. 다음엔 다른 메뉴도 봐야 할 듯. 가격은 막 싸진 않았고 위치는 찾기 쉬운 편.",20200816,1
상품_리뷰,아이폰11 / 아이폰11 프로 프리미엄 강화유리(feat. 내돈내산),"아이폰11 사진 찍어두고 비교해봤다. 실제 색감이나 느낌은 화면이랑 조금 달랐고, 쓰다 보니 익숙해졌다. 기록용으로 남겨둠. 기대치를 낮추고 가면 무난한 정도. 딱히 특별하진 않은데 기억은 남는 편이다. 기대치를 낮추고 가면 무난한 정도.",20201020,1
상품_리뷰,[아이폰11 리뷰] :: #내돈내산 #아이폰11 #아이폰11화이트... ,#내돈내산은 처음엔 애매했는데 쓰다 보니 괜찮은 쪽으로 기울었다. 다만 설명이 조금 부족해서 처음 세팅할 때는 헤맸음. 사람이 좀 있어서 조용한 느낌은 아니었음. 이런 곳도 있었네 싶었다. 가격은 막 싸진 않았고 위치는 찾기 쉬운 편.,20200905,1
상품_리뷰,내돈내산) 아이폰 11 ProMax 폰 케이스 - 맨즈 코리아,"내돈내산)를 며칠 써봤다. 기능은 평범하지만 안정적이고, 크게 거슬리는 부분은 없었다. 필요한 사람한테는 괜찮은 선택일 듯. 가격은 막 싸진 않았고 위치는 찾기 쉬운 편. 사진은 몇 장 찍었는데 정리는 나중에 해야겠다.",20200903,1
상품_리뷰,샤론6 해피베어 아이폰11 케이스 후기 - 만족하는 내돈내산,샤론6 해피베어는 처음엔 애매했는데 쓰다 보니 괜찮은 쪽으로 기울었다. 다만 설명이 조금 부족해서 처음 세팅할 때는 헤맸음. 급하게 정한 일정치고는 나쁘지 않았다. 급하게 정한 일정치고는 나쁘지 않았다. 사진은 몇 장 찍었는데 정리는 나중에 해야겠다.,20200820,1
상품_리뷰,아이폰 11pro 미드나잇 그린 : 내돈내산 1달 실사용 후기... ,아이폰 궁금해서 써봤는데 막 놀랄 정도는 아니었다. 그래도 손이 자주 가긴 함. 불편한 점은 조금씩 보이는데 못 쓸 정도는 아님. 기대치를 낮추고 가면 무난한 정도. 가격은 막 싸진 않았고 위치는 찾기 쉬운 편. 급하게 정한 일정치고는 나쁘지 않았다.,20200108,1
상품_리뷰,아이폰11pro vs 아이폰 12pro 비교,"아이폰11pro vs 써봄. 기대만큼은 아니지만 못 쓸 정도도 아님. 간단하게 쓰기엔 괜찮고, 오래 쓰면 평가가 조금 달라질 수도. 사진은 몇 장 찍었는데 정리는 나중에 해야겠다. 기대치를 낮추고 가면 무난한 정도.",20201102,1
상품_리뷰,"아이폰 중고 저렴한곳 옥션, G마켓 11번가 행복폰 내돈내산 후기","아이폰 중고를 며칠 써봤다. 기능은 평범하지만 안정적이고, 크게 거슬리는 부분은 없었다. 필요한 사람한테는 괜찮은 선택일 듯. 다음엔 다른 메뉴도 봐야 할 듯. 사람이 좀 있어서 조용한 느낌은 아니었음. 사진은 몇 장 찍었는데 정리는 나중에 해야겠다.",20201113,1
상품_리뷰,"아이폰 중고 저렴한곳 옥션, G마켓 11번가 행복폰 내돈내산 후기","아이폰을 며칠 써봤다. 기능은 평범하지만 안정적이고, 크게 거슬리는 부분은 없었다. 필요한 사람한테는 괜찮은 선택일 듯. 가격은 막 싸진 않았고 위치는 찾기 쉬운 편. 다음엔 다른 메뉴도 봐야 할 듯. 이런 곳도 있었네 싶었다.",20201113,1
상품_리뷰,내돈내산 아이폰12pro 실버 언박싱,내돈내산은 사용법이 어렵진 않았다. 마감은 보통이고 기능은 필요한 만큼만 있는 느낌. 오래 써봐야 알겠지만 첫인상은 나쁘지 않음. 엄청난 건 아니고 그냥 기록용. 딱히 특별하진 않은데 기억은 남는 편이다. 사진은 몇 장 찍었는데 정리는 나중에 해야겠다.,20201128,1
상품_리뷰,"구매한 내돈내산 후기! (+ 아이폰 케이스 추천, 아이폰 색상... ","구매한 써봄. 기대만큼은 아니지만 못 쓸 정도도 아님. 간단하게 쓰기엔 괜찮고, 오래 쓰면 평가가 조금 달라질 수도. 다음엔 다른 메뉴도 봐야 할 듯. 딱히 특별하진 않은데 기억은 남는 편이다. 가격은 막 싸진 않았고 위치는 찾기 쉬운 편.",20200330,1
상품_리뷰,아이폰11 졸귀탱 그립톡 추천 (내돈내산),"아이폰11 써봄. 기대만큼은 아니지만 못 쓸 정도도 아님. 간단하게 쓰기엔 괜찮고, 오래 쓰면 평가가 조금 달라질 수도. 이런 곳도 있었네 싶었다. 사람이 좀 있어서 조용한 느낌은 아니었음. 사진은 몇 장 찍었는데 정리는 나중에 해야겠다.",20200422,1
상품_리뷰,아이폰 11프로 | 핸드폰케이스 리뷰 | 내돈내산,아이폰 11프로는 사용법이 어렵진 않았다. 마감은 보통이고 기능은 필요한 만큼만 있는 느낌. 오래 써봐야 알겠지만 첫인상은 나쁘지 않음. 딱히 특별하진 않은데 기억은 남는 편이다. 시간 맞으면 한 번쯤 들를만함.,20200817,1
상품_리뷰,CASETiFY 아이폰11pro 케이스 추천 ft. 케이스티파이... ,"CASETiFY 아이폰11pro 사진 찍어두고 비교해봤다. 실제 색감이나 느낌은 화면이랑 조금 달랐고, 쓰다 보니 익숙해졌다. 기록용으로 남겨둠. 사람이 좀 있어서 조용한 느낌은 아니었음. 딱히 특별하진 않은데 기억은 남는 편이다.",20191107,1
상품_리뷰,내돈내산  아이폰11프로 케이스 [케이스티파이],내돈내산은 처음엔 애매했는데 쓰다 보니 괜찮은 쪽으로 기울었다. 다만 설명이 조금 부족해서 처음 세팅할 때는 헤맸음. 이런 곳도 있었네 싶었다. 이런 곳도 있었네 싶었다. 시간 맞으면 한 번쯤 들를만함. 큰 기대 없이 보면 무난하게 참고할 만한 내용이다.,20200303,1
상품_리뷰,갤럭시 노트 20 개봉 - 아이폰11프로 비교샷 :),갤럭시 노트는 처음엔 애매했는데 쓰다 보니 괜찮은 쪽으로 기울었다. 다만 설명이 조금 부족해서 처음 세팅할 때는 헤맸음. 이런 곳도 있었네 싶었다. 시간 맞으면 한 번쯤 들를만함. 이런 곳도 있었네 싶었다. 짧게 적어두는 정도지만 나름 기억에는 남았다.,20200911,1
상품_리뷰,내돈내산 아이폰11pro 256GB 쿠팡 구매후기,"내돈내산 아이폰11pro를 며칠 써봤다. 기능은 평범하지만 안정적이고, 크게 거슬리는 부분은 없었다. 필요한 사람한테는 괜찮은 선택일 듯. 사진은 몇 장 찍었는데 정리는 나중에 해야겠다. 기대치를 낮추고 가면 무난한 정도.",20201227,1
상품_리뷰,아이폰11Pro Max 256G 구입 // 이마트 24개월 무이자행사,"아이폰11Pro Max 사용해봄. 장점은 간단하고 단점은 기대보다 평범하다는 것. 그래도 당장 쓰기엔 문제 없고, 재구매는 조금 더 봐야 할 듯. 다음엔 다른 메뉴도 봐야 할 듯. 기대치를 낮추고 가면 무난한 정도.",20200618,1
상품_리뷰,"내돈내산 아이폰11pro 256기가,아이폰11프로 실버",내돈내산 아이폰11pro 써본 기록. 처음엔 별생각 없었는데 며칠 쓰다 보니 편한 부분이 있었다. 아쉬운 점도 조금 있지만 가격 생각하면 무난. 사진은 몇 장 찍었는데 정리는 나중에 해야겠다. 기대치를 낮추고 가면 무난한 정도.,20200219,1
상품_리뷰,&lt;아이폰 11 퍼플 64g&gt; 내돈내산 후기,"<아이폰 사진 찍어두고 비교해봤다. 실제 색감이나 느낌은 화면이랑 조금 달랐고, 쓰다 보니 익숙해졌다. 기록용으로 남겨둠. 급하게 정한 일정치고는 나쁘지 않았다. 딱히 특별하진 않은데 기억은 남는 편이다. 사진은 몇 장 찍었는데 정리는 나중에 해야겠다.",20200724,1
상품_리뷰,[내돈내산][쿠팡 애플 브랜드 위크] 아이폰11 공기계 퍼플... ,"아이폰11를 며칠 써봤다. 기능은 평범하지만 안정적이고, 크게 거슬리는 부분은 없었다. 필요한 사람한테는 괜찮은 선택일 듯. 가격은 막 싸진 않았고 위치는 찾기 쉬운 편. 이런 곳도 있었네 싶었다. 엄청난 건 아니고 그냥 기록용.",20200417,1
상품_리뷰,[내돈내산] 아이폰 11 pro 256G 실버 색상 / 사은품 에어팟2 2개... ,아이폰 11는 사용법이 어렵진 않았다. 마감은 보통이고 기능은 필요한 만큼만 있는 느낌. 오래 써봐야 알겠지만 첫인상은 나쁘지 않음. 이런 곳도 있었네 싶었다. 급하게 정한 일정치고는 나쁘지 않았다. 기대치를 낮추고 가면 무난한 정도.,20191110,1
상품_리뷰,아이폰11 PRO 자급제폰 스그 개봉기(+알뜰요금제/할인정보),아이폰11 궁금해서 써봤는데 막 놀랄 정도는 아니었다. 그래도 손이 자주 가긴 함. 불편한 점은 조금씩 보이는데 못 쓸 정도는 아님. 기대치를 낮추고 가면 무난한 정도. 급하게 정한 일정치고는 나쁘지 않았다. 이런 곳도 있었네 싶었다.,20200319,1
상품_리뷰,아이폰 11화이트-후면 카메라 강화유리 후기/내돈내산,아이폰 11화이트-후면 궁금해서 써봤는데 막 놀랄 정도는 아니었다. 그래도 손이 자주 가긴 함. 불편한 점은 조금씩 보이는데 못 쓸 정도는 아님. 엄청난 건 아니고 그냥 기록용. 급하게 정한 일정치고는 나쁘지 않았다.,20200206,1
상품_리뷰,"아이폰11프로 케이스, 주파집... 링케  에어S케이스 내돈내산 비교","아이폰11프로 케이스를 며칠 써봤다. 기능은 평범하지만 안정적이고, 크게 거슬리는 부분은 없었다. 필요한 사람한테는 괜찮은 선택일 듯. 가격은 막 싸진 않았고 위치는 찾기 쉬운 편. 기대치를 낮추고 가면 무난한 정도.",20201107,1
상품_리뷰,신상 아이폰 : 아이폰 11 옐로우 구매 후기 (내돈내산 장단점... ,신상 아이폰 써본 기록. 처음엔 별생각 없었는데 며칠 쓰다 보니 편한 부분이 있었다. 아쉬운 점도 조금 있지만 가격 생각하면 무난. 다음엔 다른 메뉴도 봐야 할 듯. 사람이 좀 있어서 조용한 느낌은 아니었음. 다음엔 다른 메뉴도 봐야 할 듯.,20200105,1
상품_리뷰,아이폰 폰스트랩 추천: 하이루프 폰스트랩(내돈내산 아이폰1... ,아이폰은 처음엔 애매했는데 쓰다 보니 괜찮은 쪽으로 기울었다. 다만 설명이 조금 부족해서 처음 세팅할 때는 헤맸음. 기대치를 낮추고 가면 무난한 정도. 시간 맞으면 한 번쯤 들를만함. 다음엔 다른 메뉴도 봐야 할 듯.,20200112,1
상품_리뷰,그립감 좋은 아이폰 11 정품 케이스 후기(소프트 화이트),그립감은 처음엔 애매했는데 쓰다 보니 괜찮은 쪽으로 기울었다. 다만 설명이 조금 부족해서 처음 세팅할 때는 헤맸음. 사람이 좀 있어서 조용한 느낌은 아니었음. 이런 곳도 있었네 싶었다. 딱히 특별하진 않은데 기억은 남는 편이다.,20201125,1
상품_리뷰,GS25 아이폰 11 라이트닝 8핀 케이블 내돈내산 리뷰,"GS25 사진 찍어두고 비교해봤다. 실제 색감이나 느낌은 화면이랑 조금 달랐고, 쓰다 보니 익숙해졌다. 기록용으로 남겨둠. 딱히 특별하진 않은데 기억은 남는 편이다. 가격은 막 싸진 않았고 위치는 찾기 쉬운 편.",20200503,1
상품_리뷰,아이폰11프로케이스 추천 : 케이스티파이 Pangram... ,"아이폰11프로케이스 케이스티파이를 며칠 써봤다. 기능은 평범하지만 안정적이고, 크게 거슬리는 부분은 없었다. 필요한 사람한테는 괜찮은 선택일 듯. 사람이 좀 있어서 조용한 느낌은 아니었음. 엄청난 건 아니고 그냥 기록용.",20200103,1
상품_리뷰,굿즈메이커｜아이폰11 폰케이스 내돈내산 후기 ◡̈,"굿즈메이커｜아이폰11 폰케이스 사용해봄. 장점은 간단하고 단점은 기대보다 평범하다는 것. 그래도 당장 쓰기엔 문제 없고, 재구매는 조금 더 봐야 할 듯. 엄청난 건 아니고 그냥 기록용. 엄청난 건 아니고 그냥 기록용.",20200722,1
상품_리뷰,"아이폰12pro max,11pro 케이스는 역시 슈피겐이지... ","아이폰12pro max 사진 찍어두고 비교해봤다. 실제 색감이나 느낌은 화면이랑 조금 달랐고, 쓰다 보니 익숙해졌다. 기록용으로 남겨둠. 엄청난 건 아니고 그냥 기록용. 가격은 막 싸진 않았고 위치는 찾기 쉬운 편.",20201117,1
상품_리뷰,아이폰 11 Pro  유저 애플워치 SE GPS 44mm 내돈내산 후기,"아이폰 11 사용해봄. 장점은 간단하고 단점은 기대보다 평범하다는 것. 그래도 당장 쓰기엔 문제 없고, 재구매는 조금 더 봐야 할 듯. 기대치를 낮추고 가면 무난한 정도. 엄청난 건 아니고 그냥 기록용. 다음엔 다른 메뉴도 봐야 할 듯.",20201031,1
상품_리뷰,아이폰11pro/ 김혜수 아르노 폰 스트랩/ 내돈내산후기,"아이폰11pro 써봄. 기대만큼은 아니지만 못 쓸 정도도 아님. 간단하게 쓰기엔 괜찮고, 오래 쓰면 평가가 조금 달라질 수도. 시간 맞으면 한 번쯤 들를만함. 기대치를 낮추고 가면 무난한 정도. 사람이 좀 있어서 조용한 느낌은 아니었음.",20200623,1
상품_리뷰,홍대 프리스비- 애플 아이폰 11 PRO 프로 골드’ 일시불로... ,"홍대 프리스비- 사진 찍어두고 비교해봤다. 실제 색감이나 느낌은 화면이랑 조금 달랐고, 쓰다 보니 익숙해졌다. 기록용으로 남겨둠. 사진은 몇 장 찍었는데 정리는 나중에 해야겠다. 시간 맞으면 한 번쯤 들를만함.",20200418,1
상품_리뷰,아이폰 11 pro 카메라 필름... 보호 O 빛번짐은 X ! (내돈내산),아이폰 11 써본 기록. 처음엔 별생각 없었는데 며칠 쓰다 보니 편한 부분이 있었다. 아쉬운 점도 조금 있지만 가격 생각하면 무난. 다음엔 다른 메뉴도 봐야 할 듯. 기대치를 낮추고 가면 무난한 정도. 기대치를 낮추고 가면 무난한 정도.,20200625,1
상품_리뷰,아이폰12 pro 골드(내돈내산 feat. SK 요금할인받기),아이폰12 pro 궁금해서 써봤는데 막 놀랄 정도는 아니었다. 그래도 손이 자주 가긴 함. 불편한 점은 조금씩 보이는데 못 쓸 정도는 아님. 다음엔 다른 메뉴도 봐야 할 듯. 급하게 정한 일정치고는 나쁘지 않았다. 엄청난 건 아니고 그냥 기록용.,20201105,1
상품_리뷰,"구매리뷰] 가격과 성능, 내돈내산 솔직후기 (아이폰11과 비교)",구매리뷰] 궁금해서 써봤는데 막 놀랄 정도는 아니었다. 그래도 손이 자주 가긴 함. 불편한 점은 조금씩 보이는데 못 쓸 정도는 아님. 사람이 좀 있어서 조용한 느낌은 아니었음. 이런 곳도 있었네 싶었다. 기대치를 낮추고 가면 무난한 정도.,20200906,1
상품_리뷰,아이폰11 카메라 유리필름 주의사항 / 내돈내산 후기,아이폰11 궁금해서 써봤는데 막 놀랄 정도는 아니었다. 그래도 손이 자주 가긴 함. 불편한 점은 조금씩 보이는데 못 쓸 정도는 아님. 엄청난 건 아니고 그냥 기록용. 기대치를 낮추고 가면 무난한 정도. 기대치를 낮추고 가면 무난한 정도.,20200327,1
상품_리뷰,"아이폰11pro 스그 개봉기, 인덕션_내돈내산후기♥","아이폰11pro 스그를 며칠 써봤다. 기능은 평범하지만 안정적이고, 크게 거슬리는 부분은 없었다. 필요한 사람한테는 괜찮은 선택일 듯. 딱히 특별하진 않은데 기억은 남는 편이다. 딱히 특별하진 않은데 기억은 남는 편이다.",20191213,1
상품_리뷰,[리예드] 커스터마이징이 가능한 고급가죽으로 만든 아이폰1... ,커스터마이징이 가능한 써본 기록. 처음엔 별생각 없었는데 며칠 쓰다 보니 편한 부분이 있었다. 아쉬운 점도 조금 있지만 가격 생각하면 무난. 사람이 좀 있어서 조용한 느낌은 아니었음. 다음엔 다른 메뉴도 봐야 할 듯.,20201127,1
상품_리뷰,아이폰11프로 카메라렌즈 풀커버 강화유리 내돈내산 구매... ,"아이폰11프로 카메라렌즈 써봄. 기대만큼은 아니지만 못 쓸 정도도 아님. 간단하게 쓰기엔 괜찮고, 오래 쓰면 평가가 조금 달라질 수도. 급하게 정한 일정치고는 나쁘지 않았다. 가격은 막 싸진 않았고 위치는 찾기 쉬운 편.",20200521,1
상품_리뷰,리뷰 :: 아이폰11프로케이스 내돈내산 후기,아이폰11프로케이스 내돈내산 써본 기록. 처음엔 별생각 없었는데 며칠 쓰다 보니 편한 부분이 있었다. 아쉬운 점도 조금 있지만 가격 생각하면 무난. 시간 맞으면 한 번쯤 들를만함. 엄청난 건 아니고 그냥 기록용. 시간 맞으면 한 번쯤 들를만함.,20200615,1
상품_리뷰,신설동 육전식당 1호점 #아이폰11프로 음식사진,신설동 육전식당 기록. 자리 간격은 넓진 않았고 음식은 바로 먹기 괜찮았다. 막 특별하진 않은데 배고플 때 들르면 나쁘지 않은 정도. 사진은 몇 장 찍었는데 정리는 나중에 해야겠다. 사진은 몇 장 찍었는데 정리는 나중에 해야겠다.,20191108,1
상품_리뷰,# KT 1분 주문 1시간 배송 리뷰 아이폰11 퍼플 컬러 [내돈내산♥],"KT 1분을 며칠 써봤다. 기능은 평범하지만 안정적이고, 크게 거슬리는 부분은 없었다. 필요한 사람한테는 괜찮은 선택일 듯. 딱히 특별하진 않은데 기억은 남는 편이다. 가격은 막 싸진 않았고 위치는 찾기 쉬운 편.",20201024,1
상품_리뷰,아이폰 11 프로 투명 에어범퍼 카드 케이스 구입 후기,아이폰 11 궁금해서 써봤는데 막 놀랄 정도는 아니었다. 그래도 손이 자주 가긴 함. 불편한 점은 조금씩 보이는데 못 쓸 정도는 아님. 사람이 좀 있어서 조용한 느낌은 아니었음. 다음엔 다른 메뉴도 봐야 할 듯. 급하게 정한 일정치고는 나쁘지 않았다.,20200831,1
상품_리뷰,"아이폰11프로 슬림케이스로 그립감 좋고, 안정감 좋은... ",아이폰11프로 슬림케이스로는 사용법이 어렵진 않았다. 마감은 보통이고 기능은 필요한 만큼만 있는 느낌. 오래 써봐야 알겠지만 첫인상은 나쁘지 않음. 다음엔 다른 메뉴도 봐야 할 듯. 기대치를 낮추고 가면 무난한 정도.,20201205,1
상품_리뷰,내돈내산/아이폰11프로 무선충전기&amp;거치대 / 리큐엠 무선... ,"내돈내산 아이폰11프로를 며칠 써봤다. 기능은 평범하지만 안정적이고, 크게 거슬리는 부분은 없었다. 필요한 사람한테는 괜찮은 선택일 듯. 다음엔 다른 메뉴도 봐야 할 듯. 가격은 막 싸진 않았고 위치는 찾기 쉬운 편.",20201105,1
상품_리뷰,블랙프라이데이를 이용한 CASETIFY 구입!:아이폰11pro 케이스,블랙프라이데이를 궁금해서 써봤는데 막 놀랄 정도는 아니었다. 그래도 손이 자주 가긴 함. 불편한 점은 조금씩 보이는데 못 쓸 정도는 아님. 이런 곳도 있었네 싶었다. 시간 맞으면 한 번쯤 들를만함. 사진은 몇 장 찍었는데 정리는 나중에 해야겠다.,20191204,1
상품_리뷰,고정력최강 / 아이폰11프로맥스 차량용 충전 거치대 / 내돈내산,고정력최강은 사용법이 어렵진 않았다. 마감은 보통이고 기능은 필요한 만큼만 있는 느낌. 오래 써봐야 알겠지만 첫인상은 나쁘지 않음. 가격은 막 싸진 않았고 위치는 찾기 쉬운 편. 딱히 특별하진 않은데 기억은 남는 편이다.,20200822,1
상품_리뷰,애플워치 5세대 언박싱 아이폰11 연동 방법,애플워치 5세대는 사용법이 어렵진 않았다. 마감은 보통이고 기능은 필요한 만큼만 있는 느낌. 오래 써봐야 알겠지만 첫인상은 나쁘지 않음. 사람이 좀 있어서 조용한 느낌은 아니었음. 이런 곳도 있었네 싶었다. 딱히 특별하진 않은데 기억은 남는 편이다.,20200703,1
상품_리뷰,아이폰11 아이폰11프로 아이폰11프로맥스 카메라필름,"아이폰11 아이폰11프로를 며칠 써봤다. 기능은 평범하지만 안정적이고, 크게 거슬리는 부분은 없었다. 필요한 사람한테는 괜찮은 선택일 듯. 이런 곳도 있었네 싶었다. 기대치를 낮추고 가면 무난한 정도. 급하게 정한 일정치고는 나쁘지 않았다.",20200404,1
상품_리뷰,북포유 아이폰11 유화케이스 내돈내산리뷰,"북포유를 며칠 써봤다. 기능은 평범하지만 안정적이고, 크게 거슬리는 부분은 없었다. 필요한 사람한테는 괜찮은 선택일 듯. 이런 곳도 있었네 싶었다. 사진은 몇 장 찍었는데 정리는 나중에 해야겠다. 사람이 좀 있어서 조용한 느낌은 아니었음.",20200518,1
상품_리뷰,[내돈내산] 인천공항 1터미널 신라면세점 아이폰11 구입,인천공항 1터미널 써본 기록. 처음엔 별생각 없었는데 며칠 쓰다 보니 편한 부분이 있었다. 아쉬운 점도 조금 있지만 가격 생각하면 무난. 사진은 몇 장 찍었는데 정리는 나중에 해야겠다. 사람이 좀 있어서 조용한 느낌은 아니었음.,20200114,1
상품_리뷰,아이폰11 화이트 리뷰 ❣️ 아이폰7에서 아이폰11으로 백업... ,"아이폰11 화이트 사진 찍어두고 비교해봤다. 실제 색감이나 느낌은 화면이랑 조금 달랐고, 쓰다 보니 익숙해졌다. 기록용으로 남겨둠. 사람이 좀 있어서 조용한 느낌은 아니었음. 딱히 특별하진 않은데 기억은 남는 편이다.",20191027,1
상품_리뷰,내돈내산) 아이폰12 미니 케이스 / cacetify,"내돈내산) 아이폰12 써봄. 기대만큼은 아니지만 못 쓸 정도도 아님. 간단하게 쓰기엔 괜찮고, 오래 쓰면 평가가 조금 달라질 수도. 사람이 좀 있어서 조용한 느낌은 아니었음. 급하게 정한 일정치고는 나쁘지 않았다.",20201204,1
상품_리뷰,아이폰11 구매 국민폰에서 구입한 내돈내산 솔직 후기,"아이폰11 구매 사진 찍어두고 비교해봤다. 실제 색감이나 느낌은 화면이랑 조금 달랐고, 쓰다 보니 익숙해졌다. 기록용으로 남겨둠. 시간 맞으면 한 번쯤 들를만함. 시간 맞으면 한 번쯤 들를만함. 시간 맞으면 한 번쯤 들를만함.",20200813,1
상품_리뷰,"아이폰 11 Pro 케이스, 이 세상 예쁨이 아니잖아? 내돈내산... ",아이폰 궁금해서 써봤는데 막 놀랄 정도는 아니었다. 그래도 손이 자주 가긴 함. 불편한 점은 조금씩 보이는데 못 쓸 정도는 아님. 다음엔 다른 메뉴도 봐야 할 듯. 사람이 좀 있어서 조용한 느낌은 아니었음. 기대치를 낮추고 가면 무난한 정도.,20200530,1
상품_리뷰,[내돈내산] 아이폰11프로 파워서포트 에어자켓 &amp; 안티글레어... ,"아이폰11프로를 며칠 써봤다. 기능은 평범하지만 안정적이고, 크게 거슬리는 부분은 없었다. 필요한 사람한테는 괜찮은 선택일 듯. 다음엔 다른 메뉴도 봐야 할 듯. 사람이 좀 있어서 조용한 느낌은 아니었음. 엄청난 건 아니고 그냥 기록용.",20200121,1
상품_리뷰,[내돈내산] 아이폰11프로 구매후기 : 아이폰 갤럭시... ,아이폰11프로 구매후기 궁금해서 써봤는데 막 놀랄 정도는 아니었다. 그래도 손이 자주 가긴 함. 불편한 점은 조금씩 보이는데 못 쓸 정도는 아님. 사람이 좀 있어서 조용한 느낌은 아니었음. 이런 곳도 있었네 싶었다.,20200217,1
상품_리뷰,통큰준구씨 쇼핑몰 아이폰 케이스 추천 내돈내산,"통큰준구씨 쇼핑몰 써봄. 기대만큼은 아니지만 못 쓸 정도도 아님. 간단하게 쓰기엔 괜찮고, 오래 쓰면 평가가 조금 달라질 수도. 딱히 특별하진 않은데 기억은 남는 편이다. 다음엔 다른 메뉴도 봐야 할 듯. 사진은 몇 장 찍었는데 정리는 나중에 해야겠다.",20201109,1
상품_리뷰,"갤럭시 노트 10 vs 아이폰 11 pro 야간 모드, 플레어 고스트... ",갤럭시는 처음엔 애매했는데 쓰다 보니 괜찮은 쪽으로 기울었다. 다만 설명이 조금 부족해서 처음 세팅할 때는 헤맸음. 다음엔 다른 메뉴도 봐야 할 듯. 이런 곳도 있었네 싶었다. 사람이 좀 있어서 조용한 느낌은 아니었음.,20191201,1
상품_리뷰,아이폰11pro - 내돈내산 액정필름/강화유리 추천!!2일동안... ,"아이폰11pro를 며칠 써봤다. 기능은 평범하지만 안정적이고, 크게 거슬리는 부분은 없었다. 필요한 사람한테는 괜찮은 선택일 듯. 엄청난 건 아니고 그냥 기록용. 가격은 막 싸진 않았고 위치는 찾기 쉬운 편. 가격은 막 싸진 않았고 위치는 찾기 쉬운 편.",20200513,1
상품_리뷰,내돈내산 / 아이폰11 프로 미국 직구 후기,"내돈내산 사용해봄. 장점은 간단하고 단점은 기대보다 평범하다는 것. 그래도 당장 쓰기엔 문제 없고, 재구매는 조금 더 봐야 할 듯. 딱히 특별하진 않은데 기억은 남는 편이다. 가격은 막 싸진 않았고 위치는 찾기 쉬운 편.",20200211,1
상품_리뷰,아이폰11프로 케이스 케이스티파이 할인코드 공유,"아이폰11프로 케이스 사진 찍어두고 비교해봤다. 실제 색감이나 느낌은 화면이랑 조금 달랐고, 쓰다 보니 익숙해졌다. 기록용으로 남겨둠. 시간 맞으면 한 번쯤 들를만함. 엄청난 건 아니고 그냥 기록용. 사람이 좀 있어서 조용한 느낌은 아니었음.",20190926,1
상품_리뷰,아이폰 11 pro 프로 가로수길 애플스토어 구매 보고서,"아이폰 사용해봄. 장점은 간단하고 단점은 기대보다 평범하다는 것. 그래도 당장 쓰기엔 문제 없고, 재구매는 조금 더 봐야 할 듯. 이런 곳도 있었네 싶었다. 급하게 정한 일정치고는 나쁘지 않았다. 급하게 정한 일정치고는 나쁘지 않았다.",20191127,1
상품_리뷰,아이폰11 악세사리 | earp earp (어프어프) 폰케이스... ,"아이폰11 써봄. 기대만큼은 아니지만 못 쓸 정도도 아님. 간단하게 쓰기엔 괜찮고, 오래 쓰면 평가가 조금 달라질 수도. 엄청난 건 아니고 그냥 기록용. 사진은 몇 장 찍었는데 정리는 나중에 해야겠다. 딱히 특별하진 않은데 기억은 남는 편이다.",20200603,1
상품_리뷰,[내돈내산] 아이폰 11 white 128GB ⭐️2주 사용 후기,아이폰 써본 기록. 처음엔 별생각 없었는데 며칠 쓰다 보니 편한 부분이 있었다. 아쉬운 점도 조금 있지만 가격 생각하면 무난. 딱히 특별하진 않은데 기억은 남는 편이다. 딱히 특별하진 않은데 기억은 남는 편이다. 기대치를 낮추고 가면 무난한 정도.,20200424,1
상품_리뷰,호주 시드니 애플스토어에서 아이폰11(iPhone11) 화이트... ,"호주 시드니 사용해봄. 장점은 간단하고 단점은 기대보다 평범하다는 것. 그래도 당장 쓰기엔 문제 없고, 재구매는 조금 더 봐야 할 듯. 시간 맞으면 한 번쯤 들를만함. 급하게 정한 일정치고는 나쁘지 않았다. 이런 곳도 있었네 싶었다.",20191016,1
상품_리뷰,"아이폰 11 프로 연속촬영(연사찍기), 동영상",아이폰은 처음엔 애매했는데 쓰다 보니 괜찮은 쪽으로 기울었다. 다만 설명이 조금 부족해서 처음 세팅할 때는 헤맸음. 엄청난 건 아니고 그냥 기록용. 엄청난 건 아니고 그냥 기록용. 시간 맞으면 한 번쯤 들를만함. 엄청 자세한 후기는 아니고 그냥 그때 느낌 위주.,20200112,1
상품_리뷰,[내돈내산] 쿠팡에서 핸드폰 사도 될까? | 아이폰 11PRO 256기가... ,쿠팡에서 궁금해서 써봤는데 막 놀랄 정도는 아니었다. 그래도 손이 자주 가긴 함. 불편한 점은 조금씩 보이는데 못 쓸 정도는 아님. 사진은 몇 장 찍었는데 정리는 나중에 해야겠다. 가격은 막 싸진 않았고 위치는 찾기 쉬운 편.,20201001,1
상품_리뷰,[내돈내산]아이디얼오브스웨덴 아이폰11PRO케이스... ,"아이디얼오브스웨덴을 며칠 써봤다. 기능은 평범하지만 안정적이고, 크게 거슬리는 부분은 없었다. 필요한 사람한테는 괜찮은 선택일 듯. 사진은 몇 장 찍었는데 정리는 나중에 해야겠다. 시간 맞으면 한 번쯤 들를만함.",20201209,1
상품_리뷰,[내돈내산] TRK 아이폰11 프로 후면 카메라 풀커버 강화유리,TRK 써본 기록. 처음엔 별생각 없었는데 며칠 쓰다 보니 편한 부분이 있었다. 아쉬운 점도 조금 있지만 가격 생각하면 무난. 사람이 좀 있어서 조용한 느낌은 아니었음. 가격은 막 싸진 않았고 위치는 찾기 쉬운 편. 딱히 특별하진 않은데 기억은 남는 편이다.,20200705,1
상품_리뷰,아이폰11프로  케이스 (내돈내산),"아이폰11프로 사진 찍어두고 비교해봤다. 실제 색감이나 느낌은 화면이랑 조금 달랐고, 쓰다 보니 익숙해졌다. 기록용으로 남겨둠. 급하게 정한 일정치고는 나쁘지 않았다. 시간 맞으면 한 번쯤 들를만함. 기대치를 낮추고 가면 무난한 정도.",20200405,1
상품_리뷰,CASETiFY 케이스티파이 아이폰11프로케이스 추천 네온샌드... ,CASETiFY 궁금해서 써봤는데 막 놀랄 정도는 아니었다. 그래도 손이 자주 가긴 함. 불편한 점은 조금씩 보이는데 못 쓸 정도는 아님. 다음엔 다른 메뉴도 봐야 할 듯. 기대치를 낮추고 가면 무난한 정도. 기대치를 낮추고 가면 무난한 정도.,20191229,1
상품_리뷰,[내돈내산]아이폰 11 Pro 256G 실버를 구매했다:) 발품팔아서,아이폰 궁금해서 써봤는데 막 놀랄 정도는 아니었다. 그래도 손이 자주 가긴 함. 불편한 점은 조금씩 보이는데 못 쓸 정도는 아님. 엄청난 건 아니고 그냥 기록용. 딱히 특별하진 않은데 기억은 남는 편이다. 시간 맞으면 한 번쯤 들를만함.,20191217,1
상품_리뷰,애플 정품 아이폰 실리콘 케이스 사용 후기 / 아이폰 11 pro... ,"애플 정품 써봄. 기대만큼은 아니지만 못 쓸 정도도 아님. 간단하게 쓰기엔 괜찮고, 오래 쓰면 평가가 조금 달라질 수도. 사람이 좀 있어서 조용한 느낌은 아니었음. 이런 곳도 있었네 싶었다. 시간 맞으면 한 번쯤 들를만함.",20200117,1
상품_리뷰,주파짚 아이폰11 실리콘 케이스 스톤 컬러 구매후기! (내돈내산... ,"주파짚 아이폰11 사용해봄. 장점은 간단하고 단점은 기대보다 평범하다는 것. 그래도 당장 쓰기엔 문제 없고, 재구매는 조금 더 봐야 할 듯. 기대치를 낮추고 가면 무난한 정도. 다음엔 다른 메뉴도 봐야 할 듯. 엄청난 건 아니고 그냥 기록용.",20201217,1
상품_리뷰,[텐바이텐] 커버리쉬 아이폰케이스 내돈내산 후기,커버리쉬 아이폰케이스 궁금해서 써봤는데 막 놀랄 정도는 아니었다. 그래도 손이 자주 가긴 함. 불편한 점은 조금씩 보이는데 못 쓸 정도는 아님. 딱히 특별하진 않은데 기억은 남는 편이다. 딱히 특별하진 않은데 기억은 남는 편이다.,20201229,1
상품_리뷰,아이폰 가죽케이스 커스텀 이니셜각인 까지(아이폰11프로... ,"아이폰 가죽케이스 사진 찍어두고 비교해봤다. 실제 색감이나 느낌은 화면이랑 조금 달랐고, 쓰다 보니 익숙해졌다. 기록용으로 남겨둠. 사진은 몇 장 찍었는데 정리는 나중에 해야겠다. 기대치를 낮추고 가면 무난한 정도.",20200806,1
상품_리뷰,"모모케이스 아이폰11 케이스 구매후기(광고X, 내돈내산)",모모케이스 궁금해서 써봤는데 막 놀랄 정도는 아니었다. 그래도 손이 자주 가긴 함. 불편한 점은 조금씩 보이는데 못 쓸 정도는 아님. 사람이 좀 있어서 조용한 느낌은 아니었음. 시간 맞으면 한 번쯤 들를만함. 딱히 특별하진 않은데 기억은 남는 편이다.,20200917,1
상품_리뷰,아이폰11 링케퓨전 케이스... 블루라이트필름 내돈내산 후기,"아이폰11 링케퓨전 사용해봄. 장점은 간단하고 단점은 기대보다 평범하다는 것. 그래도 당장 쓰기엔 문제 없고, 재구매는 조금 더 봐야 할 듯. 사람이 좀 있어서 조용한 느낌은 아니었음. 가격은 막 싸진 않았고 위치는 찾기 쉬운 편.",20200324,1
상품_리뷰,아이폰11프로 폰케이스 + 스마트톡 + 카메라풀커버 내돈내산... ,"아이폰11프로 사용해봄. 장점은 간단하고 단점은 기대보다 평범하다는 것. 그래도 당장 쓰기엔 문제 없고, 재구매는 조금 더 봐야 할 듯. 딱히 특별하진 않은데 기억은 남는 편이다. 기대치를 낮추고 가면 무난한 정도.",20201109,1
상품_리뷰,[리뷰]애플 유저 아이폰11프로... 펜슬 2세대 내돈내산 구매 후기,애플 유저 궁금해서 써봤는데 막 놀랄 정도는 아니었다. 그래도 손이 자주 가긴 함. 불편한 점은 조금씩 보이는데 못 쓸 정도는 아님. 엄청난 건 아니고 그냥 기록용. 사진은 몇 장 찍었는데 정리는 나중에 해야겠다. 기대치를 낮추고 가면 무난한 정도.,20201206,1
상품_리뷰,아이폰11 슈피겐 울트라하이브리드 투명케이스 후기/내돈내산,"아이폰11 사용해봄. 장점은 간단하고 단점은 기대보다 평범하다는 것. 그래도 당장 쓰기엔 문제 없고, 재구매는 조금 더 봐야 할 듯. 사진은 몇 장 찍었는데 정리는 나중에 해야겠다. 급하게 정한 일정치고는 나쁘지 않았다.",20200808,1
상품_리뷰,"아이폰11 화이트 / 폰 바꾼... 실시간 일기, #휴대폰성지 #아이폰11",아이폰11는 처음엔 애매했는데 쓰다 보니 괜찮은 쪽으로 기울었다. 다만 설명이 조금 부족해서 처음 세팅할 때는 헤맸음. 엄청난 건 아니고 그냥 기록용. 사진은 몇 장 찍었는데 정리는 나중에 해야겠다. 사람이 좀 있어서 조용한 느낌은 아니었음.,20200104,1
상품_리뷰,[내돈내산] 아이폰 11 pro 골드 + 에어팟 프로 후기... ,아이폰 11는 처음엔 애매했는데 쓰다 보니 괜찮은 쪽으로 기울었다. 다만 설명이 조금 부족해서 처음 세팅할 때는 헤맸음. 가격은 막 싸진 않았고 위치는 찾기 쉬운 편. 엄청난 건 아니고 그냥 기록용. 다음엔 다른 메뉴도 봐야 할 듯.,20200130,1
상품_리뷰,"미코니 아이폰 케이스 2개, 에어팟케이스 내돈내산 구매후기","미코니 사용해봄. 장점은 간단하고 단점은 기대보다 평범하다는 것. 그래도 당장 쓰기엔 문제 없고, 재구매는 조금 더 봐야 할 듯. 기대치를 낮추고 가면 무난한 정도. 급하게 정한 일정치고는 나쁘지 않았다. 가격은 막 싸진 않았고 위치는 찾기 쉬운 편.",20201029,1
상품_리뷰,Casetify 케이스티파이 아이폰11pro 폰케이스 20% 할인코드... ,"Casetify 케이스티파이를 며칠 써봤다. 기능은 평범하지만 안정적이고, 크게 거슬리는 부분은 없었다. 필요한 사람한테는 괜찮은 선택일 듯. 급하게 정한 일정치고는 나쁘지 않았다. 시간 맞으면 한 번쯤 들를만함.",20191117,1
상품_리뷰,(내돈내산) &lt;한달후기&gt; ‘아이몰’ 변색없는 아이폰 케이스 !!,<한달후기>는 사용법이 어렵진 않았다. 마감은 보통이고 기능은 필요한 만큼만 있는 느낌. 오래 써봐야 알겠지만 첫인상은 나쁘지 않음. 사진은 몇 장 찍었는데 정리는 나중에 해야겠다. 시간 맞으면 한 번쯤 들를만함.,20201209,1
상품_리뷰,[오사카 일상] 아이폰12프로... ~ (feat.아이폰11 중고팔기),아이폰12프로...는 사용법이 어렵진 않았다. 마감은 보통이고 기능은 필요한 만큼만 있는 느낌. 오래 써봐야 알겠지만 첫인상은 나쁘지 않음. 급하게 정한 일정치고는 나쁘지 않았다. 엄청난 건 아니고 그냥 기록용.,20201205,1
상품_리뷰,아이폰11pro 케이스 내돈내산 추천!! 예쁜 게 단단하기까지 한... ,아이폰11pro는 처음엔 애매했는데 쓰다 보니 괜찮은 쪽으로 기울었다. 다만 설명이 조금 부족해서 처음 세팅할 때는 헤맸음. 엄청난 건 아니고 그냥 기록용. 급하게 정한 일정치고는 나쁘지 않았다. 기대치를 낮추고 가면 무난한 정도.,20200522,1
상품_리뷰,아이폰11    신지모루  풀커버... 사용 후기 !!내돈내산 후기!!,아이폰11는 처음엔 애매했는데 쓰다 보니 괜찮은 쪽으로 기울었다. 다만 설명이 조금 부족해서 처음 세팅할 때는 헤맸음. 딱히 특별하진 않은데 기억은 남는 편이다. 딱히 특별하진 않은데 기억은 남는 편이다. 가격은 막 싸진 않았고 위치는 찾기 쉬운 편.,20200528,1
상품_리뷰,[내돈내산] 변색 걱정 없는 아이폰 11 pro  끼움 케이스 !,변색 걱정은 처음엔 애매했는데 쓰다 보니 괜찮은 쪽으로 기울었다. 다만 설명이 조금 부족해서 처음 세팅할 때는 헤맸음. 딱히 특별하진 않은데 기억은 남는 편이다. 가격은 막 싸진 않았고 위치는 찾기 쉬운 편. 가격은 막 싸진 않았고 위치는 찾기 쉬운 편.,20200508,1
상품_리뷰,[내돈내산 리뷰]케이안 강화유리 아이폰 11 -크리스탈아머... ,"케이안을 며칠 써봤다. 기능은 평범하지만 안정적이고, 크게 거슬리는 부분은 없었다. 필요한 사람한테는 괜찮은 선택일 듯. 엄청난 건 아니고 그냥 기록용. 다음엔 다른 메뉴도 봐야 할 듯. 기대치를 낮추고 가면 무난한 정도.",20200516,1
상품_리뷰,[내돈내산/아이폰11] 아이폰11 옐로우 색상으로 핸드폰... ,"아이폰11 옐로우 사진 찍어두고 비교해봤다. 실제 색감이나 느낌은 화면이랑 조금 달랐고, 쓰다 보니 익숙해졌다. 기록용으로 남겨둠. 다음엔 다른 메뉴도 봐야 할 듯. 가격은 막 싸진 않았고 위치는 찾기 쉬운 편. 사람이 좀 있어서 조용한 느낌은 아니었음.",20200503,1
상품_리뷰,스마트폰 짐벌 아이폰11 초보자용 추천 #내돈내산 구매후기,스마트폰 짐벌 써본 기록. 처음엔 별생각 없었는데 며칠 쓰다 보니 편한 부분이 있었다. 아쉬운 점도 조금 있지만 가격 생각하면 무난. 다음엔 다른 메뉴도 봐야 할 듯. 급하게 정한 일정치고는 나쁘지 않았다. 시간 맞으면 한 번쯤 들를만함.,20200220,1
상품_리뷰,내돈내산 후기 강변 테크노 마트에서 구매한 아이폰 11 프로... ,내돈내산 써본 기록. 처음엔 별생각 없었는데 며칠 쓰다 보니 편한 부분이 있었다. 아쉬운 점도 조금 있지만 가격 생각하면 무난. 시간 맞으면 한 번쯤 들를만함. 다음엔 다른 메뉴도 봐야 할 듯. 사람이 좀 있어서 조용한 느낌은 아니었음.,20200727,1
상품_리뷰,[내돈내산] 아이폰 11 PRO MAX 케이스 구매 후기 - 다온누리... ,아이폰 11 궁금해서 써봤는데 막 놀랄 정도는 아니었다. 그래도 손이 자주 가긴 함. 불편한 점은 조금씩 보이는데 못 쓸 정도는 아님. 급하게 정한 일정치고는 나쁘지 않았다. 이런 곳도 있었네 싶었다. 사진은 몇 장 찍었는데 정리는 나중에 해야겠다.,20200607,1
상품_리뷰,[ 내돈내산 / 솔직후기 ] 아이폰11 케이스 추천!!! ' 링케에어S... ,"아이폰11 케이스 사용해봄. 장점은 간단하고 단점은 기대보다 평범하다는 것. 그래도 당장 쓰기엔 문제 없고, 재구매는 조금 더 봐야 할 듯. 시간 맞으면 한 번쯤 들를만함. 사진은 몇 장 찍었는데 정리는 나중에 해야겠다.",20201113,1
상품_리뷰,아이폰 11프로 임팩트 범퍼 케이스 구매후기 (내돈내산),아이폰 11프로는 처음엔 애매했는데 쓰다 보니 괜찮은 쪽으로 기울었다. 다만 설명이 조금 부족해서 처음 세팅할 때는 헤맸음. 엄청난 건 아니고 그냥 기록용. 이런 곳도 있었네 싶었다. 급하게 정한 일정치고는 나쁘지 않았다.,20200129,1
상품_리뷰,크림번(#내돈내산 #뚜레쥬르... 마담얼그레이크림번 #아이폰11프... ,크림번(#내돈내산 #뚜레쥬르...는 사용법이 어렵진 않았다. 마감은 보통이고 기능은 필요한 만큼만 있는 느낌. 오래 써봐야 알겠지만 첫인상은 나쁘지 않음. 가격은 막 싸진 않았고 위치는 찾기 쉬운 편. 사람이 좀 있어서 조용한 느낌은 아니었음.,20201108,1
상품_리뷰,"나도샀다이거야, 아이폰11pro256, 블루폰, 내돈내산... ",나도샀다이거야 궁금해서 써봤는데 막 놀랄 정도는 아니었다. 그래도 손이 자주 가긴 함. 불편한 점은 조금씩 보이는데 못 쓸 정도는 아님. 급하게 정한 일정치고는 나쁘지 않았다. 시간 맞으면 한 번쯤 들를만함. 가격은 막 싸진 않았고 위치는 찾기 쉬운 편.,20191217,1
상품_리뷰,내돈내산 아이폰11케이스[재구매 /(주)불사조디자인아이폰11... ,"내돈내산 사진 찍어두고 비교해봤다. 실제 색감이나 느낌은 화면이랑 조금 달랐고, 쓰다 보니 익숙해졌다. 기록용으로 남겨둠. 이런 곳도 있었네 싶었다. 가격은 막 싸진 않았고 위치는 찾기 쉬운 편. 급하게 정한 일정치고는 나쁘지 않았다.",20200208,1
상품_리뷰,신박하고 웃긴 아이폰케이스+스마트톡 구매후기(내돈내산),신박하고 웃긴은 처음엔 애매했는데 쓰다 보니 괜찮은 쪽으로 기울었다. 다만 설명이 조금 부족해서 처음 세팅할 때는 헤맸음. 딱히 특별하진 않은데 기억은 남는 편이다. 이런 곳도 있었네 싶었다. 엄청난 건 아니고 그냥 기록용.,20201202,1
상품_리뷰,"&lt;내돈내산&gt; 아이폰, 에이팟프로 애플케어플러스 가입하기... ",<내돈내산>는 처음엔 애매했는데 쓰다 보니 괜찮은 쪽으로 기울었다. 다만 설명이 조금 부족해서 처음 세팅할 때는 헤맸음. 가격은 막 싸진 않았고 위치는 찾기 쉬운 편. 시간 맞으면 한 번쯤 들를만함. 딱히 특별하진 않은데 기억은 남는 편이다.,20200326,1
상품_리뷰,내돈내산 케이스티파이... 화려한 리사프랭크 아이폰케이스,"내돈내산 케이스티파이... 써봄. 기대만큼은 아니지만 못 쓸 정도도 아님. 간단하게 쓰기엔 괜찮고, 오래 쓰면 평가가 조금 달라질 수도. 가격은 막 싸진 않았고 위치는 찾기 쉬운 편. 다음엔 다른 메뉴도 봐야 할 듯.",20201227,1
상품_리뷰,케이스티파이 20% 할인코드  feat. 아이폰11 케이스 추천,케이스티파이는 사용법이 어렵진 않았다. 마감은 보통이고 기능은 필요한 만큼만 있는 느낌. 오래 써봐야 알겠지만 첫인상은 나쁘지 않음. 딱히 특별하진 않은데 기억은 남는 편이다. 이런 곳도 있었네 싶었다. 가격은 막 싸진 않았고 위치는 찾기 쉬운 편.,20191031,1
전문_정보,홈텍스 연말정산 미리보기로 2020년 소득공제 준비하세요!,홈텍스를 하면서 생각보다 시간이 빨리 갔다. 중간중간 딴짓도 했지만 마무리는 했다. 그냥 소소한 기록으로 남김. 사람이 좀 있어서 조용한 느낌은 아니었음. 엄청난 건 아니고 그냥 기록용. 다음엔 다른 메뉴도 봐야 할 듯.,20201102,1
전문_정보,2020년 연말정산 변경사항 &amp; 소득공제 절세 TIP,연말정산 변경사항 기록. 특별한 건 없고 그냥 그런 하루였다. 그래도 남겨두면 나중에 다시 볼 때 생각날 것 같음. 기대치를 낮추고 가면 무난한 정도. 딱히 특별하진 않은데 기억은 남는 편이다. 사람이 좀 있어서 조용한 느낌은 아니었음.,20200110,1
전문_정보,변경된 2020년 연말정산 소득공제 꼼꼼히 체크하자!,"변경된 연말정산은 시작은 귀찮았는데 하다 보니 괜찮았다. 엄청 의미 있는 건 아니고, 그래도 하루가 조금 정리된 느낌. 딱히 특별하진 않은데 기억은 남는 편이다. 엄청난 건 아니고 그냥 기록용. 딱히 특별하진 않은데 기억은 남는 편이다.",20201228,1
전문_정보,2020년 연말정산 _ 소득세액공제신고서 작성법_동영상,연말정산 사진 몇 장 찍어뒀다. 나중에 보면 별거 아닐 수도 있는데 그때 분위기가 있어서 남겨둠. 정리는 천천히 해야겠다. 다음엔 다른 메뉴도 봐야 할 듯. 시간 맞으면 한 번쯤 들를만함. 사진은 몇 장 찍었는데 정리는 나중에 해야겠다.,20201231,1
전문_정보,연말정산으로 세테크! 2020년 달라진 공제 항목 알아보기,연말정산으로는 생각보다 시간이 걸렸다. 중간에 귀찮아서 멈출까 했는데 일단 끝내긴 함. 다음엔 조금 더 빨리 할 수 있을 듯. 기대치를 낮추고 가면 무난한 정도. 기대치를 낮추고 가면 무난한 정도. 사진은 몇 장 찍었는데 정리는 나중에 해야겠다.,20200206,1
전문_정보,2020년 연말정산! 문화비 소득공제에 대해 알아보자!,"연말정산! 문화비는 시작은 귀찮았는데 하다 보니 괜찮았음. 엄청 의미 있는 건 아니고, 그래도 하루가 조금 정리된 느낌. 급하게 정한 일정치고는 나쁘지 않았다. 급하게 정한 일정치고는 나쁘지 않았다. 이런 곳도 있었네 싶었다.",20201209,1
전문_정보,"2020년 연말정산 바뀌는 것들, 신용카드 소득공제 대상 제외항목",연말정산 해봤다. 특별한 감상은 없고 그냥 해야 해서 한 느낌. 그래도 끝내고 나니 신경 쓰이던 게 하나 줄었다. 다음엔 다른 메뉴도 봐야 할 듯. 사진은 몇 장 찍었는데 정리는 나중에 해야겠다. 딱히 특별하진 않은데 기억은 남는 편이다.,20191226,1
전문_정보,2020년 연말정산 변경사항 알아보기 #연말정산소득공제,연말정산 사진 몇 장 찍어뒀다. 나중에 보면 별거 아닐 수도 있는데 그때 분위기가 있어서 남겨둠. 정리는 천천히 해야겠다. 다음엔 다른 메뉴도 봐야 할 듯. 사진은 몇 장 찍었는데 정리는 나중에 해야겠다. 시간 맞으면 한 번쯤 들를만함.,20201103,1
전문_정보,[연말정산] 2020년 교육비 연말정산 세액공제 혜택... ,교육비 때문에 하루가 조금 정신없었다. 막 큰일은 아닌데 은근 신경 쓰임. 그래도 지나고 나니 별거 아니긴 하다. 딱히 특별하진 않은데 기억은 남는 편이다. 다음엔 다른 메뉴도 봐야 할 듯. 사람이 좀 있어서 조용한 느낌은 아니었음.,20201211,1
전문_정보,"2020년 연말정산, 어떻게 준비할까? 달라지는 공제 항목... ",연말정산 어떻게 해봤다. 특별한 감상은 없고 그냥 해야 해서 한 느낌. 그래도 끝내고 나니 신경 쓰이던 게 하나 줄었다. 이런 곳도 있었네 싶었다. 다음엔 다른 메뉴도 봐야 할 듯. 기대치를 낮추고 가면 무난한 정도. 다음에 비슷한 상황이면 다시 떠올릴 것 같긴 하다.,20191210,1
전문_정보,[2020년 연말정산] 박물관∙미술관 입장료 문화비 소득공제... ,박물관∙미술관 때문에 하루가 조금 정신없었다. 막 큰일은 아닌데 은근 신경 쓰임. 그래도 지나고 나니 별거 아니긴 하다. 가격은 막 싸진 않았고 위치는 찾기 쉬운 편. 사진은 몇 장 찍었는데 정리는 나중에 해야겠다. 시간 맞으면 한 번쯤 들를만함.,20200113,1
전문_정보,신용카드 연말정산 소득공제 2020년 한시적 혜택? 눈 가리고... ,신용카드 연말정산 관련해서 그냥 남겨둠. 별일은 아니었는데 지나고 보니 기억날 것 같아서 적는다. 이런 날도 있었지 하는 정도. 딱히 특별하진 않은데 기억은 남는 편이다. 사람이 좀 있어서 조용한 느낌은 아니었음.,20200306,1
전문_정보,홈택스 : 2020년 귀속 연말정산... 끝나기 전 추가 세액공제),홈택스를 하면서 생각보다 시간이 빨리 갔다. 중간중간 딴짓도 했지만 마무리는 했다. 그냥 소소한 기록으로 남김. 시간 맞으면 한 번쯤 들를만함. 이런 곳도 있었네 싶었다. 딱히 특별하진 않은데 기억은 남는 편이다.,20201102,1
전문_정보,2020년 연말정산 소득공제 똑똑히 챙기기!,연말정산 때문에 하루가 조금 정신없었다. 막 큰일은 아닌데 은근 신경 쓰임. 그래도 지나고 나니 별거 아니긴 하다. 가격은 막 싸진 않았고 위치는 찾기 쉬운 편. 사람이 좀 있어서 조용한 느낌은 아니었음. 기대치를 낮추고 가면 무난한 정도.,20191224,1
전문_정보,2020년 연말정산 의료비 공제 실손 보상금 제외,연말정산 의료비를 하면서 생각보다 시간이 빨리 갔다. 중간중간 딴짓도 했지만 마무리는 했다. 그냥 소소한 기록으로 남김. 사람이 좀 있어서 조용한 느낌은 아니었음. 기대치를 낮추고 가면 무난한 정도. 다음엔 다른 메뉴도 봐야 할 듯.,20191223,1
전문_정보,"2020년 연말정산 인적공제(자녀, 부모님, 배우자, 형제,자매)",연말정산 인적공제 사진 몇 장 찍어뒀다. 나중에 보면 별거 아닐 수도 있는데 그때 분위기가 있어서 남겨둠. 정리는 천천히 해야겠다. 엄청난 건 아니고 그냥 기록용. 기대치를 낮추고 가면 무난한 정도. 사진은 몇 장 찍었는데 정리는 나중에 해야겠다.,20191228,1
전문_정보,[연말정산] 2020년 연말정산 ‘신용카드’공제혜택 정리!,연말정산은 생각보다 시간이 걸렸다. 중간에 귀찮아서 멈출까 했는데 일단 끝내긴 함. 다음엔 조금 더 빨리 할 수 있을 듯. 가격은 막 싸진 않았고 위치는 찾기 쉬운 편. 딱히 특별하진 않은데 기억은 남는 편이다. 사진은 몇 장 찍었는데 정리는 나중에 해야겠다.,20201210,1
전문_정보,2020년 연말정산 절세 팁 - 신용카드 등 소득공제,연말정산 때문에 하루가 조금 정신없었다. 막 큰일은 아닌데 은근 신경 쓰임. 그래도 지나고 나니 별거 아니긴 하다. 사진은 몇 장 찍었는데 정리는 나중에 해야겠다. 다음엔 다른 메뉴도 봐야 할 듯. 이런 곳도 있었네 싶었다.,20200117,1
전문_정보,"2020년 바뀐 연말정산 정보... 연말정산 간소화, 공제 혜택... ","바뀐 연말정산은 시작은 귀찮았는데 하다 보니 괜찮았다. 엄청 의미 있는 건 아니고, 그래도 하루가 조금 정리된 느낌. 엄청난 건 아니고 그냥 기록용. 사람이 좀 있어서 조용한 느낌은 아니었음. 급하게 정한 일정치고는 나쁘지 않았다.",20200115,1
전문_정보,"2020년 연말정산 관련 개정세법, ISA계좌 세액공제 한도 확대!",연말정산을 하면서 생각보다 시간이 빨리 갔다. 중간중간 딴짓도 했지만 마무리는 했다. 그냥 소소한 기록으로 남김. 급하게 정한 일정치고는 나쁘지 않았다. 다음엔 다른 메뉴도 봐야 할 듯. 기대치를 낮추고 가면 무난한 정도.,20200902,1
전문_정보,"2020년 연말정산, 신용카드 사용금액 소득공제가 제외되는... ",연말정산 신용카드는 처음엔 애매했는데 쓰다 보니 괜찮은 쪽으로 기울었다. 다만 설명이 조금 부족해서 처음 세팅할 때는 헤맸음. 사람이 좀 있어서 조용한 느낌은 아니었음. 사람이 좀 있어서 조용한 느낌은 아니었음.,20200117,1
전문_정보,"2020년 연말정산 신용카드 소득공제,연금저축 세액공제 확대",연말정산 관련해서 그냥 남겨둠. 별일은 아니었는데 지나고 보니 기억날 것 같아서 적는다. 이런 날도 있었지 하는 정도. 시간 맞으면 한 번쯤 들를만함. 가격은 막 싸진 않았고 위치는 찾기 쉬운 편. 사진은 몇 장 찍었는데 정리는 나중에 해야겠다.,20201103,1
전문_정보,2020년 연말정산 소득공제 신고서 양식,연말정산 소득공제는 생각보다 시간이 걸렸다. 중간에 귀찮아서 멈출까 했는데 일단 끝내긴 함. 다음엔 조금 더 빨리 할 수 있을 듯. 급하게 정한 일정치고는 나쁘지 않았다. 시간 맞으면 한 번쯤 들를만함. 사람이 좀 있어서 조용한 느낌은 아니었음.,20200108,1
전문_정보,2020년 연말정산 소득공제 개정세법 총정리,연말정산 사진 몇 장 찍어뒀다. 나중에 보면 별거 아닐 수도 있는데 그때 분위기가 있어서 남겨둠. 정리는 천천히 해야겠다. 가격은 막 싸진 않았고 위치는 찾기 쉬운 편. 급하게 정한 일정치고는 나쁘지 않았다. 급하게 정한 일정치고는 나쁘지 않았다.,20201119,1
전문_정보,2020년 연말정산 소득공제 달라진 점 알아보기!,연말정산 해봤다. 특별한 감상은 없고 그냥 해야 해서 한 느낌. 그래도 끝내고 나니 신경 쓰이던 게 하나 줄었다. 급하게 정한 일정치고는 나쁘지 않았다. 사진은 몇 장 찍었는데 정리는 나중에 해야겠다. 딱히 특별하진 않은데 기억은 남는 편이다.,20191230,1
전문_정보,2020년 연말정산 기본공제대상자 나이,연말정산 기본공제대상자는 생각보다 시간이 걸렸다. 중간에 귀찮아서 멈출까 했는데 일단 끝내긴 함. 다음엔 조금 더 빨리 할 수 있을 듯. 급하게 정한 일정치고는 나쁘지 않았다. 시간 맞으면 한 번쯤 들를만함. 사진은 몇 장 찍었는데 정리는 나중에 해야겠다.,20200117,1
전문_정보,챙기는 2020년 연말정산... 미리보기 및 연말정산 소득공제기간,챙기는 사진 몇 장 찍어뒀다. 나중에 보면 별거 아닐 수도 있는데 그때 분위기가 있어서 남겨둠. 정리는 천천히 해야겠다. 엄청난 건 아니고 그냥 기록용. 급하게 정한 일정치고는 나쁘지 않았다. 이런 곳도 있었네 싶었다.,20201229,1
전문_정보,2020년 연말정산 신용카드 소득공제 무엇이 달라졌을까?,연말정산 관련해서 그냥 남겨둠. 별일은 아니었는데 지나고 보니 기억날 것 같아서 적는다. 이런 날도 있었지 하는 정도. 시간 맞으면 한 번쯤 들를만함. 엄청난 건 아니고 그냥 기록용. 엄청난 건 아니고 그냥 기록용. 다음에 비슷한 상황이면 다시 떠올릴 것 같긴 하다.,20201217,1
전문_정보,2020년 연말정산 간소화 서비스와 달라진 공제 항목,연말정산 기록. 특별한 건 없고 그냥 그런 하루였다. 그래도 남겨두면 나중에 다시 볼 때 생각날 것 같음. 시간 맞으면 한 번쯤 들를만함. 다음엔 다른 메뉴도 봐야 할 듯. 기대치를 낮추고 가면 무난한 정도. 엄청 자세한 후기는 아니고 그냥 그때 느낌 위주.,20200129,1
전문_정보,"[비젠트로] 2020년 연말정산, ' 커진 혜택' 공제 항목 알아보기",연말정산 해봤다. 특별한 감상은 없고 그냥 해야 해서 한 느낌. 그래도 끝내고 나니 신경 쓰이던 게 하나 줄었다. 사람이 좀 있어서 조용한 느낌은 아니었음. 딱히 특별하진 않은데 기억은 남는 편이다. 사진은 몇 장 찍었는데 정리는 나중에 해야겠다.,20191230,1
전문_정보,2020년 연말정산 소득공제 팁,연말정산 때문에 하루가 조금 정신없었다. 막 큰일은 아닌데 은근 신경 쓰임. 그래도 지나고 나니 별거 아니긴 하다. 시간 맞으면 한 번쯤 들를만함. 기대치를 낮추고 가면 무난한 정도. 사진은 몇 장 찍었는데 정리는 나중에 해야겠다.,20201124,1
전문_정보,"2020년 연말정산, 13일의 월급 알차게 챙기자!",연말정산 해봤다. 특별한 감상은 없고 그냥 해야 해서 한 느낌. 그래도 끝내고 나니 신경 쓰이던 게 하나 줄었다. 다음엔 다른 메뉴도 봐야 할 듯. 가격은 막 싸진 않았고 위치는 찾기 쉬운 편. 시간 맞으면 한 번쯤 들를만함.,20191227,1
전문_정보,개정된 2020년 &quot;연말정산 소득공제&quot; 모두보기...,개정된 사진 몇 장 찍어뒀다. 나중에 보면 별거 아닐 수도 있는데 그때 분위기가 있어서 남겨둠. 정리는 천천히 해야겠다. 엄청난 건 아니고 그냥 기록용. 사람이 좀 있어서 조용한 느낌은 아니었음. 기대치를 낮추고 가면 무난한 정도.,20201209,1
전문_정보,"연말정산 기간에 꼭 체크할 것 : 하는법, 소득공제, 2020... ",연말정산 기간에 때문에 하루가 조금 정신없었다. 막 큰일은 아닌데 은근 신경 쓰임. 그래도 지나고 나니 별거 아니긴 하다. 사람이 좀 있어서 조용한 느낌은 아니었음. 엄청난 건 아니고 그냥 기록용. 사진은 몇 장 찍었는데 정리는 나중에 해야겠다.,20201223,1
전문_정보,2020년 연말정산 주택청약 소득공제 (ft. 기업은행... ,"연말정산 주택청약은 시작은 귀찮았는데 하다 보니 괜찮았다. 엄청 의미 있는 건 아니고, 그래도 하루가 조금 정리된 느낌. 이런 곳도 있었네 싶었다. 급하게 정한 일정치고는 나쁘지 않았다. 딱히 특별하진 않은데 기억은 남는 편이다.",20201214,1
전문_정보,2020년 연말정산 미리 준비하자! 개념 및 소득공제 세액공제... ,연말정산 때문에 하루가 조금 정신없었다. 막 큰일은 아닌데 은근 신경 쓰임. 그래도 지나고 나니 별거 아니긴 하다. 시간 맞으면 한 번쯤 들를만함. 시간 맞으면 한 번쯤 들를만함. 사진은 몇 장 찍었는데 정리는 나중에 해야겠다.,20201004,1
전문_정보,"돌아왔다! 2020 연말정산 일정, 서류, 공제항목 총정리",돌아왔다! 사진 몇 장 찍어뒀다. 나중에 보면 별거 아닐 수도 있는데 그때 분위기가 있어서 남겨둠. 정리는 천천히 해야겠다. 기대치를 낮추고 가면 무난한 정도. 이런 곳도 있었네 싶었다. 가격은 막 싸진 않았고 위치는 찾기 쉬운 편.,20200108,1
전문_정보,[직장 정보] 2020년 연말정산! 달라진 공제 항목은?,연말정산! 기록. 특별한 건 없고 그냥 그런 하루였다. 그래도 남겨두면 나중에 다시 볼 때 생각날 것 같음. 기대치를 낮추고 가면 무난한 정도. 딱히 특별하진 않은데 기억은 남는 편이다. 엄청난 건 아니고 그냥 기록용.,20191217,1
전문_정보,[세테크] 2020년 연말정산 달라진 점 000은 놓치지 말자!... ,연말정산 달라진 기록. 특별한 건 없고 그냥 그런 하루였다. 그래도 남겨두면 나중에 다시 볼 때 생각날 것 같음. 다음엔 다른 메뉴도 봐야 할 듯. 딱히 특별하진 않은데 기억은 남는 편이다. 다음엔 다른 메뉴도 봐야 할 듯.,20201221,1
전문_정보,"연말정산 소득공제, 2020년 변경된 내용 (신용카드,현금영수증)",연말정산은 생각보다 시간이 걸렸다. 중간에 귀찮아서 멈출까 했는데 일단 끝내긴 함. 다음엔 조금 더 빨리 할 수 있을 듯. 사람이 좀 있어서 조용한 느낌은 아니었음. 사람이 좀 있어서 조용한 느낌은 아니었음. 다음엔 다른 메뉴도 봐야 할 듯.,20201030,1
전문_정보,개정된 2020년 &quot;연말정산 소득공제&quot; 모두보기...,개정된은 생각보다 시간이 걸렸다. 중간에 귀찮아서 멈출까 했는데 일단 끝내긴 함. 다음엔 조금 더 빨리 할 수 있을 듯. 다음엔 다른 메뉴도 봐야 할 듯. 다음엔 다른 메뉴도 봐야 할 듯. 딱히 특별하진 않은데 기억은 남는 편이다.,20201209,1
전문_정보,2020년 연말정산 변경된 혜택 준비하기!,연말정산 변경된 때문에 하루가 조금 정신없었다. 막 큰일은 아닌데 은근 신경 쓰임. 그래도 지나고 나니 별거 아니긴 하다. 사진은 몇 장 찍었는데 정리는 나중에 해야겠다. 엄청난 건 아니고 그냥 기록용. 딱히 특별하진 않은데 기억은 남는 편이다.,20190920,1
전문_정보,2020년 연말정산 미리보기 : 소득공제 세액공제 항목 및 확인,연말정산 사진 몇 장 찍어뒀다. 나중에 보면 별거 아닐 수도 있는데 그때 분위기가 있어서 남겨둠. 정리는 천천히 해야겠다. 이런 곳도 있었네 싶었다. 이런 곳도 있었네 싶었다. 시간 맞으면 한 번쯤 들를만함. 엄청 자세한 후기는 아니고 그냥 그때 느낌 위주.,20191112,1
전문_정보,2020년 연말정산 변경사항 알아보기,연말정산 변경사항을 하면서 생각보다 시간이 빨리 갔다. 중간중간 딴짓도 했지만 마무리는 했다. 그냥 소소한 기록으로 남김. 이런 곳도 있었네 싶었다. 기대치를 낮추고 가면 무난한 정도. 사진은 몇 장 찍었는데 정리는 나중에 해야겠다.,20201206,1
전문_정보,2020 연말정산 미리보기! 새로운 공제항목은?,연말정산은 생각보다 시간이 걸렸다. 중간에 귀찮아서 멈출까 했는데 일단 끝내긴 함. 다음엔 조금 더 빨리 할 수 있을 듯. 가격은 막 싸진 않았고 위치는 찾기 쉬운 편. 급하게 정한 일정치고는 나쁘지 않았다. 급하게 정한 일정치고는 나쁘지 않았다.,20191203,1
전문_정보,2020년 연말정산 변경된 혜택,연말정산 해봤다. 특별한 감상은 없고 그냥 해야 해서 한 느낌. 그래도 끝내고 나니 신경 쓰이던 게 하나 줄었다. 시간 맞으면 한 번쯤 들를만함. 사람이 좀 있어서 조용한 느낌은 아니었음. 다음엔 다른 메뉴도 봐야 할 듯.,20191116,1
전문_정보,"되는 2020년 연말정산 꿀팁 A to Z, 새로운 공제 항목... ",되는 기록. 특별한 건 없고 그냥 그런 하루였다. 그래도 남겨두면 나중에 다시 볼 때 생각날 것 같음. 엄청난 건 아니고 그냥 기록용. 사람이 좀 있어서 조용한 느낌은 아니었음. 딱히 특별하진 않은데 기억은 남는 편이다.,20191220,1
전문_정보,"2020년 연말정산 , 혜택 커진 공제항목 알려드릴게요",연말정산 때문에 하루가 조금 정신없었다. 막 큰일은 아닌데 은근 신경 쓰임. 그래도 지나고 나니 별거 아니긴 하다. 기대치를 낮추고 가면 무난한 정도. 가격은 막 싸진 않았고 위치는 찾기 쉬운 편. 사진은 몇 장 찍었는데 정리는 나중에 해야겠다.,20191231,1
전문_정보,"2020년 연말정산 시작! 놓치지 말아요, 13월의 월급!",연말정산 시작!를 하면서 생각보다 시간이 빨리 갔다. 중간중간 딴짓도 했지만 마무리는 했다. 그냥 소소한 기록으로 남김. 사람이 좀 있어서 조용한 느낌은 아니었음. 급하게 정한 일정치고는 나쁘지 않았다. 사람이 좀 있어서 조용한 느낌은 아니었음.,20200114,1
전문_정보,[연말 정산]2020년 연말 정산 코로나 특별 공제.,연말 정산 때문에 하루가 조금 정신없었다. 막 큰일은 아닌데 은근 신경 쓰임. 그래도 지나고 나니 별거 아니긴 하다. 다음엔 다른 메뉴도 봐야 할 듯. 다음엔 다른 메뉴도 봐야 할 듯. 딱히 특별하진 않은데 기억은 남는 편이다.,20201224,1
전문_정보,2020년 연말정산 신청서 양식 (세액공제신청서),연말정산 신청서는 생각보다 시간이 걸렸다. 중간에 귀찮아서 멈출까 했는데 일단 끝내긴 함. 다음엔 조금 더 빨리 할 수 있을 듯. 가격은 막 싸진 않았고 위치는 찾기 쉬운 편. 시간 맞으면 한 번쯤 들를만함. 사람이 좀 있어서 조용한 느낌은 아니었음.,20200115,1
전문_정보,2020년 연말정산 미리보기(신용카드소득공제),연말정산 기록. 특별한 건 없고 그냥 그런 하루였다. 그래도 남겨두면 나중에 다시 볼 때 생각날 것 같음. 딱히 특별하진 않은데 기억은 남는 편이다. 시간 맞으면 한 번쯤 들를만함. 이런 곳도 있었네 싶었다. 엄청 자세한 후기는 아니고 그냥 그때 느낌 위주.,20201215,1
전문_정보,"2020년 연말정산, 달라진 공제항목은?",연말정산 사진 몇 장 찍어뒀다. 나중에 보면 별거 아닐 수도 있는데 그때 분위기가 있어서 남겨둠. 정리는 천천히 해야겠다. 가격은 막 싸진 않았고 위치는 찾기 쉬운 편. 딱히 특별하진 않은데 기억은 남는 편이다. 시간 맞으면 한 번쯤 들를만함.,20200121,1
전문_정보,2020년 연말정산 아동수당 때문에 자녀세액공제가 없어졌다.... ,연말정산 아동수당 때문에 하루가 조금 정신없었다. 막 큰일은 아닌데 은근 신경 쓰임. 그래도 지나고 나니 별거 아니긴 하다. 이런 곳도 있었네 싶었다. 다음엔 다른 메뉴도 봐야 할 듯. 시간 맞으면 한 번쯤 들를만함. 다음에 비슷한 상황이면 다시 떠올릴 것 같긴 하다.,20200209,1
전문_정보,2020년 연말정산 소득공제 알아보기,연말정산을 하면서 생각보다 시간이 빨리 갔다. 중간중간 딴짓도 했지만 마무리는 했다. 그냥 소소한 기록으로 남김. 사람이 좀 있어서 조용한 느낌은 아니었음. 엄청난 건 아니고 그냥 기록용. 가격은 막 싸진 않았고 위치는 찾기 쉬운 편.,20201103,1
전문_정보,"2020년 연말정산 하는법, 공제 항목",연말정산 하는법 관련해서 그냥 남겨둠. 별일은 아니었는데 지나고 보니 기억날 것 같아서 적는다. 이런 날도 있었지 하는 정도. 딱히 특별하진 않은데 기억은 남는 편이다. 딱히 특별하진 않은데 기억은 남는 편이다. 딱히 특별하진 않은데 기억은 남는 편이다.,20200123,1
전문_정보,연말정산 하는법 2020년 바뀐 소득공제 내역 월세 소득공제... ,연말정산은 생각보다 시간이 걸렸다. 중간에 귀찮아서 멈출까 했는데 일단 끝내긴 함. 다음엔 조금 더 빨리 할 수 있을 듯. 다음엔 다른 메뉴도 봐야 할 듯. 엄청난 건 아니고 그냥 기록용. 엄청난 건 아니고 그냥 기록용. 그냥 기록용으로 남겨두면 나중에 다시 보기 괜찮을 듯.,20200104,1
전문_정보,13월의 월급 연말정산 소득공제 항목,"13월의 월급은 시작은 귀찮았는데 하다 보니 괜찮았다. 엄청 의미 있는 건 아니고, 그래도 하루가 조금 정리된 느낌. 딱히 특별하진 않은데 기억은 남는 편이다. 가격은 막 싸진 않았고 위치는 찾기 쉬운 편. 시간 맞으면 한 번쯤 들를만함.",20200128,1
전문_정보,미리준비하는 2020년 연말정산 &lt;인적공제&gt;편,미리준비하는 연말정산을 하면서 생각보다 시간이 빨리 갔다. 중간중간 딴짓도 했지만 마무리는 했다. 그냥 소소한 기록으로 남김. 엄청난 건 아니고 그냥 기록용. 사진은 몇 장 찍었는데 정리는 나중에 해야겠다. 사진은 몇 장 찍었는데 정리는 나중에 해야겠다.,20200911,1
전문_정보,"[부자되'세'요] 2020년 연말정산, 달라진 혜택으로 세(稅)테크... ",연말정산 때문에 하루가 조금 정신없었다. 막 큰일은 아닌데 은근 신경 쓰임. 그래도 지나고 나니 별거 아니긴 하다. 딱히 특별하진 않은데 기억은 남는 편이다. 다음엔 다른 메뉴도 봐야 할 듯. 사람이 좀 있어서 조용한 느낌은 아니었음.,20200109,1
전문_정보,2020년 연말정산 소득공제,"연말정산 소득공제는 시작은 귀찮았는데 하다 보니 괜찮았다. 엄청 의미 있는 건 아니고, 그래도 하루가 조금 정리된 느낌. 기대치를 낮추고 가면 무난한 정도. 사람이 좀 있어서 조용한 느낌은 아니었음. 딱히 특별하진 않은데 기억은 남는 편이다.",20201218,1
전문_정보,"2020년 연말정산 소득공제 총정리 (기간, 변경내용, 신용카드... ",연말정산 해봤다. 특별한 감상은 없고 그냥 해야 해서 한 느낌. 그래도 끝내고 나니 신경 쓰이던 게 하나 줄었다. 급하게 정한 일정치고는 나쁘지 않았다. 사진은 몇 장 찍었는데 정리는 나중에 해야겠다. 기대치를 낮추고 가면 무난한 정도.,20200107,1
전문_정보,2020 연말정산 달라진 공제항목 살펴보기,"연말정산은 시작은 귀찮았는데 하다 보니 괜찮았다. 엄청 의미 있는 건 아니고, 그래도 하루가 조금 정리된 느낌. 다음엔 다른 메뉴도 봐야 할 듯. 엄청난 건 아니고 그냥 기록용. 사진은 몇 장 찍었는데 정리는 나중에 해야겠다.",20200107,1
전문_정보,2020년 연말정산 변경사항은? 연말정산 현명하게 하는 법!,연말정산 변경사항은?를 하면서 생각보다 시간이 빨리 갔다. 중간중간 딴짓도 했지만 마무리는 했다. 그냥 소소한 기록으로 남김. 가격은 막 싸진 않았고 위치는 찾기 쉬운 편. 사람이 좀 있어서 조용한 느낌은 아니었음.,20200113,1
전문_정보,"&quot; 2020년 연말정산 &quot; 소득공제, 세액공제, 연말정산 간소화... ",연말정산 관련해서 그냥 남겨둠. 별일은 아니었는데 지나고 보니 기억날 것 같아서 적는다. 이런 날도 있었지 하는 정도. 사람이 좀 있어서 조용한 느낌은 아니었음. 급하게 정한 일정치고는 나쁘지 않았다. 사람이 좀 있어서 조용한 느낌은 아니었음.,20191119,1
전문_정보,"2020년 연말정산, 지금부터 계획해야 성공한다",연말정산 지금부터 기록. 특별한 건 없고 그냥 그런 하루였다. 그래도 남겨두면 나중에 다시 볼 때 생각날 것 같음. 사진은 몇 장 찍었는데 정리는 나중에 해야겠다. 이런 곳도 있었네 싶었다. 이런 곳도 있었네 싶었다. 그냥 기록용으로 남겨두면 나중에 다시 보기 괜찮을 듯.,20200102,1
전문_정보,증권사 이전완료 및 300만 입금. 연말정산 세액공제 받기,증권사 이전완료 관련해서 그냥 남겨둠. 별일은 아니었는데 지나고 보니 기억날 것 같아서 적는다. 이런 날도 있었지 하는 정도. 시간 맞으면 한 번쯤 들를만함. 가격은 막 싸진 않았고 위치는 찾기 쉬운 편. 시간 맞으면 한 번쯤 들를만함.,20201204,1
전문_정보,"보는 법, 연말정산이란?, 소득공제와 세액공제, 추천 공제항목",보는을 하면서 생각보다 시간이 빨리 갔다. 중간중간 딴짓도 했지만 마무리는 했다. 그냥 소소한 기록으로 남김. 사람이 좀 있어서 조용한 느낌은 아니었음. 기대치를 낮추고 가면 무난한 정도. 급하게 정한 일정치고는 나쁘지 않았다.,20200202,1
전문_정보,2020년 연말정산 소득공제 총정리!,연말정산 해봤다. 특별한 감상은 없고 그냥 해야 해서 한 느낌. 그래도 끝내고 나니 신경 쓰이던 게 하나 줄었다. 엄청난 건 아니고 그냥 기록용. 급하게 정한 일정치고는 나쁘지 않았다. 다음엔 다른 메뉴도 봐야 할 듯. 짧게 적어두는 정도지만 나름 기억에는 남았다.,20200101,1
전문_정보,2020 연말정산 미리미리 준비하기 [1편] 현금영수증 소득공제... ,연말정산 관련해서 그냥 남겨둠. 별일은 아니었는데 지나고 보니 기억날 것 같아서 적는다. 이런 날도 있었지 하는 정도. 이런 곳도 있었네 싶었다. 이런 곳도 있었네 싶었다. 사람이 좀 있어서 조용한 느낌은 아니었음.,20201013,1
전문_정보,"2020년 연말정산 소득공제, 세액공제 미리 보기 하는 방법",연말정산은 생각보다 시간이 걸렸다. 중간에 귀찮아서 멈출까 했는데 일단 끝내긴 함. 다음엔 조금 더 빨리 할 수 있을 듯. 급하게 정한 일정치고는 나쁘지 않았다. 딱히 특별하진 않은데 기억은 남는 편이다. 시간 맞으면 한 번쯤 들를만함.,20191031,1
전문_정보,2020년 연말정산! 산후조리원 등 혜택 커진 소득 공제 항목... ,연말정산! 산후조리원 사진 몇 장 찍어뒀다. 나중에 보면 별거 아닐 수도 있는데 그때 분위기가 있어서 남겨둠. 정리는 천천히 해야겠다. 사진은 몇 장 찍었는데 정리는 나중에 해야겠다. 급하게 정한 일정치고는 나쁘지 않았다.,20200102,1
전문_정보,2020년 신용카드 연말정산 (세액공제) 이것만 알아도 13월의... ,신용카드 관련해서 그냥 남겨둠. 별일은 아니었는데 지나고 보니 기억날 것 같아서 적는다. 이런 날도 있었지 하는 정도. 시간 맞으면 한 번쯤 들를만함. 시간 맞으면 한 번쯤 들를만함. 딱히 특별하진 않은데 기억은 남는 편이다.,20201119,1
전문_정보,2020년 연말정산 - 인적공제 (기본공제 + 추가공제),"연말정산 인적공제는 시작은 귀찮았는데 하다 보니 괜찮았다. 엄청 의미 있는 건 아니고, 그래도 하루가 조금 정리된 느낌. 기대치를 낮추고 가면 무난한 정도. 시간 맞으면 한 번쯤 들를만함. 사람이 좀 있어서 조용한 느낌은 아니었음.",20201227,1
전문_정보,"안경, 콘택트렌즈 2020년 연말정산 소득공제 가능합니다",안경 사진 몇 장 찍어뒀다. 나중에 보면 별거 아닐 수도 있는데 그때 분위기가 있어서 남겨둠. 정리는 천천히 해야겠다. 가격은 막 싸진 않았고 위치는 찾기 쉬운 편. 딱히 특별하진 않은데 기억은 남는 편이다. 이런 곳도 있었네 싶었다.,20201231,1
전문_정보,2020년(2019 귀속) 연말정산 달라진 공제항목 확인하기,연말정산을 하면서 생각보다 시간이 빨리 갔다. 중간중간 딴짓도 했지만 마무리는 했다. 그냥 소소한 기록으로 남김. 사람이 좀 있어서 조용한 느낌은 아니었음. 기대치를 낮추고 가면 무난한 정도. 기대치를 낮추고 가면 무난한 정도.,20200111,1
전문_정보,2020년 연말정산 미리보기,연말정산은 생각보다 시간이 걸렸다. 중간에 귀찮아서 멈출까 했는데 일단 끝내긴 함. 다음엔 조금 더 빨리 할 수 있을 듯. 시간 맞으면 한 번쯤 들를만함. 엄청난 건 아니고 그냥 기록용. 이런 곳도 있었네 싶었다. 큰 기대 없이 보면 무난하게 참고할 만한 내용이다.,20191128,1
전문_정보,2020년 연말정산! 구매하신 보청기 의료비 세액공제 받으세요~,"연말정산! 사진 찍어두고 비교해봤다. 실제 색감이나 느낌은 화면이랑 조금 달랐고, 쓰다 보니 익숙해졌다. 기록용으로 남겨둠. 기대치를 낮추고 가면 무난한 정도. 기대치를 낮추고 가면 무난한 정도. 사진은 몇 장 찍었는데 정리는 나중에 해야겠다.",20201223,1
전문_정보,"2020년 연말정산, 소득공제 새로운 항목 확실하게 챙기는 방법",연말정산 소득공제 때문에 하루가 조금 정신없었다. 막 큰일은 아닌데 은근 신경 쓰임. 그래도 지나고 나니 별거 아니긴 하다. 이런 곳도 있었네 싶었다. 기대치를 낮추고 가면 무난한 정도. 시간 맞으면 한 번쯤 들를만함.,20191206,1
전문_정보,[편리한연말정산] 공제신고서작성하기_STEP 01 기본사항입력,공제신고서작성하기_STEP 01 해봤다. 특별한 감상은 없고 그냥 해야 해서 한 느낌. 그래도 끝내고 나니 신경 쓰이던 게 하나 줄었다. 이런 곳도 있었네 싶었다. 이런 곳도 있었네 싶었다. 다음엔 다른 메뉴도 봐야 할 듯.,20200121,1
전문_정보,2020년 연말정산 개정세법 핵심요약 및 절세전략,연말정산은 생각보다 시간이 걸렸다. 중간에 귀찮아서 멈출까 했는데 일단 끝내긴 함. 다음엔 조금 더 빨리 할 수 있을 듯. 가격은 막 싸진 않았고 위치는 찾기 쉬운 편. 이런 곳도 있었네 싶었다. 다음엔 다른 메뉴도 봐야 할 듯.,20201113,1
전문_정보,2021년(2020년귀속) 연말정산일정 안내,연말정산일정 기록. 특별한 건 없고 그냥 그런 하루였다. 그래도 남겨두면 나중에 다시 볼 때 생각날 것 같음. 사람이 좀 있어서 조용한 느낌은 아니었음. 다음엔 다른 메뉴도 봐야 할 듯. 사람이 좀 있어서 조용한 느낌은 아니었음.,20201229,1
전문_정보,2020 연말정산 교육비 세액 공제 (+ 학원비 납입증명서 및 현금... ,연말정산 교육비를 하면서 생각보다 시간이 빨리 갔다. 중간중간 딴짓도 했지만 마무리는 했다. 그냥 소소한 기록으로 남김. 사진은 몇 장 찍었는데 정리는 나중에 해야겠다. 시간 맞으면 한 번쯤 들를만함. 시간 맞으면 한 번쯤 들를만함.,20200116,1
전문_정보,【알고가요~】2020년 연말정산 소득공제 준비 하고 계신가요?,【알고가요~】를 하면서 생각보다 시간이 빨리 갔다. 중간중간 딴짓도 했지만 마무리는 했다. 그냥 소소한 기록으로 남김. 사진은 몇 장 찍었는데 정리는 나중에 해야겠다. 딱히 특별하진 않은데 기억은 남는 편이다.,20190924,1
전문_정보,"2020년 연말정산 : 월세 세액공제, 주택청약 공제, 안경 구입... ",연말정산 월세 관련해서 그냥 남겨둠. 별일은 아니었는데 지나고 보니 기억날 것 같아서 적는다. 이런 날도 있었지 하는 정도. 기대치를 낮추고 가면 무난한 정도. 다음엔 다른 메뉴도 봐야 할 듯. 엄청난 건 아니고 그냥 기록용.,20200120,1
전문_정보,[일상] 2020년 연말정산 소득공제 추가로 받는 항목 알아보기,연말정산 소득공제 관련해서 그냥 남겨둠. 별일은 아니었는데 지나고 보니 기억날 것 같아서 적는다. 이런 날도 있었지 하는 정도. 시간 맞으면 한 번쯤 들를만함. 급하게 정한 일정치고는 나쁘지 않았다. 시간 맞으면 한 번쯤 들를만함.,20200117,1
전문_정보,다가오는 2020년 귀속 연말정산 준비해보자(2)-인적공제,다가오는 귀속을 하면서 생각보다 시간이 빨리 갔다. 중간중간 딴짓도 했지만 마무리는 했다. 그냥 소소한 기록으로 남김. 딱히 특별하진 않은데 기억은 남는 편이다. 사진은 몇 장 찍었는데 정리는 나중에 해야겠다. 이런 곳도 있었네 싶었다.,20201219,1
전문_정보,"2020년 완전 달라진 연말정산 총정리, 세금(소득공제)... ",완전 달라진은 생각보다 시간이 걸렸다. 중간에 귀찮아서 멈출까 했는데 일단 끝내긴 함. 다음엔 조금 더 빨리 할 수 있을 듯. 가격은 막 싸진 않았고 위치는 찾기 쉬운 편. 사람이 좀 있어서 조용한 느낌은 아니었음. 급하게 정한 일정치고는 나쁘지 않았다.,20201215,1
전문_정보,"2020년, 달라지는 연말정산 총정리",달라지는 해봤다. 특별한 감상은 없고 그냥 해야 해서 한 느낌. 그래도 끝내고 나니 신경 쓰이던 게 하나 줄었다. 사람이 좀 있어서 조용한 느낌은 아니었음. 기대치를 낮추고 가면 무난한 정도. 기대치를 낮추고 가면 무난한 정도.,20191115,1
전문_정보,2020년 #연말정산 바로알기 &amp; 연말정산 변경사항 정보,#연말정산 사진 몇 장 찍어뒀다. 나중에 보면 별거 아닐 수도 있는데 그때 분위기가 있어서 남겨둠. 정리는 천천히 해야겠다. 사람이 좀 있어서 조용한 느낌은 아니었음. 가격은 막 싸진 않았고 위치는 찾기 쉬운 편. 다음엔 다른 메뉴도 봐야 할 듯.,20201119,1
전문_정보,"제로페이 가맹점 찾기, 연말정산 소득공제 받는 법!","제로페이는 시작은 귀찮았는데 하다 보니 괜찮았다. 엄청 의미 있는 건 아니고, 그래도 하루가 조금 정리된 느낌. 이런 곳도 있었네 싶었다. 급하게 정한 일정치고는 나쁘지 않았다. 이런 곳도 있었네 싶었다. 짧게 적어두는 정도지만 나름 기억에는 남았다.",20200204,1
전문_정보,"2020년 연말정산 환급 받기위한 소득공제, 세액공제 알아보기",연말정산 환급은 생각보다 시간이 걸렸다. 중간에 귀찮아서 멈출까 했는데 일단 끝내긴 함. 다음엔 조금 더 빨리 할 수 있을 듯. 사진은 몇 장 찍었는데 정리는 나중에 해야겠다. 사람이 좀 있어서 조용한 느낌은 아니었음.,20200110,1
전문_정보,2020 연말정산 소득공제 바뀐 항목 알아보자,연말정산을 하면서 생각보다 시간이 빨리 갔다. 중간중간 딴짓도 했지만 마무리는 했다. 그냥 소소한 기록으로 남김. 급하게 정한 일정치고는 나쁘지 않았다. 딱히 특별하진 않은데 기억은 남는 편이다. 다음엔 다른 메뉴도 봐야 할 듯.,20200104,1
전문_정보,"2020년 변경된 연말 정산 하는법 (소득공제, 월세 환급 등)",변경된 사진 몇 장 찍어뒀다. 나중에 보면 별거 아닐 수도 있는데 그때 분위기가 있어서 남겨둠. 정리는 천천히 해야겠다. 사람이 좀 있어서 조용한 느낌은 아니었음. 급하게 정한 일정치고는 나쁘지 않았다. 급하게 정한 일정치고는 나쁘지 않았다.,20201230,1
전문_정보,알면 득이 되는 연말정산 꿀팁! 2020년 달라지는 연말정산... ,"알면은 시작은 귀찮았는데 하다 보니 괜찮았다. 엄청 의미 있는 건 아니고, 그래도 하루가 조금 정리된 느낌. 엄청난 건 아니고 그냥 기록용. 사진은 몇 장 찍었는데 정리는 나중에 해야겠다. 엄청난 건 아니고 그냥 기록용.",20200114,1
전문_정보,2020 연말정산 소득공제 하는 법과 변경사항 알아보자!,연말정산 소득공제는 생각보다 시간이 걸렸다. 중간에 귀찮아서 멈출까 했는데 일단 끝내긴 함. 다음엔 조금 더 빨리 할 수 있을 듯. 가격은 막 싸진 않았고 위치는 찾기 쉬운 편. 급하게 정한 일정치고는 나쁘지 않았다. 기대치를 낮추고 가면 무난한 정도.,20201120,1
전문_정보,2020년 연말정산간소화 공제 자료 확인하기,연말정산간소화는 생각보다 시간이 걸렸다. 중간에 귀찮아서 멈출까 했는데 일단 끝내긴 함. 다음엔 조금 더 빨리 할 수 있을 듯. 엄청난 건 아니고 그냥 기록용. 다음엔 다른 메뉴도 봐야 할 듯. 엄청난 건 아니고 그냥 기록용.,20201222,1
전문_정보,"2020년 연말정산 필요서류, 세액 공제 대상은?","연말정산 필요서류는 시작은 귀찮았는데 하다 보니 괜찮았음. 엄청 의미 있는 건 아니고, 그래도 하루가 조금 정리된 느낌. 사람이 좀 있어서 조용한 느낌은 아니었음. 딱히 특별하진 않은데 기억은 남는 편이다. 이런 곳도 있었네 싶었다.",20201216,1
전문_정보,"2020년 연말정산, 무엇이 달라졌나?",연말정산을 하면서 생각보다 시간이 빨리 갔다. 중간중간 딴짓도 했지만 마무리는 했다. 그냥 소소한 기록으로 남김. 기대치를 낮추고 가면 무난한 정도. 시간 맞으면 한 번쯤 들를만함. 사진은 몇 장 찍었는데 정리는 나중에 해야겠다.,20200203,1
전문_정보,"2020년 연말정산 월세 소득공제, 자료제공 동의 방법",연말정산은 생각보다 시간이 걸렸다. 중간에 귀찮아서 멈출까 했는데 일단 끝내긴 함. 다음엔 조금 더 빨리 할 수 있을 듯. 가격은 막 싸진 않았고 위치는 찾기 쉬운 편. 엄청난 건 아니고 그냥 기록용. 기대치를 낮추고 가면 무난한 정도.,20200120,1
전문_정보,달라진 2020년 연말정산? 변경사항 알아보기,달라진 연말정산?를 하면서 생각보다 시간이 빨리 갔다. 중간중간 딴짓도 했지만 마무리는 했다. 그냥 소소한 기록으로 남김. 시간 맞으면 한 번쯤 들를만함. 가격은 막 싸진 않았고 위치는 찾기 쉬운 편. 사람이 좀 있어서 조용한 느낌은 아니었음.,20201214,1
전문_정보,"홈텍스 연말정산 미리보기 조회 방법, 2020년 소득공제... ",홈텍스를 하면서 생각보다 시간이 빨리 갔다. 중간중간 딴짓도 했지만 마무리는 했다. 그냥 소소한 기록으로 남김. 급하게 정한 일정치고는 나쁘지 않았다. 시간 맞으면 한 번쯤 들를만함. 가격은 막 싸진 않았고 위치는 찾기 쉬운 편.,20201104,1
전문_정보,2020년 연말정산 2 (연금계좌-세액공제),"연말정산은 시작은 귀찮았는데 하다 보니 괜찮았다. 엄청 의미 있는 건 아니고, 그래도 하루가 조금 정리된 느낌. 기대치를 낮추고 가면 무난한 정도. 기대치를 낮추고 가면 무난한 정도. 가격은 막 싸진 않았고 위치는 찾기 쉬운 편.",20201215,1
전문_정보,2020년 연말정산 의미 계산 공제 팁 알아보기,연말정산 때문에 하루가 조금 정신없었다. 막 큰일은 아닌데 은근 신경 쓰임. 그래도 지나고 나니 별거 아니긴 하다. 시간 맞으면 한 번쯤 들를만함. 급하게 정한 일정치고는 나쁘지 않았다. 시간 맞으면 한 번쯤 들를만함.,20200120,1
전문_정보,2020년 연말정산 한시적으로 달라지는 신용카드소득공제,연말정산 한시적으로 관련해서 그냥 남겨둠. 별일은 아니었는데 지나고 보니 기억날 것 같아서 적는다. 이런 날도 있었지 하는 정도. 가격은 막 싸진 않았고 위치는 찾기 쉬운 편. 엄청난 건 아니고 그냥 기록용. 딱히 특별하진 않은데 기억은 남는 편이다.,20200723,1
전문_정보,2020년 올해 달라진 연말정산 주요 내용 정리 (카드 소득공제... ,올해 해봤다. 특별한 감상은 없고 그냥 해야 해서 한 느낌. 그래도 끝내고 나니 신경 쓰이던 게 하나 줄었다. 급하게 정한 일정치고는 나쁘지 않았다. 시간 맞으면 한 번쯤 들를만함. 다음엔 다른 메뉴도 봐야 할 듯. 그냥 기록용으로 남겨두면 나중에 다시 보기 괜찮을 듯.,20201223,1
전문_정보,2020년 연말정산 꿀팁! 전년도와 달라진 내용 확인하고 가세요~,연말정산 때문에 하루가 조금 정신없었다. 막 큰일은 아닌데 은근 신경 쓰임. 그래도 지나고 나니 별거 아니긴 하다. 가격은 막 싸진 않았고 위치는 찾기 쉬운 편. 다음엔 다른 메뉴도 봐야 할 듯. 엄청난 건 아니고 그냥 기록용.,20200109,1
전문_정보,2020년 연말정산 소득공제 4배로 늘어난다.,연말정산 관련해서 그냥 남겨둠. 별일은 아니었는데 지나고 보니 기억날 것 같아서 적는다. 이런 날도 있었지 하는 정도. 딱히 특별하진 않은데 기억은 남는 편이다. 급하게 정한 일정치고는 나쁘지 않았다. 기대치를 낮추고 가면 무난한 정도.,20201215,1
전문_정보,2020년 연말정산. 올해 달라지는 점과 빠트리기 쉬운 항목은?,연말정산. 때문에 하루가 조금 정신없었다. 막 큰일은 아닌데 은근 신경 쓰임. 그래도 지나고 나니 별거 아니긴 하다. 급하게 정한 일정치고는 나쁘지 않았다. 사진은 몇 장 찍었는데 정리는 나중에 해야겠다. 급하게 정한 일정치고는 나쁘지 않았다.,20191107,1
전문_정보,2020 연말정산 소득공제 홈택스 이용해서 미리보기 veiw,연말정산 때문에 하루가 조금 정신없었다. 막 큰일은 아닌데 은근 신경 쓰임. 그래도 지나고 나니 별거 아니긴 하다. 딱히 특별하진 않은데 기억은 남는 편이다. 이런 곳도 있었네 싶었다. 사진은 몇 장 찍었는데 정리는 나중에 해야겠다.,20201106,1
전문_정보,"2020년 연말정산, 달라지는 내용 , 신용카드사용액공제... ","연말정산 사진 찍어두고 비교해봤다. 실제 색감이나 느낌은 화면이랑 조금 달랐고, 쓰다 보니 익숙해졌다. 기록용으로 남겨둠. 사람이 좀 있어서 조용한 느낌은 아니었음. 급하게 정한 일정치고는 나쁘지 않았다. 엄청난 건 아니고 그냥 기록용.",20200117,1
전문_정보,[2020 연말정산]월세 세액공제 vs 월세 현금영수증 소득공제... ,월세 세액공제 기록. 특별한 건 없고 그냥 그런 하루였다. 그래도 남겨두면 나중에 다시 볼 때 생각날 것 같음. 급하게 정한 일정치고는 나쁘지 않았다. 가격은 막 싸진 않았고 위치는 찾기 쉬운 편. 가격은 막 싸진 않았고 위치는 찾기 쉬운 편.,20201220,1
전문_정보,연말정산 공제 달라진 점? 13월의 월급?!,연말정산은 생각보다 시간이 걸렸다. 중간에 귀찮아서 멈출까 했는데 일단 끝내긴 함. 다음엔 조금 더 빨리 할 수 있을 듯. 급하게 정한 일정치고는 나쁘지 않았다. 사람이 좀 있어서 조용한 느낌은 아니었음. 급하게 정한 일정치고는 나쁘지 않았다.,20190115,1
전문_정보,2020년 연말정산 미리보기 바뀐 공제항목은?,연말정산은 생각보다 시간이 걸렸다. 중간에 귀찮아서 멈출까 했는데 일단 끝내긴 함. 다음엔 조금 더 빨리 할 수 있을 듯. 사진은 몇 장 찍었는데 정리는 나중에 해야겠다. 이런 곳도 있었네 싶었다. 딱히 특별하진 않은데 기억은 남는 편이다.,20191120,1
전문_정보,미리미리 알아보자! 2020년 &quot;13월의 보너스 &quot;연말정산”,미리미리 알아보자!는 생각보다 시간이 걸렸다. 중간에 귀찮아서 멈출까 했는데 일단 끝내긴 함. 다음엔 조금 더 빨리 할 수 있을 듯. 가격은 막 싸진 않았고 위치는 찾기 쉬운 편. 가격은 막 싸진 않았고 위치는 찾기 쉬운 편.,20191223,1
전문_정보,"연금펀드, 연금ETF로 연말정산 소득공제 받기(Ft. 키움증권)",연금펀드 연금ETF로는 생각보다 시간이 걸렸다. 중간에 귀찮아서 멈출까 했는데 일단 끝내긴 함. 다음엔 조금 더 빨리 할 수 있을 듯. 사진은 몇 장 찍었는데 정리는 나중에 해야겠다. 이런 곳도 있었네 싶었다. 기대치를 낮추고 가면 무난한 정도.,20201130,1
전문_정보,2020년 연말정산,연말정산 때문에 하루가 조금 정신없었다. 막 큰일은 아닌데 은근 신경 쓰임. 그래도 지나고 나니 별거 아니긴 하다. 사진은 몇 장 찍었는데 정리는 나중에 해야겠다. 가격은 막 싸진 않았고 위치는 찾기 쉬운 편. 급하게 정한 일정치고는 나쁘지 않았다.,20200120,1
전문_정보,2020년 연말정산 13월의 월급... 소득공제가 달라졌습니다.,"연말정산 13월의는 시작은 귀찮았는데 하다 보니 괜찮았다. 엄청 의미 있는 건 아니고, 그래도 하루가 조금 정리된 느낌. 기대치를 낮추고 가면 무난한 정도. 급하게 정한 일정치고는 나쁘지 않았다. 시간 맞으면 한 번쯤 들를만함.",20201130,1
전문_정보,[안내] 2020년 연말정산 기부금영수증 발급,연말정산 기부금영수증 때문에 하루가 조금 정신없었다. 막 큰일은 아닌데 은근 신경 쓰임. 그래도 지나고 나니 별거 아니긴 하다. 사람이 좀 있어서 조용한 느낌은 아니었음. 엄청난 건 아니고 그냥 기록용. 사람이 좀 있어서 조용한 느낌은 아니었음.,20201214,1
전문_정보,2020년 연말정산 3탄! 코로나로 인한 신용카드 소득공제 월별... ,연말정산은 생각보다 시간이 걸렸다. 중간에 귀찮아서 멈출까 했는데 일단 끝내긴 함. 다음엔 조금 더 빨리 할 수 있을 듯. 시간 맞으면 한 번쯤 들를만함. 엄청난 건 아니고 그냥 기록용. 사진은 몇 장 찍었는데 정리는 나중에 해야겠다.,20201225,1
전문_정보,2020년 연말정산 간소화서비스 꿀팁받고 공짜월급 받자!!,연말정산 관련해서 그냥 남겨둠. 별일은 아니었는데 지나고 보니 기억날 것 같아서 적는다. 이런 날도 있었지 하는 정도. 사진은 몇 장 찍었는데 정리는 나중에 해야겠다. 엄청난 건 아니고 그냥 기록용. 딱히 특별하진 않은데 기억은 남는 편이다.,20200122,1
전문_정보,2020년 연말정산을 준비 하기 필요한 것들...,연말정산을 준비를 하면서 생각보다 시간이 빨리 갔다. 중간중간 딴짓도 했지만 마무리는 했다. 그냥 소소한 기록으로 남김. 급하게 정한 일정치고는 나쁘지 않았다. 딱히 특별하진 않은데 기억은 남는 편이다. 사람이 좀 있어서 조용한 느낌은 아니었음.,20200109,1
전문_정보,"코로나19 영향으로 2020년 연말정산,  이렇게 달라졌습니다","코로나19는 시작은 귀찮았는데 하다 보니 괜찮았다. 엄청 의미 있는 건 아니고, 그래도 하루가 조금 정리된 느낌. 엄청난 건 아니고 그냥 기록용. 이런 곳도 있었네 싶었다. 사람이 좀 있어서 조용한 느낌은 아니었음.",20201221,1
전문_정보,2020년 연말정산용 의료비 세액공제 신청해 주세요,연말정산용 관련해서 그냥 남겨둠. 별일은 아니었는데 지나고 보니 기억날 것 같아서 적는다. 이런 날도 있었지 하는 정도. 가격은 막 싸진 않았고 위치는 찾기 쉬운 편. 사람이 좀 있어서 조용한 느낌은 아니었음. 엄청난 건 아니고 그냥 기록용.,20201224,1
전문_정보,2020년 연말정산 아직 챙기지 못한 것들이 있다면..,연말정산 아직 때문에 하루가 조금 정신없었다. 막 큰일은 아닌데 은근 신경 쓰임. 그래도 지나고 나니 별거 아니긴 하다. 급하게 정한 일정치고는 나쁘지 않았다. 이런 곳도 있었네 싶었다. 다음엔 다른 메뉴도 봐야 할 듯.,20201228,1
전문_정보,2020년 연말정산 진행 중! 올해부터 달라진 연말정산 주요... ,연말정산 기록. 특별한 건 없고 그냥 그런 하루였다. 그래도 남겨두면 나중에 다시 볼 때 생각날 것 같음. 이런 곳도 있었네 싶었다. 가격은 막 싸진 않았고 위치는 찾기 쉬운 편. 딱히 특별하진 않은데 기억은 남는 편이다.,20200121,1
전문_정보,연말정산 간소화서비스 기간 2020년 공제 팁 환급 더받자,연말정산은 생각보다 시간이 걸렸다. 중간에 귀찮아서 멈출까 했는데 일단 끝내긴 함. 다음엔 조금 더 빨리 할 수 있을 듯. 이런 곳도 있었네 싶었다. 사람이 좀 있어서 조용한 느낌은 아니었음. 딱히 특별하진 않은데 기억은 남는 편이다.,20201223,1
전문_정보,"2021 연말정산 기간과 소득 공제 항목 총정리! 월세, 카드... ",연말정산 기간과는 생각보다 시간이 걸렸다. 중간에 귀찮아서 멈출까 했는데 일단 끝내긴 함. 다음엔 조금 더 빨리 할 수 있을 듯. 가격은 막 싸진 않았고 위치는 찾기 쉬운 편. 엄청난 건 아니고 그냥 기록용. 시간 맞으면 한 번쯤 들를만함.,20201231,1
전문_정보,"2020년 연말정산, 신용카드 소득공제 및 제외항목",연말정산 기록. 특별한 건 없고 그냥 그런 하루였다. 그래도 남겨두면 나중에 다시 볼 때 생각날 것 같음. 사진은 몇 장 찍었는데 정리는 나중에 해야겠다. 사람이 좀 있어서 조용한 느낌은 아니었음. 다음엔 다른 메뉴도 봐야 할 듯.,20201109,1
전문_정보,미리보기' 2020년 연말정산 달라진 소득공제 - 신화회계법인... ,미리보기' 기록. 특별한 건 없고 그냥 그런 하루였다. 그래도 남겨두면 나중에 다시 볼 때 생각날 것 같음. 딱히 특별하진 않은데 기억은 남는 편이다. 사진은 몇 장 찍었는데 정리는 나중에 해야겠다. 사람이 좀 있어서 조용한 느낌은 아니었음.,20201123,1
전문_정보,"보청기 연말정산, 2020년 의료비 소득공제 혜택받으세요!",보청기 연말정산 때문에 하루가 조금 정신없었다. 막 큰일은 아닌데 은근 신경 쓰임. 그래도 지나고 나니 별거 아니긴 하다. 이런 곳도 있었네 싶었다. 가격은 막 싸진 않았고 위치는 찾기 쉬운 편. 기대치를 낮추고 가면 무난한 정도.,20201126,1
전문_정보,연말정산 소득공제 총정리 :2020 꼭 챙겨야 할 공제부분 정리,연말정산 소득공제 사진 몇 장 찍어뒀다. 나중에 보면 별거 아닐 수도 있는데 그때 분위기가 있어서 남겨둠. 정리는 천천히 해야겠다. 다음엔 다른 메뉴도 봐야 할 듯. 가격은 막 싸진 않았고 위치는 찾기 쉬운 편. 사진은 몇 장 찍었는데 정리는 나중에 해야겠다.,20200101,1
전문_정보,연말정산 실패? 빈대개미는 웁니다.(직장인의 2020년 연말정산),연말정산 실패?를 하면서 생각보다 시간이 빨리 갔다. 중간중간 딴짓도 했지만 마무리는 했다. 그냥 소소한 기록으로 남김. 가격은 막 싸진 않았고 위치는 찾기 쉬운 편. 엄청난 건 아니고 그냥 기록용. 이런 곳도 있었네 싶었다.,20200121,1
전문_정보,2020년 연말정산! 올해 달라진 항목과 연말정산 미리보기... ,연말정산! 때문에 하루가 조금 정신없었다. 막 큰일은 아닌데 은근 신경 쓰임. 그래도 지나고 나니 별거 아니긴 하다. 딱히 특별하진 않은데 기억은 남는 편이다. 시간 맞으면 한 번쯤 들를만함. 사람이 좀 있어서 조용한 느낌은 아니었음.,20201221,1
전문_정보,2020 연말정산(해외체류 자녀 유치원비 공제될까?- 됐다!),연말정산 기록. 특별한 건 없고 그냥 그런 하루였다. 그래도 남겨두면 나중에 다시 볼 때 생각날 것 같음. 사진은 몇 장 찍었는데 정리는 나중에 해야겠다. 사람이 좀 있어서 조용한 느낌은 아니었음. 사람이 좀 있어서 조용한 느낌은 아니었음.,20200116,1
전문_정보,"연말정산 실손의료비 공제, 조회하는 법, 가산세등 Q&amp;A",연말정산 실손의료비 해봤다. 특별한 감상은 없고 그냥 해야 해서 한 느낌. 그래도 끝내고 나니 신경 쓰이던 게 하나 줄었다. 시간 맞으면 한 번쯤 들를만함. 사람이 좀 있어서 조용한 느낌은 아니었음. 시간 맞으면 한 번쯤 들를만함.,20200130,1
전문_정보,2020년 귀속 연말정산 달라진점 그리고 자동계산 엑셀 파일,귀속 사진 몇 장 찍어뒀다. 나중에 보면 별거 아닐 수도 있는데 그때 분위기가 있어서 남겨둠. 정리는 천천히 해야겠다. 시간 맞으면 한 번쯤 들를만함. 딱히 특별하진 않은데 기억은 남는 편이다. 이런 곳도 있었네 싶었다.,20201214,1
전문_정보,2020년 연말정산 변경사항 꼭 알아봐야죠,연말정산 사진 몇 장 찍어뒀다. 나중에 보면 별거 아닐 수도 있는데 그때 분위기가 있어서 남겨둠. 정리는 천천히 해야겠다. 기대치를 낮추고 가면 무난한 정도. 다음엔 다른 메뉴도 봐야 할 듯. 급하게 정한 일정치고는 나쁘지 않았다.,20201219,1
전문_정보,[공지] 2020년 연말정산 기부금 영수증 발급 안내,연말정산 기부금 해봤다. 특별한 감상은 없고 그냥 해야 해서 한 느낌. 그래도 끝내고 나니 신경 쓰이던 게 하나 줄었다. 사진은 몇 장 찍었는데 정리는 나중에 해야겠다. 가격은 막 싸진 않았고 위치는 찾기 쉬운 편. 엄청난 건 아니고 그냥 기록용.,20201228,1
전문_정보,연말정산 미리보기 및 올해부터 달라진 소득공제 내용은?,연말정산 미리보기 해봤다. 특별한 감상은 없고 그냥 해야 해서 한 느낌. 그래도 끝내고 나니 신경 쓰이던 게 하나 줄었다. 이런 곳도 있었네 싶었다. 다음엔 다른 메뉴도 봐야 할 듯. 급하게 정한 일정치고는 나쁘지 않았다.,20201101,1
전문_정보,2020년 연말정산 '부동산공제',연말정산 때문에 하루가 조금 정신없었다. 막 큰일은 아닌데 은근 신경 쓰임. 그래도 지나고 나니 별거 아니긴 하다. 사진은 몇 장 찍었는데 정리는 나중에 해야겠다. 다음엔 다른 메뉴도 봐야 할 듯. 급하게 정한 일정치고는 나쁘지 않았다.,20201218,1
전문_정보,2020년 연말정산 간소화... 2020소득공제 변경사항... ,연말정산 해봤다. 특별한 감상은 없고 그냥 해야 해서 한 느낌. 그래도 끝내고 나니 신경 쓰이던 게 하나 줄었다. 시간 맞으면 한 번쯤 들를만함. 급하게 정한 일정치고는 나쁘지 않았다. 시간 맞으면 한 번쯤 들를만함. 막 특별하진 않아도 당시 느낌은 남아 있어서 적어둠.,20200113,1
전문_정보,"[2020 연말정산]의료비 세액공제(산후조리원, 난임시술비... ",의료비를 하면서 생각보다 시간이 빨리 갔다. 중간중간 딴짓도 했지만 마무리는 했다. 그냥 소소한 기록으로 남김. 사람이 좀 있어서 조용한 느낌은 아니었음. 딱히 특별하진 않은데 기억은 남는 편이다. 다음엔 다른 메뉴도 봐야 할 듯.,20201225,1
전문_정보,"연말정산하는법 기초 개념정리! (소득공제,세액공제,연말정산시기)","연말정산하는법은 시작은 귀찮았는데 하다 보니 괜찮았다. 엄청 의미 있는 건 아니고, 그래도 하루가 조금 정리된 느낌. 다음엔 다른 메뉴도 봐야 할 듯. 사람이 좀 있어서 조용한 느낌은 아니었음. 다음엔 다른 메뉴도 봐야 할 듯.",20191230,1
전문_정보,[2020년 귀속 연말정산] 신용카드 등 공제혜택 알아보기,신용카드를 하면서 생각보다 시간이 빨리 갔다. 중간중간 딴짓도 했지만 마무리는 했다. 그냥 소소한 기록으로 남김. 시간 맞으면 한 번쯤 들를만함. 이런 곳도 있었네 싶었다. 엄청난 건 아니고 그냥 기록용. 그냥 기록용으로 남겨두면 나중에 다시 보기 괜찮을 듯.,20201208,1
전문_정보,"2020년 연말정산 바뀌는 점, 신용카드 소득공제 대상 제외항목",연말정산은 생각보다 시간이 걸렸다. 중간에 귀찮아서 멈출까 했는데 일단 끝내긴 함. 다음엔 조금 더 빨리 할 수 있을 듯. 다음엔 다른 메뉴도 봐야 할 듯. 다음엔 다른 메뉴도 봐야 할 듯. 다음엔 다른 메뉴도 봐야 할 듯. 엄청 자세한 후기는 아니고 그냥 그때 느낌 위주.,20200403,1
전문_정보,2020년 연말정산 현금영수증한도 신용카드공제  상향... ,연말정산 현금영수증한도 기록. 특별한 건 없고 그냥 그런 하루였다. 그래도 남겨두면 나중에 다시 볼 때 생각날 것 같음. 시간 맞으면 한 번쯤 들를만함. 엄청난 건 아니고 그냥 기록용. 가격은 막 싸진 않았고 위치는 찾기 쉬운 편.,20201212,1
전문_정보,2020년 달라진 연말정산 신용카드 공제,달라진 연말정산 때문에 하루가 조금 정신없었다. 막 큰일은 아닌데 은근 신경 쓰임. 그래도 지나고 나니 별거 아니긴 하다. 엄청난 건 아니고 그냥 기록용. 다음엔 다른 메뉴도 봐야 할 듯. 사진은 몇 장 찍었는데 정리는 나중에 해야겠다.,20201026,1
전문_정보,소득공제 (2020년 연말정산(2019년 귀속 근로소득) 적용... ,소득공제 해봤다. 특별한 감상은 없고 그냥 해야 해서 한 느낌. 그래도 끝내고 나니 신경 쓰이던 게 하나 줄었다. 엄청난 건 아니고 그냥 기록용. 급하게 정한 일정치고는 나쁘지 않았다. 시간 맞으면 한 번쯤 들를만함. 엄청 자세한 후기는 아니고 그냥 그때 느낌 위주.,20190902,1
전문_정보,2020년) 신용카드 연말정산 소득공제 30만원 확대? 의문점,신용카드 때문에 하루가 조금 정신없었다. 막 큰일은 아닌데 은근 신경 쓰임. 그래도 지나고 나니 별거 아니긴 하다. 다음엔 다른 메뉴도 봐야 할 듯. 사진은 몇 장 찍었는데 정리는 나중에 해야겠다. 엄청난 건 아니고 그냥 기록용.,20200727,1
전문_정보,"연말정산 부양가족 인적공제 기준, 소득 및 나이 요건",연말정산을 하면서 생각보다 시간이 빨리 갔다. 중간중간 딴짓도 했지만 마무리는 했다. 그냥 소소한 기록으로 남김. 기대치를 낮추고 가면 무난한 정도. 이런 곳도 있었네 싶었다. 기대치를 낮추고 가면 무난한 정도.,20201220,1
전문_정보,"연말정산 월세 세액공제 조건과 서류, 신청방법까지 간단 정리.",연말정산 월세 해봤다. 특별한 감상은 없고 그냥 해야 해서 한 느낌. 그래도 끝내고 나니 신경 쓰이던 게 하나 줄었다. 급하게 정한 일정치고는 나쁘지 않았다. 다음엔 다른 메뉴도 봐야 할 듯. 이런 곳도 있었네 싶었다. 다음에 비슷한 상황이면 다시 떠올릴 것 같긴 하다.,20201222,1
전문_정보,[연말정산] 2020년 귀속 연말정산 모의계산,귀속은 생각보다 시간이 걸렸다. 중간에 귀찮아서 멈출까 했는데 일단 끝내긴 함. 다음엔 조금 더 빨리 할 수 있을 듯. 이런 곳도 있었네 싶었다. 사람이 좀 있어서 조용한 느낌은 아니었음. 딱히 특별하진 않은데 기억은 남는 편이다.,20200815,1
전문_정보,연말정산 절세 전략…바뀐 연금세액공제 확인,연말정산 때문에 하루가 조금 정신없었다. 막 큰일은 아닌데 은근 신경 쓰임. 그래도 지나고 나니 별거 아니긴 하다. 급하게 정한 일정치고는 나쁘지 않았다. 사진은 몇 장 찍었는데 정리는 나중에 해야겠다. 다음엔 다른 메뉴도 봐야 할 듯.,20201123,1
전문_정보,[캐논 이야기] 2020년 달라진 연말정산 / 2020년 연말정산 / 2020... ,달라진 연말정산 기록. 특별한 건 없고 그냥 그런 하루였다. 그래도 남겨두면 나중에 다시 볼 때 생각날 것 같음. 다음엔 다른 메뉴도 봐야 할 듯. 엄청난 건 아니고 그냥 기록용. 시간 맞으면 한 번쯤 들를만함. 큰 기대 없이 보면 무난하게 참고할 만한 내용이다.,20200113,1
전문_정보,신용카드 등 사용금액 소득공제(feat. 2020년 연말정산... ,신용카드 궁금해서 써봤는데 막 놀랄 정도는 아니었다. 그래도 손이 자주 가긴 함. 불편한 점은 조금씩 보이는데 못 쓸 정도는 아님. 가격은 막 싸진 않았고 위치는 찾기 쉬운 편. 사진은 몇 장 찍었는데 정리는 나중에 해야겠다.,20200917,1
전문_정보,연말정산 부양가족 인적공제 기준 간단합니다!,연말정산 기록. 특별한 건 없고 그냥 그런 하루였다. 그래도 남겨두면 나중에 다시 볼 때 생각날 것 같음. 기대치를 낮추고 가면 무난한 정도. 시간 맞으면 한 번쯤 들를만함. 기대치를 낮추고 가면 무난한 정도. 다음에 비슷한 상황이면 다시 떠올릴 것 같긴 하다.,20200204,1
전문_정보,"[2020 연말정산]총급여액, 근로소득공제, 근로소득금액",총급여액을 하면서 생각보다 시간이 빨리 갔다. 중간중간 딴짓도 했지만 마무리는 했다. 그냥 소소한 기록으로 남김. 엄청난 건 아니고 그냥 기록용. 사진은 몇 장 찍었는데 정리는 나중에 해야겠다. 시간 맞으면 한 번쯤 들를만함.,20201206,1
전문_정보,사용처 총정리! 온누리상품권 사용하고 연말정산소득공제 받자!,사용처 총정리!는 사용법이 어렵진 않았다. 마감은 보통이고 기능은 필요한 만큼만 있는 느낌. 오래 써봐야 알겠지만 첫인상은 나쁘지 않음. 딱히 특별하진 않은데 기억은 남는 편이다. 엄청난 건 아니고 그냥 기록용.,20200120,1
전문_정보,2019년 달라진 개정세법 및 2020년 홈텍스 연말정산 신고서... ,달라진 개정세법 관련해서 그냥 남겨둠. 별일은 아니었는데 지나고 보니 기억날 것 같아서 적는다. 이런 날도 있었지 하는 정도. 엄청난 건 아니고 그냥 기록용. 시간 맞으면 한 번쯤 들를만함. 다음엔 다른 메뉴도 봐야 할 듯.,20200118,1
전문_정보,[연말정산] 2020년 올해 달라진 점은? (ft. 카드공제 혜택 확대),올해를 하면서 생각보다 시간이 빨리 갔다. 중간중간 딴짓도 했지만 마무리는 했다. 그냥 소소한 기록으로 남김. 사람이 좀 있어서 조용한 느낌은 아니었음. 딱히 특별하진 않은데 기억은 남는 편이다. 기대치를 낮추고 가면 무난한 정도.,20201209,1
전문_정보,【2020년 연말정산】 월세세액공제 대상자 및 공제율 10~12%,연말정산】 월세세액공제를 하면서 생각보다 시간이 빨리 갔다. 중간중간 딴짓도 했지만 마무리는 했다. 그냥 소소한 기록으로 남김. 사진은 몇 장 찍었는데 정리는 나중에 해야겠다. 시간 맞으면 한 번쯤 들를만함. 이런 곳도 있었네 싶었다.,20191227,1
전문_정보,2020년 연말정산 소득공제 달라진다? 꼭 알아야할 꿀팁!!,연말정산 때문에 하루가 조금 정신없었다. 막 큰일은 아닌데 은근 신경 쓰임. 그래도 지나고 나니 별거 아니긴 하다. 가격은 막 싸진 않았고 위치는 찾기 쉬운 편. 급하게 정한 일정치고는 나쁘지 않았다. 다음엔 다른 메뉴도 봐야 할 듯.,20200106,1
전문_정보,"2020 연말정산 미리보기, 올해 공제 항목은?",연말정산 미리보기 사진 몇 장 찍어뒀다. 나중에 보면 별거 아닐 수도 있는데 그때 분위기가 있어서 남겨둠. 정리는 천천히 해야겠다. 사진은 몇 장 찍었는데 정리는 나중에 해야겠다. 급하게 정한 일정치고는 나쁘지 않았다.,20191129,1
전문_정보,2020년 근로자(직장인) 연말 정산 팁,근로자 연말 때문에 하루가 조금 정신없었다. 막 큰일은 아닌데 은근 신경 쓰임. 그래도 지나고 나니 별거 아니긴 하다. 이런 곳도 있었네 싶었다. 사진은 몇 장 찍었는데 정리는 나중에 해야겠다. 사진은 몇 장 찍었는데 정리는 나중에 해야겠다.,20191229,1
전문_정보,신용카드연말정산 때 참고하면 좋은 '공제한도',"신용카드연말정산 참고하면은 시작은 귀찮았는데 하다 보니 괜찮았다. 엄청 의미 있는 건 아니고, 그래도 하루가 조금 정리된 느낌. 시간 맞으면 한 번쯤 들를만함. 급하게 정한 일정치고는 나쁘지 않았다. 사진은 몇 장 찍었는데 정리는 나중에 해야겠다.",20201103,1
전문_정보,"어렵고 복잡한 연말정산, 소득공제 총정리! 페퍼저축은행이... ",어렵고를 하면서 생각보다 시간이 빨리 갔다. 중간중간 딴짓도 했지만 마무리는 했다. 그냥 소소한 기록으로 남김. 기대치를 낮추고 가면 무난한 정도. 딱히 특별하진 않은데 기억은 남는 편이다. 다음엔 다른 메뉴도 봐야 할 듯.,20200115,1
전문_정보,[ETF 투자] 연말정산 대비 '연금펀드/ETF'로 세액공제받기,연말정산을 하면서 생각보다 시간이 빨리 갔다. 중간중간 딴짓도 했지만 마무리는 했다. 그냥 소소한 기록으로 남김. 엄청난 건 아니고 그냥 기록용. 엄청난 건 아니고 그냥 기록용. 기대치를 낮추고 가면 무난한 정도.,20201130,1
전문_정보,"2020년 연말정산, 카드공제를 꼭 살펴보셔야 합니다.",연말정산 카드공제를 관련해서 그냥 남겨둠. 별일은 아니었는데 지나고 보니 기억날 것 같아서 적는다. 이런 날도 있었지 하는 정도. 엄청난 건 아니고 그냥 기록용. 딱히 특별하진 않은데 기억은 남는 편이다. 기대치를 낮추고 가면 무난한 정도.,20201228,1
전문_정보,2020년 귀속 연말정산 총정리,귀속 사진 몇 장 찍어뒀다. 나중에 보면 별거 아닐 수도 있는데 그때 분위기가 있어서 남겨둠. 정리는 천천히 해야겠다. 급하게 정한 일정치고는 나쁘지 않았다. 사진은 몇 장 찍었는데 정리는 나중에 해야겠다. 사람이 좀 있어서 조용한 느낌은 아니었음.,20201225,1
전문_정보,2020년 연말정산 월세액 세액공제,연말정산을 하면서 생각보다 시간이 빨리 갔다. 중간중간 딴짓도 했지만 마무리는 했다. 그냥 소소한 기록으로 남김. 엄청난 건 아니고 그냥 기록용. 엄청난 건 아니고 그냥 기록용. 사람이 좀 있어서 조용한 느낌은 아니었음.,20201222,1
전문_정보,"[2020 연말정산]연금계좌 세액공제(연금저축, IRP, 퇴직연금... ",연금계좌 세액공제(연금저축을 하면서 생각보다 시간이 빨리 갔다. 중간중간 딴짓도 했지만 마무리는 했다. 그냥 소소한 기록으로 남김. 가격은 막 싸진 않았고 위치는 찾기 쉬운 편. 사진은 몇 장 찍었는데 정리는 나중에 해야겠다.,20201220,1
전문_정보,"2020년 연말정산 무주택자... 이자, 월세 관련 세액공제 신고 방법","연말정산은 시작은 귀찮았는데 하다 보니 괜찮았다. 엄청 의미 있는 건 아니고, 그래도 하루가 조금 정리된 느낌. 사람이 좀 있어서 조용한 느낌은 아니었음. 가격은 막 싸진 않았고 위치는 찾기 쉬운 편. 사진은 몇 장 찍었는데 정리는 나중에 해야겠다.",20201223,1
전문_정보,"보너스, 2020년 연말정산 - 4... 팁, 연말정산 세액공제 강의... ",보너스 연말정산 관련해서 그냥 남겨둠. 별일은 아니었는데 지나고 보니 기억날 것 같아서 적는다. 이런 날도 있었지 하는 정도. 엄청난 건 아니고 그냥 기록용. 다음엔 다른 메뉴도 봐야 할 듯. 이런 곳도 있었네 싶었다.,20200323,1
전문_정보,2020년 세법개정안 핵심 연말정산 비과세 세액감면공제,세법개정안 핵심을 하면서 생각보다 시간이 빨리 갔다. 중간중간 딴짓도 했지만 마무리는 했다. 그냥 소소한 기록으로 남김. 급하게 정한 일정치고는 나쁘지 않았다. 기대치를 낮추고 가면 무난한 정도. 사진은 몇 장 찍었는데 정리는 나중에 해야겠다.,20201208,1
전문_정보,간단 정리 (+ 주택청약 소득공제/청년우대형 청약통장 연말정산),"간단 정리는 시작은 귀찮았는데 하다 보니 괜찮았다. 엄청 의미 있는 건 아니고, 그래도 하루가 조금 정리된 느낌. 이런 곳도 있었네 싶었다. 엄청난 건 아니고 그냥 기록용. 급하게 정한 일정치고는 나쁘지 않았다. 짧게 적어두는 정도지만 나름 기억에는 남았다.",20191217,1
전문_정보,2020년 달라진 연말정산 알아보기!,"달라진 연말정산은 시작은 귀찮았는데 하다 보니 괜찮았다. 엄청 의미 있는 건 아니고, 그래도 하루가 조금 정리된 느낌. 시간 맞으면 한 번쯤 들를만함. 사진은 몇 장 찍었는데 정리는 나중에 해야겠다. 딱히 특별하진 않은데 기억은 남는 편이다.",20201218,1
전문_정보,2020년 연말정산 기간부터... 국세청 홈택스 의료비공제... ,연말정산 기간부터... 해봤다. 특별한 감상은 없고 그냥 해야 해서 한 느낌. 그래도 끝내고 나니 신경 쓰이던 게 하나 줄었다. 다음엔 다른 메뉴도 봐야 할 듯. 기대치를 낮추고 가면 무난한 정도. 급하게 정한 일정치고는 나쁘지 않았다.,20200131,1
전문_정보,"[2020 연말정산]부양가족 공제 조건(나이요건, 소득요건... ",부양가족 관련해서 그냥 남겨둠. 별일은 아니었는데 지나고 보니 기억날 것 같아서 적는다. 이런 날도 있었지 하는 정도. 엄청난 건 아니고 그냥 기록용. 사진은 몇 장 찍었는데 정리는 나중에 해야겠다. 가격은 막 싸진 않았고 위치는 찾기 쉬운 편.,20201213,1
전문_정보,[연말정산 신용카드 공제] Ep.13 소득공제 환급 제대로 알기... ,"Ep.13 소득공제는 시작은 귀찮았는데 하다 보니 괜찮았다. 엄청 의미 있는 건 아니고, 그래도 하루가 조금 정리된 느낌. 시간 맞으면 한 번쯤 들를만함. 엄청난 건 아니고 그냥 기록용. 이런 곳도 있었네 싶었다. 다음에 비슷한 상황이면 다시 떠올릴 것 같긴 하다.",20201002,1
전문_정보,2020년 달라지는 연말정산,달라지는은 생각보다 시간이 걸렸다. 중간에 귀찮아서 멈출까 했는데 일단 끝내긴 함. 다음엔 조금 더 빨리 할 수 있을 듯. 사람이 좀 있어서 조용한 느낌은 아니었음. 딱히 특별하진 않은데 기억은 남는 편이다. 사진은 몇 장 찍었는데 정리는 나중에 해야겠다.,20200114,1
전문_정보,2020년 연말정산 기간과 달라진 점,연말정산 기간과를 하면서 생각보다 시간이 빨리 갔다. 중간중간 딴짓도 했지만 마무리는 했다. 그냥 소소한 기록으로 남김. 가격은 막 싸진 않았고 위치는 찾기 쉬운 편. 다음엔 다른 메뉴도 봐야 할 듯. 급하게 정한 일정치고는 나쁘지 않았다.,20191211,1
전문_정보,"2020 연말정산 미리보기로... 월세, 달라지는 소득공제등 알아보기","연말정산 미리보기로...는 시작은 귀찮았는데 하다 보니 괜찮았다. 엄청 의미 있는 건 아니고, 그래도 하루가 조금 정리된 느낌. 이런 곳도 있었네 싶었다. 이런 곳도 있었네 싶었다. 엄청난 건 아니고 그냥 기록용.",20191130,1
전문_정보,모바일 연말정산! 2020년 연말정산 간소화 서비스 알아보기,모바일 연말정산! 사진 몇 장 찍어뒀다. 나중에 보면 별거 아닐 수도 있는데 그때 분위기가 있어서 남겨둠. 정리는 천천히 해야겠다. 기대치를 낮추고 가면 무난한 정도. 다음엔 다른 메뉴도 봐야 할 듯. 급하게 정한 일정치고는 나쁘지 않았다.,20200120,1
전문_정보,2020년 연말정산 미리준비하기 - 12월에 해야 할 것,연말정산 때문에 하루가 조금 정신없었다. 막 큰일은 아닌데 은근 신경 쓰임. 그래도 지나고 나니 별거 아니긴 하다. 이런 곳도 있었네 싶었다. 시간 맞으면 한 번쯤 들를만함. 급하게 정한 일정치고는 나쁘지 않았다. 막 특별하진 않아도 당시 느낌은 남아 있어서 적어둠.,20201201,1
전문_정보,[동원대학교] 세무회계정보과 - 2020년 연말정산하는 방법 및... ,세무회계정보과 연말정산하는 기록. 특별한 건 없고 그냥 그런 하루였다. 그래도 남겨두면 나중에 다시 볼 때 생각날 것 같음. 시간 맞으면 한 번쯤 들를만함. 이런 곳도 있었네 싶었다. 이런 곳도 있었네 싶었다. 막 특별하진 않아도 당시 느낌은 남아 있어서 적어둠.,20200113,1
전문_정보,[연말정산] 연말정산 준비하기_연금계좌세액공제,연말정산을 하면서 생각보다 시간이 빨리 갔다. 중간중간 딴짓도 했지만 마무리는 했다. 그냥 소소한 기록으로 남김. 엄청난 건 아니고 그냥 기록용. 딱히 특별하진 않은데 기억은 남는 편이다. 다음엔 다른 메뉴도 봐야 할 듯.,20200114,1
전문_정보,2020년 달라진 연말정산과 보청기 소득공제,달라진 때문에 하루가 조금 정신없었다. 막 큰일은 아닌데 은근 신경 쓰임. 그래도 지나고 나니 별거 아니긴 하다. 사람이 좀 있어서 조용한 느낌은 아니었음. 엄청난 건 아니고 그냥 기록용. 급하게 정한 일정치고는 나쁘지 않았다.,20201210,1
전문_정보,2020 기부금 영수증 발급 안내 | 연말정산 및 세액공제(적십자... ,기부금 관련해서 그냥 남겨둠. 별일은 아니었는데 지나고 보니 기억날 것 같아서 적는다. 이런 날도 있었지 하는 정도. 사람이 좀 있어서 조용한 느낌은 아니었음. 가격은 막 싸진 않았고 위치는 찾기 쉬운 편. 급하게 정한 일정치고는 나쁘지 않았다.,20201229,1
전문_정보,의료비 소득공제 한도 무제한? 2020년 연말정산 의료비 한도... ,의료비 소득공제 관련해서 그냥 남겨둠. 별일은 아니었는데 지나고 보니 기억날 것 같아서 적는다. 이런 날도 있었지 하는 정도. 가격은 막 싸진 않았고 위치는 찾기 쉬운 편. 이런 곳도 있었네 싶었다. 시간 맞으면 한 번쯤 들를만함.,20200118,1
전문_정보,2020년 &quot;연말정산 세액공제 신청서&quot; 양식 공유,"""연말정산 사진 몇 장 찍어뒀다. 나중에 보면 별거 아닐 수도 있는데 그때 분위기가 있어서 남겨둠. 정리는 천천히 해야겠다. 급하게 정한 일정치고는 나쁘지 않았다. 엄청난 건 아니고 그냥 기록용. 다음엔 다른 메뉴도 봐야 할 듯.",20200210,1
전문_정보,2020년 홈택스 연말정산 소득공제 금액 미리보기 서비스 오픈,홈택스 기록. 특별한 건 없고 그냥 그런 하루였다. 그래도 남겨두면 나중에 다시 볼 때 생각날 것 같음. 사람이 좀 있어서 조용한 느낌은 아니었음. 기대치를 낮추고 가면 무난한 정도. 기대치를 낮추고 가면 무난한 정도.,20201030,1
전문_정보,연말정산 세액공제 소득공제 차이는 무엇일까?,연말정산 세액공제 기록. 특별한 건 없고 그냥 그런 하루였다. 그래도 남겨두면 나중에 다시 볼 때 생각날 것 같음. 사진은 몇 장 찍었는데 정리는 나중에 해야겠다. 사람이 좀 있어서 조용한 느낌은 아니었음. 다음엔 다른 메뉴도 봐야 할 듯.,20201016,1
전문_정보,연말정산 변경된 내용 &amp; 세액공제 혜택 받을 수 있는 꿀팁!,연말정산 변경된을 하면서 생각보다 시간이 빨리 갔다. 중간중간 딴짓도 했지만 마무리는 했다. 그냥 소소한 기록으로 남김. 가격은 막 싸진 않았고 위치는 찾기 쉬운 편. 급하게 정한 일정치고는 나쁘지 않았다. 가격은 막 싸진 않았고 위치는 찾기 쉬운 편.,20201111,1
전문_정보,2020년 연말정산 부양가족 인적공제 아동복지법 위탁아동... ,"연말정산은 시작은 귀찮았는데 하다 보니 괜찮았다. 엄청 의미 있는 건 아니고, 그래도 하루가 조금 정리된 느낌. 엄청난 건 아니고 그냥 기록용. 가격은 막 싸진 않았고 위치는 찾기 쉬운 편. 딱히 특별하진 않은데 기억은 남는 편이다.",20201123,1
전문_정보,[2019 연말정산팁] 삼성페이 티머니 쓰면대중교통 소득공제... ,삼성페이 티머니 해봤다. 특별한 감상은 없고 그냥 해야 해서 한 느낌. 그래도 끝내고 나니 신경 쓰이던 게 하나 줄었다. 딱히 특별하진 않은데 기억은 남는 편이다. 기대치를 낮추고 가면 무난한 정도. 가격은 막 싸진 않았고 위치는 찾기 쉬운 편.,20200130,1
전문_정보,연말정산 의료비 공제에서 실비보험 제외(실손의료보험금 자료... ,연말정산은 생각보다 시간이 걸렸다. 중간에 귀찮아서 멈출까 했는데 일단 끝내긴 함. 다음엔 조금 더 빨리 할 수 있을 듯. 사진은 몇 장 찍었는데 정리는 나중에 해야겠다. 기대치를 낮추고 가면 무난한 정도. 급하게 정한 일정치고는 나쁘지 않았다.,20200116,1
전문_정보,2019년 귀속 연말정산 자료 한눈에 보기(소득공제/세액공제),"귀속은 시작은 귀찮았는데 하다 보니 괜찮았다. 엄청 의미 있는 건 아니고, 그래도 하루가 조금 정리된 느낌. 사람이 좀 있어서 조용한 느낌은 아니었음. 가격은 막 싸진 않았고 위치는 찾기 쉬운 편. 가격은 막 싸진 않았고 위치는 찾기 쉬운 편.",20200114,1
전문_정보,"2020년 출산휴가, 육아휴직급여 연말정산 모든것(feat.... ",출산휴가 육아휴직급여 기록. 특별한 건 없고 그냥 그런 하루였다. 그래도 남겨두면 나중에 다시 볼 때 생각날 것 같음. 시간 맞으면 한 번쯤 들를만함. 엄청난 건 아니고 그냥 기록용. 시간 맞으면 한 번쯤 들를만함. 큰 기대 없이 보면 무난하게 참고할 만한 내용이다.,20200323,1
전문_정보,"국세청 연말정산, 법인 소득공제 꿀팁",국세청을 하면서 생각보다 시간이 빨리 갔다. 중간중간 딴짓도 했지만 마무리는 했다. 그냥 소소한 기록으로 남김. 딱히 특별하진 않은데 기억은 남는 편이다. 딱히 특별하진 않은데 기억은 남는 편이다. 사진은 몇 장 찍었는데 정리는 나중에 해야겠다.,20191004,1
