title,category,content_raw,content_clean,is_ai,ai_type,char_count,raw_length,sentence_count,avg_sentence_len,sentence_len_std,total_tokens,noun_count,verb_count,adjective_count,adverb_count,josa_count,noun_ratio,verb_ratio,adjective_ratio,adverb_ratio,josa_ratio,noun_density,josa_density,friendly_ending_count,llm_style_count,period_count,exclamation_count,question_count,tilde_count,punctuation_ratio
[강남역 맛집] 한식 &quot;노랑저고리&quot;,맛집_리뷰,"한식 ""노랑저고리""는 가게 앞에서 잠깐 기다렸다. 메뉴는 금방 정했고 맛은 평범한데 묘하게 계속 먹게 됨. 다음에 지나가면 또 생각날 수도. 기대치를 낮추고 가면 무난한 정도. 사람이 좀 있어서 조용한 느낌은 아니었음.",한식 노랑저고리 는 가게 앞에서 잠깐 기다렸다. 메뉴는 금방 정했고 맛은 평범한데 묘하게 계속 먹게 됨. 다음에 지나가면 또 생각날 수도. 기대치를 낮추고 가면 무난한 정도. 사람이 좀 있어서 조용한 느낌은 아니었음.,1,AI_v2,90,121,5,18.0,3.286335345030997,49,22,9,4,0,8,0.4489795918367347,0.1836734693877551,0.08163265306122448,0.0,0.16326530612244897,0.24444444444444444,0.08888888888888889,0,0,5,0,0,0,0.05555555555555555
"2021 연말정산 기간과 소득 공제 항목 총정리! 월세, 카드... ",전문_정보,연말정산은 별일 아닌 듯해도 막상 겪어보니 나름 의미가 있었어요. 작은 변화였지만 하루 분위기가 달라져서 기분 좋게 마무리했답니다. 기대보다 편하게 즐길 수 있어서 만족스러운 시간이었답니다. 짧게 들렀지만 생각보다 알차게 시간을 보냈어요. 전체적으로 무난하면서도 기분 좋게 마무리할 수 있었어요.,연말정산은 별일 아닌 듯해도 막상 겪어보니 나름 의미가 있었어요. 작은 변화였지만 하루 분위기가 달라져서 기분 좋게 마무리했답니다. 기대보다 편하게 즐길 수 있어서 만족스러운 시간이었답니다. 짧게 들렀지만 생각보다 알차게 시간을 보냈어요. 전체적으로 무난하면서도 기분 좋게 마무리할 수 있었어요.,1,AI_v1,129,165,5,25.8,2.7856776554368237,57,21,12,11,0,7,0.3684210526315789,0.21052631578947367,0.19298245614035087,0.0,0.12280701754385964,0.16279069767441862,0.05426356589147287,2,0,5,0,0,0,0.03875968992248062
"강남역 맛집 바비레드 BOBIRED, 데이트코스로 강추!",맛집_리뷰,맛있게뜨아 츄르르르 #강남역맛집 #바비레드 #bobired #리코타치즈샐러드 #파스타 맛은 말모 #말해모해 #맛집 #강남역 강남역 맛집으로 바비레드 강력크 추천!! 여러분~~ 빅뉴스!!!!! 2019년 10월18일... ,맛있게뜨아 츄르르르 맛은 말모 강남역 맛집으로 바비레드 강력크 추천! 여러분~ 빅뉴스! 2019년 10월18일.,0,Human,50,62,3,16.666666666666668,9.568466729604882,23,11,2,1,0,2,0.4782608695652174,0.08695652173913043,0.043478260869565216,0.0,0.08695652173913043,0.22,0.04,0,0,1,2,0,1,0.08
"연말정산 소득공제, 2020년 변경된 내용 (신용카드,현금영수증)",전문_정보,연말정산 소득공제도 마찬가지로 직장인들에게는 13월의 월급이라는 말이 있습니다. 국세청에서 1년 동안 근로자의 급여에서 원천징수한 근로소득세를 연말이 되면 다시 계산해서 세액을 정산하는데 이때... ,연말정산 소득공제도 마찬가지로 직장인들에게는 13월의 월급이라는 말이 있습니다. 국세청에서 1년 동안 근로자의 급여에서 원천징수한 근로소득세를 연말이 되면 다시 계산해서 세액을 정산하는데 이때.,0,Human,87,108,2,43.5,6.5,44,19,3,1,0,12,0.4318181818181818,0.06818181818181818,0.022727272727272728,0.0,0.2727272727272727,0.21839080459770116,0.13793103448275862,0,0,2,0,0,0,0.022988505747126436
강남역맛집 / 낙원타코아니죠... 타코맛집 / 플래터 / 스텔라,맛집_리뷰,#강남역맛집 #낙원타코 #감성타코 #타코맛집 1월 생일자 친구들의 생일을 축하하고. 2019년을 보내고. 2020년을 반기는 자리. 강남역 만남 급성사 ㅋㅋ 추운데 정말 많은 사람들이 강남에 모여있었다. 우리는... ,1월 생일자 친구들의 생일을 축하하고. 2019년을 보내고. 2020년을 반기는 자리. 강남역 만남 급성사 추운데 정말 많은 사람들이 강남에 모여있었다. 우리는.,0,Human,71,90,5,14.2,8.059776671843954,37,13,4,1,0,6,0.35135135135135137,0.10810810810810811,0.02702702702702703,0.0,0.16216216216216217,0.18309859154929578,0.08450704225352113,0,0,5,0,0,0,0.07042253521126761
2019년 9월,맛집_리뷰,9월 먹어봄. 맛은 괜찮았고 특별히 불편한 건 없었다. 가게가 조금 북적여서 오래 앉아있긴 애매했고 그냥 식사하고 나오기 좋음. 딱히 특별하진 않은데 기억은 남는 편이다. 사람이 좀 있어서 조용한 느낌은 아니었음.,9월 먹어봄. 맛은 괜찮았고 특별히 불편한 건 없었다. 가게가 조금 북적여서 오래 앉아있긴 애매했고 그냥 식사하고 나오기 좋음. 딱히 특별하진 않은데 기억은 남는 편이다. 사람이 좀 있어서 조용한 느낌은 아니었음.,1,AI_v2,90,119,5,18.0,7.92464510246358,44,13,5,11,1,8,0.29545454545454547,0.11363636363636363,0.25,0.022727272727272728,0.18181818181818182,0.14444444444444443,0.08888888888888889,0,0,5,0,0,0,0.05555555555555555
"아이폰12pro max,11pro 케이스는 역시 슈피겐이지... ",상품_리뷰,"진짜, 이 시국에 아이폰12pro 케이스를 포스팅해야 하는데 11프로맥스 케이스를 포스팅하고 있다니... 칼러스와 함께하는 사진여행 Copyright ⓒ karl's photography. All rights reserved. 내돈내산 포스팅입니다.",진짜 이 시국에 아이폰12pro 케이스를 포스팅해야 하는데 11프로맥스 케이스를 포스팅하고 있다니. 칼러스와 함께하는 사진여행 Copyright karl s photography. All rights reserved. 내돈내산 포스팅입니다.,0,Human,112,134,4,28.0,13.946325680981353,43,16,3,2,1,5,0.37209302325581395,0.06976744186046512,0.046511627906976744,0.023255813953488372,0.11627906976744186,0.14285714285714285,0.044642857142857144,0,0,4,0,0,0,0.03571428571428571
"[비젠트로] 2020년 연말정산, ' 커진 혜택' 공제 항목 알아보기",전문_정보,연말정산 해봤다. 특별한 감상은 없고 그냥 해야 해서 한 느낌. 그래도 끝내고 나니 신경 쓰이던 게 하나 줄었다. 사람이 좀 있어서 조용한 느낌은 아니었음. 딱히 특별하진 않은데 기억은 남는 편이다. 사진은 몇 장 찍었는데 정리는 나중에 해야겠다.,연말정산 해봤다. 특별한 감상은 없고 그냥 해야 해서 한 느낌. 그래도 끝내고 나니 신경 쓰이던 게 하나 줄었다. 사람이 좀 있어서 조용한 느낌은 아니었음. 딱히 특별하진 않은데 기억은 남는 편이다. 사진은 몇 장 찍었는데 정리는 나중에 해야겠다.,1,AI_v2,102,138,6,17.0,4.123105625617661,51,18,11,7,1,8,0.35294117647058826,0.21568627450980393,0.13725490196078433,0.0196078431372549,0.1568627450980392,0.17647058823529413,0.0784313725490196,0,0,6,0,0,0,0.058823529411764705
신용카드 연말정산 소득공제 2020년 한시적 혜택? 눈 가리고... ,전문_정보,"이런 자영업자들의 생계를 지원하고자, 정부에서 한시적으로 2020년 3월 ~ 6월 기간 동안 신용카드 사용액에 대해 기존 신용카드 연말정산 소득공제 혜택을 두 배로 늘린다고 합니다. 저 역시 월급쟁이이고... ",이런 자영업자들의 생계를 지원하고자 정부에서 한시적으로 2020년 3월 ~ 6월 기간 동안 신용카드 사용액에 대해 기존 신용카드 연말정산 소득공제 혜택을 두 배로 늘린다고 합니다. 저 역시 월급쟁이이고.,0,Human,87,113,2,43.5,33.5,42,21,3,1,0,8,0.5,0.07142857142857142,0.023809523809523808,0.0,0.19047619047619047,0.2413793103448276,0.09195402298850575,0,0,2,0,0,1,0.034482758620689655
"강남역 맛집, 미소다이닝 세이로무시 추천.",맛집_리뷰,강남역은 가볍게 들른 곳인데 은근 기억에 남았어요. 메뉴가 깔끔하고 직원분들도 친절해서 편하게 먹고 왔습니다. 재방문 의사 있어요. 개인적으로는 너무 과하지 않은 점이 마음에 들었어요. 기대보다 편하게 즐길 수 있어서 만족스러운 시간이었답니다.,강남역은 가볍게 들른 곳인데 은근 기억에 남았어요. 메뉴가 깔끔하고 직원분들도 친절해서 편하게 먹고 왔습니다. 재방문 의사 있어요. 개인적으로는 너무 과하지 않은 점이 마음에 들었어요. 기대보다 편하게 즐길 수 있어서 만족스러운 시간이었답니다.,1,AI_v1,106,136,5,21.2,6.305553108173779,50,16,9,8,1,9,0.32,0.18,0.16,0.02,0.18,0.1509433962264151,0.08490566037735849,1,0,5,0,0,0,0.04716981132075472
2019년 9월,맛집_리뷰,9월은 가볍게 들른 곳인데 은근 기억에 남았어요. 메뉴가 깔끔하고 직원분들도 친절해서 편하게 먹고 왔습니다. 재방문 의사 있어요. 사진으로 남겨두기에도 괜찮아서 기억에 오래 남을 것 같아요. 개인적으로는 너무 과하지 않은 점이 마음에 들었어요.,9월은 가볍게 들른 곳인데 은근 기억에 남았어요. 메뉴가 깔끔하고 직원분들도 친절해서 편하게 먹고 왔습니다. 재방문 의사 있어요. 사진으로 남겨두기에도 괜찮아서 기억에 오래 남을 것 같아요. 개인적으로는 너무 과하지 않은 점이 마음에 들었어요.,1,AI_v1,105,136,5,21.0,6.29285308902091,54,17,8,7,2,11,0.3148148148148148,0.14814814814814814,0.12962962962962962,0.037037037037037035,0.2037037037037037,0.1619047619047619,0.10476190476190476,1,0,5,0,0,0,0.047619047619047616
&lt;강남역 맛집 두번 추천&gt;고에몬,맛집_리뷰,"같습니다 &lt;강남역 맛집 추천 고에몬&gt; 오예 미슐랭 2019년 맛집은 고에몬! 그래서 다시 가봤습니다 작년에 갔을 때는 웨이팅이 있었는데 이번에는 웨이팅 없이 바로 들어갔어요 캬베츠 멘치 5,900 레귤러세트... ",같습니다 강남역 맛집 추천 고에몬 오예 미슐랭 2019년 맛집은 고에몬! 그래서 다시 가봤습니다 작년에 갔을 때는 웨이팅이 있었는데 이번에는 웨이팅 없이 바로 들어갔어요 캬베츠 멘치 5 900 레귤러세트.,0,Human,87,114,2,43.5,12.5,37,20,3,2,2,5,0.5405405405405406,0.08108108108108109,0.05405405405405406,0.05405405405405406,0.13513513513513514,0.22988505747126436,0.05747126436781609,0,0,1,1,0,0,0.022988505747126436
20191110_강남_하루하루(#강남역맛집),맛집_리뷰,"건물 2층에 위치한 강남역맛집 '하루하루'. 매우 넓은 가게 내부. 보이는 것보다 더 많은 자리가 있음.... 건물내부 화장실 이용하고, 남녀분리에 깔끔함. 재방문의사: ●●●◐○ 갠춘한 강남맛집 발견!",건물 2층에 위치한 강남역맛집 하루하루 . 매우 넓은 가게 내부. 보이는 것보다 더 많은 자리가 있음. 건물내부 화장실 이용하고 남녀분리에 깔끔함. 재방문의사 갠춘한 강남맛집 발견!,0,Human,77,101,5,15.4,3.7202150475476548,43,25,2,4,0,6,0.5813953488372093,0.046511627906976744,0.09302325581395349,0.0,0.13953488372093023,0.3246753246753247,0.07792207792207792,0,0,4,1,0,0,0.06493506493506493
강남역 맛집- 쉑쉑버거 Shake Shack  아주 리얼후기,맛집_리뷰,근처에서 밥 먹을 곳 찾다가 강남역에 들렀어요. 맛이 자극적이지 않고 양도 적당해서 만족했답니다. 웨이팅만 조금 피하면 더 좋을 것 같아요. 기대보다 편하게 즐길 수 있어서 만족스러운 시간이었답니다. 사진으로 남겨두기에도 괜찮아서 기억에 오래 남을 것 같아요.,근처에서 밥 먹을 곳 찾다가 강남역에 들렀어요. 맛이 자극적이지 않고 양도 적당해서 만족했답니다. 웨이팅만 조금 피하면 더 좋을 것 같아요. 기대보다 편하게 즐길 수 있어서 만족스러운 시간이었답니다. 사진으로 남겨두기에도 괜찮아서 기억에 오래 남을 것 같아요.,1,AI_v1,111,145,5,22.2,3.4871191548325386,54,20,7,9,1,11,0.37037037037037035,0.12962962962962962,0.16666666666666666,0.018518518518518517,0.2037037037037037,0.18018018018018017,0.0990990990990991,4,0,5,0,0,0,0.04504504504504504
아이폰12 프로(iphone12 pro) 언박싱(내돈내산),상품_리뷰,혁신없는 아이폰은 더이상 구매를 안하고 오래 쓸려고 했는데...ㅠ.ㅠ... 중고폰으로 산 아이폰xs가 물이 들어가서 face id가 먹통이 되는 바람에 어쩔수 없이 '아이폰12 pro'를 구매할수밖에 없었습니다. 제가... ,혁신없는 아이폰은 더이상 구매를 안하고 오래 쓸려고 했는데. . . 중고폰으로 산 아이폰xs가 물이 들어가서 face id가 먹통이 되는 바람에 어쩔수 없이 아이폰12 pro 를 구매할수밖에 없었습니다. 제가.,0,Human,90,117,3,30.0,22.9830855679176,47,18,7,2,2,7,0.3829787234042553,0.14893617021276595,0.0425531914893617,0.0425531914893617,0.14893617021276595,0.2,0.07777777777777778,0,0,5,0,0,0,0.05555555555555555
[투뿔등심/강남역] #43 Ch. Pique-Segue Terre de Pique... ,맛집_리뷰,사실상 시작된 2019년 여름휴가 비행기편이 오전 일찍 출발이라 아무래도 전날은 다소 조신??하게... 공짜로 그닥 많지 않다는 거 자 다음에 또 #투뿔등심 #안심맛집 #강남역맛집 #콜키지프리 #코키지프리,사실상 시작된 2019년 여름휴가 비행기편이 오전 일찍 출발이라 아무래도 전날은 다소 조신?하게. 공짜로 그닥 많지 않다는 거 자 다음에 또,0,Human,59,78,3,19.666666666666668,15.253414918196734,31,18,3,1,1,4,0.5806451612903226,0.0967741935483871,0.03225806451612903,0.03225806451612903,0.12903225806451613,0.3050847457627119,0.06779661016949153,0,0,1,0,1,0,0.03389830508474576
2020년 연말정산용 의료비 세액공제 신청해 주세요,전문_정보,"2020년 바쁘고 조금 혼란스러운 한 해의 끝자락입니다. 보청기는 의료기기이고 의료비 세액 공제가 가능합니다. 판매자인 저는 다음 달 7일까지 연말정산간소화 자료를 제출하여야 하며, 의료비 세액 공제가... ",2020년 바쁘고 조금 혼란스러운 한 해의 끝자락입니다. 보청기는 의료기기이고 의료비 세액 공제가 가능합니다. 판매자인 저는 다음 달 7일까지 연말정산간소화 자료를 제출하여야 하며 의료비 세액 공제가.,0,Human,88,112,3,29.333333333333332,6.847546194724712,44,24,3,3,0,8,0.5454545454545454,0.06818181818181818,0.06818181818181818,0.0,0.18181818181818182,0.2727272727272727,0.09090909090909091,0,0,3,0,0,0,0.03409090909090909
강남 마녀의초대장  / 강남역 맛집/ 강남역 스테이크 / 강남... ,맛집_리뷰,강남에서 식사했는데 분위기가 너무 시끄럽지 않아 편했어요. 대표 메뉴가 깔끔했고 가격도 크게 부담스럽지 않아서 한 번쯤 가볼 만했답니다. 전체적으로 무난하면서도 기분 좋게 마무리할 수 있었어요. 개인적으로는 너무 과하지 않은 점이 마음에 들었어요.,강남에서 식사했는데 분위기가 너무 시끄럽지 않아 편했어요. 대표 메뉴가 깔끔했고 가격도 크게 부담스럽지 않아서 한 번쯤 가볼 만했답니다. 전체적으로 무난하면서도 기분 좋게 마무리할 수 있었어요. 개인적으로는 너무 과하지 않은 점이 마음에 들었어요.,1,AI_v1,107,138,4,26.75,3.766629793329841,53,19,11,5,2,9,0.3584905660377358,0.20754716981132076,0.09433962264150944,0.03773584905660377,0.16981132075471697,0.17757009345794392,0.08411214953271028,2,0,4,0,0,0,0.037383177570093455
[연말정산] 2020년 교육비 연말정산 세액공제 혜택... ,전문_정보,"오늘은 연말정산 교육비에 대해 짧게 남겨봅니다. 큰 기대 없이 시작했는데 생각보다 만족스러웠고, 다음에도 비슷하게 해보고 싶어요. 처음 가보는 분들도 크게 부담 없이 즐길 수 있을 것 같아요. 전체적으로 무난하면서도 기분 좋게 마무리할 수 있었어요.",오늘은 연말정산 교육비에 대해 짧게 남겨봅니다. 큰 기대 없이 시작했는데 생각보다 만족스러웠고 다음에도 비슷하게 해보고 싶어요. 처음 가보는 분들도 크게 부담 없이 즐길 수 있을 것 같아요. 전체적으로 무난하면서도 기분 좋게 마무리할 수 있었어요.,1,AI_v1,105,138,4,26.25,5.261891294962297,50,19,10,7,2,6,0.38,0.2,0.14,0.04,0.12,0.18095238095238095,0.05714285714285714,1,0,4,0,0,0,0.0380952380952381
2020년 연말정산 소득공제 개정세법 총정리,전문_정보,"2억원 초과 (1억원 초과) 300만원 (700만원) 마무리 ▶2020년부터 개정된 연말정산 공제사항 변경세법만 알려드렸습니다. 어떠신가요? 내가 지금 포함되고, 혜택 받을 수 있는 개정법안이 있으신가요? 올해... ",2억원 초과 1억원 초과 300만원 700만원 마무리 2020년부터 개정된 연말정산 공제사항 변경세법만 알려드렸습니다. 어떠신가요? 내가 지금 포함되고 혜택 받을 수 있는 개정법안이 있으신가요? 올해.,0,Human,89,112,4,22.25,20.351596988934308,40,19,5,3,0,3,0.475,0.125,0.075,0.0,0.075,0.21348314606741572,0.033707865168539325,0,0,2,0,2,0,0.0449438202247191
Casetify 케이스티파이 아이폰11pro 폰케이스 20% 할인코드... ,상품_리뷰,느낌있어요 ;) #한예슬아이폰케이스 PP-0008 로 담아볼게요. 팬그램 팬그램 PP-0008 이 디자인은 배경을... 0 케이스티파이 바로가기 #내돈내산 #케이스티파이 #팬그램후기 #팬그램서울 #casetify #BTS 콜라보... ,느낌있어요 PP 0008 로 담아볼게요. 팬그램 팬그램 PP 0008 이 디자인은 배경을. 0 케이스티파이 바로가기 콜라보.,0,Human,54,69,3,18.0,2.449489742783178,24,11,3,0,0,2,0.4583333333333333,0.125,0.0,0.0,0.08333333333333333,0.2037037037037037,0.037037037037037035,0,0,3,0,0,0,0.05555555555555555
"아이폰 11 Pro 케이스, 이 세상 예쁨이 아니잖아? 내돈내산... ",상품_리뷰,"아이폰은 가볍게 써보기 좋은 제품이었어요. 기대를 너무 크게 하지 않으면 만족도가 높고, 실사용 기준으로는 꽤 괜찮게 느껴졌답니다. 기대보다 편하게 즐길 수 있어서 만족스러운 시간이었답니다. 개인적으로는 너무 과하지 않은 점이 마음에 들었어요.",아이폰은 가볍게 써보기 좋은 제품이었어요. 기대를 너무 크게 하지 않으면 만족도가 높고 실사용 기준으로는 꽤 괜찮게 느껴졌답니다. 기대보다 편하게 즐길 수 있어서 만족스러운 시간이었답니다. 개인적으로는 너무 과하지 않은 점이 마음에 들었어요.,1,AI_v1,105,135,4,26.25,6.684870978560469,49,17,10,7,2,8,0.3469387755102041,0.20408163265306123,0.14285714285714285,0.04081632653061224,0.16326530612244897,0.1619047619047619,0.0761904761904762,2,0,4,0,0,0,0.0380952380952381
[내돈내산][쿠팡 애플 브랜드 위크] 아이폰11 공기계 퍼플... ,상품_리뷰,며칠 동안 내돈내산을 써봤는데 생각보다 손이 자주 가더라고요. 사용법도 어렵지 않고 마감도 괜찮아서 전체적으로 만족했어요. 사진으로 남겨두기에도 괜찮아서 기억에 오래 남을 것 같아요. 다음에는 조금 더 여유 있게 다시 가보고 싶어요.,며칠 동안 내돈내산을 써봤는데 생각보다 손이 자주 가더라고요. 사용법도 어렵지 않고 마감도 괜찮아서 전체적으로 만족했어요. 사진으로 남겨두기에도 괜찮아서 기억에 오래 남을 것 같아요. 다음에는 조금 더 여유 있게 다시 가보고 싶어요.,1,AI_v1,100,130,4,25.0,2.9154759474226504,52,21,7,6,1,10,0.40384615384615385,0.1346153846153846,0.11538461538461539,0.019230769230769232,0.19230769230769232,0.21,0.1,3,0,4,0,0,0,0.04
북포유 아이폰11 유화케이스 내돈내산리뷰,상품_리뷰,들판 아이폰11 케이스 유화케이스라고 해서 바로 보고 너무 이쁘다는 생각에 장바구니에 꼭꼭 담아주고... 아이폰을 얼마나 비싸게 주고 삿는데 이번에 아직 할부도 안끝낫어요 끝나지 않는 티엠아이... ,들판 아이폰11 케이스 유화케이스라고 해서 바로 보고 너무 이쁘다는 생각에 장바구니에 꼭꼭 담아주고. 아이폰을 얼마나 비싸게 주고 삿는데 이번에 아직 할부도 안끝낫어요 끝나지 않는 티엠아이.,0,Human,82,106,2,41.0,3.0,37,18,6,2,2,6,0.4864864864864865,0.16216216216216217,0.05405405405405406,0.05405405405405406,0.16216216216216217,0.21951219512195122,0.07317073170731707,0,0,2,0,0,0,0.024390243902439025
[강남역 맛집]&quot;스테이터 강남역점&quot; / 가성비 좋은... ,맛집_리뷰,ㅋㅋㅋ 그런데 오늘은 넘나리 맛있어서 다 먹어치운게 아닌가 싶네요~~ 강남역 맛집 확인!!&gt;.&lt; 저희가... ㅎㅎ 강남역 약속인데 스테이크가 땡기면 강남역 스테이크 맛집&amp;저렴한 집이기도 한 스테이터... ,그런데 오늘은 넘나리 맛있어서 다 먹어치운게 아닌가 싶네요~ 강남역 맛집 확인! . 저희가. 강남역 약속인데 스테이크가 땡기면 강남역 스테이크 맛집 저렴한 집이기도 한 스테이터.,0,Human,76,99,3,25.333333333333332,14.89966442575134,34,14,5,3,1,5,0.4117647058823529,0.14705882352941177,0.08823529411764706,0.029411764705882353,0.14705882352941177,0.18421052631578946,0.06578947368421052,0,0,3,1,0,1,0.06578947368421052
프로 맥스 실버 개봉기 아이폰 11프로 비교 내돈내산 실 사용기,상품_리뷰,#아이폰12프로맥스 #아이폰12프로맥스실버 #아이폰프로맥스개봉기 #내돈내산 안녕하세요!! 다들 주말 잘 보내셨나요? 오늘은 기다리고 기다리던 아이폰 12 프로 맥스 실버 개봉기와 실 사용기! 그리고 아이폰 12... ,안녕하세요! 다들 주말 잘 보내셨나요? 오늘은 기다리고 기다리던 아이폰 12 프로 맥스 실버 개봉기와 실 사용기! 그리고 아이폰 12.,0,Human,57,75,4,14.25,9.832980219648569,27,11,5,1,1,1,0.4074074074074074,0.18518518518518517,0.037037037037037035,0.037037037037037035,0.037037037037037035,0.19298245614035087,0.017543859649122806,0,0,1,2,1,0,0.07017543859649122
"내돈내산 , 부산 초량 ㅂㄱㅂㄷㅅ 근처 성지에서 아이폰 11... ",상품_리뷰,급하게 잡은 일정이었지만 내돈내산 부산에서 꽤 만족스러운 시간을 보냈어요. 복잡하지 않고 둘러볼 곳도 있어서 하루 코스로 괜찮았답니다. 처음 가보는 분들도 크게 부담 없이 즐길 수 있을 것 같아요. 사진으로 남겨두기에도 괜찮아서 기억에 오래 남을 것 같아요.,급하게 잡은 일정이었지만 내돈내산 부산에서 꽤 만족스러운 시간을 보냈어요. 복잡하지 않고 둘러볼 곳도 있어서 하루 코스로 괜찮았답니다. 처음 가보는 분들도 크게 부담 없이 즐길 수 있을 것 같아요. 사진으로 남겨두기에도 괜찮아서 기억에 오래 남을 것 같아요.,1,AI_v1,109,144,4,27.25,3.418698582794336,54,20,8,9,2,8,0.37037037037037035,0.14814814814814814,0.16666666666666666,0.037037037037037035,0.14814814814814814,0.1834862385321101,0.07339449541284404,3,0,4,0,0,0,0.03669724770642202
2020년 연말정산 월세액 세액공제,전문_정보,#월세액세액공제 #연말정산월세 #연말정산 #연말정산환급 #연말정산간소화 #연말정산꿀팁... (월세계약서상 계약자가 본인 또는 본인의 기본공제대상자) (2) 연말 현재 세대주 연말 현재 세대주는 공제 가능... ,월세계약서상 계약자가 본인 또는 본인의 기본공제대상자 2 연말 현재 세대주 연말 현재 세대주는 공제 가능.,0,Human,45,59,1,45.0,0.0,26,14,0,0,1,3,0.5384615384615384,0.0,0.0,0.038461538461538464,0.11538461538461539,0.3111111111111111,0.06666666666666667,0,0,1,0,0,0,0.022222222222222223
아이폰11 악세사리 | earp earp (어프어프) 폰케이스... ,상품_리뷰,쿠팡 아이폰8을 사용하다 11을 쓰니 너무 무거워서 그립톡을 구매하려다가 폰을 주머니에 넣거나 할 때... 두 제품 다 내돈내산이지만 파트너스 활동을 통해 일정액의 수수료를 제공받을 수 있음,쿠팡 아이폰8을 사용하다 11을 쓰니 너무 무거워서 그립톡을 구매하려다가 폰을 주머니에 넣거나 할 때. 두 제품 다 내돈내산이지만 파트너스 활동을 통해 일정액의 수수료를 제공받을 수 있음,0,Human,79,104,2,39.5,4.0,47,21,7,1,2,10,0.44680851063829785,0.14893617021276595,0.02127659574468085,0.0425531914893617,0.2127659574468085,0.26582278481012656,0.12658227848101267,0,0,1,0,0,0,0.012658227848101266
"2020년 출산휴가, 육아휴직급여 연말정산 모든것(feat.... ",전문_정보,"2019년 연말정산에서는 총급여 7천만원 이하자의 산후조리원 비용을 200만원 세액공제해주었는데요 출산장려 정책과 비슷한 맥락이라 없어지진 않을 듯한데, 추후에 2020년 연말정산 가이드가 나오면 꼭... ",2019년 연말정산에서는 총급여 7천만원 이하자의 산후조리원 비용을 200만원 세액공제해주었는데요 출산장려 정책과 비슷한 맥락이라 없어지진 않을 듯한데 추후에 2020년 연말정산 가이드가 나오면 꼭.,0,Human,90,111,1,90.0,0.0,37,17,4,1,0,7,0.4594594594594595,0.10810810810810811,0.02702702702702703,0.0,0.1891891891891892,0.18888888888888888,0.07777777777777778,0,0,1,0,0,0,0.011111111111111112
[내돈내산] 아이폰 11 PRO MAX 케이스 구매 후기 - 다온누리... ,상품_리뷰,"아이폰 8 PRO, 11 PRO MAX 사이즈가 워낙 길어서 맞는 거치대 찾기가 어려운 편인데 이건 제법 길이도 있어서 좋네유. 본품은 그린으로 구매했어유. 일단 구매해서 사용해보고 갠츈하면 몇개 더 쟁여... ",아이폰 8 PRO 11 PRO MAX 사이즈가 워낙 길어서 맞는 거치대 찾기가 어려운 편인데 이건 제법 길이도 있어서 좋네유. 본품은 그린으로 구매했어유. 일단 구매해서 사용해보고 갠츈하면 몇개 더 쟁여.,0,Human,86,114,3,28.666666666666668,16.81930108205715,48,21,5,3,0,8,0.4375,0.10416666666666667,0.0625,0.0,0.16666666666666666,0.2441860465116279,0.09302325581395349,0,0,3,0,0,0,0.03488372093023256
[서울/강남역맛집] 갬성있는 서울여자와 함께  &quot;감성타코 강남... ,맛집_리뷰,서울 강남역맛집은 가볍게 들른 곳인데 은근 기억에 남았어요. 메뉴가 깔끔하고 직원분들도 친절해서 편하게 먹고 왔습니다. 재방문 의사 있어요. 사진으로 남겨두기에도 괜찮아서 기억에 오래 남을 것 같아요. 다음에는 조금 더 여유 있게 다시 가보고 싶어요.,서울 강남역맛집은 가볍게 들른 곳인데 은근 기억에 남았어요. 메뉴가 깔끔하고 직원분들도 친절해서 편하게 먹고 왔습니다. 재방문 의사 있어요. 사진으로 남겨두기에도 괜찮아서 기억에 오래 남을 것 같아요. 다음에는 조금 더 여유 있게 다시 가보고 싶어요.,1,AI_v1,107,140,5,21.4,6.6211781428987395,53,21,7,8,1,10,0.39622641509433965,0.1320754716981132,0.1509433962264151,0.018867924528301886,0.18867924528301888,0.19626168224299065,0.09345794392523364,1,0,5,0,0,0,0.04672897196261682
"강남역맛집, 마녀주방 피자와브리또 솔직후기!",맛집_리뷰,"강남역맛집 다녀왔는데 생각보다 분위기가 편해서 좋았어요. 음식도 깔끔하게 나와서 부담 없이 먹기 괜찮았고, 다음에 근처 가면 또 들러보고 싶더라고요. 기대보다 편하게 즐길 수 있어서 만족스러운 시간이었답니다.",강남역맛집 다녀왔는데 생각보다 분위기가 편해서 좋았어요. 음식도 깔끔하게 나와서 부담 없이 먹기 괜찮았고 다음에 근처 가면 또 들러보고 싶더라고요. 기대보다 편하게 즐길 수 있어서 만족스러운 시간이었답니다.,1,AI_v1,90,115,3,30.0,5.656854249492381,37,15,6,7,1,5,0.40540540540540543,0.16216216216216217,0.1891891891891892,0.02702702702702703,0.13513513513513514,0.16666666666666666,0.05555555555555555,2,0,3,0,0,0,0.03333333333333333
아이폰11pro vs 아이폰 12pro 비교,상품_리뷰,"아이폰11pro 후기 남겨보면, 처음엔 반신반의했지만 써볼수록 편한 점이 많았어요. 아쉬운 부분도 있지만 재구매를 고민할 정도는 됩니다. 전체적으로 무난하면서도 기분 좋게 마무리할 수 있었어요. 짧게 들렀지만 생각보다 알차게 시간을 보냈어요.",아이폰11pro 후기 남겨보면 처음엔 반신반의했지만 써볼수록 편한 점이 많았어요. 아쉬운 부분도 있지만 재구매를 고민할 정도는 됩니다. 전체적으로 무난하면서도 기분 좋게 마무리할 수 있었어요. 짧게 들렀지만 생각보다 알차게 시간을 보냈어요.,1,AI_v1,106,134,4,26.5,6.224949798994366,51,17,11,8,0,8,0.3333333333333333,0.21568627450980393,0.1568627450980392,0.0,0.1568627450980392,0.16037735849056603,0.07547169811320754,0,0,4,0,0,0,0.03773584905660377
[내돈내산] 쿠팡에서 핸드폰 사도 될까? | 아이폰 11PRO 256기가... ,상품_리뷰,진짜 내돈내산 인증하고 시작합니다 나의 낡고 지친 아이폰7... 한 4년 썼더니 배터리도 너무 빨리 닳고... 느끼는 11과 11프로의 가장 큰 차이는 망원렌즈 유무라고 볼 수 있을 것 같은데 망원렌즈.. 있어도 잘... ,진짜 내돈내산 인증하고 시작합니다 나의 낡고 지친 아이폰7. 한 4년 썼더니 배터리도 너무 빨리 닳고. 느끼는 11과 11프로의 가장 큰 차이는 망원렌즈 유무라고 볼 수 있을 것 같은데 망원렌즈. 있어도 잘.,0,Human,86,116,4,21.5,12.093386622447824,47,17,9,4,2,5,0.3617021276595745,0.19148936170212766,0.0851063829787234,0.0425531914893617,0.10638297872340426,0.19767441860465115,0.05813953488372093,0,0,4,0,0,0,0.046511627906976744
연말정산 의료비 공제에서 실비보험 제외(실손의료보험금 자료... ,전문_정보,오늘 동생이 대구로 돌아가기 전 저에게 어마어마한 사실을 알려주고 갔어요 글쎄 2020년 1월 연말정산부터 의료비 공제에 실비보험 환급금이 공제되지않는다는 거에요!! 사실 원래부터 안됐어요~ 하지만... ,오늘 동생이 대구로 돌아가기 전 저에게 어마어마한 사실을 알려주고 갔어요 글쎄 2020년 1월 연말정산부터 의료비 공제에 실비보험 환급금이 공제되지않는다는 거에요! 사실 원래부터 안됐어요~ 하지만.,0,Human,87,110,2,43.5,28.5,41,18,6,1,0,9,0.43902439024390244,0.14634146341463414,0.024390243902439025,0.0,0.21951219512195122,0.20689655172413793,0.10344827586206896,0,0,1,1,0,1,0.034482758620689655
2020년 연말정산 신용카드 소득공제 무엇이 달라졌을까?,전문_정보,"[연말정산 소득공제 최대로 땡겨가는 꿀팁!] 2020년 연말정산 신용카드 소득공제 달라진 점 소득 공제율 변화 기본적으로 카드 사용금액으로 인한 소득공제는 신용카드 이용의 경우 15%, 체크카드... ",2020년 연말정산 신용카드 소득공제 달라진 점 소득 공제율 변화 기본적으로 카드 사용금액으로 인한 소득공제는 신용카드 이용의 경우 15 체크카드.,0,Human,64,82,1,64.0,0.0,27,17,1,1,0,4,0.6296296296296297,0.037037037037037035,0.037037037037037035,0.0,0.14814814814814814,0.265625,0.0625,0,0,1,0,0,0,0.015625
신분당선 강남역 맛집 장서는날 푸짐한 안주로 한 끼 식사하기... ,맛집_리뷰,2020년 1월이 정말 순식간에 사라져버린 거 같아요 2019년 연말에 못 본 사람들은 급하게 신년모임으로... 최애 맛집이자 술집! 신분당선 강남역 맛집으로 불리는 장서는날에서 같이 모였는데요~ 이번에 함께... ,2020년 1월이 정말 순식간에 사라져버린 거 같아요 2019년 연말에 못 본 사람들은 급하게 신년모임으로. 최애 맛집이자 술집! 신분당선 강남역 맛집으로 불리는 장서는날에서 같이 모였는데요~ 이번에 함께.,0,Human,90,115,3,30.0,15.769168230019828,44,18,5,2,2,8,0.4090909090909091,0.11363636363636363,0.045454545454545456,0.045454545454545456,0.18181818181818182,0.2,0.08888888888888889,1,0,2,1,0,1,0.044444444444444446
아이폰11프로케이스 추천 : 케이스티파이 Pangram... ,상품_리뷰,같아요 11pro mirror selfie #내돈내산 #아이폰11프로케이스 #아이폰11프로 #아이폰11프로폰케이스 #케이스티파이 #casetify #폰케이스쇼핑몰 #연예인폰케이스 #팬그램팬그램 #pangrampangram #네온샌드케이스... ,같아요 11pro mirror selfie,0,Human,20,23,1,20.0,0.0,5,0,0,1,0,0,0.0,0.0,0.2,0.0,0.0,0.0,0.0,1,0,0,0,0,0,0.0
"강남역 맛집 바비레드 BOBIRED, 데이트코스로 강추!",맛집_리뷰,근처에서 밥 먹을 곳 찾다가 강남역에 들렀어요. 맛이 자극적이지 않고 양도 적당해서 만족했답니다. 웨이팅만 조금 피하면 더 좋을 것 같아요. 전체적으로 무난하면서도 기분 좋게 마무리할 수 있었어요. 짧게 들렀지만 생각보다 알차게 시간을 보냈어요.,근처에서 밥 먹을 곳 찾다가 강남역에 들렀어요. 맛이 자극적이지 않고 양도 적당해서 만족했답니다. 웨이팅만 조금 피하면 더 좋을 것 같아요. 전체적으로 무난하면서도 기분 좋게 마무리할 수 있었어요. 짧게 들렀지만 생각보다 알차게 시간을 보냈어요.,1,AI_v1,105,137,5,21.0,2.6076809620810595,51,19,8,8,0,9,0.37254901960784315,0.1568627450980392,0.1568627450980392,0.0,0.17647058823529413,0.18095238095238095,0.08571428571428572,2,0,5,0,0,0,0.047619047619047616
강남 마녀의초대장  / 강남역 맛집/ 강남역 스테이크 / 강남... ,맛집_리뷰,"강남은 위치가 편해서 들렀다. 주문하고 기다리는 시간은 보통, 맛은 익숙한 느낌이었다. 조용한 식사보단 가볍게 먹는 쪽에 가까움. 딱히 특별하진 않은데 기억은 남는 편이다. 엄청난 건 아니고 그냥 기록용. 사진은 몇 장 찍었는데 정리는 나중에 해야겠다.",강남은 위치가 편해서 들렀다. 주문하고 기다리는 시간은 보통 맛은 익숙한 느낌이었다. 조용한 식사보단 가볍게 먹는 쪽에 가까움. 딱히 특별하진 않은데 기억은 남는 편이다. 엄청난 건 아니고 그냥 기록용. 사진은 몇 장 찍었는데 정리는 나중에 해야겠다.,1,AI_v2,106,140,6,17.666666666666668,3.858612300930075,55,20,8,9,0,12,0.36363636363636365,0.14545454545454545,0.16363636363636364,0.0,0.21818181818181817,0.18867924528301888,0.11320754716981132,0,0,6,0,0,0,0.05660377358490566
라그릴리아 봄메뉴 / 라그릴리아 메뉴판 / 강남역 맛집,맛집_리뷰,"강남역에 있는 SPC브랜드 총집합소에 다녀왔다! 라그릴리아, 그릭슈바인, 비스트로바, 베라피자 등등이... 2019년 4월 기준 라그릴리아 메뉴 라그릴리아 봄신메뉴 &amp; 기존 런치세트 등이 있었다. (메뉴 사진이... ",강남역에 있는 SPC브랜드 총집합소에 다녀왔다! 라그릴리아 그릭슈바인 비스트로바 베라피자 등등이. 2019년 4월 기준 라그릴리아 메뉴 라그릴리아 봄신메뉴 기존 런치세트 등이 있었다. 메뉴 사진이.,0,Human,88,110,4,22.0,10.977249200050075,48,25,2,2,0,11,0.5208333333333334,0.041666666666666664,0.041666666666666664,0.0,0.22916666666666666,0.2840909090909091,0.125,0,0,3,1,0,0,0.045454545454545456
iPhone 11 Pro 아이폰 11 pro (Feat 내돈내산 후기),상품_리뷰,iPhone는 처음엔 애매했는데 쓰다 보니 괜찮은 쪽으로 기울었다. 다만 설명이 조금 부족해서 처음 세팅할 때는 헤맸음. 이런 곳도 있었네 싶었다. 이런 곳도 있었네 싶었다. 시간 맞으면 한 번쯤 들를만함. 그냥 기록용으로 남겨두면 나중에 다시 보기 괜찮을 듯.,iPhone는 처음엔 애매했는데 쓰다 보니 괜찮은 쪽으로 기울었다. 다만 설명이 조금 부족해서 처음 세팅할 때는 헤맸음. 이런 곳도 있었네 싶었다. 이런 곳도 있었네 싶었다. 시간 맞으면 한 번쯤 들를만함. 그냥 기록용으로 남겨두면 나중에 다시 보기 괜찮을 듯.,1,AI_v2,110,146,6,18.333333333333332,7.156970184527963,54,20,12,8,0,6,0.37037037037037035,0.2222222222222222,0.14814814814814814,0.0,0.1111111111111111,0.18181818181818182,0.05454545454545454,0,0,6,0,0,0,0.05454545454545454
내돈내산 / 아이폰11 프로 미국 직구 후기,상품_리뷰,"세 모델 중 11프로가 화면 사이즈가 가장 작으며, 작다고 해도 8보다 크다. 아이폰을 주머니에 넣고 다니는 내 라이프 스타일에는 생각할 것도 없이 작은게 좋다. 그리고 셧터음 무음을 위해 직구 결정. (왜... ",세 모델 중 11프로가 화면 사이즈가 가장 작으며 작다고 해도 8보다 크다. 아이폰을 주머니에 넣고 다니는 내 라이프 스타일에는 생각할 것도 없이 작은게 좋다. 그리고 셧터음 무음을 위해 직구 결정. 왜.,0,Human,84,114,4,21.0,13.057564857200596,45,21,5,4,1,7,0.4666666666666667,0.1111111111111111,0.08888888888888889,0.022222222222222223,0.15555555555555556,0.25,0.08333333333333333,0,0,4,0,0,0,0.047619047619047616
아이폰11(광주 봉이모바일) 내돈내산 구매후기!,상품_리뷰,아이폰11 내돈내산은 처음엔 애매했는데 쓰다 보니 괜찮은 쪽으로 기울었다. 다만 설명이 조금 부족해서 처음 세팅할 때는 헤맸음. 급하게 정한 일정치고는 나쁘지 않았다. 엄청난 건 아니고 그냥 기록용. 시간 맞으면 한 번쯤 들를만함.,아이폰11 내돈내산은 처음엔 애매했는데 쓰다 보니 괜찮은 쪽으로 기울었다. 다만 설명이 조금 부족해서 처음 세팅할 때는 헤맸음. 급하게 정한 일정치고는 나쁘지 않았다. 엄청난 건 아니고 그냥 기록용. 시간 맞으면 한 번쯤 들를만함.,1,AI_v2,98,129,5,19.6,7.472616676907761,51,20,8,7,0,7,0.39215686274509803,0.1568627450980392,0.13725490196078433,0.0,0.13725490196078433,0.20408163265306123,0.07142857142857142,0,0,5,0,0,0,0.05102040816326531
애플워치 5세대 언박싱 아이폰11 연동 방법,상품_리뷰,오늘은 내돈내산 애플워치 5세대 언박싱 리뷰로 이야기를 준비했습니다. 2019년 하반기 출시 된... 연동의 경우 애플워치 전원을 ON 시켜주시면 근처에 있는 아이폰으로 바로 연동이 됩니다. 참고로 아이폰의... ,오늘은 내돈내산 애플워치 5세대 언박싱 리뷰로 이야기를 준비했습니다. 2019년 하반기 출시 된. 연동의 경우 애플워치 전원을 ON 시켜주시면 근처에 있는 아이폰으로 바로 연동이 됩니다. 참고로 아이폰의.,0,Human,89,114,4,22.25,12.577261228105266,47,23,4,1,0,10,0.48936170212765956,0.0851063829787234,0.02127659574468085,0.0,0.2127659574468085,0.25842696629213485,0.11235955056179775,0,0,4,0,0,0,0.0449438202247191
아이폰11pro - 내돈내산 액정필름/강화유리 추천!!2일동안... ,상품_리뷰,후기 다 읽어보고 ㅋㅋㅋ 2일동안 고민하다 샀어요 ㅋㅋㅋ 광고 후기만 가득한 블로그후기들 그래서 오늘 저는 #내돈내산 후기를 적어봅니다!! 이전에 아이폰SE였는데 그때는 오래된 기종이라 액정강화유리 젤... ,후기 다 읽어보고 2일동안 고민하다 샀어요 광고 후기만 가득한 블로그후기들 그래서 오늘 저는 후기를 적어봅니다! 이전에 아이폰SE였는데 그때는 오래된 기종이라 액정강화유리 젤.,0,Human,77,98,2,38.5,9.5,40,17,6,2,2,6,0.425,0.15,0.05,0.05,0.15,0.22077922077922077,0.07792207792207792,0,0,1,1,0,0,0.025974025974025976
강남역 맛집 이딸라시안 여길 왜 이제갔지!?,맛집_리뷰,"강남역 맛집 이딸라시안 강남역 11번출구로 나와 cgv골목 위로 쭉 올라오다보며 왼 편에 있어요 사실 이 골목 진짜 많이 왔었는데ㅋㅋㅋㅋ 카페며, 맛집이며 이 골목에서만 무려 4군데나 갔더라구요 이번에... ",강남역 맛집 이딸라시안 강남역 11번출구로 나와 cgv골목 위로 쭉 올라오다보며 왼 편에 있어요 사실 이 골목 진짜 많이 왔었는데 카페며 맛집이며 이 골목에서만 무려 4군데나 갔더라구요 이번에.,0,Human,82,108,1,82.0,0.0,42,23,5,1,1,7,0.5476190476190477,0.11904761904761904,0.023809523809523808,0.023809523809523808,0.16666666666666666,0.2804878048780488,0.08536585365853659,0,0,1,0,0,0,0.012195121951219513
[강남역 맛집] 모두가 좋아할 곳!,맛집_리뷰,2019년 3월 29일 금요일 1번 강남역 맛집 이딸라시안♬ 친구회사가 강남역이라 강남에서 맛집을 많이 찾으러다니는데 저번부터 회사사람들이랑 자주 가는곳이라고 나에게 같이 가자고 했당 강남은 꽤 멀긴하지만... ,2019년 3월 29일 금요일 1번 강남역 맛집 이딸라시안 친구회사가 강남역이라 강남에서 맛집을 많이 찾으러다니는데 저번부터 회사사람들이랑 자주 가는곳이라고 나에게 같이 가자고 했당 강남은 꽤 멀긴하지만.,0,Human,90,114,1,90.0,0.0,44,19,5,1,2,9,0.4318181818181818,0.11363636363636363,0.022727272727272728,0.045454545454545456,0.20454545454545456,0.2111111111111111,0.1,0,0,1,0,0,0,0.011111111111111112
내돈내산 아이폰 12ProMax 새벽배송 후기,상품_리뷰,+_+ 11/20 AM 12:56 배송완료! 되었다는 카톡을 새벽에 봤어요 ㅠㅠ 어제 몸이 안좋아서 약먹고 약기운에... ㅜㅜ 앞면은 실버라고 느껴지지 않네요 ㅋㅋㅋㅋ 다 같은 아이폰 느낌 ㅋ #내돈내산 화면 켜주고... ,11 20 AM 12 56 배송완료! 되었다는 카톡을 새벽에 봤어요 어제 몸이 안좋아서 약먹고 약기운에. 앞면은 실버라고 느껴지지 않네요 다 같은 아이폰 느낌 화면 켜주고.,0,Human,72,96,3,24.0,6.377042156569663,38,14,6,2,1,6,0.3684210526315789,0.15789473684210525,0.05263157894736842,0.02631578947368421,0.15789473684210525,0.19444444444444445,0.08333333333333333,0,0,2,1,0,0,0.041666666666666664
강남역 맛집 존맛 또 가야지~,맛집_리뷰,강남역 존맛은 가볍게 들른 곳인데 은근 기억에 남았어요. 메뉴가 깔끔하고 직원분들도 친절해서 편하게 먹고 왔습니다. 재방문 의사 있어요. 처음 가보는 분들도 크게 부담 없이 즐길 수 있을 것 같아요. 전체적으로 무난하면서도 기분 좋게 마무리할 수 있었어요.,강남역 존맛은 가볍게 들른 곳인데 은근 기억에 남았어요. 메뉴가 깔끔하고 직원분들도 친절해서 편하게 먹고 왔습니다. 재방문 의사 있어요. 처음 가보는 분들도 크게 부담 없이 즐길 수 있을 것 같아요. 전체적으로 무난하면서도 기분 좋게 마무리할 수 있었어요.,1,AI_v1,108,143,5,21.6,6.343500610861483,54,21,8,9,1,7,0.3888888888888889,0.14814814814814814,0.16666666666666666,0.018518518518518517,0.12962962962962962,0.19444444444444445,0.06481481481481481,1,0,5,0,0,0,0.046296296296296294
강남역 맛집 강남역 회식장소는 진구곱창이 최고죠,맛집_리뷰,"회식장소는 갔다옴. 대기 조금 있었고 메뉴는 생각보다 빨리 나왔다. 맛은 무난, 양은 적당한 편이라 근처에서 밥 먹을 때 참고할 만함. 사람이 좀 있어서 조용한 느낌은 아니었음. 사람이 좀 있어서 조용한 느낌은 아니었음.",회식장소는 갔다옴. 대기 조금 있었고 메뉴는 생각보다 빨리 나왔다. 맛은 무난 양은 적당한 편이라 근처에서 밥 먹을 때 참고할 만함. 사람이 좀 있어서 조용한 느낌은 아니었음. 사람이 좀 있어서 조용한 느낌은 아니었음.,1,AI_v2,91,122,5,18.2,5.455272678794342,51,22,4,8,1,10,0.43137254901960786,0.0784313725490196,0.1568627450980392,0.0196078431372549,0.19607843137254902,0.24175824175824176,0.10989010989010989,0,0,5,0,0,0,0.054945054945054944
[내돈내산]아이폰 11 Pro 256G 실버를 구매했다:) 발품팔아서,상품_리뷰,2년 약정이 끝난 내 갤럭시 S8을 보내주고 아이폰 11pro를 만나려 지난 몇 주간 카페와 성지...그리고 폰... 그러다 드디어 내가 원하던 아이폰 11pro 256기가 실버가 있는 곳을 찾았고......ㅎㅎ친절하신 사장님... ,2년 약정이 끝난 내 갤럭시 S8을 보내주고 아이폰 11pro를 만나려 지난 몇 주간 카페와 성지.그리고 폰. 그러다 드디어 내가 원하던 아이폰 11pro 256기가 실버가 있는 곳을 찾았고. 친절하신 사장님.,0,Human,89,117,4,22.25,15.927570436196476,47,17,4,4,1,7,0.3617021276595745,0.0851063829787234,0.0851063829787234,0.02127659574468085,0.14893617021276595,0.19101123595505617,0.07865168539325842,0,0,4,0,0,0,0.0449438202247191
유나이티드 갤러리 2019년 9월 U매거진 셋째주 전시_다나 박... ,맛집_리뷰,갤러리 2019년 9월 U매거진 셋째주 전시_다나 박 개인전 #다나박 #다나박개인전 #다나박초대전 #다나박전시 #다나박작가 #유나이티드갤러리 #유나이티드문화재단 #강남갤러리 #강남역데이트 #강남역맛집,갤러리 2019년 9월 U매거진 셋째주 전시 다나 박 개인전,0,Human,25,33,1,25.0,0.0,12,7,1,0,0,0,0.5833333333333334,0.08333333333333333,0.0,0.0,0.0,0.28,0.0,0,0,0,0,0,0,0.0
[강남역 맛집] 바비레드 강남본... 되는 갈비 파스타 맛집 메뉴 추천,맛집_리뷰,"바비레드 먹고 옴. 사람 많고 조금 정신없었지만 음식은 괜찮았다. 가격은 보통, 위치는 편한 편이라 약속 전후로 들르기 좋음. 시간 맞으면 한 번쯤 들를만함. 시간 맞으면 한 번쯤 들를만함. 딱히 특별하진 않은데 기억은 남는 편이다.",바비레드 먹고 옴. 사람 많고 조금 정신없었지만 음식은 괜찮았다. 가격은 보통 위치는 편한 편이라 약속 전후로 들르기 좋음. 시간 맞으면 한 번쯤 들를만함. 시간 맞으면 한 번쯤 들를만함. 딱히 특별하진 않은데 기억은 남는 편이다.,1,AI_v2,96,129,6,16.0,5.259911279353167,53,21,10,7,0,7,0.39622641509433965,0.18867924528301888,0.1320754716981132,0.0,0.1320754716981132,0.21875,0.07291666666666667,0,0,6,0,0,0,0.0625
[리예드] 커스터마이징이 가능한 고급가죽으로 만든 아이폰1... ,상품_리뷰,"#아이폰12 부터는 전체를 감싸는 케이스도 선택 가능하던데 11은 선택권이 없더라구요 ㅠ.ㅠ 세상... 오늘도 #내돈내산 인증합니다 저는 리예드와 아무 이해관계가 없고, 오랜만에 마음에 드는 케이스를 샀고... ",부터는 전체를 감싸는 케이스도 선택 가능하던데 11은 선택권이 없더라구요 . 세상. 오늘도 인증합니다 저는 리예드와 아무 이해관계가 없고 오랜만에 마음에 드는 케이스를 샀고.,0,Human,75,97,3,25.0,15.748015748023622,39,15,4,3,0,11,0.38461538461538464,0.10256410256410256,0.07692307692307693,0.0,0.28205128205128205,0.2,0.14666666666666667,0,0,3,0,0,0,0.04
[텐바이텐] 커버리쉬 아이폰케이스 내돈내산 후기,상품_리뷰,커버리쉬 아이폰케이스 궁금해서 써봤는데 막 놀랄 정도는 아니었다. 그래도 손이 자주 가긴 함. 불편한 점은 조금씩 보이는데 못 쓸 정도는 아님. 딱히 특별하진 않은데 기억은 남는 편이다. 딱히 특별하진 않은데 기억은 남는 편이다.,커버리쉬 아이폰케이스 궁금해서 써봤는데 막 놀랄 정도는 아니었다. 그래도 손이 자주 가긴 함. 불편한 점은 조금씩 보이는데 못 쓸 정도는 아님. 딱히 특별하진 않은데 기억은 남는 편이다. 딱히 특별하진 않은데 기억은 남는 편이다.,1,AI_v2,96,128,5,19.2,5.7758116312774614,49,16,10,8,2,8,0.32653061224489793,0.20408163265306123,0.16326530612244897,0.04081632653061224,0.16326530612244897,0.16666666666666666,0.08333333333333333,0,0,5,0,0,0,0.052083333333333336
[식사일기] 서촌레이어드 카페부터 강남역맛집까지 2019년... ,맛집_리뷰,서촌레이어드 먹어봄. 맛은 괜찮았고 특별히 불편한 건 없었다. 가게가 조금 북적여서 오래 앉아있긴 애매했고 그냥 식사하고 나오기 좋음. 다음엔 다른 메뉴도 봐야 할 듯. 사람이 좀 있어서 조용한 느낌은 아니었음. 사람이 좀 있어서 조용한 느낌은 아니었음.,서촌레이어드 먹어봄. 맛은 괜찮았고 특별히 불편한 건 없었다. 가게가 조금 북적여서 오래 앉아있긴 애매했고 그냥 식사하고 나오기 좋음. 다음엔 다른 메뉴도 봐야 할 듯. 사람이 좀 있어서 조용한 느낌은 아니었음. 사람이 좀 있어서 조용한 느낌은 아니었음.,1,AI_v2,107,142,6,17.833333333333332,6.568020165079344,56,21,5,12,1,10,0.375,0.08928571428571429,0.21428571428571427,0.017857142857142856,0.17857142857142858,0.19626168224299065,0.09345794392523364,0,0,6,0,0,0,0.056074766355140186
[내돈내산] 갤럭시20울트라 카메라 리뷰 / 아이폰11 비교,상품_리뷰,갤럭시20울트라 써본 기록. 처음엔 별생각 없었는데 며칠 쓰다 보니 편한 부분이 있었다. 아쉬운 점도 조금 있지만 가격 생각하면 무난. 기대치를 낮추고 가면 무난한 정도. 다음엔 다른 메뉴도 봐야 할 듯. 사람이 좀 있어서 조용한 느낌은 아니었음.,갤럭시20울트라 써본 기록. 처음엔 별생각 없었는데 며칠 쓰다 보니 편한 부분이 있었다. 아쉬운 점도 조금 있지만 가격 생각하면 무난. 기대치를 낮추고 가면 무난한 정도. 다음엔 다른 메뉴도 봐야 할 듯. 사람이 좀 있어서 조용한 느낌은 아니었음.,1,AI_v2,103,138,6,17.166666666666668,4.179978734661484,56,23,8,8,0,8,0.4107142857142857,0.14285714285714285,0.14285714285714285,0.0,0.14285714285714285,0.22330097087378642,0.07766990291262135,0,0,6,0,0,0,0.05825242718446602
"아이폰11 화이트 / 폰 바꾼... 실시간 일기, #휴대폰성지 #아이폰11",상품_리뷰,"#내돈내산 후기 #아이폰11화이트 128기가 , 개통 전까지 뜯으면 안된다고 해서 참고 기다리는 중... 앞으로 내 여행사진들(귀찮아서 여행지에서 맨날... 폰으로만 찍음.... 카메라 다 챙겨가고선...ㅠㅠ) 잘부탁해... ",후기 128기가 개통 전까지 뜯으면 안된다고 해서 참고 기다리는 중. 앞으로 내 여행사진들 귀찮아서 여행지에서 맨날. 폰으로만 찍음. 카메라 다 챙겨가고선. 잘부탁해.,0,Human,72,93,5,14.4,9.156418513807678,36,12,5,4,2,5,0.3333333333333333,0.1388888888888889,0.1111111111111111,0.05555555555555555,0.1388888888888889,0.16666666666666666,0.06944444444444445,0,0,5,0,0,0,0.06944444444444445
아이폰11Pro Max 256G 구입 // 이마트 24개월 무이자행사,상품_리뷰,내돈내산 아이폰11pro max 넘나 좋음 강화유리 하고 케이스 사고 ㅠㅠ 돈 더 들겠음;;; 아이폰11pro max 구입하려면 일단 재고가 있는지 전화하고 물어보고 움직이는 센스... 애플케어 결국은 준호아부지도... ,내돈내산 아이폰11pro max 넘나 좋음 강화유리 하고 케이스 사고 돈 더 들겠음 아이폰11pro max 구입하려면 일단 재고가 있는지 전화하고 물어보고 움직이는 센스. 애플케어 결국은 준호아부지도.,0,Human,88,112,2,44.0,30.0,40,18,6,3,1,2,0.45,0.15,0.075,0.025,0.05,0.20454545454545456,0.022727272727272728,0,0,2,0,0,0,0.022727272727272728
[강남역 맛집] 중경 마라탕,맛집_리뷰,2019년 저의 핫 키워드는 마라탕입니다. 저번주에 마라탕을 연달아 3일 먹었어요. 이제 질린 줄 알았는데... 강남 중경 마라탕은 밥을 무료로 제공하기 때문에 필요하신 분들은 추가해서 드세요!! 맛있어요.,2019년 저의 핫 키워드는 마라탕입니다. 저번주에 마라탕을 연달아 3일 먹었어요. 이제 질린 줄 알았는데. 강남 중경 마라탕은 밥을 무료로 제공하기 때문에 필요하신 분들은 추가해서 드세요! 맛있어요.,0,Human,87,112,5,17.4,10.209799214480176,49,18,8,6,0,9,0.3673469387755102,0.16326530612244897,0.12244897959183673,0.0,0.1836734693877551,0.20689655172413793,0.10344827586206896,0,0,4,1,0,0,0.05747126436781609
"후기 (아이폰11프로 케이스... 두두케이스, 그립톡, 내돈내산)",상품_리뷰,아이폰 11 프로 체크케이스 + 스마일 톡 이건 내껀데 너무 맘에 든다. 톡도 없는 디자인 굳이 만들어... 예전에 6S 쓸때 카카오에서 나오는 카드 케이스 쓰고는 11에선 첨 써보는 카드케이스 2장까지 들어가지만 좀... ,아이폰 11 프로 체크케이스 스마일 톡 이건 내껀데 너무 맘에 든다. 톡도 없는 디자인 굳이 만들어. 예전에 6S 쓸때 카카오에서 나오는 카드 케이스 쓰고는 11에선 첨 써보는 카드케이스 2장까지 들어가지만 좀.,0,Human,88,118,3,29.333333333333332,13.912424503139471,46,21,8,1,2,6,0.45652173913043476,0.17391304347826086,0.021739130434782608,0.043478260869565216,0.13043478260869565,0.23863636363636365,0.06818181818181818,0,0,3,0,0,0,0.03409090909090909
[강남역 맛집] 출간기념으로 강남역 한식 맛집 매우매오 방문!... ,맛집_리뷰,2019년 4월 24일 책이 나온 그날!! 이 기쁨을 친구와 함께 나누었습니다^^ 오늘 디너장소는 강남역 한식 맛집으로 소문난 매우매오(구 매운대) 입니다 :) 강남역 보다는 신논현역에서 더 가까운것 같더라구요... ,2019년 4월 24일 책이 나온 그날! 이 기쁨을 친구와 함께 나누었습니다 오늘 디너장소는 강남역 한식 맛집으로 소문난 매우매오 구 매운대 입니다 강남역 보다는 신논현역에서 더 가까운것 같더라구요.,0,Human,85,111,2,42.5,25.5,39,17,3,4,1,7,0.4358974358974359,0.07692307692307693,0.10256410256410256,0.02564102564102564,0.1794871794871795,0.2,0.08235294117647059,0,0,1,1,0,0,0.023529411764705882
강남역 자매수산 대방어회 &amp; 매운탕 ♥,맛집_리뷰,하고 - 2019년이 가기 전에 그래도 겨울 대방어 먹어보는 것에 의의를 두기 ! 제가 사랑하는 최고의 조합... 강남역 대방어 맛집 찾으신다면 자매수산 괜찮은 것 같아요 ! #강남맛집 #강남역맛집 #대방어 #자매수산,하고 2019년이 가기 전에 그래도 겨울 대방어 먹어보는 것에 의의를 두기 ! 제가 사랑하는 최고의 조합. 강남역 대방어 맛집 찾으신다면 자매수산 괜찮은 것 같아요 !,0,Human,69,93,3,23.0,8.286535263104035,38,17,6,2,1,5,0.4473684210526316,0.15789473684210525,0.05263157894736842,0.02631578947368421,0.13157894736842105,0.2463768115942029,0.07246376811594203,1,0,1,2,0,0,0.043478260869565216
[MONK] 아이폰 11pro 실리콘 케이스 내돈내산 ఇ,상품_리뷰,"아이폰 11pro 써봄. 기대만큼은 아니지만 못 쓸 정도도 아님. 간단하게 쓰기엔 괜찮고, 오래 쓰면 평가가 조금 달라질 수도. 가격은 막 싸진 않았고 위치는 찾기 쉬운 편. 엄청난 건 아니고 그냥 기록용. 딱히 특별하진 않은데 기억은 남는 편이다.",아이폰 11pro 써봄. 기대만큼은 아니지만 못 쓸 정도도 아님. 간단하게 쓰기엔 괜찮고 오래 쓰면 평가가 조금 달라질 수도. 가격은 막 싸진 않았고 위치는 찾기 쉬운 편. 엄청난 건 아니고 그냥 기록용. 딱히 특별하진 않은데 기억은 남는 편이다.,1,AI_v2,102,138,6,17.0,4.43471156521669,54,20,8,9,1,8,0.37037037037037035,0.14814814814814814,0.16666666666666666,0.018518518518518517,0.14814814814814814,0.19607843137254902,0.0784313725490196,0,0,6,0,0,0,0.058823529411764705
강남역 맛집 딘타이펑 이집 샤오롱바오 잘하네,맛집_리뷰,강남역 맛집 딘타이펑 이집 샤오롱바오 잘하네 #샤오롱바오 먹으러 #딘타이펑 왔다. 딘타이펑 글씨가... ㅋㅋㅋㅋ 찹쉽죠잉 #강남맛집 딘타이펑 강남역점 서초구 서초대로73길 12 세계빌딩 T. 02-569-2778 영업시간... ,강남역 맛집 딘타이펑 이집 샤오롱바오 잘하네 먹으러 왔다. 딘타이펑 글씨가. 찹쉽죠잉 딘타이펑 강남역점 서초구 서초대로73길 12 세계빌딩 T. 02 569 2778 영업시간.,0,Human,77,98,4,19.25,8.699856320652657,33,18,3,0,0,1,0.5454545454545454,0.09090909090909091,0.0,0.0,0.030303030303030304,0.23376623376623376,0.012987012987012988,0,0,4,0,0,0,0.05194805194805195
[세테크] 2020년 연말정산 달라진 점 000은 놓치지 말자!... ,전문_정보,그러면 구체적으로 2020년 연말정선 지난 해와 달라진 점을 살펴볼까요? 2020년 연말정산 달라진점 신문구독료도 2020년부터 연말정산 공제됩니다. 아동수당받는 자녀는... ,그러면 구체적으로 2020년 연말정선 지난 해와 달라진 점을 살펴볼까요? 2020년 연말정산 달라진점 신문구독료도 2020년부터 연말정산 공제됩니다. 아동수당받는 자녀는.,0,Human,78,95,3,26.0,11.430952132988164,35,14,6,0,1,4,0.4,0.17142857142857143,0.0,0.02857142857142857,0.11428571428571428,0.1794871794871795,0.05128205128205128,0,0,2,0,1,0,0.038461538461538464
2020년) 신용카드 연말정산 소득공제 30만원 확대? 의문점,전문_정보,"대한민국도 그 영향에서 벗어날 수 없는 가운데 2020년 한시적으로 코로나 19로 인한 소비 위축에... 연말정산 소득공제는 총 급여의 25%를 초과해 신용·체크카드, 현금영수증 등을 사용한 사람들에게... ",대한민국도 그 영향에서 벗어날 수 없는 가운데 2020년 한시적으로 코로나 19로 인한 소비 위축에. 연말정산 소득공제는 총 급여의 25 를 초과해 신용 체크카드 현금영수증 등을 사용한 사람들에게.,0,Human,84,110,2,42.0,1.0,42,22,2,2,0,9,0.5238095238095238,0.047619047619047616,0.047619047619047616,0.0,0.21428571428571427,0.2619047619047619,0.10714285714285714,0,0,2,0,0,0,0.023809523809523808
"제로페이 가맹점 찾기, 연말정산 소득공제 받는 법!",전문_정보,"2020 연말정산 소득공제 항목 보러 가기 &gt;&gt; 둘째, 제로페이 이용 시 공공시설 이용요금을 할인받을 수... 2020년에는 제로페이로 소비자는 편리한 서비스와 소득공제 혜택을, 가맹점은 매출 증대의 기쁨을... ",2020 연말정산 소득공제 항목 보러 가기 둘째 제로페이 이용 시 공공시설 이용요금을 할인받을 수. 2020년에는 제로페이로 소비자는 편리한 서비스와 소득공제 혜택을 가맹점은 매출 증대의 기쁨을.,0,Human,85,109,2,42.5,0.5,41,25,2,1,0,8,0.6097560975609756,0.04878048780487805,0.024390243902439025,0.0,0.1951219512195122,0.29411764705882354,0.09411764705882353,0,0,2,0,0,0,0.023529411764705882
2020년 연말정산 기본공제대상자 나이,전문_정보,경로우대자의 경우 1명당 연 100만원의 추가공제를 받을수 있는데 나이 기준이 만 70세 이상 (올해 기준으로 1949년 12월 31일 이전 출생자) 입니다. 2020년 연말정산 인적공제 나이,경로우대자의 경우 1명당 연 100만원의 추가공제를 받을수 있는데 나이 기준이 만 70세 이상 올해 기준으로 1949년 12월 31일 이전 출생자 입니다. 2020년 연말정산 인적공제 나이,0,Human,81,105,2,40.5,25.0,38,20,1,2,0,4,0.5263157894736842,0.02631578947368421,0.05263157894736842,0.0,0.10526315789473684,0.24691358024691357,0.04938271604938271,0,0,1,0,0,0,0.012345679012345678
[강남역 맛집] 88년도 개업 모퉁이집 솔직후기,맛집_리뷰,강남역에서 열나게 학원다녀서 강남역이 우리동네보다 더 우리동네같았던 시절 ㅎ ~에 갔던 30년... 저는 2019년 초에 방문했었는데 지금은 가격이 오른것 같아요 아주머니께 앉아서 말로 주문 후 조금 기다리면... ,강남역에서 열나게 학원다녀서 강남역이 우리동네보다 더 우리동네같았던 시절 ~에 갔던 30년. 저는 2019년 초에 방문했었는데 지금은 가격이 오른것 같아요 아주머니께 앉아서 말로 주문 후 조금 기다리면.,0,Human,88,113,2,44.0,3.0,40,17,7,2,0,9,0.425,0.175,0.05,0.0,0.225,0.19318181818181818,0.10227272727272728,1,0,2,0,0,1,0.03409090909090909
[강남역 맛집] 일본풍 파스타가 정말 맛있었던곳 '고에몬... ,맛집_리뷰,"일본풍을 먹었는데 양이 아주 많진 않아도 부족하진 않았다. 내부는 조금 바빴고, 음식은 깔끔한 편이라 크게 실패할 느낌은 아님. 사진은 몇 장 찍었는데 정리는 나중에 해야겠다. 사람이 좀 있어서 조용한 느낌은 아니었음.",일본풍을 먹었는데 양이 아주 많진 않아도 부족하진 않았다. 내부는 조금 바빴고 음식은 깔끔한 편이라 크게 실패할 느낌은 아님. 사진은 몇 장 찍었는데 정리는 나중에 해야겠다. 사람이 좀 있어서 조용한 느낌은 아니었음.,1,AI_v2,91,121,4,22.75,3.960744879438715,47,17,5,9,1,11,0.3617021276595745,0.10638297872340426,0.19148936170212766,0.02127659574468085,0.23404255319148937,0.18681318681318682,0.12087912087912088,0,0,4,0,0,0,0.04395604395604396
[강남역 맛집] 쉐이크쉑 (SHAKE SHACK)- 쉑쉑버거 느끼하지만... ,맛집_리뷰,#쉑쉑버거 #쉐이크쉑 #쉐이크쉑버거 #강남역맛집 #강남쉑쉑버거 2019년 2월 16일 (토) 오빠 강남에 볼 일 있어서 쫓아왔어요 &gt;&lt; 배고파 죽을 맛이여서 온 김에 점심먹으러 쉑쉑 버거 ~ 11시 반쯤 갔을 땐 줄이... ,2019년 2월 16일 토 오빠 강남에 볼 일 있어서 쫓아왔어요 배고파 죽을 맛이여서 온 김에 점심먹으러 쉑쉑 버거 ~ 11시 반쯤 갔을 땐 줄이.,0,Human,59,82,1,59.0,0.0,32,14,4,2,0,4,0.4375,0.125,0.0625,0.0,0.125,0.23728813559322035,0.06779661016949153,0,0,1,0,0,1,0.03389830508474576
[강남역 맛집] 연인끼리 데이트하기 좋은 파스타집 | 바비레드,맛집_리뷰,도착했는데 강남역 맛집답게 사람이 많아서 웨이팅 20분 했어요 ㅠㅡㅠ ( 커플 분들이 꽤 많았어요!!... 잘 먹었습니다 강남역에서 분위기 좋은 맛집을 찾으신다면 ♦️ 바비레드 강남본점을 추천합니다 ♦️,도착했는데 강남역 맛집답게 사람이 많아서 웨이팅 20분 했어요 커플 분들이 꽤 많았어요!. 잘 먹었습니다 강남역에서 분위기 좋은 맛집을 찾으신다면 바비레드 강남본점을 추천합니다,0,Human,77,98,2,38.5,0.5,37,18,7,3,0,6,0.4864864864864865,0.1891891891891892,0.08108108108108109,0.0,0.16216216216216217,0.23376623376623376,0.07792207792207792,1,0,1,1,0,0,0.025974025974025976
2020년 연말정산 소득공제 팁,전문_정보,"2020년 귀속 연말정산 미리보기 서비스가 오픈 되었어요. 연말정산이란? '급여 소득에서 원천 징수한 소득세에 대하여 과부족을 연말에 정산하는 일' 즉, 1년 동안 낸 근로소득세를 따져보고, 실소득 보다... ",2020년 귀속 연말정산 미리보기 서비스가 오픈 되었어요. 연말정산이란? 급여 소득에서 원천 징수한 소득세에 대하여 과부족을 연말에 정산하는 일 즉 1년 동안 낸 근로소득세를 따져보고 실소득 보다.,0,Human,85,110,3,28.333333333333332,18.445113776342563,42,23,5,0,0,9,0.5476190476190477,0.11904761904761904,0.0,0.0,0.21428571428571427,0.27058823529411763,0.10588235294117647,0,0,2,0,1,0,0.03529411764705882
S_Diary : 2019년 9월 7-8일 일상(◍•ᴗ... ,맛집_리뷰,"배갈비 #강남역맛집 #갈비무한리필 #일상블로그 #대학생일상 #서로이웃환영 #서이추환영 금,토... 인생은 길고 견생은 짧다는것이 슬프다 영화를 인계동에서 봤기에 3002 버스를 타고 강남으로 넘어가서... ",배갈비 금 토. 인생은 길고 견생은 짧다는것이 슬프다 영화를 인계동에서 봤기에 3002 버스를 타고 강남으로 넘어가서.,0,Human,51,66,2,25.5,19.5,25,11,2,3,0,6,0.44,0.08,0.12,0.0,0.24,0.21568627450980393,0.11764705882352941,0,0,2,0,0,0,0.0392156862745098
강남역 맛집 바비레드 꼭가기 두번가기,맛집_리뷰,"[#강남역 맛집, #바비레드] 오지 않을거 같은 새해가 다시 왔네요. 2019년 잘 맞이들 하셨나요!? 저는... 강남역에 아주 분위기 좋은 맛집을 데려갔어요^^ 당분간 잘 못만나요... 둘 다 주말에 계속 일해 하.... 강제 일... ",맛집 오지 않을거 같은 새해가 다시 왔네요. 2019년 잘 맞이들 하셨나요!? 저는. 강남역에 아주 분위기 좋은 맛집을 데려갔어요 당분간 잘 못만나요. 둘 다 주말에 계속 일해 하. 강제 일.,0,Human,79,107,6,13.166666666666666,8.524474568362947,42,17,7,2,1,5,0.40476190476190477,0.16666666666666666,0.047619047619047616,0.023809523809523808,0.11904761904761904,0.21518987341772153,0.06329113924050633,0,0,5,1,1,0,0.08860759493670886
2020년 연말정산 꿀팁! 전년도와 달라진 내용 확인하고 가세요~,전문_정보,연말정산 때문에 하루가 조금 정신없었다. 막 큰일은 아닌데 은근 신경 쓰임. 그래도 지나고 나니 별거 아니긴 하다. 가격은 막 싸진 않았고 위치는 찾기 쉬운 편. 다음엔 다른 메뉴도 봐야 할 듯. 엄청난 건 아니고 그냥 기록용.,연말정산 때문에 하루가 조금 정신없었다. 막 큰일은 아닌데 은근 신경 쓰임. 그래도 지나고 나니 별거 아니긴 하다. 가격은 막 싸진 않았고 위치는 찾기 쉬운 편. 다음엔 다른 메뉴도 봐야 할 듯. 엄청난 건 아니고 그냥 기록용.,1,AI_v2,92,127,6,15.333333333333334,2.1343747458109497,51,24,7,6,1,7,0.47058823529411764,0.13725490196078433,0.11764705882352941,0.0196078431372549,0.13725490196078433,0.2608695652173913,0.07608695652173914,0,0,6,0,0,0,0.06521739130434782
[강남역 맛집/강남역 초밥] 갓덴스시 강남점,맛집_리뷰,친구랑 강남역에 갔는데 전체적으로 무난해서 좋았어요. 음식 나오는 속도도 괜찮고 맛도 기대 이상이라 근처 맛집 찾는 분들께 추천드려요. 개인적으로는 너무 과하지 않은 점이 마음에 들었어요. 사진으로 남겨두기에도 괜찮아서 기억에 오래 남을 것 같아요.,친구랑 강남역에 갔는데 전체적으로 무난해서 좋았어요. 음식 나오는 속도도 괜찮고 맛도 기대 이상이라 근처 맛집 찾는 분들께 추천드려요. 개인적으로는 너무 과하지 않은 점이 마음에 들었어요. 사진으로 남겨두기에도 괜찮아서 기억에 오래 남을 것 같아요.,1,AI_v1,107,139,4,26.75,4.322904116447646,58,22,9,4,2,14,0.3793103448275862,0.15517241379310345,0.06896551724137931,0.034482758620689655,0.2413793103448276,0.205607476635514,0.1308411214953271,2,0,4,0,0,0,0.037383177570093455
매월 31일 할로윈 피티 강남역 마녀주방,맛집_리뷰,매월 31일에서 밥 먹었다. 맛은 자극적이지 않았고 가격도 요즘 기준으로는 평범했다. 근처 약속 있을 때 한 끼 해결하기 괜찮은 곳. 시간 맞으면 한 번쯤 들를만함. 급하게 정한 일정치고는 나쁘지 않았다. 이런 곳도 있었네 싶었다.,매월 31일에서 밥 먹었다. 맛은 자극적이지 않았고 가격도 요즘 기준으로는 평범했다. 근처 약속 있을 때 한 끼 해결하기 괜찮은 곳. 시간 맞으면 한 번쯤 들를만함. 급하게 정한 일정치고는 나쁘지 않았다. 이런 곳도 있었네 싶었다.,1,AI_v2,96,129,6,16.0,4.760952285695233,51,19,9,7,0,6,0.37254901960784315,0.17647058823529413,0.13725490196078433,0.0,0.11764705882352941,0.19791666666666666,0.0625,0,0,6,0,0,0,0.0625
블로그의 기본은 사진이다. 아이폰11 내돈내산 언박싱 후기,상품_리뷰,카메라가 3개나 있는 아이폰11PRO의 경우 50만원 이상 차이가 나기 때문에 최종 11로 낙점!! 열자마자 이어폰을 보고 앗! 아이팟을 주나보다 하고 놀라는 분들이 계실까봐 상세샷을 찍어본다. 포장 사이에 유선이... ,카메라가 3개나 있는 아이폰11PRO의 경우 50만원 이상 차이가 나기 때문에 최종 11로 낙점! 열자마자 이어폰을 보고 앗! 아이팟을 주나보다 하고 놀라는 분들이 계실까봐 상세샷을 찍어본다. 포장 사이에 유선이.,0,Human,92,119,4,23.0,13.360389215887388,50,22,5,2,0,10,0.44,0.1,0.04,0.0,0.2,0.2391304347826087,0.10869565217391304,0,0,2,2,0,0,0.043478260869565216
강남역 맛집 바비레드에서 파스타먹고왔어요!,맛집_리뷰,오랜만에 근처에서 밥 먹을 곳 찾다가 강남역 바비레드에서에 들렀어요. 맛이 자극적이지 않고 양도 적당해서 만족했답니다. 웨이팅만 조금 피하면 더 좋을 것 같아요. 개인적으로는 너무 과하지 않은 점이 마음에 들었어요. 전체적으로 무난하면서도 기분 좋게 마무리할 수 있었어요.,오랜만에 근처에서 밥 먹을 곳 찾다가 강남역 바비레드에서에 들렀어요. 맛이 자극적이지 않고 양도 적당해서 만족했답니다. 웨이팅만 조금 피하면 더 좋을 것 같아요. 개인적으로는 너무 과하지 않은 점이 마음에 들었어요. 전체적으로 무난하면서도 기분 좋게 마무리할 수 있었어요.,1,AI_v1,117,152,5,23.4,4.223742416388575,61,24,9,6,1,12,0.39344262295081966,0.14754098360655737,0.09836065573770492,0.01639344262295082,0.19672131147540983,0.20512820512820512,0.10256410256410256,2,0,5,0,0,0,0.042735042735042736
[강남역 맛집/강남역 초밥] 갓덴스시 강남점,맛집_리뷰,"1.0 방문일자 : 2019년 3월 22일 2.0 음식점 명 : 갓덴스시 강남점 3.0 메뉴 : 초밥 1,500~ 3.1 접시당(색상별) 1... 당사자인 그 형의 추천 맛집인 강남역 갓덴스시로 향했다. 역시 인기가 많아서 그런지 약 30분 정도... ",1.0 방문일자 2019년 3월 22일 2.0 음식점 명 갓덴스시 강남점 3.0 메뉴 초밥 1 500~ 3.1 접시당 색상별 1. 당사자인 그 형의 추천 맛집인 강남역 갓덴스시로 향했다. 역시 인기가 많아서 그런지 약 30분 정도.,0,Human,96,129,7,13.714285714285714,6.518419740885619,52,26,1,2,0,5,0.5,0.019230769230769232,0.038461538461538464,0.0,0.09615384615384616,0.2708333333333333,0.052083333333333336,0,0,7,0,0,1,0.08333333333333333
소득공제 (2020년 연말정산(2019년 귀속 근로소득) 적용... ,전문_정보,"2019년 세법개정안 - 신용카드등 사용금액 소득공제 (2020년 연말정산(2019년 귀속 근로소득) 적용... 소비하다보면 연말에 낭패를 보는 경우가 많다. 현실적으로는 카드 혜택, 현금영수증 미발급, 현금영수증... ",2019년 세법개정안 신용카드등 사용금액 소득공제 2020년 연말정산 2019년 귀속 근로소득 적용. 소비하다보면 연말에 낭패를 보는 경우가 많다. 현실적으로는 카드 혜택 현금영수증 미발급 현금영수증.,0,Human,90,112,3,30.0,11.430952132988164,37,21,3,2,0,4,0.5675675675675675,0.08108108108108109,0.05405405405405406,0.0,0.10810810810810811,0.23333333333333334,0.044444444444444446,0,0,3,0,0,0,0.03333333333333333
알면 득이 되는 연말정산 꿀팁! 2020년 달라지는 연말정산... ,전문_정보,"알면은 시작은 귀찮았는데 하다 보니 괜찮았다. 엄청 의미 있는 건 아니고, 그래도 하루가 조금 정리된 느낌. 엄청난 건 아니고 그냥 기록용. 사진은 몇 장 찍었는데 정리는 나중에 해야겠다. 엄청난 건 아니고 그냥 기록용.",알면은 시작은 귀찮았는데 하다 보니 괜찮았다. 엄청 의미 있는 건 아니고 그래도 하루가 조금 정리된 느낌. 엄청난 건 아니고 그냥 기록용. 사진은 몇 장 찍었는데 정리는 나중에 해야겠다. 엄청난 건 아니고 그냥 기록용.,1,AI_v2,90,122,5,18.0,4.33589667773576,46,20,6,8,2,5,0.43478260869565216,0.13043478260869565,0.17391304347826086,0.043478260869565216,0.10869565217391304,0.2222222222222222,0.05555555555555555,0,0,5,0,0,0,0.05555555555555555
"2020년 연말정산, 신용카드 소득공제 및 제외항목",전문_정보,연말정산 기록. 특별한 건 없고 그냥 그런 하루였다. 그래도 남겨두면 나중에 다시 볼 때 생각날 것 같음. 사진은 몇 장 찍었는데 정리는 나중에 해야겠다. 사람이 좀 있어서 조용한 느낌은 아니었음. 다음엔 다른 메뉴도 봐야 할 듯.,연말정산 기록. 특별한 건 없고 그냥 그런 하루였다. 그래도 남겨두면 나중에 다시 볼 때 생각날 것 같음. 사진은 몇 장 찍었는데 정리는 나중에 해야겠다. 사람이 좀 있어서 조용한 느낌은 아니었음. 다음엔 다른 메뉴도 봐야 할 듯.,1,AI_v2,94,129,6,15.666666666666666,4.749268949591669,52,22,8,7,1,8,0.4230769230769231,0.15384615384615385,0.1346153846153846,0.019230769230769232,0.15384615384615385,0.23404255319148937,0.0851063829787234,0,0,6,0,0,0,0.06382978723404255
"강남역 훠궈 무한리필, 고기 무제한 존맛탱 하이라훠궈",맛집_리뷰,다들 2019년 올 한해도 늘 행복하세요! 강남역에서 약속이나 데이트 있으면 가성비 맛집 무한리필로 하이라훠궈 먹으러 가세요 저에게 고맙다고 댓글 달게 될 거예요 찡긋(^.~) 강남역 맛집 하이라훠궈... ,다들 2019년 올 한해도 늘 행복하세요! 강남역에서 약속이나 데이트 있으면 가성비 맛집 무한리필로 하이라훠궈 먹으러 가세요 저에게 고맙다고 댓글 달게 될 거예요 찡긋 .~ 강남역 맛집 하이라훠궈.,0,Human,84,110,3,28.0,18.547236990991408,43,21,4,3,1,10,0.4883720930232558,0.09302325581395349,0.06976744186046512,0.023255813953488372,0.23255813953488372,0.25,0.11904761904761904,0,0,2,1,0,1,0.047619047619047616
[리뷰]애플 유저 아이폰11프로... 펜슬 2세대 내돈내산 구매 후기,상품_리뷰,애플 유저 궁금해서 써봤는데 막 놀랄 정도는 아니었다. 그래도 손이 자주 가긴 함. 불편한 점은 조금씩 보이는데 못 쓸 정도는 아님. 엄청난 건 아니고 그냥 기록용. 사진은 몇 장 찍었는데 정리는 나중에 해야겠다. 기대치를 낮추고 가면 무난한 정도.,애플 유저 궁금해서 써봤는데 막 놀랄 정도는 아니었다. 그래도 손이 자주 가긴 함. 불편한 점은 조금씩 보이는데 못 쓸 정도는 아님. 엄청난 건 아니고 그냥 기록용. 사진은 몇 장 찍었는데 정리는 나중에 해야겠다. 기대치를 낮추고 가면 무난한 정도.,1,AI_v2,102,139,6,17.0,4.281744192888376,56,23,9,6,2,9,0.4107142857142857,0.16071428571428573,0.10714285714285714,0.03571428571428571,0.16071428571428573,0.22549019607843138,0.08823529411764706,0,0,6,0,0,0,0.058823529411764705
[내돈내산] 아이폰 12 개봉기(with 아이폰 11),상품_리뷰,"내돈내산 아이폰은 가볍게 써보기 좋은 제품이었어요. 기대를 너무 크게 하지 않으면 만족도가 높고, 실사용 기준으로는 꽤 괜찮게 느껴졌답니다. 개인적으로는 너무 과하지 않은 점이 마음에 들었어요. 처음 가보는 분들도 크게 부담 없이 즐길 수 있을 것 같아요.",내돈내산 아이폰은 가볍게 써보기 좋은 제품이었어요. 기대를 너무 크게 하지 않으면 만족도가 높고 실사용 기준으로는 꽤 괜찮게 느껴졌답니다. 개인적으로는 너무 과하지 않은 점이 마음에 들었어요. 처음 가보는 분들도 크게 부담 없이 즐길 수 있을 것 같아요.,1,AI_v1,107,142,4,26.75,5.931905258852336,57,22,10,6,3,8,0.38596491228070173,0.17543859649122806,0.10526315789473684,0.05263157894736842,0.14035087719298245,0.205607476635514,0.07476635514018691,2,0,4,0,0,0,0.037383177570093455
2020년 연말정산 미리보기 바뀐 공제항목은?,전문_정보,열정이 가득한 분양대행사 2020년 연말정산 미리보기 바뀐 공제항목은? 안녕하세요 오렌지디앤씨 입니다 :) 13월의 월급이라고 불리는 연말정산 미리보기 서비스가 오픈되면서 많은 분들의 관심이 집중되는 듯... ,열정이 가득한 분양대행사 2020년 연말정산 미리보기 바뀐 공제항목은? 안녕하세요 오렌지디앤씨 입니다 13월의 월급이라고 불리는 연말정산 미리보기 서비스가 오픈되면서 많은 분들의 관심이 집중되는 듯.,0,Human,89,111,2,44.5,12.5,41,17,4,4,0,6,0.4146341463414634,0.0975609756097561,0.0975609756097561,0.0,0.14634146341463414,0.19101123595505617,0.06741573033707865,0,0,1,0,1,0,0.02247191011235955
"2020년 연말정산 소득공제 총정리 (기간, 변경내용, 신용카드... ",전문_정보,"가입할 계획이 있다면 잘 알아보고 본인에게 유리한 걸로 하세요 자, 지금까지 2020년 연말정산 소득공제 관련해서 알아보았는데요 도움이 되는 글이었길 바라면서 13월의 월급 모두 두둑히 챙기셨으면 해요!!",가입할 계획이 있다면 잘 알아보고 본인에게 유리한 걸로 하세요 자 지금까지 2020년 연말정산 소득공제 관련해서 알아보았는데요 도움이 되는 글이었길 바라면서 13월의 월급 모두 두둑히 챙기셨으면 해요!,0,Human,87,112,1,87.0,0.0,37,14,10,3,0,6,0.3783783783783784,0.2702702702702703,0.08108108108108109,0.0,0.16216216216216217,0.16091954022988506,0.06896551724137931,1,0,0,1,0,0,0.011494252873563218
아이폰 11 Pro 케이스 디자인스킨내돈내산후기 / 할인팁까지!,상품_리뷰,아이폰 11 Pro 케이스 디자인스킨 내돈내산 후기 할인팁까지! 안녕하세요 나나초이입니다 :D 저 몇일전에 드디어 핸드폰을 바꿨어요 오예 오예 너무신나요 비싼 가격이라 망설여졌지만 때마침 2년넘게 잘 써오던... ,아이폰 11 Pro 케이스 디자인스킨 내돈내산 후기 할인팁까지! 안녕하세요 나나초이입니다 D 저 몇일전에 드디어 핸드폰을 바꿨어요 오예 오예 너무신나요 비싼 가격이라 망설여졌지만 때마침 2년넘게 잘 써오던.,0,Human,90,115,2,45.0,17.0,42,19,4,3,2,4,0.4523809523809524,0.09523809523809523,0.07142857142857142,0.047619047619047616,0.09523809523809523,0.2111111111111111,0.044444444444444446,0,0,1,1,0,0,0.022222222222222223
(내돈내산) &lt;한달후기&gt; ‘아이몰’ 변색없는 아이폰 케이스 !!,상품_리뷰,"(내돈내산) 아이폰11 퍼플 기종을 쓰고 있는데용 뒷면 퍼플 색이 너무 예쁘잖아요 ~~ 그래서 보통 투명... 사실 투명케이스 치고는 가격이 좀 있었어요 18,900원+배송비 3,000원 = 21,900원이었습니당 11/5에 집에... ",내돈내산 아이폰11 퍼플 기종을 쓰고 있는데용 뒷면 퍼플 색이 너무 예쁘잖아요 ~ 그래서 보통 투명. 사실 투명케이스 치고는 가격이 좀 있었어요 18 900원 배송비 3 000원 21 900원이었습니당 11 5에 집에.,0,Human,92,122,2,46.0,4.0,46,17,1,3,2,6,0.3695652173913043,0.021739130434782608,0.06521739130434782,0.043478260869565216,0.13043478260869565,0.18478260869565216,0.06521739130434782,0,0,2,0,0,1,0.03260869565217391
케이스티파이(CASETiFY) 아이폰11 Pro 케이스 구매하기,상품_리뷰,케이스티파이 아이폰11는 사용법이 어렵진 않았다. 마감은 보통이고 기능은 필요한 만큼만 있는 느낌. 오래 써봐야 알겠지만 첫인상은 나쁘지 않음. 기대치를 낮추고 가면 무난한 정도. 딱히 특별하진 않은데 기억은 남는 편이다.,케이스티파이 아이폰11는 사용법이 어렵진 않았다. 마감은 보통이고 기능은 필요한 만큼만 있는 느낌. 오래 써봐야 알겠지만 첫인상은 나쁘지 않음. 기대치를 낮추고 가면 무난한 정도. 딱히 특별하진 않은데 기억은 남는 편이다.,1,AI_v2,96,124,5,19.2,2.7129319932501073,50,16,9,6,1,10,0.32,0.18,0.12,0.02,0.2,0.16666666666666666,0.10416666666666667,0,0,5,0,0,0,0.052083333333333336
아이폰 11프로 | 핸드폰케이스 리뷰 | 내돈내산,상품_리뷰,"이번에 아이폰은 가볍게 써보기 좋은 제품이었어요. 기대를 너무 크게 하지 않으면 만족도가 높고, 실사용 기준으로는 꽤 괜찮게 느껴졌답니다. 짧게 들렀지만 생각보다 알차게 시간을 보냈어요. 다음에는 조금 더 여유 있게 다시 가보고 싶어요.",이번에 아이폰은 가볍게 써보기 좋은 제품이었어요. 기대를 너무 크게 하지 않으면 만족도가 높고 실사용 기준으로는 꽤 괜찮게 느껴졌답니다. 짧게 들렀지만 생각보다 알차게 시간을 보냈어요. 다음에는 조금 더 여유 있게 다시 가보고 싶어요.,1,AI_v1,100,131,4,25.0,6.96419413859206,47,18,9,7,1,8,0.3829787234042553,0.19148936170212766,0.14893617021276595,0.02127659574468085,0.1702127659574468,0.18,0.08,1,0,4,0,0,0,0.04
2020 연말정산(해외체류 자녀 유치원비 공제될까?- 됐다!),전문_정보,국외교육비 공제 2020년 연말정산 챌린지!!! 해외에 체류하기때문에 연말정산에서 억울하다 싶은 부분이 있다. 미취학자녀의 경우 아동수당이나 양육/보육수당을 주고 있어서 인적공제에서 제외된다는 점이... ,국외교육비 공제 2020년 연말정산 챌린지! 해외에 체류하기때문에 연말정산에서 억울하다 싶은 부분이 있다. 미취학자녀의 경우 아동수당이나 양육 보육수당을 주고 있어서 인적공제에서 제외된다는 점이.,0,Human,88,109,3,29.333333333333332,8.219218670625303,44,23,5,3,0,9,0.5227272727272727,0.11363636363636363,0.06818181818181818,0.0,0.20454545454545456,0.26136363636363635,0.10227272727272728,0,0,2,1,0,0,0.03409090909090909
"아이폰 11 Pro 케이스, 이 세상 예쁨이 아니잖아? 내돈내산... ",상품_리뷰,아이폰 궁금해서 써봤는데 막 놀랄 정도는 아니었다. 그래도 손이 자주 가긴 함. 불편한 점은 조금씩 보이는데 못 쓸 정도는 아님. 다음엔 다른 메뉴도 봐야 할 듯. 사람이 좀 있어서 조용한 느낌은 아니었음. 기대치를 낮추고 가면 무난한 정도.,아이폰 궁금해서 써봤는데 막 놀랄 정도는 아니었다. 그래도 손이 자주 가긴 함. 불편한 점은 조금씩 보이는데 못 쓸 정도는 아님. 다음엔 다른 메뉴도 봐야 할 듯. 사람이 좀 있어서 조용한 느낌은 아니었음. 기대치를 낮추고 가면 무난한 정도.,1,AI_v2,99,135,6,16.5,3.8622100754188224,55,20,9,7,2,10,0.36363636363636365,0.16363636363636364,0.12727272727272726,0.03636363636363636,0.18181818181818182,0.20202020202020202,0.10101010101010101,0,0,6,0,0,0,0.06060606060606061
내돈내산 아이폰11프로맥스 액정보호필름 네고퓨어... ,상품_리뷰,케이스도아이폰 정품케이스 물론 이벤트에 걸려 받은 케이스이고 액정보호필름도 강화유리인데 하기사... 잘 사용해야 할텐데 #아이폰11 #아이폰11프로맥스 #액정보호필름 #강화유리 #네고퓨어강화유리 #보호필름,케이스도아이폰 정품케이스 물론 이벤트에 걸려 받은 케이스이고 액정보호필름도 강화유리인데 하기사. 잘 사용해야 할텐데,0,Human,52,64,2,26.0,17.5,24,11,6,0,1,5,0.4583333333333333,0.25,0.0,0.041666666666666664,0.20833333333333334,0.21153846153846154,0.09615384615384616,0,0,1,0,0,0,0.019230769230769232
유나이티드 갤러리 2019년 10월 U매거진_셋째주 전시_한성진... ,맛집_리뷰,유나이티드 갤러리 2019년 10월 U매거진 셋째주 전시_한성진 개인전 #한성진 #한성진개인전 #한성진작가... 유나이티드갤러리 #유나이티드문화재단 #강남역갤러리 #강남갤러리 #강남역맛집 #강남역데이트,유나이티드 갤러리 2019년 10월 U매거진 셋째주 전시 한성진 개인전 유나이티드갤러리,0,Human,39,48,1,39.0,0.0,14,9,1,0,0,0,0.6428571428571429,0.07142857142857142,0.0,0.0,0.0,0.23076923076923078,0.0,0,0,0,0,0,0,0.0
"2020 연말정산 미리보기로... 월세, 달라지는 소득공제등 알아보기",전문_정보,"소득공제등에 대하여 알아봅니다 연말 정산,미리보기서비스이용, 2020 달라지는 공제,정산시기... 세금을 정산하는 과정을 말합니다. &lt;2&gt;.2020년 1월 연말 정산 미리 보기 써비스 이용하기 2020년 1월 2019년도... ",소득공제등에 대하여 알아봅니다 연말 정산 미리보기서비스이용 2020 달라지는 공제 정산시기. 세금을 정산하는 과정을 말합니다. 2 .2020년 1월 연말 정산 미리 보기 써비스 이용하기 2020년 1월 2019년도.,0,Human,95,120,4,23.75,16.068213964221414,42,21,5,0,0,4,0.5,0.11904761904761904,0.0,0.0,0.09523809523809523,0.22105263157894736,0.042105263157894736,0,0,4,0,0,0,0.042105263157894736
[강남역 맛집] 맥쓰세계치킨 강남점 :: 가성비 좋은 치킨... ,맛집_리뷰,"음, 말복도 만나서 닭요리를 먹던, 2019년 여름을 보내며 몸보신을 해야겠다 싶다. 맥쓰세계치킨강남본점 이번에 방문한 치킨집은 '맥쓰세계치킨'이다. 서울 곳곳에 포진되어있는 맥쓰세계치킨은 각 나라별... ",음 말복도 만나서 닭요리를 먹던 2019년 여름을 보내며 몸보신을 해야겠다 싶다. 맥쓰세계치킨강남본점 이번에 방문한 치킨집은 맥쓰세계치킨 이다. 서울 곳곳에 포진되어있는 맥쓰세계치킨은 각 나라별.,0,Human,87,109,3,29.0,4.898979485566356,47,24,10,0,0,9,0.5106382978723404,0.2127659574468085,0.0,0.0,0.19148936170212766,0.27586206896551724,0.10344827586206896,0,0,3,0,0,0,0.034482758620689655
2019년 4월의 일상_늦게 쓰는 4월 일기,맛집_리뷰,근처에서 밥 먹을 곳 찾다가 4월의 일상_늦게에 들렀어요. 맛이 자극적이지 않고 양도 적당해서 만족했답니다. 웨이팅만 조금 피하면 더 좋을 것 같아요. 전체적으로 무난하면서도 기분 좋게 마무리할 수 있었어요. 기대보다,근처에서 밥 먹을 곳 찾다가 4월의 일상 늦게에 들렀어요. 맛이 자극적이지 않고 양도 적당해서 만족했답니다. 웨이팅만 조금 피하면 더 좋을 것 같아요. 전체적으로 무난하면서도 기분 좋게 마무리할 수 있었어요. 기대보다,1,AI_v1,92,121,5,18.4,7.337574531137657,46,18,7,6,0,7,0.391304347826087,0.15217391304347827,0.13043478260869565,0.0,0.15217391304347827,0.1956521739130435,0.07608695652173914,2,0,4,0,0,0,0.043478260869565216
[강남역 맛집] 강남 돈코츠 일본라멘 유타로 (점심맥주팜^^),맛집_리뷰,#강남역추천맛집 #강남역맛집 #강남역일본라멘 #강남일본라멘 추처언!!!!!!!!!!!!!!!!!!!!!!!!!!!!!!!!!!!! 아 배고파..ㅜㅜㅜㅜㅜㅜㅜㅜㅜㅜㅜ 2019년 마지막 점심 맛점입니다!!!!!!!!!,추처언! 아 배고파. 2019년 마지막 점심 맛점입니다!,0,Human,25,31,3,8.333333333333334,5.436502143433364,12,4,0,2,0,0,0.3333333333333333,0.0,0.16666666666666666,0.0,0.0,0.16,0.0,0,0,1,2,0,0,0.12
강남역맛집 : 바비레드 - 매콤한 크림파스타 &amp; 큐브 스테이크,맛집_리뷰,친구랑 강남역맛집 바비레드에 갔는데 전체적으로 무난해서 좋았어요. 음식 나오는 속도도 괜찮고 맛도 기대 이상이라 근처 맛집 찾는 분들께 추천드려요. 전체적으로 무난하면서도 기분 좋게 마무리할 수 있었어요. 짧게 들렀지만 생각보다 알차게 시간을 보냈어요.,친구랑 강남역맛집 바비레드에 갔는데 전체적으로 무난해서 좋았어요. 음식 나오는 속도도 괜찮고 맛도 기대 이상이라 근처 맛집 찾는 분들께 추천드려요. 전체적으로 무난하면서도 기분 좋게 마무리할 수 있었어요. 짧게 들렀지만 생각보다 알차게 시간을 보냈어요.,1,AI_v1,110,141,4,27.5,4.924428900898052,55,23,9,6,0,10,0.41818181818181815,0.16363636363636364,0.10909090909090909,0.0,0.18181818181818182,0.20909090909090908,0.09090909090909091,1,0,4,0,0,0,0.03636363636363636
강남역 맛집 추천 : 수제맥주펍 브롱스(bronx),맛집_리뷰,친구랑 강남역 수제맥주펍에 갔는데 전체적으로 무난해서 좋았어요. 음식 나오는 속도도 괜찮고 맛도 기대 이상이라 근처 맛집 찾는 분들께 추천드려요. 처음 가보는 분들도 크게 부담 없이 즐길 수 있을 것 같아요. 개인적으로는 너무 과하지 않은 점이 마음에 들었어요.,친구랑 강남역 수제맥주펍에 갔는데 전체적으로 무난해서 좋았어요. 음식 나오는 속도도 괜찮고 맛도 기대 이상이라 근처 맛집 찾는 분들께 추천드려요. 처음 가보는 분들도 크게 부담 없이 즐길 수 있을 것 같아요. 개인적으로는 너무 과하지 않은 점이 마음에 들었어요.,1,AI_v1,110,146,4,27.5,4.387482193696061,62,25,10,4,2,11,0.4032258064516129,0.16129032258064516,0.06451612903225806,0.03225806451612903,0.1774193548387097,0.22727272727272727,0.1,2,0,4,0,0,0,0.03636363636363636
2020년 연말정산 간소화 서비스와 달라진 공제 항목,전문_정보,연말정산 기록. 특별한 건 없고 그냥 그런 하루였다. 그래도 남겨두면 나중에 다시 볼 때 생각날 것 같음. 시간 맞으면 한 번쯤 들를만함. 다음엔 다른 메뉴도 봐야 할 듯. 기대치를 낮추고 가면 무난한 정도. 엄청 자세한 후기는 아니고 그냥 그때 느낌 위주.,연말정산 기록. 특별한 건 없고 그냥 그런 하루였다. 그래도 남겨두면 나중에 다시 볼 때 생각날 것 같음. 시간 맞으면 한 번쯤 들를만함. 다음엔 다른 메뉴도 봐야 할 듯. 기대치를 낮추고 가면 무난한 정도. 엄청 자세한 후기는 아니고 그냥 그때 느낌 위주.,1,AI_v2,104,144,7,14.857142857142858,4.356557337707687,59,26,10,6,2,6,0.4406779661016949,0.1694915254237288,0.1016949152542373,0.03389830508474576,0.1016949152542373,0.25,0.057692307692307696,0,0,7,0,0,0,0.0673076923076923
[강남역 맛집] 연인끼리 데이트하기 좋은 파스타집 | 바비레드,맛집_리뷰,"연인끼리 다녀왔는데 첫인상은 그냥 보통. 근데 먹다 보니 나쁘지 않았다. 소스가 조금 강해서 호불호 있을 듯하고, 나는 그럭저럭 괜찮았음. 급하게 정한 일정치고는 나쁘지 않았다. 사람이 좀 있어서 조용한 느낌은 아니었음.",연인끼리 다녀왔는데 첫인상은 그냥 보통. 근데 먹다 보니 나쁘지 않았다. 소스가 조금 강해서 호불호 있을 듯하고 나는 그럭저럭 괜찮았음. 급하게 정한 일정치고는 나쁘지 않았다. 사람이 좀 있어서 조용한 느낌은 아니었음.,1,AI_v2,93,122,5,18.6,4.586937976471886,44,15,5,9,2,8,0.3409090909090909,0.11363636363636363,0.20454545454545456,0.045454545454545456,0.18181818181818182,0.16129032258064516,0.08602150537634409,0,0,5,0,0,0,0.053763440860215055
내돈내산) 아이폰 11... Iphone 11 pro smart battery case... ,상품_리뷰,내돈내산) 아이폰은 처음엔 애매했는데 쓰다 보니 괜찮은 쪽으로 기울었다. 다만 설명이 조금 부족해서 처음 세팅할 때는 헤맸음. 사진은 몇 장 찍었는데 정리는 나중에 해야겠다. 급하게 정한 일정치고는 나쁘지 않았다.,내돈내산 아이폰은 처음엔 애매했는데 쓰다 보니 괜찮은 쪽으로 기울었다. 다만 설명이 조금 부족해서 처음 세팅할 때는 헤맸음. 사진은 몇 장 찍었는데 정리는 나중에 해야겠다. 급하게 정한 일정치고는 나쁘지 않았다.,1,AI_v2,90,118,4,22.5,5.220153254455275,46,18,7,5,0,10,0.391304347826087,0.15217391304347827,0.10869565217391304,0.0,0.21739130434782608,0.2,0.1111111111111111,0,0,4,0,0,0,0.044444444444444446
강남역맛집 : 강남진해장 - 곱창전골맛집,맛집_리뷰,강남진해장 사진 몇 장 남김. 조명 때문에 음식 색은 잘 나오는 편이었고 실제 맛도 크게 다르진 않았다. 테이블은 조금 좁아서 그건 아쉬웠음. 딱히 특별하진 않은데 기억은 남는 편이다. 사진은 몇 장 찍었는데 정리는 나중에 해야겠다.,강남진해장 사진 몇 장 남김. 조명 때문에 음식 색은 잘 나오는 편이었고 실제 맛도 크게 다르진 않았다. 테이블은 조금 좁아서 그건 아쉬웠음. 딱히 특별하진 않은데 기억은 남는 편이다. 사진은 몇 장 찍었는데 정리는 나중에 해야겠다.,1,AI_v2,96,130,5,19.2,6.0133185513491645,51,21,9,5,1,9,0.4117647058823529,0.17647058823529413,0.09803921568627451,0.0196078431372549,0.17647058823529413,0.21875,0.09375,0,0,5,0,0,0,0.052083333333333336
아이폰 가죽케이스 커스텀 이니셜각인 까지(아이폰11프로... ,상품_리뷰,아이폰정품케이스 보다 더 정교하게 잘만들어진 2만원 후반대 내돈내산 스미스앤레더 아이폰 가죽 케이스 3주이상 사용해본 느낌 이웃님들 안녕하세요 로시언니가 왔어요 애인도 없고 남의편도 없는... ,아이폰정품케이스 보다 더 정교하게 잘만들어진 2만원 후반대 내돈내산 스미스앤레더 아이폰 가죽 케이스 3주이상 사용해본 느낌 이웃님들 안녕하세요 로시언니가 왔어요 애인도 없고 남의편도 없는.,0,Human,83,105,1,83.0,0.0,43,21,5,4,0,3,0.4883720930232558,0.11627906976744186,0.09302325581395349,0.0,0.06976744186046512,0.25301204819277107,0.03614457831325301,0,0,1,0,0,0,0.012048192771084338
2020년 연말정산 소득공제 달라진 점 알아보기!,전문_정보,연말정산을 하면서 오랜만에 여유를 느꼈어요. 바쁜 와중에 잠깐 쉬어가는 시간이 생긴 것 같아서 꽤 괜찮은 하루였답니다. 전체적으로 무난하면서도 기분 좋게 마무리할 수 있었어요. 다음에는 조금 더 여유 있게 다시 가보고 싶어요.,연말정산을 하면서 오랜만에 여유를 느꼈어요. 바쁜 와중에 잠깐 쉬어가는 시간이 생긴 것 같아서 꽤 괜찮은 하루였답니다. 전체적으로 무난하면서도 기분 좋게 마무리할 수 있었어요. 다음에는 조금 더 여유 있게 다시 가보고 싶어요.,1,AI_v1,96,126,4,24.0,4.527692569068709,47,19,9,6,0,7,0.40425531914893614,0.19148936170212766,0.1276595744680851,0.0,0.14893617021276595,0.19791666666666666,0.07291666666666667,1,0,4,0,0,0,0.041666666666666664
강남역 맛집/더치맥앤펍(The CHIMAC and Pub),맛집_리뷰,2019년 1월 19일 토요일 저녁의 강남은 어떤 모습일까. 궁금해하며 정~~~~~말 오랜만에 주말 저녁 강남으로 나갔다. 온라인 카페에서 잡은 약속 장소는 '더치맥앤펍(The CHIMAC and Pub)' 이런 곳에 얼마 만에... ,2019년 1월 19일 토요일 저녁의 강남은 어떤 모습일까. 궁금해하며 정~말 오랜만에 주말 저녁 강남으로 나갔다. 온라인 카페에서 잡은 약속 장소는 더치맥앤펍 The CHIMAC and Pub 이런 곳에 얼마 만에.,0,Human,93,121,3,31.0,8.524474568362947,44,18,3,3,0,8,0.4090909090909091,0.06818181818181818,0.06818181818181818,0.0,0.18181818181818182,0.1935483870967742,0.08602150537634409,0,0,3,0,0,1,0.043010752688172046
2020년 연말정산 현금영수증한도 신용카드공제  상향... ,전문_정보,연말정산 현금영수증한도 기록. 특별한 건 없고 그냥 그런 하루였다. 그래도 남겨두면 나중에 다시 볼 때 생각날 것 같음. 시간 맞으면 한 번쯤 들를만함. 엄청난 건 아니고 그냥 기록용. 가격은 막 싸진 않았고 위치는 찾기 쉬운 편.,연말정산 현금영수증한도 기록. 특별한 건 없고 그냥 그런 하루였다. 그래도 남겨두면 나중에 다시 볼 때 생각날 것 같음. 시간 맞으면 한 번쯤 들를만함. 엄청난 건 아니고 그냥 기록용. 가격은 막 싸진 않았고 위치는 찾기 쉬운 편.,1,AI_v2,94,129,6,15.666666666666666,2.9249881291307074,51,24,9,7,1,3,0.47058823529411764,0.17647058823529413,0.13725490196078433,0.0196078431372549,0.058823529411764705,0.2553191489361702,0.031914893617021274,0,0,6,0,0,0,0.06382978723404255
2020년 달라진 연말정산과 보청기 소득공제,전문_정보,달라진 연말정산과는 별일 아닌 듯해도 막상 겪어보니 나름 의미가 있었어요. 작은 변화였지만 하루 분위기가 달라져서 기분 좋게 마무리했답니다. 짧게 들렀지만 생각보다 알차게 시간을 보냈어요. 처음 가보는 분들도 크게 부담 없이 즐길 수 있을 것 같아요.,달라진 연말정산과는 별일 아닌 듯해도 막상 겪어보니 나름 의미가 있었어요. 작은 변화였지만 하루 분위기가 달라져서 기분 좋게 마무리했답니다. 짧게 들렀지만 생각보다 알차게 시간을 보냈어요. 처음 가보는 분들도 크게 부담 없이 즐길 수 있을 것 같아요.,1,AI_v1,106,140,4,26.5,4.272001872658765,50,19,11,8,1,6,0.38,0.22,0.16,0.02,0.12,0.1792452830188679,0.05660377358490566,2,0,4,0,0,0,0.03773584905660377
강남역 맛집 존맛 또 가야지~,맛집_리뷰,존맛 이름은 몇 번 봤는데 이제야 가봄. 양은 생각보다 괜찮고 맛은 익숙한 쪽. 웨이팅 길면 굳이 기다릴 정도는 아닌 듯. 시간 맞으면 한 번쯤 들를만함. 사진은 몇 장 찍었는데 정리는 나중에 해야겠다. 시간 맞으면 한 번쯤 들를만함.,존맛 이름은 몇 번 봤는데 이제야 가봄. 양은 생각보다 괜찮고 맛은 익숙한 쪽. 웨이팅 길면 굳이 기다릴 정도는 아닌 듯. 시간 맞으면 한 번쯤 들를만함. 사진은 몇 장 찍었는데 정리는 나중에 해야겠다. 시간 맞으면 한 번쯤 들를만함.,1,AI_v2,95,131,6,15.833333333333334,2.4094720491334933,55,25,11,4,0,7,0.45454545454545453,0.2,0.07272727272727272,0.0,0.12727272727272726,0.2631578947368421,0.07368421052631578,0,0,6,0,0,0,0.06315789473684211
"아이폰11pro 폰케이스 , 내돈내산 아칸케이스 에서 구입했어요!",상품_리뷰,아이폰11pro 폰케이스 를 어디서 사야할까 고민 하던 중 우연히 아칸케이스라는 곳을 보고 들어가서 구매를 했어요! 그냥 여기서 샀기 때문에 써보는 온전한 내돈내산 폰케이스..ㅎ 다양한게 워낙 많아서... ,아이폰11pro 폰케이스 를 어디서 사야할까 고민 하던 중 우연히 아칸케이스라는 곳을 보고 들어가서 구매를 했어요! 그냥 여기서 샀기 때문에 써보는 온전한 내돈내산 폰케이스. 다양한게 워낙 많아서.,0,Human,85,110,3,28.333333333333332,16.49915822768611,46,20,8,2,2,6,0.43478260869565216,0.17391304347826086,0.043478260869565216,0.043478260869565216,0.13043478260869565,0.23529411764705882,0.07058823529411765,1,0,2,1,0,0,0.03529411764705882
2019년 12월 4주 금요일 일기,맛집_리뷰,"#피트니스세븐 2019년이 가고 있으니만큼 요즘 근처 피트니스 센터들이 이벤트가 많은데.. 피트니스... ㅋ 강남역에서 간단히 만나기 좋은 맛집. 타코, 스파게티 등등 가능한 강남역 맛집. 가격도 그리 비싸지... ",2019년이 가고 있으니만큼 요즘 근처 피트니스 센터들이 이벤트가 많은데. 피트니스. 강남역에서 간단히 만나기 좋은 맛집. 타코 스파게티 등등 가능한 강남역 맛집. 가격도 그리 비싸지.,0,Human,80,103,5,16.0,9.591663046625438,35,14,3,6,0,4,0.4,0.08571428571428572,0.17142857142857143,0.0,0.11428571428571428,0.175,0.05,0,0,5,0,0,0,0.0625
"[강남역 맛집] 소고기 제대로 맛보기 , 창고43 강남점",맛집_리뷰,강남역은 가볍게 들른 곳인데 은근 기억에 남았어요. 메뉴가 깔끔하고 직원분들도 친절해서 편하게 먹고 왔습니다. 재방문 의사 있어요. 전체적으로 무난하면서도 기분 좋게 마무리할 수 있었어요. 사진으로 남겨두기에도 괜찮아서 기억에 오래 남을 것 같아요.,강남역은 가볍게 들른 곳인데 은근 기억에 남았어요. 메뉴가 깔끔하고 직원분들도 친절해서 편하게 먹고 왔습니다. 재방문 의사 있어요. 전체적으로 무난하면서도 기분 좋게 마무리할 수 있었어요. 사진으로 남겨두기에도 괜찮아서 기억에 오래 남을 것 같아요.,1,AI_v1,108,139,5,21.6,6.468384651518492,53,19,7,9,1,10,0.3584905660377358,0.1320754716981132,0.16981132075471697,0.018867924528301886,0.18867924528301888,0.17592592592592593,0.09259259259259259,1,0,5,0,0,0,0.046296296296296294
2019년 05월 01일~12일 일상,맛집_리뷰,ㅋㅋㅋㅋㅋㅋㅋ 에브리데이 이마트 갔는데 강남역 맛집 핫도그라고 해서 집어 왔는데요 톡 터지는 소세지라고 하는데 톡 터지는 거는 모르겠고 그냥 맛있어요 ㅋㅋㅋㅋㅋㅋㅋ 일요일은 늘 뭐 그렇듯이 단골집... ,에브리데이 이마트 갔는데 강남역 맛집 핫도그라고 해서 집어 왔는데요 톡 터지는 소세지라고 하는데 톡 터지는 거는 모르겠고 그냥 맛있어요 일요일은 늘 뭐 그렇듯이 단골집.,0,Human,71,94,1,71.0,0.0,30,15,8,2,0,4,0.5,0.26666666666666666,0.06666666666666667,0.0,0.13333333333333333,0.2112676056338028,0.056338028169014086,0,0,1,0,0,0,0.014084507042253521
2020년 연말정산! 올해 달라진 항목과 연말정산 미리보기... ,전문_정보,"▼지금 연말정산 미리보기 서비스 이용하기▼ 2020년, 소득공제율이 확대되었습니다. 1~2월 3월 4~7월 8~12월 신용카드 15% 30% 80% 15% 직불·선불카드, 현금영수증 30% 60% 30% 도서·공연·박물관·미술관 등 전통시장... ",지금 연말정산 미리보기 서비스 이용하기 2020년 소득공제율이 확대되었습니다. 1~2월 3월 4~7월 8~12월 신용카드 15 30 80 15 직불 선불카드 현금영수증 30 60 30 도서 공연 박물관 미술관 등 전통시장.,0,Human,96,124,2,48.0,12.0,36,19,2,0,0,1,0.5277777777777778,0.05555555555555555,0.0,0.0,0.027777777777777776,0.19791666666666666,0.010416666666666666,0,0,2,0,0,3,0.052083333333333336
강남역 라멘 맛집 마루이치[강남역맛집/데이트코스/혼밥]... ,맛집_리뷰,라멘 마루이치 이름은 몇 번 봤는데 이제야 가봄. 양은 생각보다 괜찮고 맛은 익숙한 쪽. 웨이팅 길면 굳이 기다릴 정도는 아닌 듯. 딱히 특별하진 않은데 기억은 남는 편이다. 딱히 특별하진 않은데 기억은 남는 편이다. 기대치를 낮추고 가면 무난한 정도.,라멘 마루이치 이름은 몇 번 봤는데 이제야 가봄. 양은 생각보다 괜찮고 맛은 익숙한 쪽. 웨이팅 길면 굳이 기다릴 정도는 아닌 듯. 딱히 특별하진 않은데 기억은 남는 편이다. 딱히 특별하진 않은데 기억은 남는 편이다. 기대치를 낮추고 가면 무난한 정도.,1,AI_v2,104,141,6,17.333333333333332,1.5986105077709065,57,24,8,8,0,10,0.42105263157894735,0.14035087719298245,0.14035087719298245,0.0,0.17543859649122806,0.23076923076923078,0.09615384615384616,0,0,6,0,0,0,0.057692307692307696
신설동 육전식당 1호점 #아이폰11프로 음식사진,상품_리뷰,신설동 육전식당 기록. 자리 간격은 넓진 않았고 음식은 바로 먹기 괜찮았다. 막 특별하진 않은데 배고플 때 들르면 나쁘지 않은 정도. 사진은 몇 장 찍었는데 정리는 나중에 해야겠다. 사진은 몇 장 찍었는데 정리는 나중에 해야겠다.,신설동 육전식당 기록. 자리 간격은 넓진 않았고 음식은 바로 먹기 괜찮았다. 막 특별하진 않은데 배고플 때 들르면 나쁘지 않은 정도. 사진은 몇 장 찍었는데 정리는 나중에 해야겠다. 사진은 몇 장 찍었는데 정리는 나중에 해야겠다.,1,AI_v2,95,128,5,19.0,4.6475800154489,49,22,8,5,0,8,0.4489795918367347,0.16326530612244897,0.10204081632653061,0.0,0.16326530612244897,0.23157894736842105,0.08421052631578947,0,0,5,0,0,0,0.05263157894736842
호주 시드니 애플스토어에서 아이폰11(iPhone11) 화이트... ,상품_리뷰,"호주 시드니 사용해봄. 장점은 간단하고 단점은 기대보다 평범하다는 것. 그래도 당장 쓰기엔 문제 없고, 재구매는 조금 더 봐야 할 듯. 시간 맞으면 한 번쯤 들를만함. 급하게 정한 일정치고는 나쁘지 않았다. 이런 곳도 있었네 싶었다.",호주 시드니 사용해봄. 장점은 간단하고 단점은 기대보다 평범하다는 것. 그래도 당장 쓰기엔 문제 없고 재구매는 조금 더 봐야 할 듯. 시간 맞으면 한 번쯤 들를만함. 급하게 정한 일정치고는 나쁘지 않았다. 이런 곳도 있었네 싶었다.,1,AI_v2,96,129,6,16.0,5.163977794943222,50,19,10,7,1,6,0.38,0.2,0.14,0.02,0.12,0.19791666666666666,0.0625,0,0,6,0,0,0,0.0625
2020년 연말정산 소득공제 똑똑히 챙기기!,전문_정보,매년 준비하지만 매년 헷갈리는 신기한 연말정산 소득공제 알차게 챙기기 위해서 혹시 놓친 부분은 없는지 미리 점검하고 확인하는 것이 좋은데요. 2020년 달라진 소득공제율과 항목 그리고 절세 노하우 등에... ,매년 준비하지만 매년 헷갈리는 신기한 연말정산 소득공제 알차게 챙기기 위해서 혹시 놓친 부분은 없는지 미리 점검하고 확인하는 것이 좋은데요. 2020년 달라진 소득공제율과 항목 그리고 절세 노하우 등에.,0,Human,87,113,2,43.5,16.5,38,19,5,5,0,5,0.5,0.13157894736842105,0.13157894736842105,0.0,0.13157894736842105,0.21839080459770116,0.05747126436781609,0,0,2,0,0,0,0.022988505747126436
"구매한 내돈내산 후기! (+ 아이폰 케이스 추천, 아이폰 색상... ",상품_리뷰,"구매한 써봄. 기대만큼은 아니지만 못 쓸 정도도 아님. 간단하게 쓰기엔 괜찮고, 오래 쓰면 평가가 조금 달라질 수도. 다음엔 다른 메뉴도 봐야 할 듯. 딱히 특별하진 않은데 기억은 남는 편이다. 가격은 막 싸진 않았고 위치는 찾기 쉬운 편.",구매한 써봄. 기대만큼은 아니지만 못 쓸 정도도 아님. 간단하게 쓰기엔 괜찮고 오래 쓰면 평가가 조금 달라질 수도. 다음엔 다른 메뉴도 봐야 할 듯. 딱히 특별하진 않은데 기억은 남는 편이다. 가격은 막 싸진 않았고 위치는 찾기 쉬운 편.,1,AI_v2,97,133,6,16.166666666666668,5.7566386797235145,55,20,10,7,1,11,0.36363636363636365,0.18181818181818182,0.12727272727272726,0.01818181818181818,0.2,0.20618556701030927,0.1134020618556701,0,0,6,0,0,0,0.061855670103092786
아이폰 11 pro 카메라 필름... 보호 O 빛번짐은 X ! (내돈내산),상품_리뷰,아이폰 11 pro 구매하자마자 대리점에서 카메라 필름을 붙여주셨거든용 왜냐...? 비싼 폰 이니까 ........ TRK 아이폰 11 pro 카메라 보호필름 빛반사 방지가 된다고 하시니 = 기준통과 선명도에 자신감 뿜뿜?... ,아이폰 11 pro 구매하자마자 대리점에서 카메라 필름을 붙여주셨거든용 왜냐.? 비싼 폰 이니까 . TRK 아이폰 11 pro 카메라 보호필름 빛반사 방지가 된다고 하시니 기준통과 선명도에 자신감 뿜뿜?.,0,Human,88,114,3,29.333333333333332,15.755069730795299,41,22,3,1,0,6,0.5365853658536586,0.07317073170731707,0.024390243902439025,0.0,0.14634146341463414,0.25,0.06818181818181818,0,0,3,0,2,0,0.056818181818181816
[강남역술집] 가성비 좋은 강남역 맛집/술집 경성주막1929,맛집_리뷰,흥 많은 친구들인 흥크루 친구들과 2019년 신년회 겸 오랜만에 강남에서 모였어요! 원래는 가고싶었던 술집이 있었는데 ㅠㅠ 웨이팅이 넘너뤼 긴 바람에 근처에 어디를 갈까하다 악바리 맞으편에 있던... ,흥 많은 친구들인 흥크루 친구들과 2019년 신년회 겸 오랜만에 강남에서 모였어요! 원래는 가고싶었던 술집이 있었는데 웨이팅이 넘너뤼 긴 바람에 근처에 어디를 갈까하다 악바리 맞으편에 있던.,0,Human,82,106,2,41.0,5.0,45,19,6,3,0,11,0.4222222222222222,0.13333333333333333,0.06666666666666667,0.0,0.24444444444444444,0.23170731707317074,0.13414634146341464,0,0,1,1,0,0,0.024390243902439025
[MONK] 아이폰 11pro 실리콘 케이스 내돈내산 ఇ,상품_리뷰,"가볍게 MONK 아이폰은 가볍게 써보기 좋은 제품이었어요. 기대를 너무 크게 하지 않으면 만족도가 높고, 실사용 기준으로는 꽤 괜찮게 느껴졌답니다. 다음에는 조금 더 여유 있게 다시 가보고 싶어요. 기대보다 편하게 즐길 수 있어서 만족스러운 시간이었답니다.",가볍게 MONK 아이폰은 가볍게 써보기 좋은 제품이었어요. 기대를 너무 크게 하지 않으면 만족도가 높고 실사용 기준으로는 꽤 괜찮게 느껴졌답니다. 다음에는 조금 더 여유 있게 다시 가보고 싶어요. 기대보다 편하게 즐길 수 있어서 만족스러운 시간이었답니다.,1,AI_v1,109,142,4,27.25,6.139014578904337,48,18,9,9,1,6,0.375,0.1875,0.1875,0.020833333333333332,0.125,0.1651376146788991,0.05504587155963303,2,0,4,0,0,0,0.03669724770642202
[2019 연말정산팁] 삼성페이 티머니 쓰면대중교통 소득공제... ,전문_정보,연말정산팁 관련해서 소소하게 기록해봤어요. 특별한 일은 아니었지만 막상 지나고 보니 은근 기억에 남아서 이렇게 남겨두고 싶더라고요. 기대보다 편하게 즐길 수 있어서 만족스러운 시간이었답니다. 짧게 들렀지만 생각보다 알차게 시간을 보냈어요.,연말정산팁 관련해서 소소하게 기록해봤어요. 특별한 일은 아니었지만 막상 지나고 보니 은근 기억에 남아서 이렇게 남겨두고 싶더라고요. 기대보다 편하게 즐길 수 있어서 만족스러운 시간이었답니다. 짧게 들렀지만 생각보다 알차게 시간을 보냈어요.,1,AI_v1,105,133,4,26.25,7.1545440106270926,44,14,11,8,1,6,0.3181818181818182,0.25,0.18181818181818182,0.022727272727272728,0.13636363636363635,0.13333333333333333,0.05714285714285714,2,0,4,0,0,0,0.0380952380952381
[내돈내산]갤럭시에서 아이폰11pro로 바꾼 후기,상품_리뷰,드디어 드디어 기다려왔던 아이폰11pro후기를 쓸려고 왔습니다!!!! 오래 기다리셨죠ㅠ 제가 아이폰을 처음 쓰는 거라 적응할 시간이 필요 했어요(변명중) 저는 아이폰11프로 에만 있는 색상인 미드나잇 그린으로... ,드디어 드디어 기다려왔던 아이폰11pro후기를 쓸려고 왔습니다! 오래 기다리셨죠 제가 아이폰을 처음 쓰는 거라 적응할 시간이 필요 했어요 변명중 저는 아이폰11프로 에만 있는 색상인 미드나잇 그린으로.,0,Human,88,112,2,44.0,14.0,42,15,7,2,3,9,0.35714285714285715,0.16666666666666666,0.047619047619047616,0.07142857142857142,0.21428571428571427,0.17045454545454544,0.10227272727272728,1,0,1,1,0,0,0.022727272727272728
2020년 연말정산 변경된 혜택,전문_정보,연말정산 해봤다. 특별한 감상은 없고 그냥 해야 해서 한 느낌. 그래도 끝내고 나니 신경 쓰이던 게 하나 줄었다. 시간 맞으면 한 번쯤 들를만함. 사람이 좀 있어서 조용한 느낌은 아니었음. 다음엔 다른 메뉴도 봐야 할 듯.,연말정산 해봤다. 특별한 감상은 없고 그냥 해야 해서 한 느낌. 그래도 끝내고 나니 신경 쓰이던 게 하나 줄었다. 시간 맞으면 한 번쯤 들를만함. 사람이 좀 있어서 조용한 느낌은 아니었음. 다음엔 다른 메뉴도 봐야 할 듯.,1,AI_v2,90,124,6,15.0,4.08248290463863,48,18,12,5,1,5,0.375,0.25,0.10416666666666667,0.020833333333333332,0.10416666666666667,0.2,0.05555555555555555,0,0,6,0,0,0,0.06666666666666667
내돈내산 아이폰11pro 256GB 쿠팡 구매후기,상품_리뷰,아이폰 11pro 조금 늦은 언박싱 쓰던 핸드폰이 박살나서 아이폰을 눈여겨 보던중에 쿠팡에서 애플과의 계약으로 정품판매를 하고 있기때문에 믿고 구매했다. 로켓배송이라 겁나 빨리 날라왔당ㅎㅎ호호홓ㅎ... ,아이폰 11pro 조금 늦은 언박싱 쓰던 핸드폰이 박살나서 아이폰을 눈여겨 보던중에 쿠팡에서 애플과의 계약으로 정품판매를 하고 있기때문에 믿고 구매했다. 로켓배송이라 겁나 빨리 날라왔당 호호홓 .,0,Human,85,109,2,42.5,24.5,45,19,11,1,1,9,0.4222222222222222,0.24444444444444444,0.022222222222222223,0.022222222222222223,0.2,0.2235294117647059,0.10588235294117647,0,0,2,0,0,0,0.023529411764705882
★폰케이스★ 아이폰11 카카오프렌즈 케이스 / 내돈내산,상품_리뷰,행복하시길~~~ 내돈내산 후기 시작하겠습니다 아이폰11 케이스 진짜 아직도 예쁜게 없네요ㅠ 그나마 제가 좋아하는 가드업케이스는 카카오프렌즈 밖에 없더라구요~ 제가 못 찾는 건지ㅠ 고민고민하다... ,행복하시길~ 내돈내산 후기 시작하겠습니다 아이폰11 케이스 진짜 아직도 예쁜게 없네요 그나마 제가 좋아하는 가드업케이스는 카카오프렌즈 밖에 없더라구요~ 제가 못 찾는 건지 고민고민하다.,0,Human,82,103,1,82.0,0.0,39,17,3,5,2,5,0.4358974358974359,0.07692307692307693,0.1282051282051282,0.05128205128205128,0.1282051282051282,0.2073170731707317,0.06097560975609756,0,0,1,0,0,2,0.036585365853658534
2020년 연말정산! 문화비 소득공제에 대해 알아보자!,전문_정보,"연말정산! 문화비는 시작은 귀찮았는데 하다 보니 괜찮았음. 엄청 의미 있는 건 아니고, 그래도 하루가 조금 정리된 느낌. 급하게 정한 일정치고는 나쁘지 않았다. 급하게 정한 일정치고는 나쁘지 않았다. 이런 곳도 있었네 싶었다.",연말정산! 문화비는 시작은 귀찮았는데 하다 보니 괜찮았음. 엄청 의미 있는 건 아니고 그래도 하루가 조금 정리된 느낌. 급하게 정한 일정치고는 나쁘지 않았다. 급하게 정한 일정치고는 나쁘지 않았다. 이런 곳도 있었네 싶었다.,1,AI_v2,95,125,6,15.833333333333334,6.2826922749902545,46,14,6,10,2,7,0.30434782608695654,0.13043478260869565,0.21739130434782608,0.043478260869565216,0.15217391304347827,0.14736842105263157,0.07368421052631578,0,0,5,1,0,0,0.06315789473684211
"연말정산 실손의료비 공제, 조회하는 법, 가산세등 Q&amp;A",전문_정보,연말정산 관련해서 소소하게 기록해봤어요. 특별한 일은 아니었지만 막상 지나고 보니 은근 기억에 남아서 이렇게 남겨두고 싶더라고요. 처음 가보는 분들도 크게 부담 없이 즐길 수 있을 것 같아요. 전체적으로 무난하면서도 기분 좋게 마무리할 수 있었어요.,연말정산 관련해서 소소하게 기록해봤어요. 특별한 일은 아니었지만 막상 지나고 보니 은근 기억에 남아서 이렇게 남겨두고 싶더라고요. 처음 가보는 분들도 크게 부담 없이 즐길 수 있을 것 같아요. 전체적으로 무난하면서도 기분 좋게 마무리할 수 있었어요.,1,AI_v1,106,139,4,26.5,7.0178344238090995,50,19,11,7,2,5,0.38,0.22,0.14,0.04,0.1,0.1792452830188679,0.04716981132075472,2,0,4,0,0,0,0.03773584905660377
2020년 연말정산 월세액 세액공제,전문_정보,연말정산 월세액 관련해서 소소하게 기록해봤어요. 특별한 일은 아니었지만 막상 지나고 보니 은근 기억에 남아서 이렇게 남겨두고 싶더라고요. 기대보다 편하게 즐길 수 있어서 만족스러운 시간이었답니다. 전체적으로 무난하면서도 기분 좋게 마무리할 수 있었어요.,연말정산 월세액 관련해서 소소하게 기록해봤어요. 특별한 일은 아니었지만 막상 지나고 보니 은근 기억에 남아서 이렇게 남겨두고 싶더라고요. 기대보다 편하게 즐길 수 있어서 만족스러운 시간이었답니다. 전체적으로 무난하면서도 기분 좋게 마무리할 수 있었어요.,1,AI_v1,111,141,4,27.75,6.098155458825234,48,18,11,8,1,5,0.375,0.22916666666666666,0.16666666666666666,0.020833333333333332,0.10416666666666667,0.16216216216216217,0.04504504504504504,2,0,4,0,0,0,0.036036036036036036
"2020년 연말정산, 소득공제 새로운 항목 확실하게 챙기는 방법",전문_정보,"벌써 12월에 접어들면서 13월의 월급이라는 2020년 똑똑한 연말정산, 소득공제 확실하게 챙기는 방법 소개해드리겠습니다 연말정산 국세청에서 1년 동안 간이세액표에 따라 거둬들인 근로소득세를 연말에 다시... ",벌써 12월에 접어들면서 13월의 월급이라는 2020년 똑똑한 연말정산 소득공제 확실하게 챙기는 방법 소개해드리겠습니다 연말정산 국세청에서 1년 동안 간이세액표에 따라 거둬들인 근로소득세를 연말에 다시.,0,Human,91,113,1,91.0,0.0,36,16,6,2,0,5,0.4444444444444444,0.16666666666666666,0.05555555555555555,0.0,0.1388888888888889,0.17582417582417584,0.054945054945054944,0,0,1,0,0,0,0.01098901098901099
2020년 연말정산! 산후조리원 등 혜택 커진 소득 공제 항목... ,전문_정보,"직장인들에겐 13월의 월급이라고 불리는 연말정산, 2019년을 마무리하고 2020년 연말정산이 곧... 200만원까지 연말소득공제 받을 수 있다고 해요. 산후조리원 비용은 1월 15일부터 연말정산 간소화 서비스에서... ",직장인들에겐 13월의 월급이라고 불리는 연말정산 2019년을 마무리하고 2020년 연말정산이 곧. 200만원까지 연말소득공제 받을 수 있다고 해요. 산후조리원 비용은 1월 15일부터 연말정산 간소화 서비스에서.,0,Human,95,117,3,31.666666666666668,9.741092797468305,39,15,2,1,0,7,0.38461538461538464,0.05128205128205128,0.02564102564102564,0.0,0.1794871794871795,0.15789473684210525,0.07368421052631578,1,0,3,0,0,0,0.031578947368421054
연말정산 미리보기 및 올해부터 달라진 소득공제 내용은?,전문_정보,연말정산 미리보기 해봤다. 특별한 감상은 없고 그냥 해야 해서 한 느낌. 그래도 끝내고 나니 신경 쓰이던 게 하나 줄었다. 이런 곳도 있었네 싶었다. 다음엔 다른 메뉴도 봐야 할 듯. 급하게 정한 일정치고는 나쁘지 않았다.,연말정산 미리보기 해봤다. 특별한 감상은 없고 그냥 해야 해서 한 느낌. 그래도 끝내고 나니 신경 쓰이던 게 하나 줄었다. 이런 곳도 있었네 싶었다. 다음엔 다른 메뉴도 봐야 할 듯. 급하게 정한 일정치고는 나쁘지 않았다.,1,AI_v2,91,124,6,15.166666666666666,3.337497399083464,45,16,11,6,1,5,0.35555555555555557,0.24444444444444444,0.13333333333333333,0.022222222222222223,0.1111111111111111,0.17582417582417584,0.054945054945054944,0,0,6,0,0,0,0.06593406593406594
[내돈내산] 아이폰11프로 파워서포트 에어자켓 &amp; 안티글레어... ,상품_리뷰,"아이폰11프로를 며칠 써봤다. 기능은 평범하지만 안정적이고, 크게 거슬리는 부분은 없었다. 필요한 사람한테는 괜찮은 선택일 듯. 다음엔 다른 메뉴도 봐야 할 듯. 사람이 좀 있어서 조용한 느낌은 아니었음. 엄청난 건 아니고 그냥 기록용.",아이폰11프로를 며칠 써봤다. 기능은 평범하지만 안정적이고 크게 거슬리는 부분은 없었다. 필요한 사람한테는 괜찮은 선택일 듯. 다음엔 다른 메뉴도 봐야 할 듯. 사람이 좀 있어서 조용한 느낌은 아니었음. 엄청난 건 아니고 그냥 기록용.,1,AI_v2,100,131,6,16.666666666666668,4.533823502911815,54,22,6,9,0,9,0.4074074074074074,0.1111111111111111,0.16666666666666666,0.0,0.16666666666666666,0.22,0.09,0,0,6,0,0,0,0.06
"강남역 맛집 바비레드, 아들과 동행",맛집_리뷰,강남역은 가볍게 들른 곳인데 은근 기억에 남았어요. 메뉴가 깔끔하고 직원분들도 친절해서 편하게 먹고 왔습니다. 재방문 의사 있어요. 짧게 들렀지만 생각보다 알차게 시간을 보냈어요. 사진으로 남겨두기에도 괜찮아서 기억에 오래 남을 것 같아요.,강남역은 가볍게 들른 곳인데 은근 기억에 남았어요. 메뉴가 깔끔하고 직원분들도 친절해서 편하게 먹고 왔습니다. 재방문 의사 있어요. 짧게 들렀지만 생각보다 알차게 시간을 보냈어요. 사진으로 남겨두기에도 괜찮아서 기억에 오래 남을 것 같아요.,1,AI_v1,104,134,5,20.8,6.241794613730893,50,16,7,9,1,11,0.32,0.14,0.18,0.02,0.22,0.15384615384615385,0.10576923076923077,1,0,5,0,0,0,0.04807692307692308
"나도샀다이거야, 아이폰11pro256, 블루폰, 내돈내산... ",상품_리뷰,나는 가족공유 데이터가 묶여있어서(SKT) + 최소한의 요금제를 쓰기 때문에 + 게다가 단종 요금제라서 다른 요금제로 변경이 불가함 그리고 아이폰은 할인이 별로 없음ㅎ 아주 빠르게 샤샤샥 검색하여 사은품을... ,나는 가족공유 데이터가 묶여있어서 SKT 최소한의 요금제를 쓰기 때문에 게다가 단종 요금제라서 다른 요금제로 변경이 불가함 그리고 아이폰은 할인이 별로 없음 아주 빠르게 샤샤샥 검색하여 사은품을.,0,Human,84,109,1,84.0,0.0,44,24,2,3,0,10,0.5454545454545454,0.045454545454545456,0.06818181818181818,0.0,0.22727272727272727,0.2857142857142857,0.11904761904761904,0,0,1,0,0,0,0.011904761904761904
강남역맛집 : 강남진해장 - 곱창전골맛집,맛집_리뷰,강남역맛집은 가볍게 들른 곳인데 은근 기억에 남았어요. 메뉴가 깔끔하고 직원분들도 친절해서 편하게 먹고 왔습니다. 재방문 의사 있어요. 기대보다 편하게 즐길 수 있어서 만족스러운 시간이었답니다. 전체적으로 무난하면서도 기분 좋게 마무리할 수 있었어요.,강남역맛집은 가볍게 들른 곳인데 은근 기억에 남았어요. 메뉴가 깔끔하고 직원분들도 친절해서 편하게 먹고 왔습니다. 재방문 의사 있어요. 기대보다 편하게 즐길 수 있어서 만족스러운 시간이었답니다. 전체적으로 무난하면서도 기분 좋게 마무리할 수 있었어요.,1,AI_v1,110,140,5,22.0,6.54217089351845,50,18,8,10,0,7,0.36,0.16,0.2,0.0,0.14,0.16363636363636364,0.06363636363636363,1,0,5,0,0,0,0.045454545454545456
[내돈내산]갤럭시에서 아이폰11pro로 바꾼 후기,상품_리뷰,"내돈내산 갤럭시에서는 가볍게 써보기 좋은 제품이었어요. 기대를 너무 크게 하지 않으면 만족도가 높고, 실사용 기준으로는 꽤 괜찮게 느껴졌답니다. 짧게 들렀지만 생각보다 알차게 시간을 보냈어요. 전체적으로 무난하면서도 기분 좋게 마무리할 수 있었어요.",내돈내산 갤럭시에서는 가볍게 써보기 좋은 제품이었어요. 기대를 너무 크게 하지 않으면 만족도가 높고 실사용 기준으로는 꽤 괜찮게 느껴졌답니다. 짧게 들렀지만 생각보다 알차게 시간을 보냈어요. 전체적으로 무난하면서도 기분 좋게 마무리할 수 있었어요.,1,AI_v1,108,138,4,27.0,6.0,51,19,9,8,1,7,0.37254901960784315,0.17647058823529413,0.1568627450980392,0.0196078431372549,0.13725490196078433,0.17592592592592593,0.06481481481481481,1,0,4,0,0,0,0.037037037037037035
연말정산 실패? 빈대개미는 웁니다.(직장인의 2020년 연말정산),전문_정보,공제될 부분이 매니 없다는것 ㅠ 2020년 연말정산 기간 : 1월 15일 오픈 ~ 2월 말까지 (각 회사마다 제출 기한 다름!) 연 중에 이직을 하다보면 연말정산에서 세금을 어마어마하게 토해낸답니다. 퇴직금에 포함된... ,공제될 부분이 매니 없다는것 2020년 연말정산 기간 1월 15일 오픈 ~ 2월 말까지 각 회사마다 제출 기한 다름! 연 중에 이직을 하다보면 연말정산에서 세금을 어마어마하게 토해낸답니다. 퇴직금에 포함된.,0,Human,88,115,3,29.333333333333332,16.438437341250605,43,19,5,3,0,8,0.4418604651162791,0.11627906976744186,0.06976744186046512,0.0,0.18604651162790697,0.2159090909090909,0.09090909090909091,1,0,2,1,0,1,0.045454545454545456
[강남역 맛집] ‘라공방’에서 마라탕&amp;꿔바로우를 먹었어요!... ,맛집_리뷰,친구랑 강남역 ‘라공방’에서에 갔는데 전체적으로 무난해서 좋았어요. 음식 나오는 속도도 괜찮고 맛도 기대 이상이라 근처 맛집 찾는 분들께 추천드려요. 개인적으로는 너무 과하지 않은 점이 마음에 들었어요. 처음 가보는 분들도 크게 부담 없이 즐길 수 있을 것 같아요.,친구랑 강남역 라공방 에서에 갔는데 전체적으로 무난해서 좋았어요. 음식 나오는 속도도 괜찮고 맛도 기대 이상이라 근처 맛집 찾는 분들께 추천드려요. 개인적으로는 너무 과하지 않은 점이 마음에 들었어요. 처음 가보는 분들도 크게 부담 없이 즐길 수 있을 것 같아요.,1,AI_v1,110,147,4,27.5,4.387482193696061,62,24,10,4,2,13,0.3870967741935484,0.16129032258064516,0.06451612903225806,0.03225806451612903,0.20967741935483872,0.21818181818181817,0.11818181818181818,2,0,4,0,0,0,0.03636363636363636
【2020년 연말정산】 월세세액공제 대상자 및 공제율 10~12%,전문_정보,"요즘 연말정산】 월세세액공제 때문에 생각이 많았는데, 직접 해보니 생각보다 어렵지 않았어요. 천천히 정리하니 마음도 조금 편해진 느낌입니다. 전체적으로 무난하면서도 기분 좋게 마무리할 수 있었어요. 처음 가보는 분들도 크게 부담 없이 즐길 수 있을 것 같아요.",요즘 연말정산 월세세액공제 때문에 생각이 많았는데 직접 해보니 생각보다 어렵지 않았어요. 천천히 정리하니 마음도 조금 편해진 느낌입니다. 전체적으로 무난하면서도 기분 좋게 마무리할 수 있었어요. 처음 가보는 분들도 크게 부담 없이 즐길 수 있을 것 같아요.,1,AI_v1,109,143,4,27.25,6.94172168845741,53,24,7,8,2,6,0.4528301886792453,0.1320754716981132,0.1509433962264151,0.03773584905660377,0.11320754716981132,0.22018348623853212,0.05504587155963303,1,0,4,0,0,0,0.03669724770642202
2019년 귀속 연말정산 자료 한눈에 보기(소득공제/세액공제),전문_정보,2019년 귀속 연말정산 변경사항 1. 신용카드 소득공제 연장 - 공제대상 : 총 급여액의 25%를 초과하는... 예금/적금 이자 계산기 양식 샘플 퇴직자를 위한 연말정산 2020년 퇴직소득 원천징수영수증 경리/회계... ,2019년 귀속 연말정산 변경사항 1. 신용카드 소득공제 연장 공제대상 총 급여액의 25 를 초과하는. 예금 적금 이자 계산기 양식 샘플 퇴직자를 위한 연말정산 2020년 퇴직소득 원천징수영수증 경리 회계.,0,Human,88,115,3,29.333333333333332,11.145502331533658,43,29,1,0,0,3,0.6744186046511628,0.023255813953488372,0.0,0.0,0.06976744186046512,0.32954545454545453,0.03409090909090909,0,0,3,0,0,0,0.03409090909090909
2021년(2020년귀속) 연말정산일정 안내,전문_정보,코로나로 인해 공제한도와 카드사용 공제등이 늘어나며 납부세액이 조금은 줄어들 걸로 예상되는 2020년 연말정산입니다. 국세청에서도 연말정산 일정이 확정되어 보도자료가 나왔더군요. 2021년 연말정산... ,코로나로 인해 공제한도와 카드사용 공제등이 늘어나며 납부세액이 조금은 줄어들 걸로 예상되는 2020년 연말정산입니다. 국세청에서도 연말정산 일정이 확정되어 보도자료가 나왔더군요. 2021년 연말정산.,0,Human,91,111,3,30.333333333333332,17.632041540584257,41,17,5,2,0,9,0.4146341463414634,0.12195121951219512,0.04878048780487805,0.0,0.21951219512195122,0.18681318681318682,0.0989010989010989,0,0,3,0,0,0,0.03296703296703297
"2020년 연말정산, 지금부터 계획해야 성공한다",전문_정보,연말정산 지금부터 기록. 특별한 건 없고 그냥 그런 하루였다. 그래도 남겨두면 나중에 다시 볼 때 생각날 것 같음. 사진은 몇 장 찍었는데 정리는 나중에 해야겠다. 이런 곳도 있었네 싶었다. 이런 곳도 있었네 싶었다. 그냥 기록용으로 남겨두면 나중에 다시 보기 괜찮을 듯.,연말정산 지금부터 기록. 특별한 건 없고 그냥 그런 하루였다. 그래도 남겨두면 나중에 다시 볼 때 생각날 것 같음. 사진은 몇 장 찍었는데 정리는 나중에 해야겠다. 이런 곳도 있었네 싶었다. 이런 곳도 있었네 싶었다. 그냥 기록용으로 남겨두면 나중에 다시 보기 괜찮을 듯.,1,AI_v2,112,152,7,16.0,4.869731585445518,59,25,10,9,1,7,0.423728813559322,0.1694915254237288,0.15254237288135594,0.01694915254237288,0.11864406779661017,0.22321428571428573,0.0625,0,0,7,0,0,0,0.0625
아이폰11 PRO 자급제폰 스그 개봉기(+알뜰요금제/할인정보),상품_리뷰,매장에 있는거 다 꺼내보고 가죽 결이 제일 예쁜걸로 골라옴 아이폰11pro 자급제로 하나 장만하세여 저는 아주 만족중이니께 그럼 안뇽 내돈내산포스팅이지만 파트너스 활동으로 인한 수수료 받을 수 있음,매장에 있는거 다 꺼내보고 가죽 결이 제일 예쁜걸로 골라옴 아이폰11pro 자급제로 하나 장만하세여 저는 아주 만족중이니께 그럼 안뇽 내돈내산포스팅이지만 파트너스 활동으로 인한 수수료 받을 수 있음,0,Human,85,110,1,85.0,0.0,46,24,5,5,1,6,0.5217391304347826,0.10869565217391304,0.10869565217391304,0.021739130434782608,0.13043478260869565,0.2823529411764706,0.07058823529411765,0,0,0,0,0,0,0.0
[연말정산] 연말정산 준비하기_연금계좌세액공제,전문_정보,"이번에 요즘 연말정산 때문에 생각이 많았는데, 직접 해보니 생각보다 어렵지 않았어요. 천천히 정리하니 마음도 조금 편해진 느낌입니다. 개인적으로는 너무 과하지 않은 점이 마음에 들었어요. 처음 가보는 분들도 크게 부담 없이 즐길 수 있을 것 같아요.",이번에 요즘 연말정산 때문에 생각이 많았는데 직접 해보니 생각보다 어렵지 않았어요. 천천히 정리하니 마음도 조금 편해진 느낌입니다. 개인적으로는 너무 과하지 않은 점이 마음에 들었어요. 처음 가보는 분들도 크게 부담 없이 즐길 수 있을 것 같아요.,1,AI_v1,104,138,4,26.0,5.873670062235365,53,21,8,6,3,9,0.39622641509433965,0.1509433962264151,0.11320754716981132,0.05660377358490566,0.16981132075471697,0.20192307692307693,0.08653846153846154,1,0,4,0,0,0,0.038461538461538464
[내돈내산] 아이폰11 후면카메라 수리 후기 (광주 아이폰수리... ,상품_리뷰,월요일 지난주 수요일에 떨궈서 깨진 내 아이폰11 후면카메라 공식수리센터는 59만원 리퍼를 제안하고 (땡탈락) 중고폰으로 판매하고 공폰이던 고장난 아이폰7 수리해서 사용하고 일년뒤에 바꾸려고 했더니... ,월요일 지난주 수요일에 떨궈서 깨진 내 아이폰11 후면카메라 공식수리센터는 59만원 리퍼를 제안하고 땡탈락 중고폰으로 판매하고 공폰이던 고장난 아이폰7 수리해서 사용하고 일년뒤에 바꾸려고 했더니.,0,Human,87,109,1,87.0,0.0,45,23,5,0,0,11,0.5111111111111111,0.1111111111111111,0.0,0.0,0.24444444444444444,0.26436781609195403,0.12643678160919541,0,0,1,0,0,0,0.011494252873563218
아이폰11프로 핸드폰케이스... 투명케이스 ❤️ / 내돈내산... ,상품_리뷰,"아이폰11프로를 며칠 써봤다. 기능은 평범하지만 안정적이고, 크게 거슬리는 부분은 없었다. 필요한 사람한테는 괜찮은 선택일 듯. 급하게 정한 일정치고는 나쁘지 않았다. 시간 맞으면 한 번쯤 들를만함. 다음엔 다른 메뉴도 봐야 할 듯.",아이폰11프로를 며칠 써봤다. 기능은 평범하지만 안정적이고 크게 거슬리는 부분은 없었다. 필요한 사람한테는 괜찮은 선택일 듯. 급하게 정한 일정치고는 나쁘지 않았다. 시간 맞으면 한 번쯤 들를만함. 다음엔 다른 메뉴도 봐야 할 듯.,1,AI_v2,99,129,6,16.5,4.5,54,20,10,6,0,9,0.37037037037037035,0.18518518518518517,0.1111111111111111,0.0,0.16666666666666666,0.20202020202020202,0.09090909090909091,0,0,6,0,0,0,0.06060606060606061
"연말정산 기간에 꼭 체크할 것 : 하는법, 소득공제, 2020... ",전문_정보,"연말정산, 2020년에 달라진 점 1. 코로나로 인한 소득공제율 상향 코로나가 경제에 미친 여파가 절정이었던 3~7월동안의 소비에 대해서는 소득공제율 더 높습니다. 아까 소득공제쪽에서 보았던 공제율은... ",연말정산 2020년에 달라진 점 1. 코로나로 인한 소득공제율 상향 코로나가 경제에 미친 여파가 절정이었던 3~7월동안의 소비에 대해서는 소득공제율 더 높습니다. 아까 소득공제쪽에서 보았던 공제율은.,0,Human,88,111,3,29.333333333333332,18.153665072253467,43,18,4,4,0,7,0.4186046511627907,0.09302325581395349,0.09302325581395349,0.0,0.16279069767441862,0.20454545454545456,0.07954545454545454,0,0,3,0,0,1,0.045454545454545456
아이폰12 pro 골드(내돈내산 feat. SK 요금할인받기),상품_리뷰,핸드폰 바꾸고 싶어서 아이폰12 사전예약만 기다림 마지막에 디자인이 안 예뻐서 아이폰11로 할까 하다가 가격도 비슷하고 그래도 새로 나온 게 성능이 좋을 거 같아서 아이폰12 pro로 고고- 색상도 너무... ,핸드폰 바꾸고 싶어서 아이폰12 사전예약만 기다림 마지막에 디자인이 안 예뻐서 아이폰11로 할까 하다가 가격도 비슷하고 그래도 새로 나온 게 성능이 좋을 거 같아서 아이폰12 pro로 고고 색상도 너무.,0,Human,86,113,1,86.0,0.0,40,17,5,5,2,6,0.425,0.125,0.125,0.05,0.15,0.19767441860465115,0.06976744186046512,0,0,1,0,0,0,0.011627906976744186
아이폰 11PRO 핸드폰케이스 / 케이스티파이 / 내돈내산,상품_리뷰,"코로나 때문에 집콕으로 인해서 맛집 , 카페도 그렇구 영 ~ 새로운 업뎃 소식이 없었는데 핸드폰 11PRO로 바꾸고 남편이 사준 케이스 후기로 왔음 #케이스티파이 #내돈내산 #아이폰11PRO케이스 영롱한 나의... ",코로나 때문에 집콕으로 인해서 맛집 카페도 그렇구 영 ~ 새로운 업뎃 소식이 없었는데 핸드폰 11PRO로 바꾸고 남편이 사준 케이스 후기로 왔음 영롱한 나의.,0,Human,66,88,1,66.0,0.0,33,14,3,5,0,7,0.42424242424242425,0.09090909090909091,0.15151515151515152,0.0,0.21212121212121213,0.21212121212121213,0.10606060606060606,0,0,1,0,0,1,0.030303030303030304
"아이폰11프로 슬림케이스로 그립감 좋고, 안정감 좋은... ",상품_리뷰,아이폰11프로 슬림케이스로는 사용법이 어렵진 않았다. 마감은 보통이고 기능은 필요한 만큼만 있는 느낌. 오래 써봐야 알겠지만 첫인상은 나쁘지 않음. 다음엔 다른 메뉴도 봐야 할 듯. 기대치를 낮추고 가면 무난한 정도.,아이폰11프로 슬림케이스로는 사용법이 어렵진 않았다. 마감은 보통이고 기능은 필요한 만큼만 있는 느낌. 오래 써봐야 알겠지만 첫인상은 나쁘지 않음. 다음엔 다른 메뉴도 봐야 할 듯. 기대치를 낮추고 가면 무난한 정도.,1,AI_v2,93,121,5,18.6,4.2708313008125245,50,18,8,4,1,11,0.36,0.16,0.08,0.02,0.22,0.1935483870967742,0.11827956989247312,0,0,5,0,0,0,0.053763440860215055
내돈내산  아이폰11프로 케이스 [케이스티파이],상품_리뷰,아이폰 11프로 케이스의 꽃!!ㅋ 케이스티파이에서 케이스가 와써요~~ 아시죠?? 이걸 해야 인싸... 선물... 아이폰11프로 케이스티파이 네온샌드 케이스는 직접 커스텀이 가능해요 아이폰 11프로 케이스티파이... ,아이폰 11프로 케이스의 꽃! 케이스티파이에서 케이스가 와써요~ 아시죠? 이걸 해야 인싸. 선물. 아이폰11프로 케이스티파이 네온샌드 케이스는 직접 커스텀이 가능해요 아이폰 11프로 케이스티파이.,0,Human,88,109,5,17.6,14.853955702101711,50,26,5,1,0,6,0.52,0.1,0.02,0.0,0.12,0.29545454545454547,0.06818181818181818,1,0,3,1,1,1,0.06818181818181818
내돈내산 ESR 강화유리 필름 붙이기!(아이폰11promax) / 하남... ,상품_리뷰,내돈내산 써본 기록. 처음엔 별생각 없었는데 며칠 쓰다 보니 편한 부분이 있었다. 아쉬운 점도 조금 있지만 가격 생각하면 무난. 가격은 막 싸진 않았고 위치는 찾기 쉬운 편. 이런 곳도 있었네 싶었다. 딱히 특별하진 않은데 기억은 남는 편이다.,내돈내산 써본 기록. 처음엔 별생각 없었는데 며칠 쓰다 보니 편한 부분이 있었다. 아쉬운 점도 조금 있지만 가격 생각하면 무난. 가격은 막 싸진 않았고 위치는 찾기 쉬운 편. 이런 곳도 있었네 싶었다. 딱히 특별하진 않은데 기억은 남는 편이다.,1,AI_v2,100,136,6,16.666666666666668,5.312459150169743,55,20,10,10,0,6,0.36363636363636365,0.18181818181818182,0.18181818181818182,0.0,0.10909090909090909,0.2,0.06,0,0,6,0,0,0,0.06
[강남역 맛집] 88년도 개업 모퉁이집 솔직후기,맛집_리뷰,88년도 개업 먹어봄. 맛은 괜찮았고 특별히 불편한 건 없었다. 가게가 조금 북적여서 오래 앉아있긴 애매했고 그냥 식사하고 나오기 좋음. 다음엔 다른 메뉴도 봐야 할 듯. 딱히 특별하진 않은데 기억은 남는 편이다. 급하게 정한 일정치고는 나쁘지 않았다.,88년도 개업 먹어봄. 맛은 괜찮았고 특별히 불편한 건 없었다. 가게가 조금 북적여서 오래 앉아있긴 애매했고 그냥 식사하고 나오기 좋음. 다음엔 다른 메뉴도 봐야 할 듯. 딱히 특별하진 않은데 기억은 남는 편이다. 급하게 정한 일정치고는 나쁘지 않았다.,1,AI_v2,106,141,6,17.666666666666668,6.574360974438673,54,17,8,10,1,10,0.3148148148148148,0.14814814814814814,0.18518518518518517,0.018518518518518517,0.18518518518518517,0.16037735849056603,0.09433962264150944,0,0,6,0,0,0,0.05660377358490566
[청류벽/서초동] 막국수 3종 맛보기,맛집_리뷰,"막국수 쪽은 사람이 꽤 많았다. 메뉴판 보고 고르는데 가격대는 평범했고, 음식은 간이 센 편. 웨이팅 싫으면 애매한 시간에 가는 게 나을 듯. 시간 맞으면 한 번쯤 들를만함. 시간 맞으면 한 번쯤 들를만함. 시간 맞으면 한 번쯤 들를만함.",막국수 쪽은 사람이 꽤 많았다. 메뉴판 보고 고르는데 가격대는 평범했고 음식은 간이 센 편. 웨이팅 싫으면 애매한 시간에 가는 게 나을 듯. 시간 맞으면 한 번쯤 들를만함. 시간 맞으면 한 번쯤 들를만함. 시간 맞으면 한 번쯤 들를만함.,1,AI_v2,96,132,6,16.0,4.58257569495584,56,24,13,4,0,5,0.42857142857142855,0.23214285714285715,0.07142857142857142,0.0,0.08928571428571429,0.25,0.052083333333333336,0,0,6,0,0,0,0.0625
"[내돈내산, 아이폰11] CASETIFY 케이스 리뷰",상품_리뷰,내돈주고내가산 리뷰입니다 아이 사진을 찍는단 핑계로 아이폰11을 신랑으로 부터 출산선물로 받았어요(의미부여) 안드로이드 폰의 페이를 포기하고 구매한 첫 아이폰은 저에게 멘붕을 선물해주었습니다... ,내돈주고내가산 리뷰입니다 아이 사진을 찍는단 핑계로 아이폰11을 신랑으로 부터 출산선물로 받았어요 의미부여 안드로이드 폰의 페이를 포기하고 구매한 첫 아이폰은 저에게 멘붕을 선물해주었습니다.,0,Human,85,106,1,85.0,0.0,44,23,4,1,0,12,0.5227272727272727,0.09090909090909091,0.022727272727272728,0.0,0.2727272727272727,0.27058823529411763,0.1411764705882353,0,0,1,0,0,0,0.011764705882352941
[리뷰] 아이폰11pro 풀커버 강화유리필름 내돈내산 구매후기... ,상품_리뷰,한참 검색하고 알아보다가 #빅쏘 #4D강화유리 후기가 좋아보여서 바로 구매함 : ) #아이폰11pro 니까 후면... #아이폰액정보호 #아이폰액정필름 그래서 이제 해보려고 함 - 후어후어 사무실에 가져가서 해봤는데... ,한참 검색하고 알아보다가 후기가 좋아보여서 바로 구매함 니까 후면. 그래서 이제 해보려고 함 후어후어 사무실에 가져가서 해봤는데.,0,Human,56,72,2,28.0,1.0,29,13,4,1,1,6,0.4482758620689655,0.13793103448275862,0.034482758620689655,0.034482758620689655,0.20689655172413793,0.23214285714285715,0.10714285714285714,0,0,2,0,0,0,0.03571428571428571
"연말정산 부양가족 인적공제 기준, 소득 및 나이 요건",전문_정보,연말정산 부양가족 관련해서 소소하게 기록해봤어요. 특별한 일은 아니었지만 막상 지나고 보니 은근 기억에 남아서 이렇게 남겨두고 싶더라고요. 처음 가보는 분들도 크게 부담 없이 즐길 수 있을 것 같아요. 사진으로 남겨두기에도 괜찮아서 기억에 오래 남을 것 같아요.,연말정산 부양가족 관련해서 소소하게 기록해봤어요. 특별한 일은 아니었지만 막상 지나고 보니 은근 기억에 남아서 이렇게 남겨두고 싶더라고요. 처음 가보는 분들도 크게 부담 없이 즐길 수 있을 것 같아요. 사진으로 남겨두기에도 괜찮아서 기억에 오래 남을 것 같아요.,1,AI_v1,111,146,4,27.75,6.015604707757983,53,20,10,7,3,8,0.37735849056603776,0.18867924528301888,0.1320754716981132,0.05660377358490566,0.1509433962264151,0.18018018018018017,0.07207207207207207,3,0,4,0,0,0,0.036036036036036036
뱅뱅사거리맛집 조순금 닭도리탕 강남역 맛집 회식장소추천,맛집_리뷰,#닭도리탕 #맛집 #뱅뱅사거리맛집 #강남역맛집 #역삼동맛집 #조순금닭도리탕 벌써 2019년 12월달입니다 날씨도 춥고 따뜻하고 얼큰한게 먹고싶어서 집근처 맛집을 찾아다니다 닭도리탕 발견! 찾아보니 조순금... ,벌써 2019년 12월달입니다 날씨도 춥고 따뜻하고 얼큰한게 먹고싶어서 집근처 맛집을 찾아다니다 닭도리탕 발견! 찾아보니 조순금.,0,Human,58,72,2,29.0,21.0,22,8,4,2,0,2,0.36363636363636365,0.18181818181818182,0.09090909090909091,0.0,0.09090909090909091,0.13793103448275862,0.034482758620689655,0,0,1,1,0,0,0.034482758620689655
[애플] 아이폰11 퍼플 128GB 같이 언박싱해요! 내돈내산 후기,상품_리뷰,애플 사용해보니 처음 기대했던 것보다 만족도가 괜찮았어요. 큰 단점은 없었고 일상에서 쓰기 편해서 당분간 계속 써볼 생각입니다. 다음에는 조금 더 여유 있게 다시 가보고 싶어요. 전체적으로 무난하면서도 기분 좋게 마무리할 수 있었어요.,애플 사용해보니 처음 기대했던 것보다 만족도가 괜찮았어요. 큰 단점은 없었고 일상에서 쓰기 편해서 당분간 계속 써볼 생각입니다. 다음에는 조금 더 여유 있게 다시 가보고 싶어요. 전체적으로 무난하면서도 기분 좋게 마무리할 수 있었어요.,1,AI_v1,100,131,4,25.0,3.24037034920393,48,22,7,8,0,6,0.4583333333333333,0.14583333333333334,0.16666666666666666,0.0,0.125,0.22,0.06,0,0,4,0,0,0,0.04
2020년 연말정산을 준비 하기 필요한 것들...,전문_정보,"가볍게 요즘 연말정산을 준비 때문에 생각이 많았는데, 직접 해보니 생각보다 어렵지 않았어요. 천천히 정리하니 마음도 조금 편해진 느낌입니다. 사진으로 남겨두기에도 괜찮아서 기억에 오래 남을 것 같아요. 처음 가보는 분들도 크게 부담 없이 즐길 수 있을 것 같아요.",가볍게 요즘 연말정산을 준비 때문에 생각이 많았는데 직접 해보니 생각보다 어렵지 않았어요. 천천히 정리하니 마음도 조금 편해진 느낌입니다. 사진으로 남겨두기에도 괜찮아서 기억에 오래 남을 것 같아요. 처음 가보는 분들도 크게 부담 없이 즐길 수 있을 것 같아요.,1,AI_v1,110,146,4,27.5,6.87386354243376,55,22,6,9,3,10,0.4,0.10909090909090909,0.16363636363636364,0.05454545454545454,0.18181818181818182,0.2,0.09090909090909091,2,0,4,0,0,0,0.03636363636363636
강남역 맛집- 쉑쉑버거 Shake Shack  아주 리얼후기,맛집_리뷰,강남역 쉑쉑버거 솔직후기 2019년 7월초. ※우리나라에 쉑쉑버거 처음 오픈한날... 사람들이 줄 엄청 서서 먹었다는 그 ~~&quot;쉑쉑버거&quot; 예전에 뉴스에서 본적있었는데 ..남편이 맛이 궁금하다고 해서 다녀옴 결론은... ,강남역 쉑쉑버거 솔직후기 2019년 7월초. 우리나라에 쉑쉑버거 처음 오픈한날. 사람들이 줄 엄청 서서 먹었다는 그 ~쉑쉑버거 예전에 뉴스에서 본적있었는데 .남편이 맛이 궁금하다고 해서 다녀옴 결론은.,0,Human,88,112,4,22.0,6.519202405202649,46,23,3,2,1,7,0.5,0.06521739130434782,0.043478260869565216,0.021739130434782608,0.15217391304347827,0.26136363636363635,0.07954545454545454,0,0,4,0,0,1,0.056818181818181816
[강남역 맛집] 피그인더가든 강남점,맛집_리뷰,친구랑 강남역에 갔는데 전체적으로 무난해서 좋았어요. 음식 나오는 속도도 괜찮고 맛도 기대 이상이라 근처 맛집 찾는 분들께 추천드려요. 개인적으로는 너무 과하지 않은 점이 마음에 들었어요. 다음에는 조금 더 여유 있게 다시 가보고 싶어요.,친구랑 강남역에 갔는데 전체적으로 무난해서 좋았어요. 음식 나오는 속도도 괜찮고 맛도 기대 이상이라 근처 맛집 찾는 분들께 추천드려요. 개인적으로는 너무 과하지 않은 점이 마음에 들었어요. 다음에는 조금 더 여유 있게 다시 가보고 싶어요.,1,AI_v1,101,133,4,25.25,5.261891294962297,54,22,10,3,1,11,0.4074074074074074,0.18518518518518517,0.05555555555555555,0.018518518518518517,0.2037037037037037,0.21782178217821782,0.10891089108910891,1,0,4,0,0,0,0.039603960396039604
신용카드 등 사용금액 소득공제(feat. 2020년 연말정산... ,전문_정보,신용카드 궁금해서 써봤는데 막 놀랄 정도는 아니었다. 그래도 손이 자주 가긴 함. 불편한 점은 조금씩 보이는데 못 쓸 정도는 아님. 가격은 막 싸진 않았고 위치는 찾기 쉬운 편. 사진은 몇 장 찍었는데 정리는 나중에 해야겠다.,신용카드 궁금해서 써봤는데 막 놀랄 정도는 아니었다. 그래도 손이 자주 가긴 함. 불편한 점은 조금씩 보이는데 못 쓸 정도는 아님. 가격은 막 싸진 않았고 위치는 찾기 쉬운 편. 사진은 몇 장 찍었는데 정리는 나중에 해야겠다.,1,AI_v2,92,126,5,18.4,4.029888335921977,50,19,10,5,2,9,0.38,0.2,0.1,0.04,0.18,0.20652173913043478,0.09782608695652174,0,0,5,0,0,0,0.05434782608695652
그립감 좋은 아이폰 11 정품 케이스 후기(소프트 화이트),상품_리뷰,"#아이폰11케이스, #아이폰11정품케이스, #아이폰11실리콘케이스, #내돈내산 아이폰 12 프로 케이스 뒤지다 착한 가격에 풀린 아이폰 11 정품 케이스 겟했어요. 지난달 말에 주문한 아이폰 12 프로는 언제 올런지... ",아이폰 12 프로 케이스 뒤지다 착한 가격에 풀린 아이폰 11 정품 케이스 겟했어요. 지난달 말에 주문한 아이폰 12 프로는 언제 올런지.,0,Human,57,77,2,28.5,6.5,29,15,2,1,0,6,0.5172413793103449,0.06896551724137931,0.034482758620689655,0.0,0.20689655172413793,0.2631578947368421,0.10526315789473684,1,0,2,0,0,0,0.03508771929824561
아이폰11pro vs 아이폰 12pro 비교,상품_리뷰,쪽이 틀리군요 옛날디자인이랑 비슷해서 반갑네요 간단하게 올려보았어요 ^^; 2탄으로 돌아오겠습니다 #아이폰12pro #아이폰12프로 #아이폰11pro #아이폰11프로 #아이폰11pro아이폰12pro비교 내돈내산,쪽이 틀리군요 옛날디자인이랑 비슷해서 반갑네요 간단하게 올려보았어요 2탄으로 돌아오겠습니다 내돈내산,0,Human,46,55,1,46.0,0.0,18,5,5,3,0,2,0.2777777777777778,0.2777777777777778,0.16666666666666666,0.0,0.1111111111111111,0.10869565217391304,0.043478260869565216,0,0,0,0,0,0,0.0
강남역 / 하이디라오 / 훠궈 / 2019.10.02,맛집_리뷰,"강남역 맛집, 하이디라오 방문일 : 2019년 10월 02일 (수요일 저녁) http://naver.me/FcUNJHQJ 전화번호 : 02-533-8260 주소 : 서울 서초구 서초대로77길 54 W-TOWER지도보기 영업시간 : 매일 10:00 - 09:00 매운 음식은 잘 못... ",강남역 맛집 하이디라오 방문일 2019년 10월 02일 수요일 저녁 전화번호 02 533 8260 주소 서울 서초구 서초대로77길 54 W TOWER지도보기 영업시간 매일 10 00 09 00 매운 음식은 잘 못.,0,Human,90,119,1,90.0,0.0,39,20,1,1,0,2,0.5128205128205128,0.02564102564102564,0.02564102564102564,0.0,0.05128205128205128,0.2222222222222222,0.022222222222222223,0,0,1,0,0,0,0.011111111111111112
[연말정산] 2020년 올해 달라진 점은? (ft. 카드공제 혜택 확대),전문_정보,연말정산을 할 때 우리의 세금을 줄여줄 수 있는 가장 중요한 것이 바로 소득공제와 세액공제인데요.... 또한 소비활성화를 위해 2020년 신용카드등 사용분에 대한 소득공제 한도액을 급여 구간마다 30만원씩... ,연말정산을 할 때 우리의 세금을 줄여줄 수 있는 가장 중요한 것이 바로 소득공제와 세액공제인데요. 또한 소비활성화를 위해 2020년 신용카드등 사용분에 대한 소득공제 한도액을 급여 구간마다 30만원씩.,0,Human,87,112,2,43.5,2.5,45,25,2,2,0,10,0.5555555555555556,0.044444444444444446,0.044444444444444446,0.0,0.2222222222222222,0.28735632183908044,0.11494252873563218,0,0,2,0,0,0,0.022988505747126436
2019년 5월 서울여행,맛집_리뷰,"유부초밥에게 맛집을 물어봤더니..저런 대답을 저희가 도착해서 처음 먹은 점심메뉴 나정순... 악 강남역 맛집 = 낙원테산도 (7,900원 / 8,900원) 다이노소어렉 칠면조 닭다리 후다닥 먹고, 다음 일정을 위해... ",유부초밥에게 맛집을 물어봤더니.저런 대답을 저희가 도착해서 처음 먹은 점심메뉴 나정순. 악 강남역 맛집 낙원테산도 7 900원 8 900원 다이노소어렉 칠면조 닭다리 후다닥 먹고 다음 일정을 위해.,0,Human,85,110,3,28.333333333333332,13.021349989749739,42,25,4,0,0,5,0.5952380952380952,0.09523809523809523,0.0,0.0,0.11904761904761904,0.29411764705882354,0.058823529411764705,0,0,3,0,0,0,0.03529411764705882
2020년 연말정산 미리보기 : 소득공제 세액공제 항목 및 확인,전문_정보,연말정산 사진 몇 장 찍어뒀다. 나중에 보면 별거 아닐 수도 있는데 그때 분위기가 있어서 남겨둠. 정리는 천천히 해야겠다. 이런 곳도 있었네 싶었다. 이런 곳도 있었네 싶었다. 시간 맞으면 한 번쯤 들를만함. 엄청 자세한 후기는 아니고 그냥 그때 느낌 위주.,연말정산 사진 몇 장 찍어뒀다. 나중에 보면 별거 아닐 수도 있는데 그때 분위기가 있어서 남겨둠. 정리는 천천히 해야겠다. 이런 곳도 있었네 싶었다. 이런 곳도 있었네 싶었다. 시간 맞으면 한 번쯤 들를만함. 엄청 자세한 후기는 아니고 그냥 그때 느낌 위주.,1,AI_v2,106,144,7,15.142857142857142,5.667666978536392,54,20,11,9,2,4,0.37037037037037035,0.2037037037037037,0.16666666666666666,0.037037037037037035,0.07407407407407407,0.18867924528301888,0.03773584905660377,0,0,7,0,0,0,0.0660377358490566
[강남역 맛집] 떡볶이무한리필 즉석떡볶이 '두끼 강남점' 가격인상,맛집_리뷰,#강남역맛집 #강남역두끼 #두끼강남점 #떡볶이무한리필 #즉석떡볶이 #강남맛집 [강남역 맛집]... 강남에서 일 할때는 종종 갔었는데 역삼에서 일하니 자주 안가게되더라구요ㅠ 2019년 1월부터 가격인상 1인당... ,강남역 맛집 . 강남에서 일 할때는 종종 갔었는데 역삼에서 일하니 자주 안가게되더라구요 2019년 1월부터 가격인상 1인당.,0,Human,54,69,2,27.0,21.0,27,11,5,0,0,3,0.4074074074074074,0.18518518518518517,0.0,0.0,0.1111111111111111,0.2037037037037037,0.05555555555555555,0,0,2,0,0,0,0.037037037037037035
2020 연말정산 달라진 공제항목 살펴보기,전문_정보,연말정산 달라진은 별일 아닌 듯해도 막상 겪어보니 나름 의미가 있었어요. 작은 변화였지만 하루 분위기가 달라져서 기분 좋게 마무리했답니다. 기대보다 편하게 즐길 수 있어서 만족스러운 시간이었답니다. 기대보다 편하게 즐길 수 있어서 만족스러운 시간이었답니다.,연말정산 달라진은 별일 아닌 듯해도 막상 겪어보니 나름 의미가 있었어요. 작은 변화였지만 하루 분위기가 달라져서 기분 좋게 마무리했답니다. 기대보다 편하게 즐길 수 있어서 만족스러운 시간이었답니다. 기대보다 편하게 즐길 수 있어서 만족스러운 시간이었답니다.,1,AI_v1,112,143,4,28.0,2.1213203435596424,46,17,11,10,0,4,0.3695652173913043,0.2391304347826087,0.21739130434782608,0.0,0.08695652173913043,0.15178571428571427,0.03571428571428571,3,0,4,0,0,0,0.03571428571428571
[청류벽/서초동] 막국수 3종 맛보기,맛집_리뷰,친구랑 청류벽에 갔는데 전체적으로 무난해서 좋았어요. 음식 나오는 속도도 괜찮고 맛도 기대 이상이라 근처 맛집 찾는 분들께 추천드려요. 사진으로 남겨두기에도 괜찮아서 기억에 오래 남을 것 같아요. 개인적으로는 너무 과하지 않은 점이 마음에 들었어요.,친구랑 청류벽에 갔는데 전체적으로 무난해서 좋았어요. 음식 나오는 속도도 괜찮고 맛도 기대 이상이라 근처 맛집 찾는 분들께 추천드려요. 사진으로 남겨두기에도 괜찮아서 기억에 오래 남을 것 같아요. 개인적으로는 너무 과하지 않은 점이 마음에 들었어요.,1,AI_v1,107,139,4,26.75,4.322904116447646,58,22,9,4,2,14,0.3793103448275862,0.15517241379310345,0.06896551724137931,0.034482758620689655,0.2413793103448276,0.205607476635514,0.1308411214953271,2,0,4,0,0,0,0.037383177570093455
굿즈메이커｜아이폰11 폰케이스 내돈내산 후기 ◡̈,상품_리뷰,며칠 동안 굿즈메이커｜아이폰11를 써봤는데 생각보다 손이 자주 가더라고요. 사용법도 어렵지 않고 마감도 괜찮아서 전체적으로 만족했어요. 처음 가보는 분들도 크게 부담 없이 즐길 수 있을 것 같아요. 다음에는 조금 더 여유 있게 다시 가보고 싶어요.,며칠 동안 굿즈메이커 아이폰11를 써봤는데 생각보다 손이 자주 가더라고요. 사용법도 어렵지 않고 마감도 괜찮아서 전체적으로 만족했어요. 처음 가보는 분들도 크게 부담 없이 즐길 수 있을 것 같아요. 다음에는 조금 더 여유 있게 다시 가보고 싶어요.,1,AI_v1,104,138,4,26.0,4.743416490252569,53,24,8,6,1,6,0.4528301886792453,0.1509433962264151,0.11320754716981132,0.018867924528301886,0.11320754716981132,0.23076923076923078,0.057692307692307696,3,0,4,0,0,0,0.038461538461538464
[내돈내산] 갤럭시20울트라 카메라 리뷰 / 아이폰11 비교,상품_리뷰,일반모드(야외) 야외에서 찍은 사진은 노트20울트라는 전반적으로 푸른 느낌이고 아이폰 11 은 조금 더... 차가운느낌이고 아이폰 11은 따뜻한 느낌이네요 갤럭시노트20울트라 vs 아이폰 11 촬영이 확실하게... ,일반모드 야외 야외에서 찍은 사진은 노트20울트라는 전반적으로 푸른 느낌이고 아이폰 11 은 조금 더. 차가운느낌이고 아이폰 11은 따뜻한 느낌이네요 갤럭시노트20울트라 vs 아이폰 11 촬영이 확실하게.,0,Human,90,114,2,45.0,1.0,43,22,2,3,0,7,0.5116279069767442,0.046511627906976744,0.06976744186046512,0.0,0.16279069767441862,0.24444444444444444,0.07777777777777778,0,1,2,0,0,0,0.022222222222222223
강남역 맛집 추천 : 수제맥주펍 브롱스(bronx),맛집_리뷰,수제맥주펍 브롱스 기록. 자리 간격은 넓진 않았고 음식은 바로 먹기 괜찮았다. 막 특별하진 않은데 배고플 때 들르면 나쁘지 않은 정도. 시간 맞으면 한 번쯤 들를만함. 사진은 몇 장 찍었는데 정리는 나중에 해야겠다. 엄청난 건 아니고 그냥 기록용.,수제맥주펍 브롱스 기록. 자리 간격은 넓진 않았고 음식은 바로 먹기 괜찮았다. 막 특별하진 않은데 배고플 때 들르면 나쁘지 않은 정도. 시간 맞으면 한 번쯤 들를만함. 사진은 몇 장 찍었는데 정리는 나중에 해야겠다. 엄청난 건 아니고 그냥 기록용.,1,AI_v2,102,138,6,17.0,4.795831523312719,53,25,9,7,0,5,0.4716981132075472,0.16981132075471697,0.1320754716981132,0.0,0.09433962264150944,0.24509803921568626,0.049019607843137254,0,0,6,0,0,0,0.058823529411764705
샤론6 해피베어 아이폰11 케이스 후기 - 만족하는 내돈내산,상품_리뷰,바로 리뷰 시작하겠습니당 샤론6 해피베어 아이폰11 케이스 소개 샤론6 해피베어 아이폰11 케이스 (출처:무신사) 오늘 리뷰 할 제품은 바로바로 튼튼한 폰케이스를 제작하는 샤론6의 해피베어 아이폰11 케이스!... ,바로 리뷰 시작하겠습니당 샤론6 해피베어 아이폰11 케이스 소개 샤론6 해피베어 아이폰11 케이스 출처 무신사 오늘 리뷰 할 제품은 바로바로 튼튼한 폰케이스를 제작하는 샤론6의 해피베어 아이폰11 케이스!.,0,Human,90,115,1,90.0,0.0,44,25,8,1,1,2,0.5681818181818182,0.18181818181818182,0.022727272727272728,0.022727272727272728,0.045454545454545456,0.2777777777777778,0.022222222222222223,0,0,1,1,0,0,0.022222222222222223
강남역 맛집 / 알요리 전문점 알부자 - 오랫동안 사랑받는 알찜... ,맛집_리뷰,알요리은 사진으로 봤던 느낌이랑 비슷했다. 음식 비주얼은 괜찮고 양도 보통. 먹다 보니 금방 배불러서 남길 뻔했다. 급하게 정한 일정치고는 나쁘지 않았다. 급하게 정한 일정치고는 나쁘지 않았다. 사람이 좀 있어서 조용한 느낌은 아니었음.,알요리은 사진으로 봤던 느낌이랑 비슷했다. 음식 비주얼은 괜찮고 양도 보통. 먹다 보니 금방 배불러서 남길 뻔했다. 급하게 정한 일정치고는 나쁘지 않았다. 급하게 정한 일정치고는 나쁘지 않았다. 사람이 좀 있어서 조용한 느낌은 아니었음.,1,AI_v2,101,132,6,16.833333333333332,1.5723301886761003,49,17,7,11,0,8,0.3469387755102041,0.14285714285714285,0.22448979591836735,0.0,0.16326530612244897,0.16831683168316833,0.07920792079207921,0,0,6,0,0,0,0.0594059405940594
"2020년 연말정산 필요서류, 세액 공제 대상은?",전문_정보,"생활정보 2020년 연말정산 필요서류, 세액 공제 대상은? 쎄이디 2020. 12. 16. 11:56 (Image Credit: getty's image) 안녕하세요 여러분 쎄이디입니다. 벌써 다음 주면 크리스마스네요. 요번 2020년도는 정말 다사다난한... ",생활정보 2020년 연말정산 필요서류 세액 공제 대상은? 쎄이디 2020. 12. 16. 11 56 Image Credit getty s image 안녕하세요 여러분 쎄이디입니다. 벌써 다음 주면 크리스마스네요. 요번 2020년도는 정말 다사다난한.,0,Human,111,139,7,15.857142857142858,12.608710950637844,45,15,1,5,0,2,0.3333333333333333,0.022222222222222223,0.1111111111111111,0.0,0.044444444444444446,0.13513513513513514,0.018018018018018018,0,0,6,0,1,0,0.06306306306306306
2020년 연말정산 '부동산공제',전문_정보,연말정산 부동산공제 관련해서 소소하게 기록해봤어요. 특별한 일은 아니었지만 막상 지나고 보니 은근 기억에 남아서 이렇게 남겨두고 싶더라고요. 기대보다 편하게 즐길 수 있어서 만족스러운 시간이었답니다. 가볍게 보기 좋고 부담 없이 참고하기에도 괜찮았어요.,연말정산 부동산공제 관련해서 소소하게 기록해봤어요. 특별한 일은 아니었지만 막상 지나고 보니 은근 기억에 남아서 이렇게 남겨두고 싶더라고요. 기대보다 편하게 즐길 수 있어서 만족스러운 시간이었답니다. 가볍게 보기 좋고 부담 없이 참고하기에도 괜찮았어요.,1,AI_v1,111,141,4,27.75,6.015604707757983,45,16,10,9,2,4,0.35555555555555557,0.2222222222222222,0.2,0.044444444444444446,0.08888888888888889,0.14414414414414414,0.036036036036036036,2,0,4,0,0,0,0.036036036036036036
"[비젠트로] 2020년 연말정산, ' 커진 혜택' 공제 항목 알아보기",전문_정보,"금액을 연말에 정산 및 조정하는 행위를 뜻합니다. 쉽게 말해, 세금을 기준액보다 많이 냈을 경우... 세액공제 연말정산 주요 변경사항 - 총급여 7천만 원 이하인 근로자가 산후조리원(｢모자보건법｣ 제2조... ",금액을 연말에 정산 및 조정하는 행위를 뜻합니다. 쉽게 말해 세금을 기준액보다 많이 냈을 경우. 세액공제 연말정산 주요 변경사항 총급여 7천만 원 이하인 근로자가 산후조리원 모자보건법 제2조.,0,Human,82,107,3,27.333333333333332,10.402991022884823,46,27,5,0,1,7,0.5869565217391305,0.10869565217391304,0.0,0.021739130434782608,0.15217391304347827,0.32926829268292684,0.08536585365853659,0,0,3,0,0,0,0.036585365853658534
2020년 연말정산 꿀팁! 전년도와 달라진 내용 확인하고 가세요~,전문_정보,"2020년 연말정산 꿀팁! 새롭게 달라진 점은? '13월의 월급', '13월의 보너스'라고 불리는 연말정산이... 확인해보세요~ &lt;2020 연말정산 기간&gt; 2020.1.15 부터 시작! 1.박물관·미술관 입장료 소득공제 추가 총 급여... ",2020년 연말정산 꿀팁! 새롭게 달라진 점은? 13월의 월급 13월의 보너스 라고 불리는 연말정산이. 확인해보세요~ 2020 연말정산 기간 2020.1.15 부터 시작! 1.박물관 미술관 입장료 소득공제 추가 총 급여.,0,Human,97,123,8,12.125,8.115378919064716,42,18,3,1,0,3,0.42857142857142855,0.07142857142857142,0.023809523809523808,0.0,0.07142857142857142,0.18556701030927836,0.030927835051546393,0,0,5,2,1,1,0.09278350515463918
강남역맛집:드뎌 먹었본 흑당버블티 타이거슈거,맛집_리뷰,"가볍게 강남역맛집 다녀왔는데 생각보다 분위기가 편해서 좋았어요. 음식도 깔끔하게 나와서 부담 없이 먹기 괜찮았고, 다음에 근처 가면 또 들러보고 싶더라고요. 기대보다 편하게 즐길 수 있어서 만족스러운 시간이었답니다.",가볍게 강남역맛집 다녀왔는데 생각보다 분위기가 편해서 좋았어요. 음식도 깔끔하게 나와서 부담 없이 먹기 괜찮았고 다음에 근처 가면 또 들러보고 싶더라고요. 기대보다 편하게 즐길 수 있어서 만족스러운 시간이었답니다.,1,AI_v1,93,119,3,31.0,5.0990195135927845,38,15,6,8,1,5,0.39473684210526316,0.15789473684210525,0.21052631578947367,0.02631578947368421,0.13157894736842105,0.16129032258064516,0.053763440860215055,2,0,3,0,0,0,0.03225806451612903
"아이폰 중고 저렴한곳 옥션, G마켓 11번가 행복폰 내돈내산 후기",상품_리뷰,오랜만에 아이폰 사용해보니 처음 기대했던 것보다 만족도가 괜찮았어요. 큰 단점은 없었고 일상에서 쓰기 편해서 당분간 계속 써볼 생각입니다. 다음에는 조금 더 여유 있게 다시 가보고 싶어요. 전체적으로 무난하면서도 기분 좋게 마무리할 수 있었어요.,오랜만에 아이폰 사용해보니 처음 기대했던 것보다 만족도가 괜찮았어요. 큰 단점은 없었고 일상에서 쓰기 편해서 당분간 계속 써볼 생각입니다. 다음에는 조금 더 여유 있게 다시 가보고 싶어요. 전체적으로 무난하면서도 기분 좋게 마무리할 수 있었어요.,1,AI_v1,105,137,4,26.25,4.205650960315181,51,23,7,8,0,7,0.45098039215686275,0.13725490196078433,0.1568627450980392,0.0,0.13725490196078433,0.21904761904761905,0.06666666666666667,0,0,4,0,0,0,0.0380952380952381
"강남역 맛집 - 토끼정, 커리하우스빈103",맛집_리뷰,2019년 3월 방문한 강남역 토끼정... 회사 김엉이 다른 회사로 이직후.... 간만에 다 같이 보자고 해서 주말에 날 잡아서 강남역으로 고고!!! 어디 갈까하다가 강남역 맛집으로... ,2019년 3월 방문한 강남역 토끼정. 회사 김엉이 다른 회사로 이직후. 간만에 다 같이 보자고 해서 주말에 날 잡아서 강남역으로 고고! 어디 갈까하다가 강남역 맛집으로.,0,Human,72,95,4,18.0,4.743416490252569,38,17,5,0,2,7,0.4473684210526316,0.13157894736842105,0.0,0.05263157894736842,0.18421052631578946,0.2361111111111111,0.09722222222222222,0,0,3,1,0,0,0.05555555555555555
2020년 연말정산 변경된 혜택,전문_정보,연말정산 관련해서 소소하게 기록해봤어요. 특별한 일은 아니었지만 막상 지나고 보니 은근 기억에 남아서 이렇게 남겨두고 싶더라고요. 사진으로 남겨두기에도 괜찮아서 기억에 오래 남을 것 같아요. 짧게 들렀지만 생각보다 알차게 시간을 보냈어요.,연말정산 관련해서 소소하게 기록해봤어요. 특별한 일은 아니었지만 막상 지나고 보니 은근 기억에 남아서 이렇게 남겨두고 싶더라고요. 사진으로 남겨두기에도 괜찮아서 기억에 오래 남을 것 같아요. 짧게 들렀지만 생각보다 알차게 시간을 보냈어요.,1,AI_v1,104,133,4,26.0,7.3824115301167,47,15,10,7,2,9,0.3191489361702128,0.2127659574468085,0.14893617021276595,0.0425531914893617,0.19148936170212766,0.14423076923076922,0.08653846153846154,2,0,4,0,0,0,0.038461538461538464
2020 연말정산 달라진 공제항목 살펴보기,전문_정보,"© paralitik, 출처 Unsplash 2020년 연말정산 소득공제 바뀐 항목에 대해 살펴보았습니다! 바뀐 항목을 참고하시고 소득공제 혜택을 폭넓게 누리시길 바랍니다. 감사합니다.",paralitik 출처 Unsplash 2020년 연말정산 소득공제 바뀐 항목에 대해 살펴보았습니다! 바뀐 항목을 참고하시고 소득공제 혜택을 폭넓게 누리시길 바랍니다. 감사합니다.,0,Human,82,100,3,27.333333333333332,16.77961726487096,26,9,7,1,0,3,0.34615384615384615,0.2692307692307692,0.038461538461538464,0.0,0.11538461538461539,0.10975609756097561,0.036585365853658534,0,0,2,1,0,0,0.036585365853658534
슬라임 + 강남 나폴리회관 + 수지 송정갈비 + 야탑 송화양꼬치,맛집_리뷰,드디어 2019년! 히히 모두 모두 새해 복 많이 받으셔요 집에 들어오는 길에 동생이 과자 사준다고 해서... #강남역맛집 #강남역화덕피자 귀염둥이 동생보다 조금 일찍 도착해서 메뉴판 정독 #콰트로프로마지... ,드디어 2019년! 히히 모두 모두 새해 복 많이 받으셔요 집에 들어오는 길에 동생이 과자 사준다고 해서. 귀염둥이 동생보다 조금 일찍 도착해서 메뉴판 정독,0,Human,65,87,3,21.666666666666668,10.614455552060438,31,15,5,0,4,4,0.4838709677419355,0.16129032258064516,0.0,0.12903225806451613,0.12903225806451613,0.23076923076923078,0.06153846153846154,0,0,1,1,0,0,0.03076923076923077
강남역 맛집 장인닭갈비 줄서서 먹은 보람이 있다!,맛집_리뷰,방문일: 2019년 3월 15일 방문장소: 서울 강남역 장인닭갈비 작성일: 2019년 3월 17일 작성장소: 서울 강남구 삼성동 (코엑스) 서울 강남역 맛집 장인닭갈비 리뷰를 시작합니다. 먼저 장인닭갈비 외관입니다. 눈과... ,방문일 2019년 3월 15일 방문장소 서울 강남역 장인닭갈비 작성일 2019년 3월 17일 작성장소 서울 강남구 삼성동 코엑스 서울 강남역 맛집 장인닭갈비 리뷰를 시작합니다. 먼저 장인닭갈비 외관입니다. 눈과.,0,Human,92,118,3,30.666666666666668,32.31442746239243,41,28,1,1,0,2,0.6829268292682927,0.024390243902439025,0.024390243902439025,0.0,0.04878048780487805,0.30434782608695654,0.021739130434782608,0,0,3,0,0,0,0.03260869565217391
"강남역 맛집 - 토끼정, 커리하우스빈103",맛집_리뷰,토끼정은 가게 앞에서 잠깐 기다렸다. 메뉴는 금방 정했고 맛은 평범한데 묘하게 계속 먹게 됨. 다음에 지나가면 또 생각날 수도. 사람이 좀 있어서 조용한 느낌은 아니었음. 사람이 좀 있어서 조용한 느낌은 아니었음. 엄청난 건 아니고 그냥 기록용.,토끼정은 가게 앞에서 잠깐 기다렸다. 메뉴는 금방 정했고 맛은 평범한데 묘하게 계속 먹게 됨. 다음에 지나가면 또 생각날 수도. 사람이 좀 있어서 조용한 느낌은 아니었음. 사람이 좀 있어서 조용한 느낌은 아니었음. 엄청난 건 아니고 그냥 기록용.,1,AI_v2,102,137,6,17.0,3.265986323710904,54,24,7,9,0,8,0.4444444444444444,0.12962962962962962,0.16666666666666666,0.0,0.14814814814814814,0.23529411764705882,0.0784313725490196,0,0,6,0,0,0,0.058823529411764705
(폰케이스 리뷰) 아이폰11 프로맥스 케이스 내돈내산후기,상품_리뷰,"아이폰11 사용해봄. 장점은 간단하고 단점은 기대보다 평범하다는 것. 그래도 당장 쓰기엔 문제 없고, 재구매는 조금 더 봐야 할 듯. 엄청난 건 아니고 그냥 기록용. 엄청난 건 아니고 그냥 기록용. 급하게 정한 일정치고는 나쁘지 않았다.",아이폰11 사용해봄. 장점은 간단하고 단점은 기대보다 평범하다는 것. 그래도 당장 쓰기엔 문제 없고 재구매는 조금 더 봐야 할 듯. 엄청난 건 아니고 그냥 기록용. 엄청난 건 아니고 그냥 기록용. 급하게 정한 일정치고는 나쁘지 않았다.,1,AI_v2,98,131,6,16.333333333333332,4.8876260995383936,51,22,6,9,1,6,0.43137254901960786,0.11764705882352941,0.17647058823529413,0.0196078431372549,0.11764705882352941,0.22448979591836735,0.061224489795918366,0,0,6,0,0,0,0.061224489795918366
쿠팡 아이폰 11 Pro Max 애플... 49% 할인값에 득템 내돈내산,상품_리뷰,쿠팡에서 애플 정품 실리콘 케이스를 할인된 가격에 팔아서 정보 공유차 내돈내산 후기 작성!! 애플... 그렇게 맞이한 아이폰 정품 실리콘 케이스 Blak 블랙색상 파랑성애자라서 파란색 계열 살까하다가... ,쿠팡에서 애플 정품 실리콘 케이스를 할인된 가격에 팔아서 정보 공유차 내돈내산 후기 작성! 애플. 그렇게 맞이한 아이폰 정품 실리콘 케이스 Blak 블랙색상 파랑성애자라서 파란색 계열 살까하다가.,0,Human,84,109,3,28.0,17.795130420052185,42,25,4,0,1,5,0.5952380952380952,0.09523809523809523,0.0,0.023809523809523808,0.11904761904761904,0.2976190476190476,0.05952380952380952,0,0,2,1,0,0,0.03571428571428571
iPhone 11 Pro 아이폰 11 pro (Feat 내돈내산 후기),상품_리뷰,"iPhone는 가볍게 써보기 좋은 제품이었어요. 기대를 너무 크게 하지 않으면 만족도가 높고, 실사용 기준으로는 꽤 괜찮게 느껴졌답니다. 짧게 들렀지만 생각보다 알차게 시간을 보냈어요. 전체적으로 무난하면서도 기분 좋게 마무리할 수 있었어요.",iPhone는 가볍게 써보기 좋은 제품이었어요. 기대를 너무 크게 하지 않으면 만족도가 높고 실사용 기준으로는 꽤 괜찮게 느껴졌답니다. 짧게 들렀지만 생각보다 알차게 시간을 보냈어요. 전체적으로 무난하면서도 기분 좋게 마무리할 수 있었어요.,1,AI_v1,105,134,4,26.25,6.378675411086537,47,16,10,8,1,6,0.3404255319148936,0.2127659574468085,0.1702127659574468,0.02127659574468085,0.1276595744680851,0.1523809523809524,0.05714285714285714,1,0,4,0,0,0,0.0380952380952381
2020 연말정산 미리미리 준비하기 [1편] 현금영수증 소득공제... ,전문_정보,연말정산 관련해서 그냥 남겨둠. 별일은 아니었는데 지나고 보니 기억날 것 같아서 적는다. 이런 날도 있었지 하는 정도. 이런 곳도 있었네 싶었다. 이런 곳도 있었네 싶었다. 사람이 좀 있어서 조용한 느낌은 아니었음.,연말정산 관련해서 그냥 남겨둠. 별일은 아니었는데 지나고 보니 기억날 것 같아서 적는다. 이런 날도 있었지 하는 정도. 이런 곳도 있었네 싶었다. 이런 곳도 있었네 싶었다. 사람이 좀 있어서 조용한 느낌은 아니었음.,1,AI_v2,90,120,6,15.0,4.69041575982343,43,12,10,11,0,4,0.27906976744186046,0.23255813953488372,0.2558139534883721,0.0,0.09302325581395349,0.13333333333333333,0.044444444444444446,0,0,6,0,0,0,0.06666666666666667
유나이티드 갤러리 2019년 5월 U매거진_첫째주 전시_김병구... ,맛집_리뷰,"유나이티드 다녀왔는데 생각보다 분위기가 편해서 좋았어요. 음식도 깔끔하게 나와서 부담 없이 먹기 괜찮았고, 다음에 근처 가면 또 들러보고 싶더라고요. 사진으로 남겨두기에도 괜찮아서 기억에 오래 남을 것 같아요.",유나이티드 다녀왔는데 생각보다 분위기가 편해서 좋았어요. 음식도 깔끔하게 나와서 부담 없이 먹기 괜찮았고 다음에 근처 가면 또 들러보고 싶더라고요. 사진으로 남겨두기에도 괜찮아서 기억에 오래 남을 것 같아요.,1,AI_v1,90,116,3,30.0,5.656854249492381,40,16,5,6,2,8,0.4,0.125,0.15,0.05,0.2,0.17777777777777778,0.08888888888888889,2,0,3,0,0,0,0.03333333333333333
[내돈내산] 아이폰11 후면카메라 수리 후기 (광주 아이폰수리... ,상품_리뷰,"아이폰11 후면카메라 사용해봄. 장점은 간단하고 단점은 기대보다 평범하다는 것. 그래도 당장 쓰기엔 문제 없고, 재구매는 조금 더 봐야 할 듯. 엄청난 건 아니고 그냥 기록용. 사람이 좀 있어서 조용한 느낌은 아니었음.",아이폰11 후면카메라 사용해봄. 장점은 간단하고 단점은 기대보다 평범하다는 것. 그래도 당장 쓰기엔 문제 없고 재구매는 조금 더 봐야 할 듯. 엄청난 건 아니고 그냥 기록용. 사람이 좀 있어서 조용한 느낌은 아니었음.,1,AI_v2,91,121,5,18.2,3.9698866482558417,48,21,5,8,1,7,0.4375,0.10416666666666667,0.16666666666666666,0.020833333333333332,0.14583333333333334,0.23076923076923078,0.07692307692307693,0,0,5,0,0,0,0.054945054945054944
"연말정산 기간에 꼭 체크할 것 : 하는법, 소득공제, 2020... ",전문_정보,"오늘은 연말정산 기간에에 대해 짧게 남겨봅니다. 큰 기대 없이 시작했는데 생각보다 만족스러웠고, 다음에도 비슷하게 해보고 싶어요. 짧게 들렀지만 생각보다 알차게 시간을 보냈어요. 전체적으로 무난하면서도 기분 좋게 마무리할 수 있었어요.",오늘은 연말정산 기간에에 대해 짧게 남겨봅니다. 큰 기대 없이 시작했는데 생각보다 만족스러웠고 다음에도 비슷하게 해보고 싶어요. 짧게 들렀지만 생각보다 알차게 시간을 보냈어요. 전체적으로 무난하면서도 기분 좋게 마무리할 수 있었어요.,1,AI_v1,102,130,4,25.5,5.722761571129799,46,15,10,7,1,8,0.32608695652173914,0.21739130434782608,0.15217391304347827,0.021739130434782608,0.17391304347826086,0.14705882352941177,0.0784313725490196,0,0,4,0,0,0,0.0392156862745098
아이폰11 블랙 스펙과 구매후기 +화질비교,상품_리뷰,그래서 아이폰에 대한 갈망으로 11로 바꾸게 되었습니다. 구매방법 저는 오프라인으로 구매를... 되야겠다 #아이폰 #아이폰11 #아이폰11후기 #아이폰11내돈내산 #아이폰11색상 #아이폰11구매... ,그래서 아이폰에 대한 갈망으로 11로 바꾸게 되었습니다. 구매방법 저는 오프라인으로 구매를. 되야겠다,0,Human,45,56,3,15.0,8.178562764256865,21,9,3,0,1,5,0.42857142857142855,0.14285714285714285,0.0,0.047619047619047616,0.23809523809523808,0.2,0.1111111111111111,0,0,2,0,0,0,0.044444444444444446
"나도샀다이거야, 아이폰11pro256, 블루폰, 내돈내산... ",상품_리뷰,"나도샀다이거야 아이폰11pro256는 가볍게 써보기 좋은 제품이었어요. 기대를 너무 크게 하지 않으면 만족도가 높고, 실사용 기준으로는 꽤 괜찮게 느껴졌답니다. 개인적으로는 너무 과하지 않은 점이 마음에 들었어요.",나도샀다이거야 아이폰11pro256는 가볍게 써보기 좋은 제품이었어요. 기대를 너무 크게 하지 않으면 만족도가 높고 실사용 기준으로는 꽤 괜찮게 느껴졌답니다. 개인적으로는 너무 과하지 않은 점이 마음에 들었어요.,1,AI_v1,94,118,3,31.333333333333332,6.018490028422596,44,14,11,4,2,6,0.3181818181818182,0.25,0.09090909090909091,0.045454545454545456,0.13636363636363635,0.14893617021276595,0.06382978723404255,1,0,3,0,0,0,0.031914893617021274
"&quot; 2020년 연말정산 &quot; 소득공제, 세액공제, 연말정산 간소화... ",전문_정보,&quot; 연말정산을 하면서 오랜만에 여유를 느꼈어요. 바쁜 와중에 잠깐 쉬어가는 시간이 생긴 것 같아서 꽤 괜찮은 하루였답니다. 전체적으로 무난하면서도 기분 좋게 마무리할 수 있었어요. 개인적으로는 너무 과하지 않은 점이 마음에 들었어요.,연말정산을 하면서 오랜만에 여유를 느꼈어요. 바쁜 와중에 잠깐 쉬어가는 시간이 생긴 것 같아서 꽤 괜찮은 하루였답니다. 전체적으로 무난하면서도 기분 좋게 마무리할 수 있었어요. 개인적으로는 너무 과하지 않은 점이 마음에 들었어요.,1,AI_v1,99,128,4,24.75,4.02336923485777,50,18,10,5,1,9,0.36,0.2,0.1,0.02,0.18,0.18181818181818182,0.09090909090909091,1,0,4,0,0,0,0.04040404040404041
2020년 연말정산 미리준비하기 - 12월에 해야 할 것,전문_정보,연말정산 미리준비하기를 하면서 오랜만에 여유를 느꼈어요. 바쁜 와중에 잠깐 쉬어가는 시간이 생긴 것 같아서 꽤 괜찮은 하루였답니다. 기대보다 편하게 즐길 수 있어서 만족스러운 시간이었답니다. 처음 가보는 분들도 크게 부담 없이 즐길 수 있을 것 같아요.,연말정산 미리준비하기를 하면서 오랜만에 여유를 느꼈어요. 바쁜 와중에 잠깐 쉬어가는 시간이 생긴 것 같아서 꽤 괜찮은 하루였답니다. 기대보다 편하게 즐길 수 있어서 만족스러운 시간이었답니다. 처음 가보는 분들도 크게 부담 없이 즐길 수 있을 것 같아요.,1,AI_v1,107,141,4,26.75,2.5860201081971503,51,20,10,8,1,6,0.39215686274509803,0.19607843137254902,0.1568627450980392,0.0196078431372549,0.11764705882352941,0.18691588785046728,0.056074766355140186,3,0,4,0,0,0,0.037383177570093455
"연말정산 부양가족 인적공제 기준, 소득 및 나이 요건",전문_정보,연말정산을 하면서 생각보다 시간이 빨리 갔다. 중간중간 딴짓도 했지만 마무리는 했다. 그냥 소소한 기록으로 남김. 기대치를 낮추고 가면 무난한 정도. 이런 곳도 있었네 싶었다. 기대치를 낮추고 가면 무난한 정도.,연말정산을 하면서 생각보다 시간이 빨리 갔다. 중간중간 딴짓도 했지만 마무리는 했다. 그냥 소소한 기록으로 남김. 기대치를 낮추고 가면 무난한 정도. 이런 곳도 있었네 싶었다. 기대치를 낮추고 가면 무난한 정도.,1,AI_v2,90,118,6,15.0,3.0,49,18,8,3,1,10,0.3673469387755102,0.16326530612244897,0.061224489795918366,0.02040816326530612,0.20408163265306123,0.2,0.1111111111111111,0,0,6,0,0,0,0.06666666666666667
아이폰11 갤럭시노트10... 로고 케이스 혜봉케이스 내돈내산,상품_리뷰,"아이폰11를 며칠 써봤다. 기능은 평범하지만 안정적이고, 크게 거슬리는 부분은 없었다. 필요한 사람한테는 괜찮은 선택일 듯. 딱히 특별하진 않은데 기억은 남는 편이다. 이런 곳도 있었네 싶었다. 이런 곳도 있었네 싶었다.",아이폰11를 며칠 써봤다. 기능은 평범하지만 안정적이고 크게 거슬리는 부분은 없었다. 필요한 사람한테는 괜찮은 선택일 듯. 딱히 특별하진 않은데 기억은 남는 편이다. 이런 곳도 있었네 싶었다. 이런 곳도 있었네 싶었다.,1,AI_v2,94,122,6,15.666666666666666,5.312459150169742,47,15,8,10,0,6,0.3191489361702128,0.1702127659574468,0.2127659574468085,0.0,0.1276595744680851,0.1595744680851064,0.06382978723404255,0,0,6,0,0,0,0.06382978723404255
아이폰11 언박싱 사용후기... 현상 / KT샵 내돈내산 구매,상품_리뷰,이번에 아이폰11 언박싱 사용해보니 처음 기대했던 것보다 만족도가 괜찮았어요. 큰 단점은 없었고 일상에서 쓰기 편해서 당분간 계속 써볼 생각입니다. 개인적으로는 너무 과하지 않은 점이 마음에 들었어요. 다음에는 조금 더 여유 있게 다시 가보고 싶어요.,이번에 아이폰11 언박싱 사용해보니 처음 기대했던 것보다 만족도가 괜찮았어요. 큰 단점은 없었고 일상에서 쓰기 편해서 당분간 계속 써볼 생각입니다. 개인적으로는 너무 과하지 않은 점이 마음에 들었어요. 다음에는 조금 더 여유 있게 다시 가보고 싶어요.,1,AI_v1,107,140,4,26.75,5.7608593109014565,53,23,8,6,1,9,0.4339622641509434,0.1509433962264151,0.11320754716981132,0.018867924528301886,0.16981132075471697,0.21495327102803738,0.08411214953271028,0,0,4,0,0,0,0.037383177570093455
"2020년 연말정산 인적공제(자녀, 부모님, 배우자, 형제,자매)",전문_정보,"오늘은 2020년 연말정산 인적공제(자녀, 부모님, 배우자, 형제, 자매)에 대해 알아 보겠습니다. 연말정산 인적공제 연말 정산 인적공제는 기본공제와 추가공제로 나누어 지는데요. 기본공제는 인당 150만원을... ",오늘은 2020년 연말정산 인적공제 자녀 부모님 배우자 형제 자매 에 대해 알아 보겠습니다. 연말정산 인적공제 연말 정산 인적공제는 기본공제와 추가공제로 나누어 지는데요. 기본공제는 인당 150만원을.,0,Human,88,112,3,29.333333333333332,10.96458946893235,43,22,4,0,0,6,0.5116279069767442,0.09302325581395349,0.0,0.0,0.13953488372093023,0.25,0.06818181818181818,0,0,3,0,0,0,0.03409090909090909
미리미리 알아보자! 2020년 &quot;13월의 보너스 &quot;연말정산”,전문_정보,미리미리 알아보자!를 하면서 오랜만에 여유를 느꼈어요. 바쁜 와중에 잠깐 쉬어가는 시간이 생긴 것 같아서 꽤 괜찮은 하루였답니다. 기대보다 편하게 즐길 수 있어서 만족스러운 시간이었답니다. 다음에는 조금 더 여유 있게 다시 가보고 싶어요.,미리미리 알아보자!를 하면서 오랜만에 여유를 느꼈어요. 바쁜 와중에 잠깐 쉬어가는 시간이 생긴 것 같아서 꽤 괜찮은 하루였답니다. 기대보다 편하게 즐길 수 있어서 만족스러운 시간이었답니다. 다음에는 조금 더 여유 있게 다시 가보고 싶어요.,1,AI_v1,102,133,5,20.4,7.657675887630659,48,19,10,7,0,6,0.3958333333333333,0.20833333333333334,0.14583333333333334,0.0,0.125,0.18627450980392157,0.058823529411764705,2,0,4,1,0,0,0.049019607843137254
2019년 05월 01일~12일 일상,맛집_리뷰,"05월 먹고 옴. 사람 많고 조금 정신없었지만 음식은 괜찮았다. 가격은 보통, 위치는 편한 편이라 약속 전후로 들르기 좋음. 급하게 정한 일정치고는 나쁘지 않았다. 가격은 막 싸진 않았고 위치는 찾기 쉬운 편. 기대치를 낮추고 가면 무난한 정도.",05월 먹고 옴. 사람 많고 조금 정신없었지만 음식은 괜찮았다. 가격은 보통 위치는 편한 편이라 약속 전후로 들르기 좋음. 급하게 정한 일정치고는 나쁘지 않았다. 가격은 막 싸진 않았고 위치는 찾기 쉬운 편. 기대치를 낮추고 가면 무난한 정도.,1,AI_v2,101,136,6,16.833333333333332,5.2094998693625945,55,22,6,8,0,11,0.4,0.10909090909090909,0.14545454545454545,0.0,0.2,0.21782178217821782,0.10891089108910891,0,0,6,0,0,0,0.0594059405940594
아이폰11 언박싱 사용후기... 현상 / KT샵 내돈내산 구매,상품_리뷰,(언행불일치;) 그래서 아이폰 11과 11pro중에 갈등했다 근데 스펙이 카메라 렌즈 하나 더 있는거 말고는... 흠 소중한 아이폰11 불사조케이스 강추ㅎ (광고아님 내돈내산) 아이폰11 언박싱 사용후기 아이폰11로... ,언행불일치 그래서 아이폰 11과 11pro중에 갈등했다 근데 스펙이 카메라 렌즈 하나 더 있는거 말고는. 흠 소중한 아이폰11 불사조케이스 강추 광고아님 내돈내산 아이폰11 언박싱 사용후기 아이폰11로.,0,Human,89,113,2,44.5,0.5,45,26,1,3,2,3,0.5777777777777777,0.022222222222222223,0.06666666666666667,0.044444444444444446,0.06666666666666667,0.29213483146067415,0.033707865168539325,0,0,2,0,0,0,0.02247191011235955
유나이티드 갤러리 2019년 9월 U매거진 셋째주 전시_다나 박... ,맛집_리뷰,이번에 친구랑 유나이티드 갤러리에 갔는데 전체적으로 무난해서 좋았어요. 음식 나오는 속도도 괜찮고 맛도 기대 이상이라 근처 맛집 찾는 분들께 추천드려요. 기대보다 편하게 즐길 수 있어서 만족스러운 시간이었답니다.,이번에 친구랑 유나이티드 갤러리에 갔는데 전체적으로 무난해서 좋았어요. 음식 나오는 속도도 괜찮고 맛도 기대 이상이라 근처 맛집 찾는 분들께 추천드려요. 기대보다 편하게 즐길 수 있어서 만족스러운 시간이었답니다.,1,AI_v1,92,118,3,30.666666666666668,3.39934634239519,44,18,7,5,0,9,0.4090909090909091,0.1590909090909091,0.11363636363636363,0.0,0.20454545454545456,0.1956521739130435,0.09782608695652174,2,0,3,0,0,0,0.03260869565217391
"아이폰 11 pro, 쿠팡 로켓배송 내돈내산 언박싱 리뷰",상품_리뷰,이래저래 막 찍고 놀다보니 인물사진 모드가 아웃포커싱이 돼서 dslr느낌나고 좋더라구요? 이제 남편 폰으로 사진찍어서 포스팅해야겠어유ㅋㅋ 이상 내돈내산 아이폰 11 프로 대만족한 언박싱 후기였습니당,이래저래 막 찍고 놀다보니 인물사진 모드가 아웃포커싱이 돼서 dslr느낌나고 좋더라구요? 이제 남편 폰으로 사진찍어서 포스팅해야겠어유 이상 내돈내산 아이폰 11 프로 대만족한 언박싱 후기였습니당,0,Human,86,108,2,43.0,3.5,42,21,9,1,1,4,0.5,0.21428571428571427,0.023809523809523808,0.023809523809523808,0.09523809523809523,0.2441860465116279,0.046511627906976744,0,0,0,0,1,0,0.011627906976744186
"2020년 출산휴가, 육아휴직급여 연말정산 모든것(feat.... ",전문_정보,"오늘은 출산휴가에 대해 짧게 남겨봅니다. 큰 기대 없이 시작했는데 생각보다 만족스러웠고, 다음에도 비슷하게 해보고 싶어요. 짧게 들렀지만 생각보다 알차게 시간을 보냈어요. 다음에는 조금 더 여유 있게 다시 가보고 싶어요.",오늘은 출산휴가에 대해 짧게 남겨봅니다. 큰 기대 없이 시작했는데 생각보다 만족스러웠고 다음에도 비슷하게 해보고 싶어요. 짧게 들렀지만 생각보다 알차게 시간을 보냈어요. 다음에는 조금 더 여유 있게 다시 가보고 싶어요.,1,AI_v1,94,122,4,23.5,6.726812023536855,42,14,10,6,1,7,0.3333333333333333,0.23809523809523808,0.14285714285714285,0.023809523809523808,0.16666666666666666,0.14893617021276595,0.07446808510638298,0,0,4,0,0,0,0.0425531914893617
사용처 총정리! 온누리상품권 사용하고 연말정산소득공제 받자!,전문_정보,"온누리 지류/전자상품권은 2020년 1월 2일(목)부터 2월 28일(금)까지 할인율 5%와 함께 구매 한도가 월 70만... 온라인 전통시장관 홈페이지 바로 가기 &gt;&gt; 세 번째, ‘연말정산 소득공제 받기’입니다. 전통시장에서... ",온누리 지류 전자상품권은 2020년 1월 2일 목 부터 2월 28일 금 까지 할인율 5 와 함께 구매 한도가 월 70만. 온라인 전통시장관 홈페이지 바로 가기 세 번째 연말정산 소득공제 받기 입니다. 전통시장에서.,0,Human,88,119,3,29.333333333333332,16.937794687883336,42,22,2,1,1,4,0.5238095238095238,0.047619047619047616,0.023809523809523808,0.023809523809523808,0.09523809523809523,0.25,0.045454545454545456,0,0,3,0,0,0,0.03409090909090909
[연말정산] 2020년 연말정산 ‘신용카드’공제혜택 정리!,전문_정보,연말정산은 생각보다 시간이 걸렸다. 중간에 귀찮아서 멈출까 했는데 일단 끝내긴 함. 다음엔 조금 더 빨리 할 수 있을 듯. 가격은 막 싸진 않았고 위치는 찾기 쉬운 편. 딱히 특별하진 않은데 기억은 남는 편이다. 사진은 몇 장 찍었는데 정리는 나중에 해야겠다.,연말정산은 생각보다 시간이 걸렸다. 중간에 귀찮아서 멈출까 했는데 일단 끝내긴 함. 다음엔 조금 더 빨리 할 수 있을 듯. 가격은 막 싸진 않았고 위치는 찾기 쉬운 편. 딱히 특별하진 않은데 기억은 남는 편이다. 사진은 몇 장 찍었는데 정리는 나중에 해야겠다.,1,AI_v2,106,145,6,17.666666666666668,2.1343747458109497,58,23,11,5,1,12,0.39655172413793105,0.1896551724137931,0.08620689655172414,0.017241379310344827,0.20689655172413793,0.2169811320754717,0.11320754716981132,0,0,6,0,0,0,0.05660377358490566
의료비 소득공제 한도 무제한? 2020년 연말정산 의료비 한도... ,전문_정보,의료비 소득공제 관련해서 그냥 남겨둠. 별일은 아니었는데 지나고 보니 기억날 것 같아서 적는다. 이런 날도 있었지 하는 정도. 가격은 막 싸진 않았고 위치는 찾기 쉬운 편. 이런 곳도 있었네 싶었다. 시간 맞으면 한 번쯤 들를만함.,의료비 소득공제 관련해서 그냥 남겨둠. 별일은 아니었는데 지나고 보니 기억날 것 같아서 적는다. 이런 날도 있었지 하는 정도. 가격은 막 싸진 않았고 위치는 찾기 쉬운 편. 이런 곳도 있었네 싶었다. 시간 맞으면 한 번쯤 들를만함.,1,AI_v2,95,129,6,15.833333333333334,4.4503433076062295,50,18,14,7,0,4,0.36,0.28,0.14,0.0,0.08,0.18947368421052632,0.042105263157894736,0,0,6,0,0,0,0.06315789473684211
분위기 좋은 강남역 맛집 푸짐하고 맛있는 바비레드,맛집_리뷰,분위기 들렀다. 맛은 무난했고 양도 적당. 웨이팅만 길지 않으면 괜찮음. 엄청 특별한 맛집이라기보단 근처에서 밥 먹기 좋은 곳. 딱히 특별하진 않은데 기억은 남는 편이다. 다음엔 다른 메뉴도 봐야 할 듯. 급하게 정한 일정치고는 나쁘지 않았다.,분위기 들렀다. 맛은 무난했고 양도 적당. 웨이팅만 길지 않으면 괜찮음. 엄청 특별한 맛집이라기보단 근처에서 밥 먹기 좋은 곳. 딱히 특별하진 않은데 기억은 남는 편이다. 다음엔 다른 메뉴도 봐야 할 듯. 급하게 정한 일정치고는 나쁘지 않았다.,1,AI_v2,102,136,7,14.571428571428571,4.836088822803073,53,19,8,8,1,10,0.3584905660377358,0.1509433962264151,0.1509433962264151,0.018867924528301886,0.18867924528301888,0.18627450980392157,0.09803921568627451,0,0,7,0,0,0,0.06862745098039216
강남역 맛집 미즈컨테이너 이탈리안 음식,맛집_리뷰,미즈컨테이너 이탈리안은 가게 앞에서 잠깐 기다렸다. 메뉴는 금방 정했고 맛은 평범한데 묘하게 계속 먹게 됨. 다음에 지나가면 또 생각날 수도. 이런 곳도 있었네 싶었다. 급하게 정한 일정치고는 나쁘지 않았다. 사진은 몇 장 찍었는데 정리는 나중에 해야겠다.,미즈컨테이너 이탈리안은 가게 앞에서 잠깐 기다렸다. 메뉴는 금방 정했고 맛은 평범한데 묘하게 계속 먹게 됨. 다음에 지나가면 또 생각날 수도. 이런 곳도 있었네 싶었다. 급하게 정한 일정치고는 나쁘지 않았다. 사진은 몇 장 찍었는데 정리는 나중에 해야겠다.,1,AI_v2,108,143,6,18.0,4.47213595499958,55,23,11,5,0,10,0.41818181818181815,0.2,0.09090909090909091,0.0,0.18181818181818182,0.21296296296296297,0.09259259259259259,0,0,6,0,0,0,0.05555555555555555
[아이폰11 리뷰] :: #내돈내산 #아이폰11 #아이폰11화이트... ,상품_리뷰,제가 오늘은 아이폰11리뷰로 돌아왔어요 너무 갑작스럽지 않나요 제가 기존에 쓰던 핸드폰이... 솔직히 아이폰? 갤럭시? 갤노트20로 갈지 고민 했어요 그러나 예.산.초.과 그래 이번 기회에 아이폰으로... ,제가 오늘은 아이폰11리뷰로 돌아왔어요 너무 갑작스럽지 않나요 제가 기존에 쓰던 핸드폰이. 솔직히 아이폰? 갤럭시? 갤노트20로 갈지 고민 했어요 그러나 예.산.초.과 그래 이번 기회에 아이폰으로.,0,Human,87,110,7,12.428571428571429,12.602234981566255,47,19,6,3,1,8,0.40425531914893614,0.1276595744680851,0.06382978723404255,0.02127659574468085,0.1702127659574468,0.21839080459770116,0.09195402298850575,1,0,5,0,2,0,0.08045977011494253
2020년 연말정산 3탄! 코로나로 인한 신용카드 소득공제 월별... ,전문_정보,"^^ 즐거운 크리스마스가 끝나가고 있어요ㅠㅠ 이제는 정말 2020년을 마무리하고 보내주어야 할 시간이 다가 오고 있네요..^^ 올해는 코로나팬더믹으로 많은 것이 바뀌었는데요, 연말정산 소득공제율도 바꾸어... ",즐거운 크리스마스가 끝나가고 있어요 이제는 정말 2020년을 마무리하고 보내주어야 할 시간이 다가 오고 있네요. 올해는 코로나팬더믹으로 많은 것이 바뀌었는데요 연말정산 소득공제율도 바꾸어.,0,Human,84,105,2,42.0,7.0,34,13,6,4,0,7,0.38235294117647056,0.17647058823529413,0.11764705882352941,0.0,0.20588235294117646,0.15476190476190477,0.08333333333333333,0,0,2,0,0,0,0.023809523809523808
[내돈내산 메종키츠네 폰케이스추천]-신상 아이폰11프로... ,상품_리뷰,내돈내산 사용해보니 처음 기대했던 것보다 만족도가 괜찮았어요. 큰 단점은 없었고 일상에서 쓰기 편해서 당분간 계속 써볼 생각입니다. 기대보다 편하게 즐길 수 있어서 만족스러운 시간이었답니다. 짧게 들렀지만 생각보다 알차게 시간을 보냈어요.,내돈내산 사용해보니 처음 기대했던 것보다 만족도가 괜찮았어요. 큰 단점은 없었고 일상에서 쓰기 편해서 당분간 계속 써볼 생각입니다. 기대보다 편하게 즐길 수 있어서 만족스러운 시간이었답니다. 짧게 들렀지만 생각보다 알차게 시간을 보냈어요.,1,AI_v1,104,133,4,26.0,3.082207001484488,48,18,7,10,0,7,0.375,0.14583333333333334,0.20833333333333334,0.0,0.14583333333333334,0.17307692307692307,0.0673076923076923,1,0,4,0,0,0,0.038461538461538464
강남역 맛집 가성비 실화?,맛집_리뷰,15:00~17:00 강남역 맛집 마초쉐프 ! 강남역 분위기 데이트 면에서 저렴하여 젊은 분들이 찾아가기 좋을 것 같아요. 안녕하세요 ~ 연블링이에요. !! 2019년 6월10일날 휴무 날이여서 친구들과 마초쉐프라는 곳을 찾아... ,15 00~17 00 강남역 맛집 마초쉐프 ! 강남역 분위기 데이트 면에서 저렴하여 젊은 분들이 찾아가기 좋을 것 같아요. 안녕하세요 ~ 연블링이에요. ! 2019년 6월10일날 휴무 날이여서 친구들과 마초쉐프라는 곳을 찾아.,0,Human,97,126,4,24.25,8.276472678623424,45,16,3,5,0,6,0.35555555555555557,0.06666666666666667,0.1111111111111111,0.0,0.13333333333333333,0.16494845360824742,0.061855670103092786,1,0,3,2,0,2,0.07216494845360824
아이폰11 몇일 써보니 바꾸기 잘했다 내돈내산,상품_리뷰,일반적으로 잘 찍히기도 하지만 사진첩에서 밝기 조절만 해줘도 굿굿 진짜 저는 아이폰 11 바꾸길 잘한 것 같아요 야간모드도 생각보다 잘 나오더라고요 ~ 요거 11시였나 .. 찍었는데요 초저녁 같이... ,일반적으로 잘 찍히기도 하지만 사진첩에서 밝기 조절만 해줘도 굿굿 진짜 저는 아이폰 11 바꾸길 잘한 것 같아요 야간모드도 생각보다 잘 나오더라고요 ~ 요거 11시였나 . 찍었는데요 초저녁 같이.,0,Human,82,109,2,41.0,30.0,40,15,8,1,1,6,0.375,0.2,0.025,0.025,0.15,0.18292682926829268,0.07317073170731707,2,0,2,0,0,1,0.036585365853658534
2019년 강남역 맛집 청춘양꼬치 방문기,맛집_리뷰,강남역 청춘양꼬치는 가볍게 들른 곳인데 은근 기억에 남았어요. 메뉴가 깔끔하고 직원분들도 친절해서 편하게 먹고 왔습니다. 재방문 의사 있어요. 사진으로 남겨두기에도 괜찮아서 기억에 오래 남을 것 같아요. 다음에는 조금 더 여유 있게 다시 가보고 싶어요.,강남역 청춘양꼬치는 가볍게 들른 곳인데 은근 기억에 남았어요. 메뉴가 깔끔하고 직원분들도 친절해서 편하게 먹고 왔습니다. 재방문 의사 있어요. 사진으로 남겨두기에도 괜찮아서 기억에 오래 남을 것 같아요. 다음에는 조금 더 여유 있게 다시 가보고 싶어요.,1,AI_v1,108,141,5,21.6,6.770524351924303,54,21,7,8,1,10,0.3888888888888889,0.12962962962962962,0.14814814814814814,0.018518518518518517,0.18518518518518517,0.19444444444444445,0.09259259259259259,1,0,5,0,0,0,0.046296296296296294
아이폰11프로 카메라렌즈 풀커버 강화유리 내돈내산 구매... ,상품_리뷰,"아이폰11프로 카메라렌즈 풀커버 강화유리 구매 후기 네이버스토어 TRK 추천 아이폰11프로 사용한지 3개월이 이제 다되는듯! 아주 잘 쓰고 있는데,문득 카메라 기스나면 어쩌지? 하는 생각이 슥 스쳐서... ",아이폰11프로 카메라렌즈 풀커버 강화유리 구매 후기 네이버스토어 TRK 추천 아이폰11프로 사용한지 3개월이 이제 다되는듯! 아주 잘 쓰고 있는데 문득 카메라 기스나면 어쩌지? 하는 생각이 슥 스쳐서.,0,Human,87,112,3,29.0,19.61292091114087,42,23,5,1,2,3,0.5476190476190477,0.11904761904761904,0.023809523809523808,0.047619047619047616,0.07142857142857142,0.26436781609195403,0.034482758620689655,0,0,1,1,1,0,0.034482758620689655
"라온위즈 9월, 본부팀의 강남역 맛집탐방",맛집_리뷰,"우선 강남역점 갔는데, 날씨도 좋고 하니 바깥에 테이블에 앉아서 같이 먹었어요! 계란말이는 넘 넘... 맛으로, 즐겁게 먹고 9월도 마무리!~! 이제 벌써 10월이고, 2019년이 3개월 남았네요! 다들 우리 화이팅합시다 !!",우선 강남역점 갔는데 날씨도 좋고 하니 바깥에 테이블에 앉아서 같이 먹었어요! 계란말이는 넘 넘. 맛으로 즐겁게 먹고 9월도 마무리!~! 이제 벌써 10월이고 2019년이 3개월 남았네요! 다들 우리 화이팅합시다 !,0,Human,92,120,6,15.333333333333334,10.176225014982498,45,15,9,2,2,5,0.3333333333333333,0.2,0.044444444444444446,0.044444444444444446,0.1111111111111111,0.16304347826086957,0.05434782608695652,0,0,1,5,0,1,0.07608695652173914
"&quot; 2020년 연말정산 &quot; 소득공제, 세액공제, 연말정산 간소화... ",전문_정보,연말정산 관련해서 그냥 남겨둠. 별일은 아니었는데 지나고 보니 기억날 것 같아서 적는다. 이런 날도 있었지 하는 정도. 사람이 좀 있어서 조용한 느낌은 아니었음. 급하게 정한 일정치고는 나쁘지 않았다. 사람이 좀 있어서 조용한 느낌은 아니었음.,연말정산 관련해서 그냥 남겨둠. 별일은 아니었는데 지나고 보니 기억날 것 같아서 적는다. 이런 날도 있었지 하는 정도. 사람이 좀 있어서 조용한 느낌은 아니었음. 급하게 정한 일정치고는 나쁘지 않았다. 사람이 좀 있어서 조용한 느낌은 아니었음.,1,AI_v2,103,136,6,17.166666666666668,3.760171390892826,50,15,9,12,0,8,0.3,0.18,0.24,0.0,0.16,0.14563106796116504,0.07766990291262135,0,0,6,0,0,0,0.05825242718446602
"[강남역 맛집] 인도 음식은 여기서, 강가 강남점",맛집_리뷰,강남역 인도에서 식사했는데 분위기가 너무 시끄럽지 않아 편했어요. 대표 메뉴가 깔끔했고 가격도 크게 부담스럽지 않아서 한 번쯤 가볼 만했답니다. 사진으로 남겨두기에도 괜찮아서 기억에 오래 남을 것 같아요. 전체적으로 무난하면서도 기분 좋게 마무리할 수 있었어요.,강남역 인도에서 식사했는데 분위기가 너무 시끄럽지 않아 편했어요. 대표 메뉴가 깔끔했고 가격도 크게 부담스럽지 않아서 한 번쯤 가볼 만했답니다. 사진으로 남겨두기에도 괜찮아서 기억에 오래 남을 것 같아요. 전체적으로 무난하면서도 기분 좋게 마무리할 수 있었어요.,1,AI_v1,113,146,4,28.25,3.112474899497183,55,21,9,7,2,10,0.38181818181818183,0.16363636363636364,0.12727272727272726,0.03636363636363636,0.18181818181818182,0.18584070796460178,0.08849557522123894,3,0,4,0,0,0,0.035398230088495575
아이폰11프로 폰케이스 + 스마트톡 + 카메라풀커버 내돈내산... ,상품_리뷰,"아이폰11프로 사용해봄. 장점은 간단하고 단점은 기대보다 평범하다는 것. 그래도 당장 쓰기엔 문제 없고, 재구매는 조금 더 봐야 할 듯. 딱히 특별하진 않은데 기억은 남는 편이다. 기대치를 낮추고 가면 무난한 정도.",아이폰11프로 사용해봄. 장점은 간단하고 단점은 기대보다 평범하다는 것. 그래도 당장 쓰기엔 문제 없고 재구매는 조금 더 봐야 할 듯. 딱히 특별하진 않은데 기억은 남는 편이다. 기대치를 낮추고 가면 무난한 정도.,1,AI_v2,90,119,5,18.0,4.242640687119285,48,19,8,5,1,8,0.3958333333333333,0.16666666666666666,0.10416666666666667,0.020833333333333332,0.16666666666666666,0.2111111111111111,0.08888888888888889,0,0,5,0,0,0,0.05555555555555555
[오사카 일상] 아이폰12프로... ~ (feat.아이폰11 중고팔기),상품_리뷰,있는 11을 팔고 보전하는 식으로 새 폰을 구입해볼까? 하는 자기합리화가 성립되었다. ㅋㅋ 그리고 이 대장정?의 일정이 엊그제 12월3일에서야 끝나서 정리를 해보려 한다. ㅎ &lt;아이폰12프로 그래파이트... ,있는 11을 팔고 보전하는 식으로 새 폰을 구입해볼까? 하는 자기합리화가 성립되었다. 그리고 이 대장정?의 일정이 엊그제 12월3일에서야 끝나서 정리를 해보려 한다. 아이폰12프로 그래파이트.,0,Human,85,107,5,17.0,6.957010852370434,44,18,7,2,0,6,0.4090909090909091,0.1590909090909091,0.045454545454545456,0.0,0.13636363636363635,0.21176470588235294,0.07058823529411765,0,0,3,0,2,0,0.058823529411764705
[먹잼](강남역 맛집)언제나 맛있는 바비레드에서 배부른 한 끼... ,맛집_리뷰,먹잼 언제나에서 식사했는데 분위기가 너무 시끄럽지 않아 편했어요. 대표 메뉴가 깔끔했고 가격도 크게 부담스럽지 않아서 한 번쯤 가볼 만했답니다. 짧게 들렀지만 생각보다 알차게 시간을 보냈어요. 처음 가보는 분들도 크게 부담 없이 즐길 수 있을 것 같아요. 기대보다 편하게 즐길 수 있어서 만족스러운 시간이었답니다.,먹잼 언제나에서 식사했는데 분위기가 너무 시끄럽지 않아 편했어요. 대표 메뉴가 깔끔했고 가격도 크게 부담스럽지 않아서 한 번쯤 가볼 만했답니다. 짧게 들렀지만 생각보다 알차게 시간을 보냈어요. 처음 가보는 분들도 크게 부담 없이 즐길 수 있을 것 같아요. 기대보다 편하게 즐길 수 있어서 만족스러운 시간이었답니다.,1,AI_v1,133,175,5,26.6,4.127953488110059,64,22,13,10,2,9,0.34375,0.203125,0.15625,0.03125,0.140625,0.16541353383458646,0.06766917293233082,4,0,5,0,0,0,0.03759398496240601
"[2020 연말정산]의료비 세액공제(산후조리원, 난임시술비... ",전문_정보,100만원의 의료비를 지출했는데 실비보험에서 90만원을 받았다면 나머지 10만원만 공제받을 수 있는데요. 지금까지는 실손의료비 수령액을 조회하기 어려웠는데요. 2020년부터는 연말정산간소화에서 조회가... ,100만원의 의료비를 지출했는데 실비보험에서 90만원을 받았다면 나머지 10만원만 공제받을 수 있는데요. 지금까지는 실손의료비 수령액을 조회하기 어려웠는데요. 2020년부터는 연말정산간소화에서 조회가.,0,Human,94,112,3,31.333333333333332,11.897712198383164,41,18,4,2,0,6,0.43902439024390244,0.0975609756097561,0.04878048780487805,0.0,0.14634146341463414,0.19148936170212766,0.06382978723404255,0,0,3,0,0,0,0.031914893617021274
[서울/강남역맛집] 갬성있는 서울여자와 함께  &quot;감성타코 강남... ,맛집_리뷰,"갬성있는 서울여자와 다녀왔는데 첫인상은 그냥 보통. 근데 먹다 보니 나쁘지 않았다. 소스가 조금 강해서 호불호 있을 듯하고, 나는 그럭저럭 괜찮았음. 엄청난 건 아니고 그냥 기록용. 사진은 몇 장 찍었는데 정리는 나중에 해야겠다.",갬성있는 서울여자와 다녀왔는데 첫인상은 그냥 보통. 근데 먹다 보니 나쁘지 않았다. 소스가 조금 강해서 호불호 있을 듯하고 나는 그럭저럭 괜찮았음. 엄청난 건 아니고 그냥 기록용. 사진은 몇 장 찍었는데 정리는 나중에 해야겠다.,1,AI_v2,96,127,5,19.2,5.528109984434102,50,19,7,7,2,8,0.38,0.14,0.14,0.04,0.16,0.19791666666666666,0.08333333333333333,0,0,5,0,0,0,0.052083333333333336
내돈내산 케이스티파이... 화려한 리사프랭크 아이폰케이스,상품_리뷰,"내돈내산 케이스티파이... 후기 남겨보면, 처음엔 반신반의했지만 써볼수록 편한 점이 많았어요. 아쉬운 부분도 있지만 재구매를 고민할 정도는 됩니다. 처음 가보는 분들도 크게 부담 없이 즐길 수 있을 것 같아요. 전체적으로 무난하면서도 기분 좋게 마무리할 수 있었어요.",내돈내산 케이스티파이. 후기 남겨보면 처음엔 반신반의했지만 써볼수록 편한 점이 많았어요. 아쉬운 부분도 있지만 재구매를 고민할 정도는 됩니다. 처음 가보는 분들도 크게 부담 없이 즐길 수 있을 것 같아요. 전체적으로 무난하면서도 기분 좋게 마무리할 수 있었어요.,1,AI_v1,112,146,5,22.4,6.053098380168622,61,25,11,8,1,7,0.4098360655737705,0.18032786885245902,0.13114754098360656,0.01639344262295082,0.11475409836065574,0.22321428571428573,0.0625,1,0,5,0,0,0,0.044642857142857144
"아이폰11pro 스그 개봉기, 인덕션_내돈내산후기♥",상품_리뷰,안녕하세여 :) 아이폰11pro 스페이스그레이를 내 돈으로 내가 산 후기 입니당!! 아이폰11pro 카메라 때문에 정말 사고 싶었는데 헤헿♥ 구매 해버렸네용!! 아이폰은 박스부터 넘 이뻐여ㅎㅎ ♥두근두근... ,안녕하세여 아이폰11pro 스페이스그레이를 내 돈으로 내가 산 후기 입니당! 아이폰11pro 카메라 때문에 정말 사고 싶었는데 헤헿 구매 해버렸네용! 아이폰은 박스부터 넘 이뻐여 두근두근.,0,Human,83,105,3,27.666666666666668,7.586537784494028,40,18,3,3,1,6,0.45,0.075,0.075,0.025,0.15,0.21686746987951808,0.07228915662650602,0,0,1,2,0,0,0.03614457831325301
"2020년 연말정산, 어떻게 준비할까? 달라지는 공제 항목... ",전문_정보,합산하고 공제액을 계산하기란 무척 복잡하고 어려운 일인데요. 국세청이 연말마다 제공하는... 2019년 기준으로 각 공제금액을 수정하면 2020년 연말정산 예상세액을 바로 확인할 수 있습니다. 지금까지... ,합산하고 공제액을 계산하기란 무척 복잡하고 어려운 일인데요. 국세청이 연말마다 제공하는. 2019년 기준으로 각 공제금액을 수정하면 2020년 연말정산 예상세액을 바로 확인할 수 있습니다. 지금까지.,0,Human,89,111,4,22.25,14.821858857781638,44,18,5,3,0,8,0.4090909090909091,0.11363636363636363,0.06818181818181818,0.0,0.18181818181818182,0.20224719101123595,0.0898876404494382,0,0,4,0,0,0,0.0449438202247191
"[맛집추천] 강남역맛집, 가성비 최고 롤링파스타에서... ",맛집_리뷰,#신논현맛집 #교대역맛집 #역삼역맛집 #강남역맛집베스트10 #양재맛집 #로제파스타 #교대맛집 #강남파... 2019년 가을엔 가성비 최고 강남역맛집 롤링파스타 에서 힐링받고 행복한 시간 보내시기 바래요... ,2019년 가을엔 가성비 최고 강남역맛집 롤링파스타 에서 힐링받고 행복한 시간 보내시기 바래요.,0,Human,42,53,1,42.0,0.0,20,12,2,1,0,3,0.6,0.1,0.05,0.0,0.15,0.2857142857142857,0.07142857142857142,0,0,1,0,0,0,0.023809523809523808
유나이티드 갤러리 2019년 6월 U매거진_다섯째주 전시_김세은... ,맛집_리뷰,"유나이티드 다녀왔는데 생각보다 분위기가 편해서 좋았어요. 음식도 깔끔하게 나와서 부담 없이 먹기 괜찮았고, 다음에 근처 가면 또 들러보고 싶더라고요. 전체적으로 무난하면서도 기분 좋게 마무리할 수 있었어요. 사진으로 남겨두기에도 괜찮아서 기억에 오래 남을 것 같아요.",유나이티드 다녀왔는데 생각보다 분위기가 편해서 좋았어요. 음식도 깔끔하게 나와서 부담 없이 먹기 괜찮았고 다음에 근처 가면 또 들러보고 싶더라고요. 전체적으로 무난하면서도 기분 좋게 마무리할 수 있었어요. 사진으로 남겨두기에도 괜찮아서 기억에 오래 남을 것 같아요.,1,AI_v1,115,148,4,28.75,5.356071321407137,52,21,7,8,2,9,0.40384615384615385,0.1346153846153846,0.15384615384615385,0.038461538461538464,0.17307692307692307,0.1826086956521739,0.0782608695652174,2,0,4,0,0,0,0.034782608695652174
"[강남역 맛집] 연말 모임, 회식장소 추천 &quot;큰물참치&quot;",맛집_리뷰,큰물참치 외관 큰물참치는 강남역 3번 출구 쪽에 위치해 있어요! 3번 출구에서 한 2~3분? 지도 보면... 마지막으로 저 날 분위기 낸다고 산 케이크를 올리면서 마무리할게요 ㅎㅎ 2019년 첫 글인데 다들 새해 복... ,큰물참치 외관 큰물참치는 강남역 3번 출구 쪽에 위치해 있어요! 3번 출구에서 한 2~3분? 지도 보면. 마지막으로 저 날 분위기 낸다고 산 케이크를 올리면서 마무리할게요 2019년 첫 글인데 다들 새해 복.,0,Human,87,116,4,21.75,14.618053906043718,47,24,7,1,1,6,0.5106382978723404,0.14893617021276595,0.02127659574468085,0.02127659574468085,0.1276595744680851,0.27586206896551724,0.06896551724137931,0,0,2,1,1,1,0.05747126436781609
"연말정산하는법 기초 개념정리! (소득공제,세액공제,연말정산시기)",전문_정보,회사는 2020년 2월 말일까지 근로소득원천징수영수증을 그 받는 자에게 교부하여야 하므로 회사에서 원천징수영수증을 받아 확인하시면 됩니다. 근로소득원천징수영수증 Q. 연말정산 시 소득공제등을... ,회사는 2020년 2월 말일까지 근로소득원천징수영수증을 그 받는 자에게 교부하여야 하므로 회사에서 원천징수영수증을 받아 확인하시면 됩니다. 근로소득원천징수영수증 Q. 연말정산 시 소득공제등을.,0,Human,88,107,3,29.333333333333332,23.809428571238097,46,21,6,0,0,7,0.45652173913043476,0.13043478260869565,0.0,0.0,0.15217391304347827,0.23863636363636365,0.07954545454545454,0,0,3,0,0,0,0.03409090909090909
아이폰11프로 폰케이스 + 스마트톡 + 카메라풀커버 내돈내산... ,상품_리뷰,"아이폰11프로 폰케이스는 가볍게 써보기 좋은 제품이었어요. 기대를 너무 크게 하지 않으면 만족도가 높고, 실사용 기준으로는 꽤 괜찮게 느껴졌답니다. 개인적으로는 너무 과하지 않은 점이 마음에 들었어요. 다음에는 조금 더 여유 있게 다시 가보고 싶어요.",아이폰11프로 폰케이스는 가볍게 써보기 좋은 제품이었어요. 기대를 너무 크게 하지 않으면 만족도가 높고 실사용 기준으로는 꽤 괜찮게 느껴졌답니다. 개인적으로는 너무 과하지 않은 점이 마음에 들었어요. 다음에는 조금 더 여유 있게 다시 가보고 싶어요.,1,AI_v1,107,139,4,26.75,6.417748826496718,53,22,10,5,2,8,0.41509433962264153,0.18867924528301888,0.09433962264150944,0.03773584905660377,0.1509433962264151,0.205607476635514,0.07476635514018691,1,0,4,0,0,0,0.037383177570093455
2019년 강남역 맛집 청춘양꼬치 방문기,맛집_리뷰,"청춘양꼬치 다녀왔는데 첫인상은 그냥 보통. 근데 먹다 보니 나쁘지 않았다. 소스가 조금 강해서 호불호 있을 듯하고, 나는 그럭저럭 괜찮았음. 가격은 막 싸진 않았고 위치는 찾기 쉬운 편. 기대치를 낮추고 가면 무난한 정도.",청춘양꼬치 다녀왔는데 첫인상은 그냥 보통. 근데 먹다 보니 나쁘지 않았다. 소스가 조금 강해서 호불호 있을 듯하고 나는 그럭저럭 괜찮았음. 가격은 막 싸진 않았고 위치는 찾기 쉬운 편. 기대치를 낮추고 가면 무난한 정도.,1,AI_v2,92,123,5,18.4,4.8,48,19,7,5,2,8,0.3958333333333333,0.14583333333333334,0.10416666666666667,0.041666666666666664,0.16666666666666666,0.20652173913043478,0.08695652173913043,0,0,5,0,0,0,0.05434782608695652
강남역맛집 어거스트 힐 맛집을 가다,맛집_리뷰,있는 2019년을 잘 마무리해야겠다는 생각을 해 봅니다 이층으로 올라가는 계단이 포토존으로 이용해도... 비상 #비상제로 #대가대최고경영자과정 #경대10기 #어거스트힐 #강남역맛집 #티본스테이크맛집 #돈모닝,있는 2019년을 잘 마무리해야겠다는 생각을 해 봅니다 이층으로 올라가는 계단이 포토존으로 이용해도. 비상,0,Human,47,59,2,23.5,21.0,23,9,5,1,0,4,0.391304347826087,0.21739130434782608,0.043478260869565216,0.0,0.17391304347826086,0.19148936170212766,0.0851063829787234,0,0,1,0,0,0,0.02127659574468085
[강남역 맛집] 바비레드 강남본... 되는 갈비 파스타 맛집 메뉴 추천,맛집_리뷰,바비레드 외관과 내부 매콤한 맛이 독특해 한 번씩 생각나는 강남역 대표 맛집 바비레드에 다녀왔다.... 2019년 10월 18일 ~2020년 1월 5일까지 기간이라 #BTS POP-UP HOUSE OF BTS 관심 있는 분들은 같이 들르기에 딱... ,바비레드 외관과 내부 매콤한 맛이 독특해 한 번씩 생각나는 강남역 대표 맛집 바비레드에 다녀왔다. 2019년 10월 18일 ~2020년 1월 5일까지 기간이라 POP UP HOUSE OF BTS 관심 있는 분들은 같이 들르기에 딱.,0,Human,98,129,2,49.0,8.0,46,15,4,2,2,6,0.32608695652173914,0.08695652173913043,0.043478260869565216,0.043478260869565216,0.13043478260869565,0.15306122448979592,0.061224489795918366,0,0,2,0,0,1,0.030612244897959183
블랙프라이데이를 이용한 CASETIFY 구입!:아이폰11pro 케이스,상품_리뷰,블랙프라이데이를 사용해보니 처음 기대했던 것보다 만족도가 괜찮았어요. 큰 단점은 없었고 일상에서 쓰기 편해서 당분간 계속 써볼 생각입니다. 다음에는 조금 더 여유 있게 다시 가보고 싶어요. 전체적으로 무난하면서도 기분 좋게 마무리할 수 있었어요.,블랙프라이데이를 사용해보니 처음 기대했던 것보다 만족도가 괜찮았어요. 큰 단점은 없었고 일상에서 쓰기 편해서 당분간 계속 써볼 생각입니다. 다음에는 조금 더 여유 있게 다시 가보고 싶어요. 전체적으로 무난하면서도 기분 좋게 마무리할 수 있었어요.,1,AI_v1,106,137,4,26.5,4.5,49,22,7,8,0,7,0.4489795918367347,0.14285714285714285,0.16326530612244897,0.0,0.14285714285714285,0.20754716981132076,0.0660377358490566,0,0,4,0,0,0,0.03773584905660377
아이폰11 슈피겐 울트라하이브리드 투명케이스 후기/내돈내산,상품_리뷰,내 소중한 100만원짜리 아이폰 11에게 새 옷을 입혀주고 싶어 케이스 를 사기로 결심했다!!! 케이스 사기 전 나만의 구매 기준을 정했다 1. 개튼튼한거 2. 2만원이 넘지 않는 것 3. 투명케이스 이렇게 3가지를... ,내 소중한 100만원짜리 아이폰 11에게 새 옷을 입혀주고 싶어 케이스 를 사기로 결심했다! 케이스 사기 전 나만의 구매 기준을 정했다 1. 개튼튼한거 2. 2만원이 넘지 않는 것 3. 투명케이스 이렇게 3가지를.,0,Human,89,119,5,17.8,11.285388783732706,49,20,6,2,1,6,0.40816326530612246,0.12244897959183673,0.04081632653061224,0.02040816326530612,0.12244897959183673,0.2247191011235955,0.06741573033707865,0,0,4,1,0,0,0.056179775280898875
[내돈내산]아이디얼오브스웨덴 아이폰11PRO케이스... ,상품_리뷰,IDEAL OF SWDEN 블랙프라이데이 직구하기 50%할인+20%추가할인 아이폰 11pro 케이스 갤럭시S10케이스 에어팟... 실물이 진짜 더 예쁜데 설명할길이 ㅠㅠ 여기서 내돈내산 후기를 끝 +덧 쓰면서 찾아보니 바로... ,IDEAL OF SWDEN 블랙프라이데이 직구하기 50 할인 20 추가할인 아이폰 11pro 케이스 갤럭시S10케이스 에어팟. 실물이 진짜 더 예쁜데 설명할길이 여기서 내돈내산 후기를 끝 덧 쓰면서 찾아보니 바로.,0,Human,93,119,2,46.5,10.5,42,21,4,1,0,3,0.5,0.09523809523809523,0.023809523809523808,0.0,0.07142857142857142,0.22580645161290322,0.03225806451612903,0,0,2,0,0,0,0.021505376344086023
11년 내내 바보같은 친구랑 성공적인 강남역 맛집 찾기!!,맛집_리뷰,보니 헤어져야 될 시간이 왔다ㅠㅠㅠ 헤어지기 싫었다.. 아직도 싫다.. 그치만 우리는 헤어졌다. 어쨋든! 오늘도 이런 소중한 친구를 나에게 주심에 감사한 하루 였다! -2019년 7월 13일 강남역 데이트 끄으으으으읕-,보니 헤어져야 될 시간이 왔다 헤어지기 싫었다. 아직도 싫다. 그치만 우리는 헤어졌다. 어쨋든! 오늘도 이런 소중한 친구를 나에게 주심에 감사한 하루 였다! 2019년 7월 13일 강남역 데이트 끄으으으으읕,0,Human,88,115,6,14.666666666666666,8.234412884690418,43,11,10,4,1,7,0.2558139534883721,0.23255813953488372,0.09302325581395349,0.023255813953488372,0.16279069767441862,0.125,0.07954545454545454,0,0,3,2,0,0,0.056818181818181816
[내돈내산] 쿠팡에서 핸드폰 사도 될까? | 아이폰 11PRO 256기가... ,상품_리뷰,며칠 동안 내돈내산을 써봤는데 생각보다 손이 자주 가더라고요. 사용법도 어렵지 않고 마감도 괜찮아서 전체적으로 만족했어요. 기대보다 편하게 즐길 수 있어서 만족스러운 시간이었답니다. 다음에는 조금 더 여유 있게 다시 가보고 싶어요.,며칠 동안 내돈내산을 써봤는데 생각보다 손이 자주 가더라고요. 사용법도 어렵지 않고 마감도 괜찮아서 전체적으로 만족했어요. 기대보다 편하게 즐길 수 있어서 만족스러운 시간이었답니다. 다음에는 조금 더 여유 있게 다시 가보고 싶어요.,1,AI_v1,100,129,4,25.0,2.9154759474226504,48,19,8,7,0,7,0.3958333333333333,0.16666666666666666,0.14583333333333334,0.0,0.14583333333333334,0.19,0.07,3,0,4,0,0,0,0.04
[아이폰11pro 케이스 애정템] 위글위글 자수케이스(내돈내산... ,상품_리뷰,위글위글 궁금해서 써봤는데 막 놀랄 정도는 아니었다. 그래도 손이 자주 가긴 함. 불편한 점은 조금씩 보이는데 못 쓸 정도는 아님. 시간 맞으면 한 번쯤 들를만함. 시간 맞으면 한 번쯤 들를만함. 엄청난 건 아니고 그냥 기록용.,위글위글 궁금해서 써봤는데 막 놀랄 정도는 아니었다. 그래도 손이 자주 가긴 함. 불편한 점은 조금씩 보이는데 못 쓸 정도는 아님. 시간 맞으면 한 번쯤 들를만함. 시간 맞으면 한 번쯤 들를만함. 엄청난 건 아니고 그냥 기록용.,1,AI_v2,93,127,6,15.5,4.387482193696061,51,19,12,6,2,4,0.37254901960784315,0.23529411764705882,0.11764705882352941,0.0392156862745098,0.0784313725490196,0.20430107526881722,0.043010752688172046,0,0,6,0,0,0,0.06451612903225806
"아이폰 11pro 케이스 추천... 케이스 할인 팁, 내돈내산 후기!",상품_리뷰,디자인스킨 아이폰 11pro 케이스 추천 내돈내산 후기 맞음. 믿어주세야. 아무튼 제가 요번에 구매한 아이폰 11pro 케이스는 바로 요것 스페이스 글로샌드 그래픽 케이스! 요새는 핸드폰케이스도 레트로 감성의... ,디자인스킨 아이폰 11pro 케이스 추천 내돈내산 후기 맞음. 믿어주세야. 아무튼 제가 요번에 구매한 아이폰 11pro 케이스는 바로 요것 스페이스 글로샌드 그래픽 케이스! 요새는 핸드폰케이스도 레트로 감성의.,0,Human,92,117,4,23.0,13.24764129949177,45,24,2,0,1,7,0.5333333333333333,0.044444444444444446,0.0,0.022222222222222223,0.15555555555555556,0.2608695652173913,0.07608695652173914,0,0,3,1,0,0,0.043478260869565216
미리미리 알아보자! 2020년 &quot;13월의 보너스 &quot;연말정산”,전문_정보,"2020년 달라진 연말정산 혜택 2020년부터는 총 급여액 7천만원 이하인 근로자라면 박물관. 미술관 입장 시 신용카드를 이용하면 소득공제 혜택을 받을 수 있고, 출산 시에는 산후조리비용 등도 세액공제를 받을... ",2020년 달라진 연말정산 혜택 2020년부터는 총 급여액 7천만원 이하인 근로자라면 박물관. 미술관 입장 시 신용카드를 이용하면 소득공제 혜택을 받을 수 있고 출산 시에는 산후조리비용 등도 세액공제를 받을.,0,Human,90,116,2,45.0,3.0,41,24,4,1,0,6,0.5853658536585366,0.0975609756097561,0.024390243902439025,0.0,0.14634146341463414,0.26666666666666666,0.06666666666666667,0,0,2,0,0,0,0.022222222222222223
[내돈내산] 아이폰 12 mini 후기 (프로덕트 레드),상품_리뷰,이번 아이폰 12 mini 나오자 마자 바로 샀다. 호주는 아이폰 1차 출시국이라 11월 14일 부터 바로 구매... 좋당  #iphone12 #아이폰12 #아이폰12mini #아이폰후기#mini후기 #아이폰미니 #내돈내산 #프로덕트레드... ,이번 아이폰 12 mini 나오자 마자 바로 샀다. 호주는 아이폰 1차 출시국이라 11월 14일 부터 바로 구매. 좋당,0,Human,49,66,3,16.333333333333332,9.877021593352703,24,12,2,1,0,2,0.5,0.08333333333333333,0.041666666666666664,0.0,0.08333333333333333,0.24489795918367346,0.04081632653061224,0,0,2,0,0,0,0.04081632653061224
"아이폰11pro 스그 개봉기, 인덕션_내돈내산후기♥",상품_리뷰,"아이폰11pro 스그를 며칠 써봤다. 기능은 평범하지만 안정적이고, 크게 거슬리는 부분은 없었다. 필요한 사람한테는 괜찮은 선택일 듯. 딱히 특별하진 않은데 기억은 남는 편이다. 딱히 특별하진 않은데 기억은 남는 편이다.",아이폰11pro 스그를 며칠 써봤다. 기능은 평범하지만 안정적이고 크게 거슬리는 부분은 없었다. 필요한 사람한테는 괜찮은 선택일 듯. 딱히 특별하진 않은데 기억은 남는 편이다. 딱히 특별하진 않은데 기억은 남는 편이다.,1,AI_v2,95,122,5,19.0,3.5777087639996634,48,15,8,8,0,9,0.3125,0.16666666666666666,0.16666666666666666,0.0,0.1875,0.15789473684210525,0.09473684210526316,0,0,5,0,0,0,0.05263157894736842
다가오는 2020년 귀속 연말정산 준비해보자(2)-인적공제,전문_정보,다가오는 2020년 귀속 연말정산 준비해보자(2)-인적공제 연말정산에서 가장 먼저 입력하고 기본공제 항목 중 가장 공제액도 가장 큰 인적공제에 대해서 알아보도록 하겠습니다. 인적공제는 연말정산에서... ,다가오는 2020년 귀속 연말정산 준비해보자 2 인적공제 연말정산에서 가장 먼저 입력하고 기본공제 항목 중 가장 공제액도 가장 큰 인적공제에 대해서 알아보도록 하겠습니다. 인적공제는 연말정산에서.,0,Human,86,109,2,43.0,31.0,40,22,5,0,0,7,0.55,0.125,0.0,0.0,0.175,0.2558139534883721,0.08139534883720931,0,0,2,0,0,0,0.023255813953488372
통큰준구씨 쇼핑몰 아이폰 케이스 추천 내돈내산,상품_리뷰,"아이폰 꾸미기 미러톡 13,900원 아이쉴드방탄 강화유리 11,900원 파스텔글라스케이스 17,900원 안녕하세요 블로거 찐탱이예요 :) 올릴건 너무너무 많은게 이상하게 요새 자꾸 후기만 쓰네용 내돈내산 후기입니다... ",아이폰 꾸미기 미러톡 13 900원 아이쉴드방탄 강화유리 11 900원 파스텔글라스케이스 17 900원 안녕하세요 블로거 찐탱이예요 올릴건 너무너무 많은게 이상하게 요새 자꾸 후기만 쓰네용 내돈내산 후기입니다.,0,Human,93,117,1,93.0,0.0,42,19,4,4,3,2,0.4523809523809524,0.09523809523809523,0.09523809523809523,0.07142857142857142,0.047619047619047616,0.20430107526881722,0.021505376344086023,0,0,1,0,0,0,0.010752688172043012
2020년 연말정산 주택청약 소득공제 (ft. 기업은행... ,전문_정보,"연말정산 주택청약은 시작은 귀찮았는데 하다 보니 괜찮았다. 엄청 의미 있는 건 아니고, 그래도 하루가 조금 정리된 느낌. 이런 곳도 있었네 싶었다. 급하게 정한 일정치고는 나쁘지 않았다. 딱히 특별하진 않은데 기억은 남는 편이다.",연말정산 주택청약은 시작은 귀찮았는데 하다 보니 괜찮았다. 엄청 의미 있는 건 아니고 그래도 하루가 조금 정리된 느낌. 이런 곳도 있었네 싶었다. 급하게 정한 일정치고는 나쁘지 않았다. 딱히 특별하진 않은데 기억은 남는 편이다.,1,AI_v2,96,127,5,19.2,5.344155686354955,46,15,7,10,2,7,0.32608695652173914,0.15217391304347827,0.21739130434782608,0.043478260869565216,0.15217391304347827,0.15625,0.07291666666666667,0,0,5,0,0,0,0.052083333333333336
아이폰 11 Pro Max/ 아이폰 6s와 비교(내돈내산 개봉기),상품_리뷰,며칠 동안 아이폰을 써봤는데 생각보다 손이 자주 가더라고요. 사용법도 어렵지 않고 마감도 괜찮아서 전체적으로 만족했어요. 사진으로 남겨두기에도 괜찮아서 기억에 오래 남을 것 같아요. 짧게 들렀지만 생각보다 알차게 시간을 보냈어요.,며칠 동안 아이폰을 써봤는데 생각보다 손이 자주 가더라고요. 사용법도 어렵지 않고 마감도 괜찮아서 전체적으로 만족했어요. 사진으로 남겨두기에도 괜찮아서 기억에 오래 남을 것 같아요. 짧게 들렀지만 생각보다 알차게 시간을 보냈어요.,1,AI_v1,100,128,4,25.0,2.345207879911715,48,17,7,7,1,11,0.3541666666666667,0.14583333333333334,0.14583333333333334,0.020833333333333332,0.22916666666666666,0.17,0.11,3,0,4,0,0,0,0.04
의료비 소득공제 한도 무제한? 2020년 연말정산 의료비 한도... ,전문_정보,의료비 소득공제를 하면서 오랜만에 여유를 느꼈어요. 바쁜 와중에 잠깐 쉬어가는 시간이 생긴 것 같아서 꽤 괜찮은 하루였답니다. 처음 가보는 분들도 크게 부담 없이 즐길 수 있을 것 같아요. 개인적으로는 너무 과하지 않은 점이 마음에 들었어요.,의료비 소득공제를 하면서 오랜만에 여유를 느꼈어요. 바쁜 와중에 잠깐 쉬어가는 시간이 생긴 것 같아서 꽤 괜찮은 하루였답니다. 처음 가보는 분들도 크게 부담 없이 즐길 수 있을 것 같아요. 개인적으로는 너무 과하지 않은 점이 마음에 들었어요.,1,AI_v1,101,135,4,25.25,3.344772040064913,54,21,10,5,2,9,0.3888888888888889,0.18518518518518517,0.09259259259259259,0.037037037037037035,0.16666666666666666,0.2079207920792079,0.0891089108910891,2,0,4,0,0,0,0.039603960396039604
2019년 8월 일상 이야기 (1) - 서울 나들이,맛집_리뷰,8월은 가볍게 들른 곳인데 은근 기억에 남았어요. 메뉴가 깔끔하고 직원분들도 친절해서 편하게 먹고 왔습니다. 재방문 의사 있어요. 짧게 들렀지만 생각보다 알차게 시간을 보냈어요. 다음에는 조금 더 여유 있게 다시 가보고 싶어요.,8월은 가볍게 들른 곳인데 은근 기억에 남았어요. 메뉴가 깔끔하고 직원분들도 친절해서 편하게 먹고 왔습니다. 재방문 의사 있어요. 짧게 들렀지만 생각보다 알차게 시간을 보냈어요. 다음에는 조금 더 여유 있게 다시 가보고 싶어요.,1,AI_v1,97,127,5,19.4,5.607138307550474,46,15,8,8,0,7,0.32608695652173914,0.17391304347826086,0.17391304347826086,0.0,0.15217391304347827,0.15463917525773196,0.07216494845360824,0,0,5,0,0,0,0.05154639175257732
연말정산 절세 전략…바뀐 연금세액공제 확인,전문_정보,따라 #연말정산 정산액은 차이가 발생한다. 지난 1년간 소득공제 및 세액공제 항목을 어떻게... 주택자금공제 등 근로자 스스로 해당되는 항목은 빠짐없이 챙기려는 노력이 필요하다. 이 외에도 2020년... ,따라 정산액은 차이가 발생한다. 지난 1년간 소득공제 및 세액공제 항목을 어떻게. 주택자금공제 등 근로자 스스로 해당되는 항목은 빠짐없이 챙기려는 노력이 필요하다. 이 외에도 2020년.,0,Human,81,104,4,20.25,9.908960591303208,42,21,5,2,1,6,0.5,0.11904761904761904,0.047619047619047616,0.023809523809523808,0.14285714285714285,0.25925925925925924,0.07407407407407407,0,0,4,0,0,0,0.04938271604938271
간단 정리 (+ 주택청약 소득공제/청년우대형 청약통장 연말정산),전문_정보,② 연말정산 끝나기 전에 소득공제 서류 제출할 것! (다음연도 2월 말까지) 12월 말안에 해당 서류들을 제출하면 2020년 1월에 실시하는 연말정산 간소화 서비스에서 확인이 가능합니다. 하지만 2월 말까지... ,연말정산 끝나기 전에 소득공제 서류 제출할 것! 다음연도 2월 말까지 12월 말안에 해당 서류들을 제출하면 2020년 1월에 실시하는 연말정산 간소화 서비스에서 확인이 가능합니다. 하지만 2월 말까지.,0,Human,87,112,3,29.0,20.992061991778385,41,18,5,1,0,6,0.43902439024390244,0.12195121951219512,0.024390243902439025,0.0,0.14634146341463414,0.20689655172413793,0.06896551724137931,0,0,2,1,0,0,0.034482758620689655
주파짚 아이폰11 실리콘 케이스 스톤 컬러 구매후기! (내돈내산... ,상품_리뷰,"주파짚 아이폰11 사용해봄. 장점은 간단하고 단점은 기대보다 평범하다는 것. 그래도 당장 쓰기엔 문제 없고, 재구매는 조금 더 봐야 할 듯. 기대치를 낮추고 가면 무난한 정도. 다음엔 다른 메뉴도 봐야 할 듯. 엄청난 건 아니고 그냥 기록용.",주파짚 아이폰11 사용해봄. 장점은 간단하고 단점은 기대보다 평범하다는 것. 그래도 당장 쓰기엔 문제 없고 재구매는 조금 더 봐야 할 듯. 기대치를 낮추고 가면 무난한 정도. 다음엔 다른 메뉴도 봐야 할 듯. 엄청난 건 아니고 그냥 기록용.,1,AI_v2,99,134,6,16.5,4.387482193696061,56,26,8,5,1,8,0.4642857142857143,0.14285714285714285,0.08928571428571429,0.017857142857142856,0.14285714285714285,0.26262626262626265,0.08080808080808081,0,0,6,0,0,0,0.06060606060606061
"2020년 연말정산, 지금부터 계획해야 성공한다",전문_정보,2020년을 위해 달라지는 연말정산 정책에 대해 알아보자. 신용카드 소득 공제 범위 확대 2018년 도서 구입과 공연 관람비가 소득공제 혜택에 포함된 것에 이어 2019년 7월부터 박물관과 미술관 입장료도... ,2020년을 위해 달라지는 연말정산 정책에 대해 알아보자. 신용카드 소득 공제 범위 확대 2018년 도서 구입과 공연 관람비가 소득공제 혜택에 포함된 것에 이어 2019년 7월부터 박물관과 미술관 입장료도.,0,Human,89,115,2,44.5,18.5,40,21,4,0,0,7,0.525,0.1,0.0,0.0,0.175,0.23595505617977527,0.07865168539325842,0,0,2,0,0,0,0.02247191011235955
2020년 &quot;연말정산 세액공제 신청서&quot; 양식 공유,전문_정보,올려져 있네요 ^^ 이미 정산을 하신분도 해야할 분들도 있겠지만 혹시나 해서 포스팅에 올리니~ 필요하신 분들 있으시면 참고 하시기 바랍니다~ 원샷 원킬로 안내해 드려요~ ㅋㅋ 첨부파일 2020년+세액공제신청서.hwp,올려져 있네요 이미 정산을 하신분도 해야할 분들도 있겠지만 혹시나 해서 포스팅에 올리니~ 필요하신 분들 있으시면 참고 하시기 바랍니다~ 원샷 원킬로 안내해 드려요~ 첨부파일 2020년 세액공제신청서.hwp,0,Human,90,114,2,45.0,41.5,41,13,10,4,1,4,0.3170731707317073,0.24390243902439024,0.0975609756097561,0.024390243902439025,0.0975609756097561,0.14444444444444443,0.044444444444444446,0,0,1,0,0,3,0.044444444444444446
GS25 아이폰 11 라이트닝 8핀 케이블 내돈내산 리뷰,상품_리뷰,GS25 사용해보니 처음 기대했던 것보다 만족도가 괜찮았어요. 큰 단점은 없었고 일상에서 쓰기 편해서 당분간 계속 써볼 생각입니다. 짧게 들렀지만 생각보다 알차게 시간을 보냈어요. 기대보다 편하게 즐길 수 있어서 만족스러운 시간이었답니다.,GS25 사용해보니 처음 기대했던 것보다 만족도가 괜찮았어요. 큰 단점은 없었고 일상에서 쓰기 편해서 당분간 계속 써볼 생각입니다. 짧게 들렀지만 생각보다 알차게 시간을 보냈어요. 기대보다 편하게 즐길 수 있어서 만족스러운 시간이었답니다.,1,AI_v1,104,133,4,26.0,3.082207001484488,46,16,7,10,0,7,0.34782608695652173,0.15217391304347827,0.21739130434782608,0.0,0.15217391304347827,0.15384615384615385,0.0673076923076923,1,0,4,0,0,0,0.038461538461538464
2019년 05월 01일~12일 일상,맛집_리뷰,05월 01일~12일은 가볍게 들른 곳인데 은근 기억에 남았어요. 메뉴가 깔끔하고 직원분들도 친절해서 편하게 먹고 왔습니다. 재방문 의사 있어요. 사진으로 남겨두기에도 괜찮아서 기억에 오래 남을 것 같아요.,05월 01일~12일은 가볍게 들른 곳인데 은근 기억에 남았어요. 메뉴가 깔끔하고 직원분들도 친절해서 편하게 먹고 왔습니다. 재방문 의사 있어요. 사진으로 남겨두기에도 괜찮아서 기억에 오래 남을 것 같아요.,1,AI_v1,90,115,4,22.5,7.88986691902975,44,13,5,7,1,8,0.29545454545454547,0.11363636363636363,0.1590909090909091,0.022727272727272728,0.18181818181818182,0.14444444444444443,0.08888888888888889,1,0,4,0,0,1,0.05555555555555555
드는 아이폰11케이스 GET!!! 하트그립톡케이스 내돈내산 후기,상품_리뷰,"드는은 직접 써보니 장단점이 분명했어요. 그래도 가격이나 사용감까지 생각하면 꽤 무난했고, 필요한 분들께는 참고가 될 것 같아요. 개인적으로는 너무 과하지 않은 점이 마음에 들었어요. 사진으로 남겨두기에도 괜찮아서 기억에 오래 남을 것 같아요.",드는은 직접 써보니 장단점이 분명했어요. 그래도 가격이나 사용감까지 생각하면 꽤 무난했고 필요한 분들께는 참고가 될 것 같아요. 개인적으로는 너무 과하지 않은 점이 마음에 들었어요. 사진으로 남겨두기에도 괜찮아서 기억에 오래 남을 것 같아요.,1,AI_v1,104,135,4,26.0,6.96419413859206,55,19,11,5,3,11,0.34545454545454546,0.2,0.09090909090909091,0.05454545454545454,0.2,0.18269230769230768,0.10576923076923077,3,0,4,0,0,0,0.038461538461538464
내돈내산 ESR 강화유리 필름 붙이기!(아이폰11promax) / 하남... ,상품_리뷰,#일렉트로닉마트 #하남스타필드 #ESR강화유리필름 #아이폰11promax #아이폰11프로맥스 #아이폰11pro #아이폰필름붙이기 #핸드폰필름평가 #내돈내산 ESR 강화유리 강화유리 항상 인터넷에서만 사다가 급해서 직접... ,ESR 강화유리 강화유리 항상 인터넷에서만 사다가 급해서 직접.,0,Human,28,35,1,28.0,0.0,11,6,0,1,0,1,0.5454545454545454,0.0,0.09090909090909091,0.0,0.09090909090909091,0.21428571428571427,0.03571428571428571,0,0,1,0,0,0,0.03571428571428571
강남역 맛집 매콤한게 끌린다?,맛집_리뷰,오늘은 가성비 좋은 강남역 맛집을 소개해드릴게요 :) 오늘 소개할 곳을 먼저 영상으로 담아보았는데... 같은 블로거 분들 만나서 블로그 이야기도 나누고 영상 관련해서도 이야기나눴어요~ 2019년 정신 차리고... ,오늘은 가성비 좋은 강남역 맛집을 소개해드릴게요 오늘 소개할 곳을 먼저 영상으로 담아보았는데. 같은 블로거 분들 만나서 블로그 이야기도 나누고 영상 관련해서도 이야기나눴어요~ 2019년 정신 차리고.,0,Human,87,111,2,43.5,2.5,39,18,9,2,0,5,0.46153846153846156,0.23076923076923078,0.05128205128205128,0.0,0.1282051282051282,0.20689655172413793,0.05747126436781609,0,0,2,0,0,1,0.034482758620689655
"[강남역 맛집] 우리의 소개팅 장소, 블루밍 가든 Blooming... ",맛집_리뷰,"2019년 3월 19일. 내가 삼. 2019년 3월에 간 걸 이제야 올리다니... 그동안 많이 달라졌을라나? 2019년 3월 19일 사귄지 2주년을 맞이해 갔었다. 이곳은 사실 우리의 소개팅 장소. 3년전 오늘, 그러니깐 2016년 12월... ",2019년 3월 19일. 내가 삼. 2019년 3월에 간 걸 이제야 올리다니. 그동안 많이 달라졌을라나? 2019년 3월 19일 사귄지 2주년을 맞이해 갔었다. 이곳은 사실 우리의 소개팅 장소. 3년전 오늘 그러니깐 2016년 12월.,0,Human,101,131,7,14.428571428571429,5.900536122303824,48,15,5,1,1,4,0.3125,0.10416666666666667,0.020833333333333332,0.020833333333333332,0.08333333333333333,0.1485148514851485,0.039603960396039604,0,0,6,0,1,0,0.06930693069306931
갤럭시 z플립 리뷰(내돈내산)-아이폰11프로 와 비교,상품_리뷰,사실 노트2 이후에 갤럭시 폰을 사용해 본 역사가 없어 얼마전 아이폰11프로 살 때도 갤럭시와 여러번의 고민 끝에 아이폰으로 결정한 거라서 갤럭시엔 별 미련이 없었는데- 남편이 갤럭시 폴드가 나오자마자... ,사실 노트2 이후에 갤럭시 폰을 사용해 본 역사가 없어 얼마전 아이폰11프로 살 때도 갤럭시와 여러번의 고민 끝에 아이폰으로 결정한 거라서 갤럭시엔 별 미련이 없었는데 남편이 갤럭시 폴드가 나오자마자.,0,Human,85,112,1,85.0,0.0,48,26,3,2,0,13,0.5416666666666666,0.0625,0.041666666666666664,0.0,0.2708333333333333,0.3058823529411765,0.15294117647058825,0,0,1,0,0,0,0.011764705882352941
2020년 연말정산 간소화 서비스와 달라진 공제 항목,전문_정보,"▶ 홈페이지 무료제작 자세히 보기 ◀ &quot; &quot; &quot;&quot; 2020년 달라진 연말정산 공제항목을 참고하시어 꼼꼼히 살펴보고 해당되는 공제항목이 있는지 체크 후 놓치는 부분이 없도록 혜택 받으시길 바라며, 추가로... ",홈페이지 무료제작 자세히 보기 2020년 달라진 연말정산 공제항목을 참고하시어 꼼꼼히 살펴보고 해당되는 공제항목이 있는지 체크 후 놓치는 부분이 없도록 혜택 받으시길 바라며 추가로.,0,Human,79,101,1,79.0,0.0,35,14,7,4,0,4,0.4,0.2,0.11428571428571428,0.0,0.11428571428571428,0.17721518987341772,0.05063291139240506,0,0,1,0,0,0,0.012658227848101266
강남역 맛집 미국남부 가정식 [샤이바나 강남점]_10월... ,맛집_리뷰,2019년 10월 29일 JA랑 알라딘 서점에서 나와서 YJ을 만나기로 한 강남역 신분당선쪽으로 이동했다. 오늘 저녁 먹으러 가기로 한 곳은 미국남부 가정식을 경험해 볼 수 있는 샤이바나 강남점이다. 샤이바나... ,2019년 10월 29일 JA랑 알라딘 서점에서 나와서 YJ을 만나기로 한 강남역 신분당선쪽으로 이동했다. 오늘 저녁 먹으러 가기로 한 곳은 미국남부 가정식을 경험해 볼 수 있는 샤이바나 강남점이다. 샤이바나.,0,Human,90,117,3,30.0,18.05547008526779,46,20,7,1,0,10,0.43478260869565216,0.15217391304347827,0.021739130434782608,0.0,0.21739130434782608,0.2222222222222222,0.1111111111111111,0,0,3,0,0,0,0.03333333333333333
유나이티드 갤러리 2019년 5월 U매거진_셋째주 전시... ,맛집_리뷰,유나이티드 갤러리에서 밥 먹었다. 맛은 자극적이지 않았고 가격도 요즘 기준으로는 평범했다. 근처 약속 있을 때 한 끼 해결하기 괜찮은 곳. 다음엔 다른 메뉴도 봐야 할 듯. 기대치를 낮추고 가면 무난한 정도. 이런 곳도 있었네 싶었다.,유나이티드 갤러리에서 밥 먹었다. 맛은 자극적이지 않았고 가격도 요즘 기준으로는 평범했다. 근처 약속 있을 때 한 끼 해결하기 괜찮은 곳. 다음엔 다른 메뉴도 봐야 할 듯. 기대치를 낮추고 가면 무난한 정도. 이런 곳도 있었네 싶었다.,1,AI_v2,97,131,6,16.166666666666668,4.487637339278753,53,23,8,5,0,9,0.4339622641509434,0.1509433962264151,0.09433962264150944,0.0,0.16981132075471697,0.23711340206185566,0.09278350515463918,0,0,6,0,0,0,0.061855670103092786
아이폰 폰스트랩 추천: 하이루프 폰스트랩(내돈내산 아이폰1... ,상품_리뷰,"아이폰 폰스트랩 후기 남겨보면, 처음엔 반신반의했지만 써볼수록 편한 점이 많았어요. 아쉬운 부분도 있지만 재구매를 고민할 정도는 됩니다. 개인적으로는 너무 과하지 않은 점이 마음에 들었어요. 다음에는 조금 더 여유 있게 다시 가보고 싶어요.",아이폰 폰스트랩 후기 남겨보면 처음엔 반신반의했지만 써볼수록 편한 점이 많았어요. 아쉬운 부분도 있지만 재구매를 고민할 정도는 됩니다. 개인적으로는 너무 과하지 않은 점이 마음에 들었어요. 다음에는 조금 더 여유 있게 다시 가보고 싶어요.,1,AI_v1,102,133,4,25.5,6.18465843842649,53,21,12,5,1,9,0.39622641509433965,0.22641509433962265,0.09433962264150944,0.018867924528301886,0.16981132075471697,0.20588235294117646,0.08823529411764706,0,0,4,0,0,0,0.0392156862745098
강남역맛집 : 바비레드 - 매콤한 크림파스타 &amp; 큐브 스테이크,맛집_리뷰,ㅣ강남역 맛집ㅣ 바비레드 매일 11:30 ~ 22:00 (라스트 오더 20:30) 매번 보자보자 하다가 2019년이 지났고 새해도 됐으니 이번엔 꼭 만나야 한다며 오랜만에 만나는 친구와 강남역에서 점심약속을 가졌다 둘다... ,강남역 맛집 바비레드 매일 11 30 ~ 22 00 라스트 오더 20 30 매번 보자보자 하다가 2019년이 지났고 새해도 됐으니 이번엔 꼭 만나야 한다며 오랜만에 만나는 친구와 강남역에서 점심약속을 가졌다 둘다.,0,Human,89,119,1,89.0,0.0,43,15,11,0,0,6,0.3488372093023256,0.2558139534883721,0.0,0.0,0.13953488372093023,0.16853932584269662,0.06741573033707865,0,0,1,0,0,1,0.02247191011235955
아이폰11 블랙 스펙과 구매후기 +화질비교,상품_리뷰,아이폰11 블랙 사용해보니 처음 기대했던 것보다 만족도가 괜찮았어요. 큰 단점은 없었고 일상에서 쓰기 편해서 당분간 계속 써볼 생각입니다. 처음 가보는 분들도 크게 부담 없이 즐길 수 있을 것 같아요. 다음에는 조금 더 여유 있게 다시 가보고 싶어요.,아이폰11 블랙 사용해보니 처음 기대했던 것보다 만족도가 괜찮았어요. 큰 단점은 없었고 일상에서 쓰기 편해서 당분간 계속 써볼 생각입니다. 처음 가보는 분들도 크게 부담 없이 즐길 수 있을 것 같아요. 다음에는 조금 더 여유 있게 다시 가보고 싶어요.,1,AI_v1,104,140,4,26.0,4.301162633521313,52,24,7,8,1,6,0.46153846153846156,0.1346153846153846,0.15384615384615385,0.019230769230769232,0.11538461538461539,0.23076923076923078,0.057692307692307696,1,0,4,0,0,0,0.038461538461538464
신용카드연말정산 때 참고하면 좋은 '공제한도',전문_정보,신용카드연말정산 참고하면 관련해서 소소하게 기록해봤어요. 특별한 일은 아니었지만 막상 지나고 보니 은근 기억에 남아서 이렇게 남겨두고 싶더라고요. 다음에는 조금 더 여유 있게 다시 가보고 싶어요. 전체적으로 무난하면서도 기분 좋게 마무리할 수 있었어요.,신용카드연말정산 참고하면 관련해서 소소하게 기록해봤어요. 특별한 일은 아니었지만 막상 지나고 보니 은근 기억에 남아서 이렇게 남겨두고 싶더라고요. 다음에는 조금 더 여유 있게 다시 가보고 싶어요. 전체적으로 무난하면서도 기분 좋게 마무리할 수 있었어요.,1,AI_v1,110,141,4,27.5,6.576473218982953,49,20,12,6,1,5,0.40816326530612246,0.24489795918367346,0.12244897959183673,0.02040816326530612,0.10204081632653061,0.18181818181818182,0.045454545454545456,1,0,4,0,0,0,0.03636363636363636
[강남역맛집/강남카페] 강남역 메이드바이오즈 / 카페빈스플,맛집_리뷰,"메이드바이오즈는 위치가 편해서 들렀다. 주문하고 기다리는 시간은 보통, 맛은 익숙한 느낌이었다. 조용한 식사보단 가볍게 먹는 쪽에 가까움. 딱히 특별하진 않은데 기억은 남는 편이다. 시간 맞으면 한 번쯤 들를만함.",메이드바이오즈는 위치가 편해서 들렀다. 주문하고 기다리는 시간은 보통 맛은 익숙한 느낌이었다. 조용한 식사보단 가볍게 먹는 쪽에 가까움. 딱히 특별하진 않은데 기억은 남는 편이다. 시간 맞으면 한 번쯤 들를만함.,1,AI_v2,91,118,5,18.2,3.4871191548325386,47,16,9,7,0,9,0.3404255319148936,0.19148936170212766,0.14893617021276595,0.0,0.19148936170212766,0.17582417582417584,0.0989010989010989,0,0,5,0,0,0,0.054945054945054944
2020년 홈택스 연말정산 소득공제 금액 미리보기 서비스 오픈,전문_정보,"이번에 요즘 홈택스 때문에 생각이 많았는데, 직접 해보니 생각보다 어렵지 않았어요. 천천히 정리하니 마음도 조금 편해진 느낌입니다. 다음에는 조금 더 여유 있게 다시 가보고 싶어요. 전체적으로 무난하면서도 기분 좋게 마무리할 수 있었어요.",이번에 요즘 홈택스 때문에 생각이 많았는데 직접 해보니 생각보다 어렵지 않았어요. 천천히 정리하니 마음도 조금 편해진 느낌입니다. 다음에는 조금 더 여유 있게 다시 가보고 싶어요. 전체적으로 무난하면서도 기분 좋게 마무리할 수 있었어요.,1,AI_v1,101,132,4,25.25,5.931905258852336,48,21,7,7,1,7,0.4375,0.14583333333333334,0.14583333333333334,0.020833333333333332,0.14583333333333334,0.2079207920792079,0.06930693069306931,0,0,4,0,0,0,0.039603960396039604
[강남역 맛집] 하이디라오... 골라먹는 재미! 강남 훠궈 맛집,맛집_리뷰,강남역에서 식사했는데 분위기가 너무 시끄럽지 않아 편했어요. 대표 메뉴가 깔끔했고 가격도 크게 부담스럽지 않아서 한 번쯤 가볼 만했답니다. 개인적으로는 너무 과하지 않은 점이 마음에 들었어요. 전체적으로 무난하면서도 기분 좋게 마무리할 수 있었어요.,강남역에서 식사했는데 분위기가 너무 시끄럽지 않아 편했어요. 대표 메뉴가 깔끔했고 가격도 크게 부담스럽지 않아서 한 번쯤 가볼 만했답니다. 개인적으로는 너무 과하지 않은 점이 마음에 들었어요. 전체적으로 무난하면서도 기분 좋게 마무리할 수 있었어요.,1,AI_v1,108,139,4,27.0,3.7416573867739413,53,19,11,5,2,9,0.3584905660377358,0.20754716981132076,0.09433962264150944,0.03773584905660377,0.16981132075471697,0.17592592592592593,0.08333333333333333,2,0,4,0,0,0,0.037037037037037035
[편리한연말정산] 공제신고서작성하기_STEP 01 기본사항입력,전문_정보,편리한연말정산을 하면서 오랜만에 여유를 느꼈어요. 바쁜 와중에 잠깐 쉬어가는 시간이 생긴 것 같아서 꽤 괜찮은 하루였답니다. 다음에는 조금 더 여유 있게 다시 가보고 싶어요. 전체적으로 무난하면서도 기분 좋게 마무리할 수 있었어요.,편리한연말정산을 하면서 오랜만에 여유를 느꼈어요. 바쁜 와중에 잠깐 쉬어가는 시간이 생긴 것 같아서 꽤 괜찮은 하루였답니다. 다음에는 조금 더 여유 있게 다시 가보고 싶어요. 전체적으로 무난하면서도 기분 좋게 마무리할 수 있었어요.,1,AI_v1,99,129,4,24.75,4.02336923485777,48,19,9,7,0,7,0.3958333333333333,0.1875,0.14583333333333334,0.0,0.14583333333333334,0.1919191919191919,0.0707070707070707,1,0,4,0,0,0,0.04040404040404041
홈텍스 연말정산 미리보기로 2020년 소득공제 준비하세요!,전문_정보,홈텍스를 하면서 생각보다 시간이 빨리 갔다. 중간중간 딴짓도 했지만 마무리는 했다. 그냥 소소한 기록으로 남김. 사람이 좀 있어서 조용한 느낌은 아니었음. 엄청난 건 아니고 그냥 기록용. 다음엔 다른 메뉴도 봐야 할 듯.,홈텍스를 하면서 생각보다 시간이 빨리 갔다. 중간중간 딴짓도 했지만 마무리는 했다. 그냥 소소한 기록으로 남김. 사람이 좀 있어서 조용한 느낌은 아니었음. 엄청난 건 아니고 그냥 기록용. 다음엔 다른 메뉴도 봐야 할 듯.,1,AI_v2,92,123,6,15.333333333333334,2.748737083745107,51,20,7,6,1,10,0.39215686274509803,0.13725490196078433,0.11764705882352941,0.0196078431372549,0.19607843137254902,0.21739130434782608,0.10869565217391304,0,0,6,0,0,0,0.06521739130434782
2020년 연말정산 미리보기 : 소득공제 세액공제 항목 및 확인,전문_정보,"그리고 다음해 2월 급여지급시에 작년도 근로소득에 대한 세금정산을 하게 되고, 증빙서류도 제출하고, 종합과세로 세금을 계산하여 징수하는 모든 과정, 이걸 2020년 연말정산 미리보기 소득공제... ",그리고 다음해 2월 급여지급시에 작년도 근로소득에 대한 세금정산을 하게 되고 증빙서류도 제출하고 종합과세로 세금을 계산하여 징수하는 모든 과정 이걸 2020년 연말정산 미리보기 소득공제.,0,Human,82,104,1,82.0,0.0,40,22,4,0,0,8,0.55,0.1,0.0,0.0,0.2,0.2682926829268293,0.0975609756097561,0,0,1,0,0,0,0.012195121951219513
신분당선 강남역 맛집 / 참치공방 - 참치회 무난한 스끼다시와... ,맛집_리뷰,신분당선 참치공방은 기대 많이 안 하고 갔는데 딱 그 정도였다. 음식은 무난했고 직원 응대도 평범. 근처에 있으면 다시 갈 수도 있음. 사람이 좀 있어서 조용한 느낌은 아니었음. 가격은 막 싸진 않았고 위치는 찾기 쉬운 편.,신분당선 참치공방은 기대 많이 안 하고 갔는데 딱 그 정도였다. 음식은 무난했고 직원 응대도 평범. 근처에 있으면 다시 갈 수도 있음. 사람이 좀 있어서 조용한 느낌은 아니었음. 가격은 막 싸진 않았고 위치는 찾기 쉬운 편.,1,AI_v2,91,125,5,18.2,4.214261501141095,52,23,7,6,2,8,0.4423076923076923,0.1346153846153846,0.11538461538461539,0.038461538461538464,0.15384615384615385,0.25274725274725274,0.08791208791208792,0,0,5,0,0,0,0.054945054945054944
2020년 연말정산 미리 준비하자! 개념 및 소득공제 세액공제... ,전문_정보,이것이 바로 연말정산! - 1년 기준(1. 1. ~ 12. 31.)으로 정산하고 내년 1~2월에 서류 제출하고 3월... 신용카드 공제가 가능 2019년 연말정산 살펴보기 &amp; 2020년 계획 세우기 2019년 연말정산 살펴보기... ,이것이 바로 연말정산! 1년 기준 1. 1. ~ 12. 31. 으로 정산하고 내년 1~2월에 서류 제출하고 3월. 신용카드 공제가 가능 2019년 연말정산 살펴보기 2020년 계획 세우기 2019년 연말정산 살펴보기.,0,Human,93,121,7,13.285714285714286,14.78140033685467,42,14,3,0,0,5,0.3333333333333333,0.07142857142857142,0.0,0.0,0.11904761904761904,0.15053763440860216,0.053763440860215055,0,0,6,1,0,2,0.0967741935483871
유나이티드 갤러리 2019년 6월 U매거진_다섯째주 전시_김세은... ,맛집_리뷰,"유나이티드 갤러리 쪽은 사람이 꽤 많았다. 메뉴판 보고 고르는데 가격대는 평범했고, 음식은 간이 센 편. 웨이팅 싫으면 애매한 시간에 가는 게 나을 듯. 급하게 정한 일정치고는 나쁘지 않았다. 기대치를 낮추고 가면 무난한 정도.",유나이티드 갤러리 쪽은 사람이 꽤 많았다. 메뉴판 보고 고르는데 가격대는 평범했고 음식은 간이 센 편. 웨이팅 싫으면 애매한 시간에 가는 게 나을 듯. 급하게 정한 일정치고는 나쁘지 않았다. 기대치를 낮추고 가면 무난한 정도.,1,AI_v2,94,126,5,18.8,3.370459909270543,50,22,6,6,0,9,0.44,0.12,0.12,0.0,0.18,0.23404255319148937,0.09574468085106383,0,0,5,0,0,0,0.05319148936170213
강남역맛집 재즈공연이 있는 레스토랑,맛집_리뷰,맛집 이탈리안 레스토랑 아이해브어드림 스테이크와 재즈공연 강남역 맛집 아이해브어드림 강남역... 2019년 이슈콘 첫 미팅을 가진 곳. 우리의 꿈이 이루어졌으면 하는 바램을 기억하기 위해 선정한 곳입니다.... ,맛집 이탈리안 레스토랑 아이해브어드림 스테이크와 재즈공연 강남역 맛집 아이해브어드림 강남역. 2019년 이슈콘 첫 미팅을 가진 곳. 우리의 꿈이 이루어졌으면 하는 바램을 기억하기 위해 선정한 곳입니다.,0,Human,88,112,3,29.333333333333332,10.624918300339486,46,27,6,1,0,6,0.5869565217391305,0.13043478260869565,0.021739130434782608,0.0,0.13043478260869565,0.3068181818181818,0.06818181818181818,0,0,3,0,0,0,0.03409090909090909
"2020년 연말정산, 신용카드 소득공제 및 제외항목",전문_정보,"오늘은 연말정산 신용카드에 대해 짧게 남겨봅니다. 큰 기대 없이 시작했는데 생각보다 만족스러웠고, 다음에도 비슷하게 해보고 싶어요. 기대보다 편하게 즐길 수 있어서 만족스러운 시간이었답니다. 짧게 들렀지만 생각보다 알차게 시간을 보냈어요.",오늘은 연말정산 신용카드에 대해 짧게 남겨봅니다. 큰 기대 없이 시작했는데 생각보다 만족스러웠고 다음에도 비슷하게 해보고 싶어요. 기대보다 편하게 즐길 수 있어서 만족스러운 시간이었답니다. 짧게 들렀지만 생각보다 알차게 시간을 보냈어요.,1,AI_v1,104,132,4,26.0,5.522680508593631,43,13,10,8,1,7,0.3023255813953488,0.23255813953488372,0.18604651162790697,0.023255813953488372,0.16279069767441862,0.125,0.0673076923076923,1,0,4,0,0,0,0.038461538461538464
알면 득이 되는 연말정산 꿀팁! 2020년 달라지는 연말정산... ,전문_정보,"연말정산 2020년 달라진 점은? 박물관, 미술관 신용카드 소득공제 2019년 7월 1일 이후 총 급여 7,000만 원 이하인 근로자가 박물관, 미술관 입장료를 신용카드로 결제한 경우 30% 소득공제율이 적용됩니다. 의료비... ",연말정산 2020년 달라진 점은? 박물관 미술관 신용카드 소득공제 2019년 7월 1일 이후 총 급여 7 000만 원 이하인 근로자가 박물관 미술관 입장료를 신용카드로 결제한 경우 30 소득공제율이 적용됩니다. 의료비.,0,Human,94,122,3,31.333333333333332,31.201851796897497,42,23,2,0,0,7,0.5476190476190477,0.047619047619047616,0.0,0.0,0.16666666666666666,0.24468085106382978,0.07446808510638298,0,0,2,0,1,0,0.031914893617021274
아이폰11pro vs 아이폰 12pro 비교,상품_리뷰,"아이폰11pro vs 써봄. 기대만큼은 아니지만 못 쓸 정도도 아님. 간단하게 쓰기엔 괜찮고, 오래 쓰면 평가가 조금 달라질 수도. 사진은 몇 장 찍었는데 정리는 나중에 해야겠다. 기대치를 낮추고 가면 무난한 정도.",아이폰11pro vs 써봄. 기대만큼은 아니지만 못 쓸 정도도 아님. 간단하게 쓰기엔 괜찮고 오래 쓰면 평가가 조금 달라질 수도. 사진은 몇 장 찍었는데 정리는 나중에 해야겠다. 기대치를 낮추고 가면 무난한 정도.,1,AI_v2,90,119,5,18.0,4.1952353926806065,48,18,7,4,1,9,0.375,0.14583333333333334,0.08333333333333333,0.020833333333333332,0.1875,0.2,0.1,0,0,5,0,0,0,0.05555555555555555
"아이폰 11 pro, 쿠팡 로켓배송 내돈내산 언박싱 리뷰",상품_리뷰,며칠 동안 아이폰을 써봤는데 생각보다 손이 자주 가더라고요. 사용법도 어렵지 않고 마감도 괜찮아서 전체적으로 만족했어요. 사진으로 남겨두기에도 괜찮아서 기억에 오래 남을 것 같아요. 개인적으로는 너무 과하지 않은 점이 마음에 들었어요.,며칠 동안 아이폰을 써봤는데 생각보다 손이 자주 가더라고요. 사용법도 어렵지 않고 마감도 괜찮아서 전체적으로 만족했어요. 사진으로 남겨두기에도 괜찮아서 기억에 오래 남을 것 같아요. 개인적으로는 너무 과하지 않은 점이 마음에 들었어요.,1,AI_v1,102,131,4,25.5,1.5,52,19,8,5,2,12,0.36538461538461536,0.15384615384615385,0.09615384615384616,0.038461538461538464,0.23076923076923078,0.18627450980392157,0.11764705882352941,3,0,4,0,0,0,0.0392156862745098
(내돈내산) &lt;한달후기&gt; ‘아이몰’ 변색없는 아이폰 케이스 !!,상품_리뷰,<한달후기>는 사용법이 어렵진 않았다. 마감은 보통이고 기능은 필요한 만큼만 있는 느낌. 오래 써봐야 알겠지만 첫인상은 나쁘지 않음. 사진은 몇 장 찍었는데 정리는 나중에 해야겠다. 시간 맞으면 한 번쯤 들를만함.,한달후기 는 사용법이 어렵진 않았다. 마감은 보통이고 기능은 필요한 만큼만 있는 느낌. 오래 써봐야 알겠지만 첫인상은 나쁘지 않음. 사진은 몇 장 찍었는데 정리는 나중에 해야겠다. 시간 맞으면 한 번쯤 들를만함.,1,AI_v2,89,118,5,17.8,2.9257477676655586,49,16,11,4,1,9,0.32653061224489793,0.22448979591836735,0.08163265306122448,0.02040816326530612,0.1836734693877551,0.1797752808988764,0.10112359550561797,0,0,5,0,0,0,0.056179775280898875
아이폰11Pro Max 256G 구입 // 이마트 24개월 무이자행사,상품_리뷰,"아이폰11Pro는 가볍게 써보기 좋은 제품이었어요. 기대를 너무 크게 하지 않으면 만족도가 높고, 실사용 기준으로는 꽤 괜찮게 느껴졌답니다. 전체적으로 무난하면서도 기분 좋게 마무리할 수 있었어요. 다음에는 조금 더 여유 있게 다시 가보고 싶어요.",아이폰11Pro는 가볍게 써보기 좋은 제품이었어요. 기대를 너무 크게 하지 않으면 만족도가 높고 실사용 기준으로는 꽤 괜찮게 느껴졌답니다. 전체적으로 무난하면서도 기분 좋게 마무리할 수 있었어요. 다음에는 조금 더 여유 있게 다시 가보고 싶어요.,1,AI_v1,106,137,4,26.5,6.34428877022476,50,20,10,7,1,5,0.4,0.2,0.14,0.02,0.1,0.18867924528301888,0.04716981132075472,1,0,4,0,0,0,0.03773584905660377
[강남역 맛집] 중경 마라탕,맛집_리뷰,"중경 쪽은 사람이 꽤 많았다. 메뉴판 보고 고르는데 가격대는 평범했고, 음식은 간이 센 편. 웨이팅 싫으면 애매한 시간에 가는 게 나을 듯. 딱히 특별하진 않은데 기억은 남는 편이다. 기대치를 낮추고 가면 무난한 정도.",중경 쪽은 사람이 꽤 많았다. 메뉴판 보고 고르는데 가격대는 평범했고 음식은 간이 센 편. 웨이팅 싫으면 애매한 시간에 가는 게 나을 듯. 딱히 특별하진 않은데 기억은 남는 편이다. 기대치를 낮추고 가면 무난한 정도.,1,AI_v2,89,121,5,17.8,4.354308211415448,50,21,7,6,0,9,0.42,0.14,0.12,0.0,0.18,0.23595505617977527,0.10112359550561797,0,0,5,0,0,0,0.056179775280898875
아이폰11 퍼플 내돈내산,상품_리뷰,결제는 전에 진단받은 아이폰7 그 금액 (11만 2000원) 1) 크레딧카드로 받거나 2) 결제 시 그 금액(11만 8400원)만큼 할인해줌 *** 크레딧카드란? 애플 크레딧카드로 (11만 8400원의 금액을 넣어줌) 내가 원하는... ,결제는 전에 진단받은 아이폰7 그 금액 11만 2000원 1 크레딧카드로 받거나 2 결제 시 그 금액 11만 8400원 만큼 할인해줌 크레딧카드란? 애플 크레딧카드로 11만 8400원의 금액을 넣어줌 내가 원하는.,0,Human,91,119,2,45.5,16.5,46,23,4,1,0,6,0.5,0.08695652173913043,0.021739130434782608,0.0,0.13043478260869565,0.25274725274725274,0.06593406593406594,0,0,1,0,1,0,0.02197802197802198
슈피겐 아이폰11 강화유리 액정보호필름 내돈내산 후기,상품_리뷰,슈피겐 궁금해서 써봤는데 막 놀랄 정도는 아니었다. 그래도 손이 자주 가긴 함. 불편한 점은 조금씩 보이는데 못 쓸 정도는 아님. 기대치를 낮추고 가면 무난한 정도. 사람이 좀 있어서 조용한 느낌은 아니었음. 가격은 막 싸진 않았고 위치는 찾기 쉬운 편.,슈피겐 궁금해서 써봤는데 막 놀랄 정도는 아니었다. 그래도 손이 자주 가긴 함. 불편한 점은 조금씩 보이는데 못 쓸 정도는 아님. 기대치를 낮추고 가면 무난한 정도. 사람이 좀 있어서 조용한 느낌은 아니었음. 가격은 막 싸진 않았고 위치는 찾기 쉬운 편.,1,AI_v2,104,142,6,17.333333333333332,3.5433819375782165,57,21,9,8,2,10,0.3684210526315789,0.15789473684210525,0.14035087719298245,0.03508771929824561,0.17543859649122806,0.20192307692307693,0.09615384615384616,0,0,6,0,0,0,0.057692307692307696
"홍콩을 연상시키는 강남역맛집, 구구당!",맛집_리뷰,이번에 근처에서 밥 먹을 곳 찾다가 홍콩을에 들렀어요. 맛이 자극적이지 않고 양도 적당해서 만족했답니다. 웨이팅만 조금 피하면 더 좋을 것 같아요. 처음 가보는 분들도 크게 부담 없이 즐길 수 있을 것 같아요. 사진으로 남겨두기에도 괜찮아서 기억에 오래 남을 것 같아요.,이번에 근처에서 밥 먹을 곳 찾다가 홍콩을에 들렀어요. 맛이 자극적이지 않고 양도 적당해서 만족했답니다. 웨이팅만 조금 피하면 더 좋을 것 같아요. 처음 가보는 분들도 크게 부담 없이 즐길 수 있을 것 같아요. 사진으로 남겨두기에도 괜찮아서 기억에 오래 남을 것 같아요.,1,AI_v1,112,151,5,22.4,3.0066592756745814,61,24,7,8,2,13,0.39344262295081966,0.11475409836065574,0.13114754098360656,0.03278688524590164,0.21311475409836064,0.21428571428571427,0.11607142857142858,4,0,5,0,0,0,0.044642857142857144
"강남역 맛집, 고소한 막국수와 제복쟁반 ' 청류벽 '",맛집_리뷰,강남역 고소한은 가볍게 들른 곳인데 은근 기억에 남았어요. 메뉴가 깔끔하고 직원분들도 친절해서 편하게 먹고 왔습니다. 재방문 의사 있어요. 다음에는 조금 더 여유 있게 다시 가보고 싶어요. 짧게 들렀지만 생각보다 알차게 시간을 보냈어요.,강남역 고소한은 가볍게 들른 곳인데 은근 기억에 남았어요. 메뉴가 깔끔하고 직원분들도 친절해서 편하게 먹고 왔습니다. 재방문 의사 있어요. 다음에는 조금 더 여유 있게 다시 가보고 싶어요. 짧게 들렀지만 생각보다 알차게 시간을 보냈어요.,1,AI_v1,101,132,5,20.2,6.04648658313239,46,16,8,9,0,7,0.34782608695652173,0.17391304347826086,0.1956521739130435,0.0,0.15217391304347827,0.15841584158415842,0.06930693069306931,0,0,5,0,0,0,0.04950495049504951
애플 정품 아이폰 실리콘 케이스 사용 후기 / 아이폰 11 pro... ,상품_리뷰,"애플 정품 써봄. 기대만큼은 아니지만 못 쓸 정도도 아님. 간단하게 쓰기엔 괜찮고, 오래 쓰면 평가가 조금 달라질 수도. 사람이 좀 있어서 조용한 느낌은 아니었음. 이런 곳도 있었네 싶었다. 시간 맞으면 한 번쯤 들를만함.",애플 정품 써봄. 기대만큼은 아니지만 못 쓸 정도도 아님. 간단하게 쓰기엔 괜찮고 오래 쓰면 평가가 조금 달라질 수도. 사람이 좀 있어서 조용한 느낌은 아니었음. 이런 곳도 있었네 싶었다. 시간 맞으면 한 번쯤 들를만함.,1,AI_v2,91,123,6,15.166666666666666,5.727613425813193,48,17,8,9,1,6,0.3541666666666667,0.16666666666666666,0.1875,0.020833333333333332,0.125,0.18681318681318682,0.06593406593406594,0,0,6,0,0,0,0.06593406593406594
[강남역맛집] 바비레드,맛집_리뷰,"찐맛집 바비레드 ! 드디어 와봤다 &gt;_&lt; 강남역 맛집 바비레드는 강남 봉은사로6길에 위치 ! CGV에서 쭉... 2019년 10월 18일부터 1월 5일까지 방탄소년단 팝업스토어 기간이었다고한다. BTS POP-UP HOUSE OF BTS,BTS... ",찐맛집 바비레드 ! 드디어 와봤다 강남역 맛집 바비레드는 강남 봉은사로6길에 위치 ! CGV에서 쭉. 2019년 10월 18일부터 1월 5일까지 방탄소년단 팝업스토어 기간이었다고한다. BTS POP UP HOUSE OF BTS BTS.,0,Human,103,131,5,20.6,11.859173664298876,46,16,5,0,1,3,0.34782608695652173,0.10869565217391304,0.0,0.021739130434782608,0.06521739130434782,0.1553398058252427,0.02912621359223301,0,0,3,2,0,0,0.04854368932038835
[강남 맛집 / 강남역 맛집] 로리스 더 프라임 립,맛집_리뷰,"선택되어지는 맛집들이 다르기는 한데 혹시 뭔가 특별한 날에, 기념일이나, 생일, 졸업 등 가족 혹은 연인과 함께 하기에 좋은 강남역 맛집을 추천한다면, 단연, 강남역 로리스 더 프라임 립을 강력... ",선택되어지는 맛집들이 다르기는 한데 혹시 뭔가 특별한 날에 기념일이나 생일 졸업 등 가족 혹은 연인과 함께 하기에 좋은 강남역 맛집을 추천한다면 단연 강남역 로리스 더 프라임 립을 강력.,0,Human,77,104,1,77.0,0.0,39,21,4,3,2,6,0.5384615384615384,0.10256410256410256,0.07692307692307693,0.05128205128205128,0.15384615384615385,0.2727272727272727,0.07792207792207792,0,0,1,0,0,0,0.012987012987012988
"아이폰11프로 슬림케이스로 그립감 좋고, 안정감 좋은... ",상품_리뷰,"아이폰11프로 후기 남겨보면, 처음엔 반신반의했지만 써볼수록 편한 점이 많았어요. 아쉬운 부분도 있지만 재구매를 고민할 정도는 됩니다. 다음에는 조금 더 여유 있게 다시 가보고 싶어요. 개인적으로는 너무 과하지 않은 점이 마음에 들었어요.",아이폰11프로 후기 남겨보면 처음엔 반신반의했지만 써볼수록 편한 점이 많았어요. 아쉬운 부분도 있지만 재구매를 고민할 정도는 됩니다. 다음에는 조금 더 여유 있게 다시 가보고 싶어요. 개인적으로는 너무 과하지 않은 점이 마음에 들었어요.,1,AI_v1,102,132,4,25.5,6.18465843842649,53,20,12,5,1,9,0.37735849056603776,0.22641509433962265,0.09433962264150944,0.018867924528301886,0.16981132075471697,0.19607843137254902,0.08823529411764706,0,0,4,0,0,0,0.0392156862745098
아이폰11 색상 내돈내산 퍼플 후기,상품_리뷰,"요즘 출시되는 타사 스마트폰들은 점점 베젤을 줄이면서 화면으로 꽉 채워가는 추세지만, 아이폰은 프로 모델도 베젤이 얇다고 표현하기 어렵고, 11은 그보다 더 넓은 베젤을 갖고 있어서 답답하게 느껴질 수... ",요즘 출시되는 타사 스마트폰들은 점점 베젤을 줄이면서 화면으로 꽉 채워가는 추세지만 아이폰은 프로 모델도 베젤이 얇다고 표현하기 어렵고 11은 그보다 더 넓은 베젤을 갖고 있어서 답답하게 느껴질 수.,0,Human,84,111,1,84.0,0.0,42,18,7,5,0,9,0.42857142857142855,0.16666666666666666,0.11904761904761904,0.0,0.21428571428571427,0.21428571428571427,0.10714285714285714,0,0,1,0,0,0,0.011904761904761904
(매장 없어짐)강남역 맛집 셰프투고 배달 큐브스테이크 감바스... ,맛집_리뷰,강남 역삼동에 위치해 있는 셰프투고 입니다! #강남역맛집 #역삼역맛집 #역삼동맛집 #논현동맛집... #강남역맛집 #역삼역맛집 #역삼동맛집 #논현동맛집 #논현역맛집 2019년 11월 7일부터 2020년 1월 31일까지... ,강남 역삼동에 위치해 있는 셰프투고 입니다! 2019년 11월 7일부터 2020년 1월 31일까지.,0,Human,44,55,2,22.0,3.0,19,5,1,2,0,1,0.2631578947368421,0.05263157894736842,0.10526315789473684,0.0,0.05263157894736842,0.11363636363636363,0.022727272727272728,0,0,1,1,0,0,0.045454545454545456
"2020년 변경된 연말 정산 하는법 (소득공제, 월세 환급 등)",전문_정보,2월에 정산하게 됨 - 2020년 연말정산 변경사항 이 외에도 1. 총 급여 7천만 원 이하자 산후조리원 비용 출산 1회당 200만 원 세액공제 2. 고액 기부금 기준금액 1000만 원 초과로 확대 3. 중소기업 취업자 감면... ,2월에 정산하게 됨 2020년 연말정산 변경사항 이 외에도 1. 총 급여 7천만 원 이하자 산후조리원 비용 출산 1회당 200만 원 세액공제 2. 고액 기부금 기준금액 1000만 원 초과로 확대 3. 중소기업 취업자 감면.,0,Human,92,124,4,23.0,8.455767262643882,48,25,3,0,0,2,0.5208333333333334,0.0625,0.0,0.0,0.041666666666666664,0.2717391304347826,0.021739130434782608,0,0,4,0,0,0,0.043478260869565216
아이폰 폰스트랩 추천: 하이루프 폰스트랩(내돈내산 아이폰1... ,상품_리뷰,아이폰은 처음엔 애매했는데 쓰다 보니 괜찮은 쪽으로 기울었다. 다만 설명이 조금 부족해서 처음 세팅할 때는 헤맸음. 기대치를 낮추고 가면 무난한 정도. 시간 맞으면 한 번쯤 들를만함. 다음엔 다른 메뉴도 봐야 할 듯.,아이폰은 처음엔 애매했는데 쓰다 보니 괜찮은 쪽으로 기울었다. 다만 설명이 조금 부족해서 처음 세팅할 때는 헤맸음. 기대치를 낮추고 가면 무난한 정도. 시간 맞으면 한 번쯤 들를만함. 다음엔 다른 메뉴도 봐야 할 듯.,1,AI_v2,90,121,5,18.0,5.585696017507576,49,20,10,3,0,9,0.40816326530612246,0.20408163265306123,0.061224489795918366,0.0,0.1836734693877551,0.2222222222222222,0.1,0,0,5,0,0,0,0.05555555555555555
"아이폰 중고 저렴한곳 옥션, G마켓 11번가 행복폰 내돈내산 후기",상품_리뷰,헤헷❤️ #아이폰중고로사기 #중고아이폰구입 #아이폰저렴하게구입 #아이폰인터넷으로구입 #11번가휴대폰구입 #11번가아이폰구입 #아이폰저렴한곳 #11번가행복폰 #행복폰구입후기,헤헷,0,Human,2,2,1,2.0,0.0,1,0,0,0,0,0,0.0,0.0,0.0,0.0,0.0,0.0,0.0,0,0,0,0,0,0,0.0
[2020년 연말정산] 박물관∙미술관 입장료 문화비 소득공제... ,전문_정보,즐거운 수원광교박물관 부담 없이 방문해보세요^^ #수원광교박물관 #소득공제 #박물관 #미술관 #입장료 #입장료소득공제 #문화비소득공제 #연말정산 #광교박물관 #수원 #광교 #경기도 #전시회 #전시 #관람,즐거운 수원광교박물관 부담 없이 방문해보세요,0,Human,20,24,1,20.0,0.0,8,5,1,1,1,0,0.625,0.125,0.125,0.125,0.0,0.25,0.0,0,0,0,0,0,0,0.0
"강남역 맛집 낙원타코 / 낙원스낵, 롯데백화점 '갬성푸드' 팝업",맛집_리뷰,오랜만에 강남역은 가볍게 들른 곳인데 은근 기억에 남았어요. 메뉴가 깔끔하고 직원분들도 친절해서 편하게 먹고 왔습니다. 재방문 의사 있어요. 전체적으로 무난하면서도 기분 좋게 마무리할 수 있었어요. 짧게 들렀지만 생각보다 알차게 시간을 보냈어요.,오랜만에 강남역은 가볍게 들른 곳인데 은근 기억에 남았어요. 메뉴가 깔끔하고 직원분들도 친절해서 편하게 먹고 왔습니다. 재방문 의사 있어요. 전체적으로 무난하면서도 기분 좋게 마무리할 수 있었어요. 짧게 들렀지만 생각보다 알차게 시간을 보냈어요.,1,AI_v1,107,137,5,21.4,6.468384651518491,51,17,8,9,0,9,0.3333333333333333,0.1568627450980392,0.17647058823529413,0.0,0.17647058823529413,0.1588785046728972,0.08411214953271028,0,0,5,0,0,0,0.04672897196261682
2019년 8월 일상 이야기 (1) - 서울 나들이,맛집_리뷰,8월 이야기 들렀다. 맛은 무난했고 양도 적당. 웨이팅만 길지 않으면 괜찮음. 엄청 특별한 맛집이라기보단 근처에서 밥 먹기 좋은 곳. 급하게 정한 일정치고는 나쁘지 않았다. 다음엔 다른 메뉴도 봐야 할 듯. 다음엔 다른 메뉴도 봐야 할 듯.,8월 이야기 들렀다. 맛은 무난했고 양도 적당. 웨이팅만 길지 않으면 괜찮음. 엄청 특별한 맛집이라기보단 근처에서 밥 먹기 좋은 곳. 급하게 정한 일정치고는 나쁘지 않았다. 다음엔 다른 메뉴도 봐야 할 듯. 다음엔 다른 메뉴도 봐야 할 듯.,1,AI_v2,99,134,7,14.142857142857142,4.257046978786097,54,21,8,6,1,10,0.3888888888888889,0.14814814814814814,0.1111111111111111,0.018518518518518517,0.18518518518518517,0.21212121212121213,0.10101010101010101,0,0,7,0,0,0,0.0707070707070707
내돈내산::벤토사 9H강화유리필름/아이폰 11pro max 추천,상품_리뷰,내돈내산 벤토사 사용해보니 처음 기대했던 것보다 만족도가 괜찮았어요. 큰 단점은 없었고 일상에서 쓰기 편해서 당분간 계속 써볼 생각입니다. 짧게 들렀지만 생각보다 알차게 시간을 보냈어요. 전체적으로 무난하면서도 기분 좋게 마무리할 수 있었어요.,내돈내산 벤토사 사용해보니 처음 기대했던 것보다 만족도가 괜찮았어요. 큰 단점은 없었고 일상에서 쓰기 편해서 당분간 계속 써볼 생각입니다. 짧게 들렀지만 생각보다 알차게 시간을 보냈어요. 전체적으로 무난하면서도 기분 좋게 마무리할 수 있었어요.,1,AI_v1,106,136,4,26.5,3.840572873934304,52,22,7,9,0,7,0.4230769230769231,0.1346153846153846,0.17307692307692307,0.0,0.1346153846153846,0.20754716981132076,0.0660377358490566,0,0,4,0,0,0,0.03773584905660377
[강남역 맛집/강남역 초밥] 갓덴스시 강남점,맛집_리뷰,갓덴스시 강남점 먹어봄. 맛은 괜찮았고 특별히 불편한 건 없었다. 가게가 조금 북적여서 오래 앉아있긴 애매했고 그냥 식사하고 나오기 좋음. 이런 곳도 있었네 싶었다. 사람이 좀 있어서 조용한 느낌은 아니었음. 이런 곳도 있었네 싶었다.,갓덴스시 강남점 먹어봄. 맛은 괜찮았고 특별히 불편한 건 없었다. 가게가 조금 북적여서 오래 앉아있긴 애매했고 그냥 식사하고 나오기 좋음. 이런 곳도 있었네 싶었다. 사람이 좀 있어서 조용한 느낌은 아니었음. 이런 곳도 있었네 싶었다.,1,AI_v2,99,131,6,16.5,7.112196097783956,49,17,5,13,1,6,0.3469387755102041,0.10204081632653061,0.2653061224489796,0.02040816326530612,0.12244897959183673,0.1717171717171717,0.06060606060606061,0,0,6,0,0,0,0.06060606060606061
2020년 연말정산용 의료비 세액공제 신청해 주세요,전문_정보,"오늘은 연말정산용 의료비에 대해 짧게 남겨봅니다. 큰 기대 없이 시작했는데 생각보다 만족스러웠고, 다음에도 비슷하게 해보고 싶어요. 짧게 들렀지만 생각보다 알차게 시간을 보냈어요. 전체적으로 무난하면서도 기분 좋게 마무리할 수 있었어요.",오늘은 연말정산용 의료비에 대해 짧게 남겨봅니다. 큰 기대 없이 시작했는데 생각보다 만족스러웠고 다음에도 비슷하게 해보고 싶어요. 짧게 들렀지만 생각보다 알차게 시간을 보냈어요. 전체적으로 무난하면서도 기분 좋게 마무리할 수 있었어요.,1,AI_v1,103,131,4,25.75,5.539629951540085,47,17,10,7,1,7,0.3617021276595745,0.2127659574468085,0.14893617021276595,0.02127659574468085,0.14893617021276595,0.1650485436893204,0.06796116504854369,0,0,4,0,0,0,0.038834951456310676
케이스티파이 20% 할인코드  feat. 아이폰11 케이스 추천,상품_리뷰,케이스티파이는 사용법이 어렵진 않았다. 마감은 보통이고 기능은 필요한 만큼만 있는 느낌. 오래 써봐야 알겠지만 첫인상은 나쁘지 않음. 딱히 특별하진 않은데 기억은 남는 편이다. 이런 곳도 있었네 싶었다. 가격은 막 싸진 않았고 위치는 찾기 쉬운 편.,케이스티파이는 사용법이 어렵진 않았다. 마감은 보통이고 기능은 필요한 만큼만 있는 느낌. 오래 써봐야 알겠지만 첫인상은 나쁘지 않음. 딱히 특별하진 않은데 기억은 남는 편이다. 이런 곳도 있었네 싶었다. 가격은 막 싸진 않았고 위치는 찾기 쉬운 편.,1,AI_v2,105,139,6,17.5,3.095695936834452,54,16,11,9,1,10,0.2962962962962963,0.2037037037037037,0.16666666666666666,0.018518518518518517,0.18518518518518517,0.1523809523809524,0.09523809523809523,0,0,6,0,0,0,0.05714285714285714
"2021 연말정산 기간과 소득 공제 항목 총정리! 월세, 카드... ",전문_정보,따라서 2020년 분이 귀속되는 2021년 연말정산도 몇 가지 변동이 있는데 이 변동 사항들의 항목과... 2021년 연말정산 기간 소득공제 및 세액공제 증명자료 확인 기간 (2021.01.15 ~ 2021.02.15) 1월 15일부터는 홈택스... ,따라서 2020년 분이 귀속되는 2021년 연말정산도 몇 가지 변동이 있는데 이 변동 사항들의 항목과. 2021년 연말정산 기간 소득공제 및 세액공제 증명자료 확인 기간 2021.01.15 ~ 2021.02.15 1월 15일부터는 홈택스.,0,Human,105,133,6,17.5,15.628499608087784,45,22,1,1,0,5,0.4888888888888889,0.022222222222222223,0.022222222222222223,0.0,0.1111111111111111,0.20952380952380953,0.047619047619047616,0,0,6,0,0,1,0.06666666666666667
"국세청 연말정산, 법인 소득공제 꿀팁",전문_정보,2019년 귀속분에 대한 연말정산을 하는 것이기 때문에 2020년 1월 말에서 2월 말 한 달 정도 연말정산 간소화 서비스가 운영된다. ● 연말정산 : 급여소득에서 원천징수한 세액의 과부족을 연말에 정산하는 일... ,2019년 귀속분에 대한 연말정산을 하는 것이기 때문에 2020년 1월 말에서 2월 말 한 달 정도 연말정산 간소화 서비스가 운영된다. 연말정산 급여소득에서 원천징수한 세액의 과부족을 연말에 정산하는 일.,0,Human,88,114,2,44.0,13.0,46,23,4,0,0,10,0.5,0.08695652173913043,0.0,0.0,0.21739130434782608,0.26136363636363635,0.11363636363636363,0,0,2,0,0,0,0.022727272727272728
강남역 맛집 바비레드 BTS팝업스토어 근처맛집 강남역 핫플,맛집_리뷰,바비레드 이름은 몇 번 봤는데 이제야 가봄. 양은 생각보다 괜찮고 맛은 익숙한 쪽. 웨이팅 길면 굳이 기다릴 정도는 아닌 듯. 사진은 몇 장 찍었는데 정리는 나중에 해야겠다. 이런 곳도 있었네 싶었다. 딱히 특별하진 않은데 기억은 남는 편이다.,바비레드 이름은 몇 번 봤는데 이제야 가봄. 양은 생각보다 괜찮고 맛은 익숙한 쪽. 웨이팅 길면 굳이 기다릴 정도는 아닌 듯. 사진은 몇 장 찍었는데 정리는 나중에 해야겠다. 이런 곳도 있었네 싶었다. 딱히 특별하진 않은데 기억은 남는 편이다.,1,AI_v2,100,136,6,16.666666666666668,2.8087165910587863,54,23,8,8,0,9,0.42592592592592593,0.14814814814814814,0.14814814814814814,0.0,0.16666666666666666,0.23,0.09,0,0,6,0,0,0,0.06
"어렵고 복잡한 연말정산, 소득공제 총정리! 페퍼저축은행이... ",전문_정보,"방법부터 공제 항목들, 그리고 다양한 꿀팁들까지 저희 페퍼저축은행이 알려드리도록 하겠습니다! 우선 2020년 연말정산이 1월 15일부터 3월 초까지 진행하는데, 재직중인 회사마다 상이할 수 있으니 미리미리... ",방법부터 공제 항목들 그리고 다양한 꿀팁들까지 저희 페퍼저축은행이 알려드리도록 하겠습니다! 우선 2020년 연말정산이 1월 15일부터 3월 초까지 진행하는데 재직중인 회사마다 상이할 수 있으니 미리미리.,0,Human,90,113,2,45.0,4.0,42,17,5,2,0,7,0.40476190476190477,0.11904761904761904,0.047619047619047616,0.0,0.16666666666666666,0.18888888888888888,0.07777777777777778,0,0,1,1,0,0,0.022222222222222223
강남역맛집 : 어글리스토브!,맛집_리뷰,강남역맛집에서 식사했는데 분위기가 너무 시끄럽지 않아 편했어요. 대표 메뉴가 깔끔했고 가격도 크게 부담스럽지 않아서 한 번쯤 가볼 만했답니다. 사진으로 남겨두기에도 괜찮아서 기억에 오래 남을 것 같아요. 개인적으로는 너무 과하지 않은 점이 마음에 들었어요.,강남역맛집에서 식사했는데 분위기가 너무 시끄럽지 않아 편했어요. 대표 메뉴가 깔끔했고 가격도 크게 부담스럽지 않아서 한 번쯤 가볼 만했답니다. 사진으로 남겨두기에도 괜찮아서 기억에 오래 남을 것 같아요. 개인적으로는 너무 과하지 않은 점이 마음에 들었어요.,1,AI_v1,111,143,4,27.75,3.6996621467371855,56,20,10,5,3,12,0.35714285714285715,0.17857142857142858,0.08928571428571429,0.05357142857142857,0.21428571428571427,0.18018018018018017,0.10810810810810811,3,0,4,0,0,0,0.036036036036036036
&quot;아이폰11프로&quot; 홍콩판 직구 내돈내산 솔직후기! / 언박싱,상품_리뷰,IPHONE 11 PRO 홍콩판 제품명 : 아이폰11프로 / Iphone11Pro 홍콩버전 색상 : 실버 용량 : 256GB 구매처 : 큐텐... 준 #내돈내산 솔직리뷰 입니다. 홍콩판 아이폰 구매대행 하시는 분들께 조금이나마 도움이 되길 바라며... ,IPHONE 11 PRO 홍콩판 제품명 아이폰11프로 Iphone11Pro 홍콩버전 색상 실버 용량 256GB 구매처 큐텐. 준 솔직리뷰 입니다. 홍콩판 아이폰 구매대행 하시는 분들께 조금이나마 도움이 되길 바라며.,0,Human,95,120,3,31.666666666666668,19.22382780706162,45,24,3,1,0,3,0.5333333333333333,0.06666666666666667,0.022222222222222223,0.0,0.06666666666666667,0.25263157894736843,0.031578947368421054,0,0,3,0,0,0,0.031578947368421054
【2020년 연말정산】 월세세액공제 대상자 및 공제율 10~12%,전문_정보,연말정산】 월세세액공제를 하면서 생각보다 시간이 빨리 갔다. 중간중간 딴짓도 했지만 마무리는 했다. 그냥 소소한 기록으로 남김. 사진은 몇 장 찍었는데 정리는 나중에 해야겠다. 시간 맞으면 한 번쯤 들를만함. 이런 곳도 있었네 싶었다.,연말정산 월세세액공제를 하면서 생각보다 시간이 빨리 갔다. 중간중간 딴짓도 했지만 마무리는 했다. 그냥 소소한 기록으로 남김. 사진은 몇 장 찍었는데 정리는 나중에 해야겠다. 시간 맞으면 한 번쯤 들를만함. 이런 곳도 있었네 싶었다.,1,AI_v2,99,130,6,16.5,5.251983752196243,53,21,11,3,1,9,0.39622641509433965,0.20754716981132076,0.05660377358490566,0.018867924528301886,0.16981132075471697,0.21212121212121213,0.09090909090909091,0,0,6,0,0,0,0.06060606060606061
[ 내돈내산 ] 아이폰 11 실리콘케이스,상품_리뷰,"배송은 3일 걸렸어요 9월 8일 오후에 주문해서 9월 11일 오전에 도착했습니당 마지막으로 링크 남기고 포스팅 끝낼게요~ 공감, 댓글, 서이추는 언제나 환영입니다~! #대학생 #일상 #내돈내산 #아이폰 #아이폰11... ",배송은 3일 걸렸어요 9월 8일 오후에 주문해서 9월 11일 오전에 도착했습니당 마지막으로 링크 남기고 포스팅 끝낼게요~ 공감 댓글 서이추는 언제나 환영입니다~!,0,Human,70,90,1,70.0,0.0,33,13,6,1,1,5,0.3939393939393939,0.18181818181818182,0.030303030303030304,0.030303030303030304,0.15151515151515152,0.18571428571428572,0.07142857142857142,0,0,0,1,0,2,0.04285714285714286
2020년 연말정산! 문화비 소득공제에 대해 알아보자!,전문_정보,연말정산이란 급여소득에서 원천징수한 세액의 과부족을 연말에 정산하는 일을 말하는데요.... 소득공제를 위해 신문 사업자 사전 접수를 받고 있습니다. 사전접수 기간은 2020년 12월 31일까지입니다. 신문을... ,연말정산이란 급여소득에서 원천징수한 세액의 과부족을 연말에 정산하는 일을 말하는데요. 소득공제를 위해 신문 사업자 사전 접수를 받고 있습니다. 사전접수 기간은 2020년 12월 31일까지입니다. 신문을.,0,Human,91,113,4,22.75,12.43734296383275,45,20,3,1,0,11,0.4444444444444444,0.06666666666666667,0.022222222222222223,0.0,0.24444444444444444,0.21978021978021978,0.12087912087912088,0,0,4,0,0,0,0.04395604395604396
2019년 강남역 맛집 청춘양꼬치 방문기,맛집_리뷰,"오늘은 상하이 어학연수 동안 가장 친했던 지인과 함께 강남역 맛집, 강남역 술집으로 유명한 양꼬치 맛집 중국본토 요리 맛집 청춘양꼬치 샤브샤브 를 방문했습니다~! 양꼬치 익을때까지 방치될 저희의 굶주린... ",오늘은 상하이 어학연수 동안 가장 친했던 지인과 함께 강남역 맛집 강남역 술집으로 유명한 양꼬치 맛집 중국본토 요리 맛집 청춘양꼬치 샤브샤브 를 방문했습니다~! 양꼬치 익을때까지 방치될 저희의 굶주린.,0,Human,86,112,2,43.0,25.0,43,26,3,2,1,6,0.6046511627906976,0.06976744186046512,0.046511627906976744,0.023255813953488372,0.13953488372093023,0.3023255813953488,0.06976744186046512,0,0,1,1,0,1,0.03488372093023256
"홍콩을 연상시키는 강남역맛집, 구구당!",맛집_리뷰,바쁘지만 2019년 마지막 날에는 저녁 아홉시에 취침해서 2020년 첫 날 아홉시에 기상하였습니다 누구보다... ㅎㅎㅎㅎㅎ 강남역맛집 구구당은 CGV뒤쪽 골목에 있고요 맛있게 먹고 맛있게 이야기하는 장소라는 예쁜... ,바쁘지만 2019년 마지막 날에는 저녁 아홉시에 취침해서 2020년 첫 날 아홉시에 기상하였습니다 누구보다. 강남역맛집 구구당은 CGV뒤쪽 골목에 있고요 맛있게 먹고 맛있게 이야기하는 장소라는 예쁜.,0,Human,88,111,2,44.0,4.0,39,17,4,5,0,7,0.4358974358974359,0.10256410256410256,0.1282051282051282,0.0,0.1794871794871795,0.19318181818181818,0.07954545454545454,0,0,2,0,0,0,0.022727272727272728
&lt;아이폰 11 퍼플 64g&gt; 내돈내산 후기,상품_리뷰,"곧 아이폰 12가 출시되지만, 라이트 유저인 내게 100여만원이 넘을 아이폰 12는 쓰잘데기가..... 그래서 아이폰 11로 결정. 성지를 찾아 헤매다가 적절한 가격으로 기변. SKT를 계속 쓰는 이유는 하나. 댕댕이한테... ",곧 아이폰 12가 출시되지만 라이트 유저인 내게 100여만원이 넘을 아이폰 12는 쓰잘데기가. 그래서 아이폰 11로 결정. 성지를 찾아 헤매다가 적절한 가격으로 기변. SKT를 계속 쓰는 이유는 하나. 댕댕이한테.,0,Human,92,119,5,18.4,12.043255373859678,49,19,9,1,1,7,0.3877551020408163,0.1836734693877551,0.02040816326530612,0.02040816326530612,0.14285714285714285,0.20652173913043478,0.07608695652173914,0,0,5,0,0,0,0.05434782608695652
2020년 연말정산 개정세법 핵심요약 및 절세전략,전문_정보,연말정산은 생각보다 시간이 걸렸다. 중간에 귀찮아서 멈출까 했는데 일단 끝내긴 함. 다음엔 조금 더 빨리 할 수 있을 듯. 가격은 막 싸진 않았고 위치는 찾기 쉬운 편. 이런 곳도 있었네 싶었다. 다음엔 다른 메뉴도 봐야 할 듯.,연말정산은 생각보다 시간이 걸렸다. 중간에 귀찮아서 멈출까 했는데 일단 끝내긴 함. 다음엔 조금 더 빨리 할 수 있을 듯. 가격은 막 싸진 않았고 위치는 찾기 쉬운 편. 이런 곳도 있었네 싶었다. 다음엔 다른 메뉴도 봐야 할 듯.,1,AI_v2,92,128,6,15.333333333333334,3.0368111930481,52,21,10,5,1,9,0.40384615384615385,0.19230769230769232,0.09615384615384616,0.019230769230769232,0.17307692307692307,0.22826086956521738,0.09782608695652174,0,0,6,0,0,0,0.06521739130434782
2020년 연말정산 미리보기(신용카드소득공제),전문_정보,홈택스에서 2020년 연말정산 미리보기(신용카드소득공제) 2020년 연말정산에서 신용카드는 공제율과 한도가 아래처럼 늘어난 만큼 혹시 올해 신용카드로 큰 금액을 사용할 일이 있다면... ,홈택스에서 2020년 연말정산 미리보기 신용카드소득공제 2020년 연말정산에서 신용카드는 공제율과 한도가 아래처럼 늘어난 만큼 혹시 올해 신용카드로 큰 금액을 사용할 일이 있다면.,0,Human,80,100,1,80.0,0.0,32,17,3,1,0,7,0.53125,0.09375,0.03125,0.0,0.21875,0.2125,0.0875,0,0,1,0,0,0,0.0125
강남역맛집 인기명 역삼본점 조갈찜 토토가 연말모임 회식장소,맛집_리뷰,강남역맛집 인기명에서 식사했는데 분위기가 너무 시끄럽지 않아 편했어요. 대표 메뉴가 깔끔했고 가격도 크게 부담스럽지 않아서 한 번쯤 가볼 만했답니다. 짧게 들렀지만 생각보다 알차게 시간을 보냈어요. 전체적으로 무난하면서도 기분 좋게 마무리할 수 있었어요.,강남역맛집 인기명에서 식사했는데 분위기가 너무 시끄럽지 않아 편했어요. 대표 메뉴가 깔끔했고 가격도 크게 부담스럽지 않아서 한 번쯤 가볼 만했답니다. 짧게 들렀지만 생각보다 알차게 시간을 보냈어요. 전체적으로 무난하면서도 기분 좋게 마무리할 수 있었어요.,1,AI_v1,111,142,4,27.75,4.968651728587948,52,19,10,7,1,8,0.36538461538461536,0.19230769230769232,0.1346153846153846,0.019230769230769232,0.15384615384615385,0.17117117117117117,0.07207207207207207,2,0,4,0,0,0,0.036036036036036036
아이폰11 내돈내산 케이스 구매후기 - 폰스트랩으로 두 손을... ,상품_리뷰,시작해보겠습니다 #내돈내산 #일주일사용기 - 폰스트랩 판매하는 업체가 정말 엄청 많은데요 저도... 투명케이스 아이폰 11 / 디자인: Sapphire Navy 제가 고른 폰스트랩이예요 #아이폰11 #아이폰퍼플 에 어울리는... ,시작해보겠습니다 폰스트랩 판매하는 업체가 정말 엄청 많은데요 저도. 투명케이스 아이폰 11 디자인 Sapphire Navy 제가 고른 폰스트랩이예요 에 어울리는.,0,Human,72,90,2,36.0,6.0,31,14,4,1,1,5,0.45161290322580644,0.12903225806451613,0.03225806451612903,0.03225806451612903,0.16129032258064516,0.19444444444444445,0.06944444444444445,0,0,2,0,0,0,0.027777777777777776
아이폰11pro 케이스 내돈내산 추천!! 예쁜 게 단단하기까지 한... ,상품_리뷰,아이폰11pro는 처음엔 애매했는데 쓰다 보니 괜찮은 쪽으로 기울었다. 다만 설명이 조금 부족해서 처음 세팅할 때는 헤맸음. 엄청난 건 아니고 그냥 기록용. 급하게 정한 일정치고는 나쁘지 않았다. 기대치를 낮추고 가면 무난한 정도.,아이폰11pro는 처음엔 애매했는데 쓰다 보니 괜찮은 쪽으로 기울었다. 다만 설명이 조금 부족해서 처음 세팅할 때는 헤맸음. 엄청난 건 아니고 그냥 기록용. 급하게 정한 일정치고는 나쁘지 않았다. 기대치를 낮추고 가면 무난한 정도.,1,AI_v2,99,129,5,19.8,6.794115100585212,49,19,7,7,0,8,0.3877551020408163,0.14285714285714285,0.14285714285714285,0.0,0.16326530612244897,0.1919191919191919,0.08080808080808081,0,0,5,0,0,0,0.050505050505050504
[강남역 맛집] 느린마을양조장 강남점,맛집_리뷰,"맛있는 요리와 막걸리 한 잔 2019년 10월 26일, 오후 7시 회비 사용 주관적 평가표 맛 ★★★★☆ 안주가... 위치 ★★★★☆ 강남역 근처 추천 메뉴 삼겹 비빔 쫄면 개선점 국물 안주용 앞접시 구비 ※ 지극히... ",맛있는 요리와 막걸리 한 잔 2019년 10월 26일 오후 7시 회비 사용 주관적 평가표 맛 안주가. 위치 강남역 근처 추천 메뉴 삼겹 비빔 쫄면 개선점 국물 안주용 앞접시 구비 지극히.,0,Human,75,104,2,37.5,3.5,39,27,1,1,1,2,0.6923076923076923,0.02564102564102564,0.02564102564102564,0.02564102564102564,0.05128205128205128,0.36,0.02666666666666667,0,0,2,0,0,0,0.02666666666666667
2020.05.16 내돈내산 아이폰11 구매후기,상품_리뷰,".05.16 사용해봄. 장점은 간단하고 단점은 기대보다 평범하다는 것. 그래도 당장 쓰기엔 문제 없고, 재구매는 조금 더 봐야 할 듯. 딱히 특별하진 않은데 기억은 남는 편이다. 엄청난 건 아니고 그냥 기록용. 사람이 좀 있어서 조용한 느낌은 아니었음.",.05.16 사용해봄. 장점은 간단하고 단점은 기대보다 평범하다는 것. 그래도 당장 쓰기엔 문제 없고 재구매는 조금 더 봐야 할 듯. 딱히 특별하진 않은데 기억은 남는 편이다. 엄청난 건 아니고 그냥 기록용. 사람이 좀 있어서 조용한 느낌은 아니었음.,1,AI_v2,105,140,7,15.0,7.039248568431382,54,20,7,10,1,8,0.37037037037037035,0.12962962962962962,0.18518518518518517,0.018518518518518517,0.14814814814814814,0.19047619047619047,0.0761904761904762,0,0,8,0,0,0,0.0761904761904762
"아이폰 11 프로 연속촬영(연사찍기), 동영상",상품_리뷰,"아이폰 11 PRO로 기변하면서, 촬영버튼을 꾹 누르면 연사가 안찍히는거 6s쓰다가 넘어온 자 어리둥절... 이래저래 쓰다보니 익숙해지고 손에 익는 것 같다 내돈내산 후기이지만, 본 링크로 들어가 구입시 일정의... ",아이폰 11 PRO로 기변하면서 촬영버튼을 꾹 누르면 연사가 안찍히는거 6s쓰다가 넘어온 자 어리둥절. 이래저래 쓰다보니 익숙해지고 손에 익는 것 같다 내돈내산 후기이지만 본 링크로 들어가 구입시 일정의.,0,Human,88,114,2,44.0,1.0,46,17,11,1,1,6,0.3695652173913043,0.2391304347826087,0.021739130434782608,0.021739130434782608,0.13043478260869565,0.19318181818181818,0.06818181818181818,0,0,2,0,0,0,0.022727272727272728
강남역 맛집 바비레드 꼭가기 두번가기,맛집_리뷰,근처에서 밥 먹을 곳 찾다가 강남역에 들렀어요. 맛이 자극적이지 않고 양도 적당해서 만족했답니다. 웨이팅만 조금 피하면 더 좋을 것 같아요. 전체적으로 무난하면서도 기분 좋게 마무리할 수 있었어요. 사진으로 남겨두기에도 괜찮아서 기억에 오래 남을 것 같아요.,근처에서 밥 먹을 곳 찾다가 강남역에 들렀어요. 맛이 자극적이지 않고 양도 적당해서 만족했답니다. 웨이팅만 조금 피하면 더 좋을 것 같아요. 전체적으로 무난하면서도 기분 좋게 마무리할 수 있었어요. 사진으로 남겨두기에도 괜찮아서 기억에 오래 남을 것 같아요.,1,AI_v1,110,144,5,22.0,3.286335345030997,56,22,7,8,1,11,0.39285714285714285,0.125,0.14285714285714285,0.017857142857142856,0.19642857142857142,0.2,0.1,3,0,5,0,0,0,0.045454545454545456
[강남역 맛집/강남역 파스타] 이름없는파스타(2),맛집_리뷰,친구랑 강남역에 갔는데 전체적으로 무난해서 좋았어요. 음식 나오는 속도도 괜찮고 맛도 기대 이상이라 근처 맛집 찾는 분들께 추천드려요. 기대보다 편하게 즐길 수 있어서 만족스러운 시간이었답니다. 짧게 들렀지만 생각보다 알차게 시간을 보냈어요. 다음에는 조금 더 여유 있게 다시 가보고 싶어요.,친구랑 강남역에 갔는데 전체적으로 무난해서 좋았어요. 음식 나오는 속도도 괜찮고 맛도 기대 이상이라 근처 맛집 찾는 분들께 추천드려요. 기대보다 편하게 즐길 수 있어서 만족스러운 시간이었답니다. 짧게 들렀지만 생각보다 알차게 시간을 보냈어요. 다음에는 조금 더 여유 있게 다시 가보고 싶어요.,1,AI_v1,125,163,5,25.0,4.979959839195493,60,23,11,8,0,11,0.38333333333333336,0.18333333333333332,0.13333333333333333,0.0,0.18333333333333332,0.184,0.088,2,0,5,0,0,0,0.04
연말정산 부양가족 인적공제 기준 간단합니다!,전문_정보,"요즘 연말정산 부양가족 때문에 생각이 많았는데, 직접 해보니 생각보다 어렵지 않았어요. 천천히 정리하니 마음도 조금 편해진 느낌입니다. 기대보다 편하게 즐길 수 있어서 만족스러운 시간이었답니다. 처음 가보는 분들도 크게 부담 없이 즐길 수 있을 것 같아요.",요즘 연말정산 부양가족 때문에 생각이 많았는데 직접 해보니 생각보다 어렵지 않았어요. 천천히 정리하니 마음도 조금 편해진 느낌입니다. 기대보다 편하게 즐길 수 있어서 만족스러운 시간이었답니다. 처음 가보는 분들도 크게 부담 없이 즐길 수 있을 것 같아요.,1,AI_v1,108,142,4,27.0,6.041522986797286,49,20,7,9,2,6,0.40816326530612246,0.14285714285714285,0.1836734693877551,0.04081632653061224,0.12244897959183673,0.18518518518518517,0.05555555555555555,2,0,4,0,0,0,0.037037037037037035
2020년 연말정산 아동수당 때문에 자녀세액공제가 없어졌다.... ,전문_정보,왜그런가 곰곰히 알아보니까 아동수당을 받는 대신에 자녀세액공제가 없어졌기 때문이더라구요. 학+_+ 2020년 연말정산 아동수당의 관계 작년까지는 아동수당과 자녀세액공제를 함께 받을 수 있었어요.... ,왜그런가 곰곰히 알아보니까 아동수당을 받는 대신에 자녀세액공제가 없어졌기 때문이더라구요. 학 2020년 연말정산 아동수당의 관계 작년까지는 아동수당과 자녀세액공제를 함께 받을 수 있었어요.,0,Human,85,105,2,42.5,1.5,41,21,4,3,1,8,0.5121951219512195,0.0975609756097561,0.07317073170731707,0.024390243902439025,0.1951219512195122,0.24705882352941178,0.09411764705882353,0,0,2,0,0,0,0.023529411764705882
샤론6 해피베어 아이폰11 케이스 후기 - 만족하는 내돈내산,상품_리뷰,"샤론6 해피베어는 직접 써보니 장단점이 분명했어요. 그래도 가격이나 사용감까지 생각하면 꽤 무난했고, 필요한 분들께는 참고가 될 것 같아요. 전체적으로 무난하면서도 기분 좋게 마무리할 수 있었어요. 개인적으로는 너무 과하지 않은 점이 마음에 들었어요.",샤론6 해피베어는 직접 써보니 장단점이 분명했어요. 그래도 가격이나 사용감까지 생각하면 꽤 무난했고 필요한 분들께는 참고가 될 것 같아요. 전체적으로 무난하면서도 기분 좋게 마무리할 수 있었어요. 개인적으로는 너무 과하지 않은 점이 마음에 들었어요.,1,AI_v1,108,139,4,27.0,5.830951894845301,56,21,12,5,2,8,0.375,0.21428571428571427,0.08928571428571429,0.03571428571428571,0.14285714285714285,0.19444444444444445,0.07407407407407407,2,0,4,0,0,0,0.037037037037037035
"연말정산 실손의료비 공제, 조회하는 법, 가산세등 Q&amp;A",전문_정보,"2020년도 의료비를 지출하고 2021년에 실손 의료보험을 받았습니다. 언제 차감해야할까요? A. 2020년에... 연말정산 공제는 1년 뒤든, 3년 뒤든 잘못된 사항이 적출 될 수 있습니다. 국세를 부과할 수 있는... ",2020년도 의료비를 지출하고 2021년에 실손 의료보험을 받았습니다. 언제 차감해야할까요? A. 2020년에. 연말정산 공제는 1년 뒤든 3년 뒤든 잘못된 사항이 적출 될 수 있습니다. 국세를 부과할 수 있는.,0,Human,92,118,6,15.333333333333334,11.77096238867305,53,19,7,2,0,8,0.3584905660377358,0.1320754716981132,0.03773584905660377,0.0,0.1509433962264151,0.20652173913043478,0.08695652173913043,0,0,5,0,1,0,0.06521739130434782
"강남역 맛집 바비레드(양식, 2019년 봄)  데이트 맛집에 필요한... ",맛집_리뷰,바비레드 맛집에에서 밥 먹었다. 맛은 자극적이지 않았고 가격도 요즘 기준으로는 평범했다. 근처 약속 있을 때 한 끼 해결하기 괜찮은 곳. 가격은 막 싸진 않았고 위치는 찾기 쉬운 편. 사람이 좀 있어서 조용한 느낌은 아니었음.,바비레드 맛집에에서 밥 먹었다. 맛은 자극적이지 않았고 가격도 요즘 기준으로는 평범했다. 근처 약속 있을 때 한 끼 해결하기 괜찮은 곳. 가격은 막 싸진 않았고 위치는 찾기 쉬운 편. 사람이 좀 있어서 조용한 느낌은 아니었음.,1,AI_v2,93,126,5,18.6,3.555277766926235,52,23,6,7,0,10,0.4423076923076923,0.11538461538461539,0.1346153846153846,0.0,0.19230769230769232,0.24731182795698925,0.10752688172043011,0,0,5,0,0,0,0.053763440860215055
내돈내산 케이스티파이... 화려한 리사프랭크 아이폰케이스,상품_리뷰,"케이스티파이 아이폰케이스 협찬도 많이 뿌리는 케이스티파이지만 나는 내돈내산,, Lisa Frank x Casetify 리사프랭크 케이스티파이 콜라보 제품이다 키치하고 정신없는 디자인이 너무 귀엽다 테두리는 내가 고를... ",케이스티파이 아이폰케이스 협찬도 많이 뿌리는 케이스티파이지만 나는 내돈내산 Lisa Frank x Casetify 리사프랭크 케이스티파이 콜라보 제품이다 키치하고 정신없는 디자인이 너무 귀엽다 테두리는 내가 고를.,0,Human,96,119,1,96.0,0.0,45,24,2,2,2,8,0.5333333333333333,0.044444444444444446,0.044444444444444446,0.044444444444444446,0.17777777777777778,0.25,0.08333333333333333,0,0,1,0,0,0,0.010416666666666666
아이폰 11 액정필름 추천(내돈내산),상품_리뷰,처음으로 입문한 아이폰! 아이폰 11 액정 필름 찾다가 아이폰 사용하던 친구 추천으로 바로... 7Cci%3D0zW0001OJHXr-GoWH1pB%7Ctr%3Dpla%7Chk%3D0622cfd8bed87411a7926186854bbea446271bba#DEFAULT 내돈내산 리뷰입니다,처음으로 입문한 아이폰! 아이폰 11 액정 필름 찾다가 아이폰 사용하던 친구 추천으로 바로. 7Cci 3D0zW0001OJHXr GoWH1pB 7Ctr 3Dpla 7Chk 3D0622cfd8bed87411a7926186854bbea446271bba 내돈내산 리뷰입니다,0,Human,128,149,3,42.666666666666664,33.95094500402996,54,14,2,1,0,3,0.25925925925925924,0.037037037037037035,0.018518518518518517,0.0,0.05555555555555555,0.109375,0.0234375,0,0,1,1,0,0,0.015625
"내돈내산 아이폰11 pro max 실버(화이트) 개봉기, 아이폰 가격... ",상품_리뷰,"아이폰11 pro max 화이트 실제 후기 혀러분 갤럭시20과 아이폰11과의 고민 끝에 거거익선이라고..크고 제일 좋은 걸로 아이폰11 PRO MAX 플렉스 해버렸답니다:) 이렇게 비싼 휴대폰을 고르는 것도 처음, 아이폰도... ",아이폰11 pro max 화이트 실제 후기 혀러분 갤럭시20과 아이폰11과의 고민 끝에 거거익선이라고.크고 제일 좋은 걸로 아이폰11 PRO MAX 플렉스 해버렸답니다 이렇게 비싼 휴대폰을 고르는 것도 처음 아이폰도.,0,Human,95,121,2,47.5,1.5,43,20,3,2,1,7,0.46511627906976744,0.06976744186046512,0.046511627906976744,0.023255813953488372,0.16279069767441862,0.21052631578947367,0.07368421052631578,1,0,2,0,0,0,0.021052631578947368
강남역맛집:드뎌 먹었본 흑당버블티 타이거슈거,맛집_리뷰,15번흔들어먹는다 #강남역맛집 #강추강추#흑당버블티 드뎌 먹어본 강남역흑당버블티 타이거 슈거 난... 준다 2019년 미쉐린가이드에도 소개될만큼 유명하다고 한다 원래를 줄을 많이 서는데 오늘은 휴가라서... ,15번흔들어먹는다 드뎌 먹어본 강남역흑당버블티 타이거 슈거 난. 준다 2019년 미쉐린가이드에도 소개될만큼 유명하다고 한다 원래를 줄을 많이 서는데 오늘은 휴가라서.,0,Human,74,92,2,37.0,8.0,35,14,8,1,2,5,0.4,0.22857142857142856,0.02857142857142857,0.05714285714285714,0.14285714285714285,0.1891891891891892,0.06756756756756757,0,0,2,0,0,0,0.02702702702702703
# KT 1분 주문 1시간 배송 리뷰 아이폰11 퍼플 컬러 [내돈내산♥],상품_리뷰,오늘은 KT 1분 주문 1시간 배송 아이폰 11 퍼플컬러 리뷰입니다. 1분 만에 간편하게 주문하고 1시간 만에... 사실 아이폰 12를 기다리려다가 아이폰 11 퍼플 컬러 보고 반하공.. 재고도 별로 없는 제품이여서... ,오늘은 KT 1분 주문 1시간 배송 아이폰 11 퍼플컬러 리뷰입니다. 1분 만에 간편하게 주문하고 1시간 만에. 사실 아이폰 12를 기다리려다가 아이폰 11 퍼플 컬러 보고 반하공. 재고도 별로 없는 제품이여서.,0,Human,89,118,4,22.25,6.977642868476432,43,19,1,4,0,6,0.4418604651162791,0.023255813953488372,0.09302325581395349,0.0,0.13953488372093023,0.21348314606741572,0.06741573033707865,0,0,4,0,0,0,0.0449438202247191
2020년 연말정산 미리준비하기 - 12월에 해야 할 것,전문_정보,"2020년 연말정산 미리준비하기 1. 국세청에서 자동으로 조회가 되지 않는 공제항목이 의외로 많습니다...! → 영수증을 미리 받아 두셨다가, 홈택스에서 소득공제신고서 작성 시 &quot;기타&quot; 항목으로 직접 금액을... ",2020년 연말정산 미리준비하기 1. 국세청에서 자동으로 조회가 되지 않는 공제항목이 의외로 많습니다.! 영수증을 미리 받아 두셨다가 홈택스에서 소득공제신고서 작성 시 기타 항목으로 직접 금액을.,0,Human,86,109,3,28.666666666666668,8.993825042154695,41,18,5,1,1,9,0.43902439024390244,0.12195121951219512,0.024390243902439025,0.024390243902439025,0.21951219512195122,0.20930232558139536,0.10465116279069768,0,0,3,1,0,0,0.046511627906976744
[강남역 맛집] 천진영감 X 맛집꿀정보,맛집_리뷰,co/org/uhak2min) 2019년 가을 해외 유학•이민 박람회에서도 만나볼 수 있으니 많은 관심 부탁드립니다 #천진영감 #맛집 #강남맛집 #마라전골 #마라샹궈 #마라샹궈맛집 #마라맛집 #강남역맛집... ,co org uhak2min 2019년 가을 해외 유학 이민 박람회에서도 만나볼 수 있으니 많은 관심 부탁드립니다,0,Human,49,63,1,49.0,0.0,19,8,0,3,0,1,0.42105263157894735,0.0,0.15789473684210525,0.0,0.05263157894736842,0.16326530612244897,0.02040816326530612,0,0,0,0,0,0,0.0
아이폰 폰스트랩 추천: 하이루프 폰스트랩(내돈내산 아이폰1... ,상품_리뷰,하이루프 폰스트랩 폰스트랩을 사게 된 계기 아이폰 11 pro를 쓰기 시작한지 1달만에 손목이 너무 아팠습니다. 전에 쓰던 핸드폰 아이폰6s에 비해 무거워진 핸드폰 무게 때문입니다. #아이폰11pro #아이폰11pro무게... ,하이루프 폰스트랩 폰스트랩을 사게 된 계기 아이폰 11 pro를 쓰기 시작한지 1달만에 손목이 너무 아팠습니다. 전에 쓰던 핸드폰 아이폰6s에 비해 무거워진 핸드폰 무게 때문입니다.,0,Human,78,101,2,39.0,9.0,40,20,4,3,1,5,0.5,0.1,0.075,0.025,0.125,0.2564102564102564,0.0641025641025641,0,0,2,0,0,0,0.02564102564102564
[강남역 맛집] 강남 아트몬스터 / 연말 회식장소 추천 / 강남역... ,맛집_리뷰,"이제 2019년 한해도 얼마 남지 않았는데요, 12월이라 유독 송년회자리가 많아지면서 회식할 일이... 감자튀김 맛집ㅋㅋㅋㅋ 크림치즈볼과 나초도 맥주에 걸맞는 최고의 안주 지금까지 강남역 맛집! 강남역... ",이제 2019년 한해도 얼마 남지 않았는데요 12월이라 유독 송년회자리가 많아지면서 회식할 일이. 감자튀김 맛집 크림치즈볼과 나초도 맥주에 걸맞는 최고의 안주 지금까지 강남역 맛집! 강남역.,0,Human,83,106,3,27.666666666666668,16.97710877099579,40,21,4,0,0,7,0.525,0.1,0.0,0.0,0.175,0.25301204819277107,0.08433734939759036,0,0,2,1,0,0,0.03614457831325301
2020 연말정산 소득공제 홈택스 이용해서 미리보기 veiw,전문_정보,연말정산을 하면서 오랜만에 여유를 느꼈어요. 바쁜 와중에 잠깐 쉬어가는 시간이 생긴 것 같아서 꽤 괜찮은 하루였답니다. 기대보다 편하게 즐길 수 있어서 만족스러운 시간이었답니다. 다음에는 조금 더 여유 있게 다시 가보고 싶어요.,연말정산을 하면서 오랜만에 여유를 느꼈어요. 바쁜 와중에 잠깐 쉬어가는 시간이 생긴 것 같아서 꽤 괜찮은 하루였답니다. 기대보다 편하게 즐길 수 있어서 만족스러운 시간이었답니다. 다음에는 조금 더 여유 있게 다시 가보고 싶어요.,1,AI_v1,97,127,4,24.25,4.602988159880492,45,17,9,7,0,7,0.37777777777777777,0.2,0.15555555555555556,0.0,0.15555555555555556,0.17525773195876287,0.07216494845360824,2,0,4,0,0,0,0.041237113402061855
강남역 맛집 바비레드 재방문 후기,맛집_리뷰,손님이 너무 많아서 시끄러울 수도 있지만 맛집이라 정겹게 느껴집니다. 강남역쪽에서 데이트하실 분들은 애인분 모시고 가면 꽤 센스있는 남자라는 소리 들을 수 있는 식당입니다. 참고사항 2019년 10월 18일... ,손님이 너무 많아서 시끄러울 수도 있지만 맛집이라 정겹게 느껴집니다. 강남역쪽에서 데이트하실 분들은 애인분 모시고 가면 꽤 센스있는 남자라는 소리 들을 수 있는 식당입니다. 참고사항 2019년 10월 18일.,0,Human,90,116,3,30.0,11.430952132988164,43,18,3,7,1,6,0.4186046511627907,0.06976744186046512,0.16279069767441862,0.023255813953488372,0.13953488372093023,0.2,0.06666666666666667,0,0,3,0,0,0,0.03333333333333333
"코로나19 영향으로 2020년 연말정산,  이렇게 달라졌습니다",전문_정보,"사용금액에 대한 소득공제 혜택을 대폭 확대했는데요. 코로나19로 인해 ‘2020년 연말정산’ 소득 공제 혜택이 달라진 만큼, 보다 꼼꼼히 준비해서 실속 있는 연말정산 혜택을 받아보는 것은 어떨까요?",사용금액에 대한 소득공제 혜택을 대폭 확대했는데요. 코로나19로 인해 2020년 연말정산 소득 공제 혜택이 달라진 만큼 보다 꼼꼼히 준비해서 실속 있는 연말정산 혜택을 받아보는 것은 어떨까요?,0,Human,83,107,2,41.5,18.5,39,20,6,4,0,5,0.5128205128205128,0.15384615384615385,0.10256410256410256,0.0,0.1282051282051282,0.24096385542168675,0.060240963855421686,0,0,1,0,1,0,0.024096385542168676
가벼운 사용 후기ㅣ후기ㅣ3개월사용후기ㅣ아이폰 내돈내산,상품_리뷰,안녕하세요 쥬디입니다 :) 아이폰 11 퍼플 내돈내산 3개월 사용한 후기입니다 ! ♥♥♥♥♥♥♥♥ 아이폰 구매 후 사용한지 약 3개월 됐어용 ! (2020. 01. 05 구매) 3개월 동안 사용하면서 가져온 후기 &gt; 사실... ,안녕하세요 쥬디입니다 아이폰 11 퍼플 내돈내산 3개월 사용한 후기입니다 ! 아이폰 구매 후 사용한지 약 3개월 됐어용 ! 2020. 01. 05 구매 3개월 동안 사용하면서 가져온 후기 사실.,0,Human,81,108,5,16.2,11.124747188138704,42,21,3,3,0,1,0.5,0.07142857142857142,0.07142857142857142,0.0,0.023809523809523808,0.25925925925925924,0.012345679012345678,0,0,3,2,0,0,0.06172839506172839
2019년 12월의 일상 (사진스압),맛집_리뷰,"ㅋㅋㅋ 2019년은 블로그를 시작해서 사진도 많이 찍고, 글도 많이 올렸던 한해였다아. #남는건블로그 유튜브도 해보고 싶지먀 당분간은 블로그를 열심히 해야딩!! 12월의 첫날은 속초에서. #봉포머구리 #속초맛집... ",2019년은 블로그를 시작해서 사진도 많이 찍고 글도 많이 올렸던 한해였다아. 유튜브도 해보고 싶지먀 당분간은 블로그를 열심히 해야딩! 12월의 첫날은 속초에서.,0,Human,71,90,3,23.666666666666668,9.030811456096044,35,12,5,0,3,8,0.34285714285714286,0.14285714285714285,0.0,0.08571428571428572,0.22857142857142856,0.16901408450704225,0.11267605633802817,0,0,2,1,0,0,0.04225352112676056
아이폰 11 Pro Max/ 아이폰 6s와 비교(내돈내산 개봉기),상품_리뷰,"아이폰 사용해봄. 장점은 간단하고 단점은 기대보다 평범하다는 것. 그래도 당장 쓰기엔 문제 없고, 재구매는 조금 더 봐야 할 듯. 딱히 특별하진 않은데 기억은 남는 편이다. 사람이 좀 있어서 조용한 느낌은 아니었음.",아이폰 사용해봄. 장점은 간단하고 단점은 기대보다 평범하다는 것. 그래도 당장 쓰기엔 문제 없고 재구매는 조금 더 봐야 할 듯. 딱히 특별하진 않은데 기억은 남는 편이다. 사람이 좀 있어서 조용한 느낌은 아니었음.,1,AI_v2,89,119,5,17.8,5.381449618829484,46,17,7,8,1,8,0.3695652173913043,0.15217391304347827,0.17391304347826086,0.021739130434782608,0.17391304347826086,0.19101123595505617,0.0898876404494382,0,0,5,0,0,0,0.056179775280898875
[내돈내산]갤럭시에서 아이폰11pro로 바꾼 후기,상품_리뷰,"갤럭시에서 사진 찍어두고 비교해봤다. 실제 색감이나 느낌은 화면이랑 조금 달랐고, 쓰다 보니 익숙해졌다. 기록용으로 남겨둠. 다음엔 다른 메뉴도 봐야 할 듯. 가격은 막 싸진 않았고 위치는 찾기 쉬운 편. 기대치를 낮추고 가면 무난한 정도.",갤럭시에서 사진 찍어두고 비교해봤다. 실제 색감이나 느낌은 화면이랑 조금 달랐고 쓰다 보니 익숙해졌다. 기록용으로 남겨둠. 다음엔 다른 메뉴도 봐야 할 듯. 가격은 막 싸진 않았고 위치는 찾기 쉬운 편. 기대치를 낮추고 가면 무난한 정도.,1,AI_v2,100,133,6,16.666666666666668,5.849976258261415,56,23,13,2,0,11,0.4107142857142857,0.23214285714285715,0.03571428571428571,0.0,0.19642857142857142,0.23,0.11,0,0,6,0,0,0,0.06
[강남역 맛집] 바비레드 추천,맛집_리뷰,바비레드 이름은 몇 번 봤는데 이제야 가봄. 양은 생각보다 괜찮고 맛은 익숙한 쪽. 웨이팅 길면 굳이 기다릴 정도는 아닌 듯. 가격은 막 싸진 않았고 위치는 찾기 쉬운 편. 딱히 특별하진 않은데 기억은 남는 편이다. 가격은 막 싸진 않았고 위치는 찾기 쉬운 편.,바비레드 이름은 몇 번 봤는데 이제야 가봄. 양은 생각보다 괜찮고 맛은 익숙한 쪽. 웨이팅 길면 굳이 기다릴 정도는 아닌 듯. 가격은 막 싸진 않았고 위치는 찾기 쉬운 편. 딱히 특별하진 않은데 기억은 남는 편이다. 가격은 막 싸진 않았고 위치는 찾기 쉬운 편.,1,AI_v2,105,146,6,17.5,0.7637626158259734,60,27,9,8,0,10,0.45,0.15,0.13333333333333333,0.0,0.16666666666666666,0.2571428571428571,0.09523809523809523,0,0,6,0,0,0,0.05714285714285714
"강남역 맛집 바비레드, 아들과 동행",맛집_리뷰,"연출한다는 강남역 파스타 맛집, 바비레드로 go go 강남역 맛집 매운 갈비 파스타의 원조! 한식과... 영업시간 11:30 ~ 22:00 ☎ 02 - 3452 - 1515 BTS 팝업스토어 매장 바로 근처에 있는 바비레드 강남점 ★ 2019년 10월... ",연출한다는 강남역 파스타 맛집 바비레드로 go go 강남역 맛집 매운 갈비 파스타의 원조! 한식과. 영업시간 11 30 ~ 22 00 02 3452 1515 BTS 팝업스토어 매장 바로 근처에 있는 바비레드 강남점 2019년 10월.,0,Human,98,130,3,32.666666666666664,21.561282171728305,46,23,0,2,0,4,0.5,0.0,0.043478260869565216,0.0,0.08695652173913043,0.23469387755102042,0.04081632653061224,0,0,2,1,0,1,0.04081632653061224
강남역 맛집  한성 돈까스 서울 돈까스 추천 신사 맛집,맛집_리뷰,한성 돈까스 사진 몇 장 남김. 조명 때문에 음식 색은 잘 나오는 편이었고 실제 맛도 크게 다르진 않았다. 테이블은 조금 좁아서 그건 아쉬웠음. 가격은 막 싸진 않았고 위치는 찾기 쉬운 편. 사람이 좀 있어서 조용한 느낌은 아니었음.,한성 돈까스 사진 몇 장 남김. 조명 때문에 음식 색은 잘 나오는 편이었고 실제 맛도 크게 다르진 않았다. 테이블은 조금 좁아서 그건 아쉬웠음. 가격은 막 싸진 않았고 위치는 찾기 쉬운 편. 사람이 좀 있어서 조용한 느낌은 아니었음.,1,AI_v2,94,130,5,18.8,6.0133185513491645,50,22,7,7,1,8,0.44,0.14,0.14,0.02,0.16,0.23404255319148937,0.0851063829787234,0,0,5,0,0,0,0.05319148936170213
[오사카 일상] 아이폰12프로... ~ (feat.아이폰11 중고팔기),상품_리뷰,며칠 동안 오사카 아이폰12프로...를 써봤는데 생각보다 손이 자주 가더라고요. 사용법도 어렵지 않고 마감도 괜찮아서 전체적으로 만족했어요. 기대보다 편하게 즐길 수 있어서 만족스러운 시간이었답니다. 개인적으로는 너무 과하지 않은 점이 마음에 들었어요.,며칠 동안 오사카 아이폰12프로.를 써봤는데 생각보다 손이 자주 가더라고요. 사용법도 어렵지 않고 마감도 괜찮아서 전체적으로 만족했어요. 기대보다 편하게 즐길 수 있어서 만족스러운 시간이었답니다. 개인적으로는 너무 과하지 않은 점이 마음에 들었어요.,1,AI_v1,110,139,5,22.0,4.47213595499958,52,20,9,6,1,8,0.38461538461538464,0.17307692307692307,0.11538461538461539,0.019230769230769232,0.15384615384615385,0.18181818181818182,0.07272727272727272,3,0,5,0,0,0,0.045454545454545456
케이스티파이 20% 할인코드  feat. 아이폰11 케이스 추천,상품_리뷰,"케이스티파이 20%는 가볍게 써보기 좋은 제품이었어요. 기대를 너무 크게 하지 않으면 만족도가 높고, 실사용 기준으로는 꽤 괜찮게 느껴졌답니다. 기대보다 편하게 즐길 수 있어서 만족스러운 시간이었답니다. 전체적으로 무난하면서도 기분 좋게 마무리할 수 있었어요.",케이스티파이 20 는 가볍게 써보기 좋은 제품이었어요. 기대를 너무 크게 하지 않으면 만족도가 높고 실사용 기준으로는 꽤 괜찮게 느껴졌답니다. 기대보다 편하게 즐길 수 있어서 만족스러운 시간이었답니다. 전체적으로 무난하면서도 기분 좋게 마무리할 수 있었어요.,1,AI_v1,112,144,4,28.0,5.244044240850758,51,20,10,9,1,5,0.39215686274509803,0.19607843137254902,0.17647058823529413,0.0196078431372549,0.09803921568627451,0.17857142857142858,0.044642857142857144,2,0,4,0,0,0,0.03571428571428571
"[2020 연말정산]총급여액, 근로소득공제, 근로소득금액",전문_정보,"근로소득공제한도 2000만원 2020년 소득부터는 근로소득공제에 한도가 생겨 2000만원까지만... 총급여액, 근로소득공제, 근로소득금액은 근로자가 바꿀수 없는 부분이긴하지만 전체 연말정산 과정에... ",근로소득공제한도 2000만원 2020년 소득부터는 근로소득공제에 한도가 생겨 2000만원까지만. 총급여액 근로소득공제 근로소득금액은 근로자가 바꿀수 없는 부분이긴하지만 전체 연말정산 과정에.,0,Human,89,106,2,44.5,1.5,36,19,3,1,0,6,0.5277777777777778,0.08333333333333333,0.027777777777777776,0.0,0.16666666666666666,0.21348314606741572,0.06741573033707865,0,0,2,0,0,0,0.02247191011235955
아이폰 11PRO 펭수 폰케이스 내돈내산,상품_리뷰,"아이폰을 며칠 써봤다. 기능은 평범하지만 안정적이고, 크게 거슬리는 부분은 없었다. 필요한 사람한테는 괜찮은 선택일 듯. 가격은 막 싸진 않았고 위치는 찾기 쉬운 편. 엄청난 건 아니고 그냥 기록용. 기대치를 낮추고 가면 무난한 정도.",아이폰을 며칠 써봤다. 기능은 평범하지만 안정적이고 크게 거슬리는 부분은 없었다. 필요한 사람한테는 괜찮은 선택일 듯. 가격은 막 싸진 않았고 위치는 찾기 쉬운 편. 엄청난 건 아니고 그냥 기록용. 기대치를 낮추고 가면 무난한 정도.,1,AI_v2,98,130,6,16.333333333333332,4.988876515698588,54,23,7,7,0,9,0.42592592592592593,0.12962962962962962,0.12962962962962962,0.0,0.16666666666666666,0.23469387755102042,0.09183673469387756,0,0,6,0,0,0,0.061224489795918366
"[강남역 맛집] 소고기 제대로 맛보기 , 창고43 강남점",맛집_리뷰,"소고기 제대로 먹고 옴. 사람 많고 조금 정신없었지만 음식은 괜찮았다. 가격은 보통, 위치는 편한 편이라 약속 전후로 들르기 좋음. 사람이 좀 있어서 조용한 느낌은 아니었음. 엄청난 건 아니고 그냥 기록용. 시간 맞으면 한 번쯤 들를만함.",소고기 제대로 먹고 옴. 사람 많고 조금 정신없었지만 음식은 괜찮았다. 가격은 보통 위치는 편한 편이라 약속 전후로 들르기 좋음. 사람이 좀 있어서 조용한 느낌은 아니었음. 엄청난 건 아니고 그냥 기록용. 시간 맞으면 한 번쯤 들를만함.,1,AI_v2,98,132,6,16.333333333333332,4.784233364802441,52,23,5,10,0,7,0.4423076923076923,0.09615384615384616,0.19230769230769232,0.0,0.1346153846153846,0.23469387755102042,0.07142857142857142,0,0,6,0,0,0,0.061224489795918366
[연말정산] 2020년 귀속 연말정산 모의계산,전문_정보,2020년 귀속 연말정산은 내년인 2021년이지만 그 전에 내가 얼마나 환급 받을 수 있는지 예산 금액을... ② 계산하기 클릭하면 근로소득공제가 자동계산되어 근로소득금액이 확인됩니다. ③ 2020년 한해동안... ,2020년 귀속 연말정산은 내년인 2021년이지만 그 전에 내가 얼마나 환급 받을 수 있는지 예산 금액을. 계산하기 클릭하면 근로소득공제가 자동계산되어 근로소득금액이 확인됩니다. 2020년 한해동안.,0,Human,89,111,3,29.666666666666668,14.613540144521982,43,23,5,1,0,7,0.5348837209302325,0.11627906976744186,0.023255813953488372,0.0,0.16279069767441862,0.25842696629213485,0.07865168539325842,0,0,3,0,0,0,0.033707865168539325
【2020년 연말정산】 월세세액공제 대상자 및 공제율 10~12%,전문_정보,# 월세세액공제 2019년 귀속분 연말정산에 대한 2020년 세법개정을 반영하였습니다. 연말정산 월세세액공제 대상 해당(체크) 0 X 국민주택규모 85㎡ 이하 또는 기준시가 3억원이하 (주거용오피스텔... ,월세세액공제 2019년 귀속분 연말정산에 대한 2020년 세법개정을 반영하였습니다. 연말정산 월세세액공제 대상 해당 체크 0 X 국민주택규모 85 이하 또는 기준시가 3억원이하 주거용오피스텔.,0,Human,86,107,2,43.0,4.0,39,25,1,0,1,2,0.6410256410256411,0.02564102564102564,0.0,0.02564102564102564,0.05128205128205128,0.29069767441860467,0.023255813953488372,0,0,2,0,0,0,0.023255813953488372
2020년 연말정산 소득공제 달라진 점 알아보기!,전문_정보,2020년 연말정산 소득공제 달라진 점 알아보기! 해마다 1월 중순경이면 #연말정산 서류 제출하느라고 학교에 나가야 한답니다. 행정실에서 필요한 구비서류 안내가 있고요. #국세청홈텍스... ,2020년 연말정산 소득공제 달라진 점 알아보기! 해마다 1월 중순경이면 서류 제출하느라고 학교에 나가야 한답니다. 행정실에서 필요한 구비서류 안내가 있고요.,0,Human,70,88,3,23.333333333333332,4.189935029992178,30,14,4,2,1,4,0.4666666666666667,0.13333333333333333,0.06666666666666667,0.03333333333333333,0.13333333333333333,0.2,0.05714285714285714,1,0,2,1,0,0,0.04285714285714286
2020년 연말정산 미리준비하기 - 12월에 해야 할 것,전문_정보,연말정산 때문에 하루가 조금 정신없었다. 막 큰일은 아닌데 은근 신경 쓰임. 그래도 지나고 나니 별거 아니긴 하다. 이런 곳도 있었네 싶었다. 시간 맞으면 한 번쯤 들를만함. 급하게 정한 일정치고는 나쁘지 않았다. 막 특별하진 않아도 당시 느낌은 남아 있어서 적어둠.,연말정산 때문에 하루가 조금 정신없었다. 막 큰일은 아닌데 은근 신경 쓰임. 그래도 지나고 나니 별거 아니긴 하다. 이런 곳도 있었네 싶었다. 시간 맞으면 한 번쯤 들를만함. 급하게 정한 일정치고는 나쁘지 않았다. 막 특별하진 않아도 당시 느낌은 남아 있어서 적어둠.,1,AI_v2,111,149,7,15.857142857142858,3.356382892705923,56,23,9,9,1,6,0.4107142857142857,0.16071428571428573,0.16071428571428573,0.017857142857142856,0.10714285714285714,0.2072072072072072,0.05405405405405406,0,0,7,0,0,0,0.06306306306306306
아이폰11pro/ 김혜수 아르노 폰 스트랩/ 내돈내산후기,상품_리뷰,가격은 29000원인데 마침 SSF몰에도 입점되어서 할인하고 있길래 26000원대 구매했다 포장이 군더더기 없이 깔끔하게 왔다 포장되어있는 상태로는 굉장히 가벼웠다 내 폰은 아이폰11pro니까 포장지를 벗겨보면... ,가격은 29000원인데 마침 SSF몰에도 입점되어서 할인하고 있길래 26000원대 구매했다 포장이 군더더기 없이 깔끔하게 왔다 포장되어있는 상태로는 굉장히 가벼웠다 내 폰은 아이폰11pro니까 포장지를 벗겨보면.,0,Human,96,118,1,96.0,0.0,40,13,8,4,1,6,0.325,0.2,0.1,0.025,0.15,0.13541666666666666,0.0625,0,0,1,0,0,0,0.010416666666666666
연말정산 의료비 공제에서 실비보험 제외(실손의료보험금 자료... ,전문_정보,연말정산은 생각보다 시간이 걸렸다. 중간에 귀찮아서 멈출까 했는데 일단 끝내긴 함. 다음엔 조금 더 빨리 할 수 있을 듯. 사진은 몇 장 찍었는데 정리는 나중에 해야겠다. 기대치를 낮추고 가면 무난한 정도. 급하게 정한 일정치고는 나쁘지 않았다.,연말정산은 생각보다 시간이 걸렸다. 중간에 귀찮아서 멈출까 했는데 일단 끝내긴 함. 다음엔 조금 더 빨리 할 수 있을 듯. 사진은 몇 장 찍었는데 정리는 나중에 해야겠다. 기대치를 낮추고 가면 무난한 정도. 급하게 정한 일정치고는 나쁘지 않았다.,1,AI_v2,102,137,6,17.0,2.309401076758503,55,22,9,4,1,12,0.4,0.16363636363636364,0.07272727272727272,0.01818181818181818,0.21818181818181817,0.21568627450980393,0.11764705882352941,0,0,6,0,0,0,0.058823529411764705
"아이폰11프로 케이스, 주파집... 링케  에어S케이스 내돈내산 비교",상품_리뷰,"#아이폰11프로 를 사용하고 있는데 생폰으로 쓰고 싶지만, 떨어트리면 산산조각 날까봐 아직까지... 색상은 주파집이, 단단하고 보호가 잘되는 점에서는 링케 케이스가 맘에 든다 ^ㅡ^ #내돈내산 #솔직후기 #비교... ",를 사용하고 있는데 생폰으로 쓰고 싶지만 떨어트리면 산산조각 날까봐 아직까지. 색상은 주파집이 단단하고 보호가 잘되는 점에서는 링케 케이스가 맘에 든다,0,Human,65,84,2,32.5,1.0,34,13,6,2,1,10,0.38235294117647056,0.17647058823529413,0.058823529411764705,0.029411764705882353,0.29411764705882354,0.2,0.15384615384615385,0,0,1,0,0,0,0.015384615384615385
"강남 복어,강남 복집,강남역 복집 [강남 복칼국수]",맛집_리뷰,"강남 복어 다녀왔는데 생각보다 분위기가 편해서 좋았어요. 음식도 깔끔하게 나와서 부담 없이 먹기 괜찮았고, 다음에 근처 가면 또 들러보고 싶더라고요. 개인적으로는 너무 과하지 않은 점이 마음에 들었어요. 짧게 들렀지만 생각보다 알차게 시간을 보냈어요.",강남 복어 다녀왔는데 생각보다 분위기가 편해서 좋았어요. 음식도 깔끔하게 나와서 부담 없이 먹기 괜찮았고 다음에 근처 가면 또 들러보고 싶더라고요. 개인적으로는 너무 과하지 않은 점이 마음에 들었어요. 짧게 들렀지만 생각보다 알차게 시간을 보냈어요.,1,AI_v1,107,139,4,26.75,6.6473679001541655,49,18,9,6,2,9,0.3673469387755102,0.1836734693877551,0.12244897959183673,0.04081632653061224,0.1836734693877551,0.16822429906542055,0.08411214953271028,1,0,4,0,0,0,0.037383177570093455
"보너스, 2020년 연말정산 - 4... 팁, 연말정산 세액공제 강의... ",전문_정보,보너스 연말정산 관련해서 그냥 남겨둠. 별일은 아니었는데 지나고 보니 기억날 것 같아서 적는다. 이런 날도 있었지 하는 정도. 엄청난 건 아니고 그냥 기록용. 다음엔 다른 메뉴도 봐야 할 듯. 이런 곳도 있었네 싶었다.,보너스 연말정산 관련해서 그냥 남겨둠. 별일은 아니었는데 지나고 보니 기억날 것 같아서 적는다. 이런 날도 있었지 하는 정도. 엄청난 건 아니고 그냥 기록용. 다음엔 다른 메뉴도 봐야 할 듯. 이런 곳도 있었네 싶었다.,1,AI_v2,90,122,6,15.0,4.43471156521669,46,17,11,8,0,4,0.3695652173913043,0.2391304347826087,0.17391304347826086,0.0,0.08695652173913043,0.18888888888888888,0.044444444444444446,0,0,6,0,0,0,0.06666666666666667
"2020년 연말정산, 신용카드 소득공제 및 제외항목",전문_정보,"적용 2020년은 상한액 250만원에 30만원 추가 280만원이 소득공제 대상입니다. 소득에서 공제된 금액이 24% 세율에 적용된다면 280만원의 24%를 환급받습니다. 20201년 1월 연말정산 후 672,000원을 환급... ",적용 2020년은 상한액 250만원에 30만원 추가 280만원이 소득공제 대상입니다. 소득에서 공제된 금액이 24 세율에 적용된다면 280만원의 24 를 환급받습니다. 20201년 1월 연말정산 후 672 000원을 환급.,0,Human,99,124,3,33.0,6.48074069840786,42,16,3,1,0,3,0.38095238095238093,0.07142857142857142,0.023809523809523808,0.0,0.07142857142857142,0.16161616161616163,0.030303030303030304,0,0,3,0,0,0,0.030303030303030304
[연말정산] 2020년 연말정산 ‘신용카드’공제혜택 정리!,전문_정보,"요즘 연말정산 연말정산 때문에 생각이 많았는데, 직접 해보니 생각보다 어렵지 않았어요. 천천히 정리하니 마음도 조금 편해진 느낌입니다. 처음 가보는 분들도 크게 부담 없이 즐길 수 있을 것 같아요. 사진으로 남겨두기에도 괜찮아서 기억에 오래 남을 것 같아요.",요즘 연말정산 연말정산 때문에 생각이 많았는데 직접 해보니 생각보다 어렵지 않았어요. 천천히 정리하니 마음도 조금 편해진 느낌입니다. 처음 가보는 분들도 크게 부담 없이 즐길 수 있을 것 같아요. 사진으로 남겨두기에도 괜찮아서 기억에 오래 남을 것 같아요.,1,AI_v1,108,143,4,27.0,6.041522986797286,53,22,6,8,3,9,0.41509433962264153,0.11320754716981132,0.1509433962264151,0.05660377358490566,0.16981132075471697,0.2037037037037037,0.08333333333333333,2,0,4,0,0,0,0.037037037037037035
아이폰 가죽케이스 커스텀 이니셜각인 까지(아이폰11프로... ,상품_리뷰,"아이폰 가죽케이스는 직접 써보니 장단점이 분명했어요. 그래도 가격이나 사용감까지 생각하면 꽤 무난했고, 필요한 분들께는 참고가 될 것 같아요. 처음 가보는 분들도 크게 부담 없이 즐길 수 있을 것 같아요. 개인적으로는 너무 과하지 않은 점이 마음에 들었어요.",아이폰 가죽케이스는 직접 써보니 장단점이 분명했어요. 그래도 가격이나 사용감까지 생각하면 꽤 무난했고 필요한 분들께는 참고가 될 것 같아요. 처음 가보는 분들도 크게 부담 없이 즐길 수 있을 것 같아요. 개인적으로는 너무 과하지 않은 점이 마음에 들었어요.,1,AI_v1,108,143,4,27.0,5.787918451395113,58,23,11,5,3,9,0.39655172413793105,0.1896551724137931,0.08620689655172414,0.05172413793103448,0.15517241379310345,0.21296296296296297,0.08333333333333333,3,0,4,0,0,0,0.037037037037037035
[강남역 맛집/강남역 샐러드] 피그인더가든,맛집_리뷰,피그인더가든은 사진으로 봤던 느낌이랑 비슷했다. 음식 비주얼은 괜찮고 양도 보통. 먹다 보니 금방 배불러서 남길 뻔했다. 엄청난 건 아니고 그냥 기록용. 다음엔 다른 메뉴도 봐야 할 듯. 사람이 좀 있어서 조용한 느낌은 아니었음.,피그인더가든은 사진으로 봤던 느낌이랑 비슷했다. 음식 비주얼은 괜찮고 양도 보통. 먹다 보니 금방 배불러서 남길 뻔했다. 엄청난 건 아니고 그냥 기록용. 다음엔 다른 메뉴도 봐야 할 듯. 사람이 좀 있어서 조용한 느낌은 아니었음.,1,AI_v2,96,128,6,16.0,3.2145502536643185,51,21,7,9,0,7,0.4117647058823529,0.13725490196078433,0.17647058823529413,0.0,0.13725490196078433,0.21875,0.07291666666666667,0,0,6,0,0,0,0.0625
"강남역맛집, 마녀주방 피자와브리또 솔직후기!",맛집_리뷰,강남역 마녀주방 ! 마녀식당인지 마녀주방인지 이름이 왜이리 헷갈리는거죠?;ㅋㅋㅋㅋㅋ 무튼 무사히 찾았습니다 강남역맛집 을 키워드로 검색하면 거의 상위권에 마녀주방이 떠있더라구요! 을매나 맛집일까... ,강남역 마녀주방 ! 마녀식당인지 마녀주방인지 이름이 왜이리 헷갈리는거죠? 무튼 무사히 찾았습니다 강남역맛집 을 키워드로 검색하면 거의 상위권에 마녀주방이 떠있더라구요! 을매나 맛집일까.,0,Human,83,103,4,20.75,14.095655359010449,43,21,5,2,1,9,0.4883720930232558,0.11627906976744186,0.046511627906976744,0.023255813953488372,0.20930232558139536,0.25301204819277107,0.10843373493975904,0,0,1,2,1,0,0.04819277108433735
[리뷰]애플 유저 아이폰11프로... 펜슬 2세대 내돈내산 구매 후기,상품_리뷰,애플 유저 사용해보니 처음 기대했던 것보다 만족도가 괜찮았어요. 큰 단점은 없었고 일상에서 쓰기 편해서 당분간 계속 써볼 생각입니다. 처음 가보는 분들도 크게 부담 없이 즐길 수 있을 것 같아요. 기대보다 편하게 즐길 수 있어서 만족스러운 시간이었답니다.,애플 유저 사용해보니 처음 기대했던 것보다 만족도가 괜찮았어요. 큰 단점은 없었고 일상에서 쓰기 편해서 당분간 계속 써볼 생각입니다. 처음 가보는 분들도 크게 부담 없이 즐길 수 있을 것 같아요. 기대보다 편하게 즐길 수 있어서 만족스러운 시간이었답니다.,1,AI_v1,107,142,4,26.75,1.920286436967152,51,22,7,10,1,6,0.43137254901960786,0.13725490196078433,0.19607843137254902,0.0196078431372549,0.11764705882352941,0.205607476635514,0.056074766355140186,2,0,4,0,0,0,0.037383177570093455
강남역 맛집 존맛 또 가야지~,맛집_리뷰,"신논현역과 강남역 사이에 있어요. 강남역 11번이나 12번 출구 혹은 신논현역 4, 5번 출구로 나오면... 강남역 맛집 칵테일도 옴총 저렴하니까 맛있는 음식에 칵테일 한 잔 하려면 차는 두고 오시는 게 더 이득인... ",신논현역과 강남역 사이에 있어요. 강남역 11번이나 12번 출구 혹은 신논현역 4 5번 출구로 나오면. 강남역 맛집 칵테일도 옴총 저렴하니까 맛있는 음식에 칵테일 한 잔 하려면 차는 두고 오시는 게 더 이득인.,0,Human,87,117,3,29.0,11.430952132988164,45,21,5,3,1,8,0.4666666666666667,0.1111111111111111,0.06666666666666667,0.022222222222222223,0.17777777777777778,0.2413793103448276,0.09195402298850575,0,0,3,0,0,0,0.034482758620689655
2020.05.16 내돈내산 아이폰11 구매후기,상품_리뷰,며칠 동안 .05.16 내돈내산을 써봤는데 생각보다 손이 자주 가더라고요. 사용법도 어렵지 않고 마감도 괜찮아서 전체적으로 만족했어요. 처음 가보는 분들도 크게 부담 없이 즐길 수 있을 것 같아요. 기대보다 편하게 즐길 수 있어서 만족스러운 시간이었답니다.,며칠 동안 .05.16 내돈내산을 써봤는데 생각보다 손이 자주 가더라고요. 사용법도 어렵지 않고 마감도 괜찮아서 전체적으로 만족했어요. 처음 가보는 분들도 크게 부담 없이 즐길 수 있을 것 같아요. 기대보다 편하게 즐길 수 있어서 만족스러운 시간이었답니다.,1,AI_v1,110,143,6,18.333333333333332,10.192589900947103,54,20,8,8,1,7,0.37037037037037035,0.14814814814814814,0.14814814814814814,0.018518518518518517,0.12962962962962962,0.18181818181818182,0.06363636363636363,4,0,6,0,0,0,0.05454545454545454
S_Diary : 2019년 9월 7-8일 일상(◍•ᴗ... ,맛집_리뷰,S_Diary 9월에서 식사했는데 분위기가 너무 시끄럽지 않아 편했어요. 대표 메뉴가 깔끔했고 가격도 크게 부담스럽지 않아서 한 번쯤 가볼 만했답니다. 사진으로 남겨두기에도 괜찮아서 기억에 오래 남을 것 같아요.,S Diary 9월에서 식사했는데 분위기가 너무 시끄럽지 않아 편했어요. 대표 메뉴가 깔끔했고 가격도 크게 부담스럽지 않아서 한 번쯤 가볼 만했답니다. 사진으로 남겨두기에도 괜찮아서 기억에 오래 남을 것 같아요.,1,AI_v1,91,118,3,30.333333333333332,3.0912061651652345,44,14,7,5,2,8,0.3181818181818182,0.1590909090909091,0.11363636363636363,0.045454545454545456,0.18181818181818182,0.15384615384615385,0.08791208791208792,3,0,3,0,0,0,0.03296703296703297
[내돈내산] 아이폰11프로 구매후기 : 아이폰 갤럭시... ,상품_리뷰,"안녕하세요 찌니입니다:) 드디어 아이폰11프로 스마트폰으로 체인지+_+ 이번년도에 아이폰 나오면 살려했는데, 7플러스를 쓰고 있었는데 점점 통화가 잘안들리면서... 속도도 느린거같고 하자가 점점... ",안녕하세요 찌니입니다 드디어 아이폰11프로 스마트폰으로 체인지 이번년도에 아이폰 나오면 살려했는데 7플러스를 쓰고 있었는데 점점 통화가 잘안들리면서. 속도도 느린거같고 하자가 점점.,0,Human,82,101,2,41.0,27.0,37,13,6,5,1,6,0.35135135135135137,0.16216216216216217,0.13513513513513514,0.02702702702702703,0.16216216216216217,0.15853658536585366,0.07317073170731707,0,0,2,0,0,0,0.024390243902439025
"강남역맛집, 베트남쌀국수 땀땀!",맛집_리뷰,베트남쌀국수 땀땀!는 가게 앞에서 잠깐 기다렸다. 메뉴는 금방 정했고 맛은 평범한데 묘하게 계속 먹게 됨. 다음에 지나가면 또 생각날 수도. 엄청난 건 아니고 그냥 기록용. 가격은 막 싸진 않았고 위치는 찾기 쉬운 편.,베트남쌀국수 땀땀!는 가게 앞에서 잠깐 기다렸다. 메뉴는 금방 정했고 맛은 평범한데 묘하게 계속 먹게 됨. 다음에 지나가면 또 생각날 수도. 엄청난 건 아니고 그냥 기록용. 가격은 막 싸진 않았고 위치는 찾기 쉬운 편.,1,AI_v2,90,122,6,15.0,4.43471156521669,50,24,10,4,0,6,0.48,0.2,0.08,0.0,0.12,0.26666666666666666,0.06666666666666667,0,0,5,1,0,0,0.06666666666666667
내돈내산::벤토사 9H강화유리필름/아이폰 11pro max 추천,상품_리뷰,저는 카카오톡 선물하기 사이트에서 선물받았어요 :) 기종은 아이폰 11pro max에요!! 카카오톡 선물하기로 구매를 해서 포장지 앞에 크게 적혀있네용 너의 액정을 내가 지켜줄게 제발 지켜주라ㅠㅠㅠ 벤토사... ,저는 카카오톡 선물하기 사이트에서 선물받았어요 기종은 아이폰 11pro max에요! 카카오톡 선물하기로 구매를 해서 포장지 앞에 크게 적혀있네용 너의 액정을 내가 지켜줄게 제발 지켜주라 벤토사.,0,Human,85,108,2,42.5,4.5,43,21,7,1,0,9,0.4883720930232558,0.16279069767441862,0.023255813953488372,0.0,0.20930232558139536,0.24705882352941178,0.10588235294117647,0,0,1,1,0,0,0.023529411764705882
"2020년 연말정산, 신용카드 사용금액 소득공제가 제외되는... ",전문_정보,2020년 연말정산중 중요한 신용카드사용금액 소득공제 제외항목은 이중공제적 성격은 다 제외된다고 보면 될듯합니다 교육비또한 교육비 공제항목에 들어가고 기부금 또한 마찬가지 입니다 이래저래 복잡하고... ,2020년 연말정산중 중요한 신용카드사용금액 소득공제 제외항목은 이중공제적 성격은 다 제외된다고 보면 될듯합니다 교육비또한 교육비 공제항목에 들어가고 기부금 또한 마찬가지 입니다 이래저래 복잡하고.,0,Human,89,110,1,89.0,0.0,39,18,5,3,2,3,0.46153846153846156,0.1282051282051282,0.07692307692307693,0.05128205128205128,0.07692307692307693,0.20224719101123595,0.033707865168539325,0,0,1,0,0,0,0.011235955056179775
더 킹 협찬 중인 디팍스케이스 아이폰11과 만나다 (내돈내산후기),상품_리뷰,협찬은 사용법이 어렵진 않았다. 마감은 보통이고 기능은 필요한 만큼만 있는 느낌. 오래 써봐야 알겠지만 첫인상은 나쁘지 않음. 사진은 몇 장 찍었는데 정리는 나중에 해야겠다. 사진은 몇 장 찍었는데 정리는 나중에 해야겠다.,협찬은 사용법이 어렵진 않았다. 마감은 보통이고 기능은 필요한 만큼만 있는 느낌. 오래 써봐야 알겠지만 첫인상은 나쁘지 않음. 사진은 몇 장 찍었는데 정리는 나중에 해야겠다. 사진은 몇 장 찍었는데 정리는 나중에 해야겠다.,1,AI_v2,94,124,5,18.8,2.481934729198171,50,17,9,4,1,13,0.34,0.18,0.08,0.02,0.26,0.18085106382978725,0.13829787234042554,0,0,5,0,0,0,0.05319148936170213
[내돈내산] 아이폰 11 white 128GB ⭐️2주 사용 후기,상품_리뷰,"아이폰11 사고, 그 전에 사용하던 아이폰6 속 파일?들을 모두 옮겨서 크게 다르지 않고 친숙하게 잘 사용하고 있어요~ 워낙 아이폰6가 가볍고 손에 들어오는 크기라 그거에 익숙해 아이폰11을 받은 첫날엔... ",아이폰11 사고 그 전에 사용하던 아이폰6 속 파일?들을 모두 옮겨서 크게 다르지 않고 친숙하게 잘 사용하고 있어요~ 워낙 아이폰6가 가볍고 손에 들어오는 크기라 그거에 익숙해 아이폰11을 받은 첫날엔.,0,Human,86,113,2,43.0,21.0,45,18,8,5,0,7,0.4,0.17777777777777778,0.1111111111111111,0.0,0.15555555555555556,0.20930232558139536,0.08139534883720931,0,0,1,0,1,1,0.03488372093023256
2020년 연말정산 소득공제 신고서 양식,전문_정보,2020년 연말정산 소득공제 신고서 양식입니다. 정확히 말씀 드리자면 2019년 소득에 대한 연말정산용입니다. 연말정산 소득공제신고서는 매년 줄어들고 글씨 채워놓기도 힘들어 지네요.... ,2020년 연말정산 소득공제 신고서 양식입니다. 정확히 말씀 드리자면 2019년 소득에 대한 연말정산용입니다. 연말정산 소득공제신고서는 매년 줄어들고 글씨 채워놓기도 힘들어 지네요.,0,Human,82,101,3,27.333333333333332,4.109609335312651,31,15,4,4,0,3,0.4838709677419355,0.12903225806451613,0.12903225806451613,0.0,0.0967741935483871,0.18292682926829268,0.036585365853658534,0,0,3,0,0,0,0.036585365853658534
2019년 달라진 개정세법 및 2020년 홈텍스 연말정산 신고서... ,전문_정보,달라진을 하면서 오랜만에 여유를 느꼈어요. 바쁜 와중에 잠깐 쉬어가는 시간이 생긴 것 같아서 꽤 괜찮은 하루였답니다. 처음 가보는 분들도 크게 부담 없이 즐길 수 있을 것 같아요. 사진으로 남겨두기에도 괜찮아서 기억에 오래 남을 것 같아요.,달라진을 하면서 오랜만에 여유를 느꼈어요. 바쁜 와중에 잠깐 쉬어가는 시간이 생긴 것 같아서 꽤 괜찮은 하루였답니다. 처음 가보는 분들도 크게 부담 없이 즐길 수 있을 것 같아요. 사진으로 남겨두기에도 괜찮아서 기억에 오래 남을 것 같아요.,1,AI_v1,100,134,4,25.0,4.301162633521313,52,19,9,7,2,9,0.36538461538461536,0.17307692307692307,0.1346153846153846,0.038461538461538464,0.17307692307692307,0.19,0.09,3,0,4,0,0,0,0.04
연말정산 간소화서비스 기간 2020년 공제 팁 환급 더받자,전문_정보,후 연말정산 완료 매년 연말 직장인이라면 준비해야 하는 '13월의 월급' 연말정산 어떻게 하면 더 환급... 국세청이 질의응답(Q&amp;A) 형태로 알아본 2020년 연말정산 도움말. 인적공제를 받기 위한 부양가족의 연간... ,후 연말정산 완료 매년 연말 직장인이라면 준비해야 하는 13월의 월급 연말정산 어떻게 하면 더 환급. 국세청이 질의응답 Q A 형태로 알아본 2020년 연말정산 도움말. 인적공제를 받기 위한 부양가족의 연간.,0,Human,88,116,3,29.333333333333332,10.208928554075703,43,23,5,1,0,6,0.5348837209302325,0.11627906976744186,0.023255813953488372,0.0,0.13953488372093023,0.26136363636363635,0.06818181818181818,0,0,3,0,0,0,0.03409090909090909
2020년 연말정산! 구매하신 보청기 의료비 세액공제 받으세요~,전문_정보,연말이 되면 연말정산으로 준비들을 많이 하시는데요 보청기도 의료비 세액공제 받을수 있다는 점... 받고 연말정산에 도움 받기를 바랍니다. 2020년도 얼마 남지 않았네요 남은 20년도 마무리 잘 하시길... ,연말이 되면 연말정산으로 준비들을 많이 하시는데요 보청기도 의료비 세액공제 받을수 있다는 점. 받고 연말정산에 도움 받기를 바랍니다. 2020년도 얼마 남지 않았네요 남은 20년도 마무리 잘 하시길.,0,Human,86,111,3,28.666666666666668,9.809292646374775,39,14,10,1,1,5,0.358974358974359,0.2564102564102564,0.02564102564102564,0.02564102564102564,0.1282051282051282,0.16279069767441862,0.05813953488372093,0,0,3,0,0,0,0.03488372093023256
2020년 연말정산 _ 소득세액공제신고서 작성법_동영상,전문_정보,연말정산 사진 몇 장 찍어뒀다. 나중에 보면 별거 아닐 수도 있는데 그때 분위기가 있어서 남겨둠. 정리는 천천히 해야겠다. 다음엔 다른 메뉴도 봐야 할 듯. 시간 맞으면 한 번쯤 들를만함. 사진은 몇 장 찍었는데 정리는 나중에 해야겠다.,연말정산 사진 몇 장 찍어뒀다. 나중에 보면 별거 아닐 수도 있는데 그때 분위기가 있어서 남겨둠. 정리는 천천히 해야겠다. 다음엔 다른 메뉴도 봐야 할 듯. 시간 맞으면 한 번쯤 들를만함. 사진은 몇 장 찍었는데 정리는 나중에 해야겠다.,1,AI_v2,97,132,6,16.166666666666668,5.610010893235612,54,22,13,3,1,8,0.4074074074074074,0.24074074074074073,0.05555555555555555,0.018518518518518517,0.14814814814814814,0.2268041237113402,0.08247422680412371,0,0,6,0,0,0,0.061855670103092786
2020년 연말정산 13월의 월급... 소득공제가 달라졌습니다.,전문_정보,"연말정산 13월의는 시작은 귀찮았는데 하다 보니 괜찮았다. 엄청 의미 있는 건 아니고, 그래도 하루가 조금 정리된 느낌. 기대치를 낮추고 가면 무난한 정도. 급하게 정한 일정치고는 나쁘지 않았다. 시간 맞으면 한 번쯤 들를만함.",연말정산 13월의는 시작은 귀찮았는데 하다 보니 괜찮았다. 엄청 의미 있는 건 아니고 그래도 하루가 조금 정리된 느낌. 기대치를 낮추고 가면 무난한 정도. 급하게 정한 일정치고는 나쁘지 않았다. 시간 맞으면 한 번쯤 들를만함.,1,AI_v2,95,126,5,19.0,5.0990195135927845,48,17,8,6,2,6,0.3541666666666667,0.16666666666666666,0.125,0.041666666666666664,0.125,0.17894736842105263,0.06315789473684211,0,0,5,0,0,0,0.05263157894736842
개정된 2020년 &quot;연말정산 소득공제&quot; 모두보기...,전문_정보,연말정산 소득공제 2020 올해 확대된 소득공제 2020년 연말정산이 다가왔습니다. 특히 올해는 코로나19... 연말정산이란 무엇인가? 연말정산은 근로자가 한 해 동안 납부한 근로소득세를 정산하는 것을... ,연말정산 소득공제 2020 올해 확대된 소득공제 2020년 연말정산이 다가왔습니다. 특히 올해는 코로나19. 연말정산이란 무엇인가? 연말정산은 근로자가 한 해 동안 납부한 근로소득세를 정산하는 것을.,0,Human,89,111,4,22.25,11.691342951089922,40,19,4,0,1,9,0.475,0.1,0.0,0.025,0.225,0.21348314606741572,0.10112359550561797,0,0,3,0,1,0,0.0449438202247191
[강남역 맛집/강남역 샐러드] 피그인더가든,맛집_리뷰,"1.0 방문 일자 : 2019년 11월 20일 2.0 음식점명 : 피그인더가든 강남점 3.0 메뉴 : 다이어트,샐러드 7,900~ 3.1 연어 포케 12,900 3.2 크리스피 포크벨리 13,900 - 스쿱 샐러드: 그릴드 머쉬룸, 클래식 포테이토 3.3 머쉬룸... ",1.0 방문 일자 2019년 11월 20일 2.0 음식점명 피그인더가든 강남점 3.0 메뉴 다이어트 샐러드 7 900~ 3.1 연어 포케 12 900 3.2 크리스피 포크벨리 13 900 스쿱 샐러드 그릴드 머쉬룸 클래식 포테이토 3.3 머쉬룸.,0,Human,104,137,7,14.857142857142858,9.65739644637461,44,23,1,1,0,0,0.5227272727272727,0.022727272727272728,0.022727272727272728,0.0,0.0,0.22115384615384615,0.0,0,0,7,0,0,1,0.07692307692307693
[텐바이텐] 커버리쉬 아이폰케이스 내돈내산 후기,상품_리뷰,"#내돈내산 #커버리쉬 #아이폰케이스 #아이폰12케이스 #자개케이스 #카메라보호케이스 #TPU케이스 최근... 파스텔 플루이드 매트 풀커버 실리콘 카메라보호 케이스 정가 11,900원 (현재 할인가 9,520원) 사진 출처... ",최근. 파스텔 플루이드 매트 풀커버 실리콘 카메라보호 케이스 정가 11 900원 현재 할인가 9 520원 사진 출처.,0,Human,49,65,2,24.5,21.5,23,16,0,0,0,1,0.6956521739130435,0.0,0.0,0.0,0.043478260869565216,0.32653061224489793,0.02040816326530612,0,0,2,0,0,0,0.04081632653061224
내돈내산 아이폰11프로맥스케이스 Fur퍼케이스 이쁨주의♡,상품_리뷰,내돈내산 아이폰11프로맥스케이스 잘된케이스 Fur퍼시즌체인케이스 이쁨주의♡ 안녕하세요 그레이스입니다 :) 아이폰11프로맥스 출시하고 핸드폰을 바꿨었는데 며칠만에 길바닥에서 넘어져 새 핸드폰... ,내돈내산 아이폰11프로맥스케이스 잘된케이스 Fur퍼시즌체인케이스 이쁨주의 안녕하세요 그레이스입니다 아이폰11프로맥스 출시하고 핸드폰을 바꿨었는데 며칠만에 길바닥에서 넘어져 새 핸드폰.,0,Human,87,102,1,87.0,0.0,39,22,3,3,0,4,0.5641025641025641,0.07692307692307693,0.07692307692307693,0.0,0.10256410256410256,0.25287356321839083,0.04597701149425287,0,0,1,0,0,0,0.011494252873563218
아르노 아이폰 11 프로 케이스 추천 핸드폰목줄 내돈내산,상품_리뷰,"아르노 아이폰 후기 남겨보면, 처음엔 반신반의했지만 써볼수록 편한 점이 많았어요. 아쉬운 부분도 있지만 재구매를 고민할 정도는 됩니다. 처음 가보는 분들도 크게 부담 없이 즐길 수 있을 것 같아요. 전체적으로 무난하면서도 기분 좋게 마무리할 수 있었어요.",아르노 아이폰 후기 남겨보면 처음엔 반신반의했지만 써볼수록 편한 점이 많았어요. 아쉬운 부분도 있지만 재구매를 고민할 정도는 됩니다. 처음 가보는 분들도 크게 부담 없이 즐길 수 있을 것 같아요. 전체적으로 무난하면서도 기분 좋게 마무리할 수 있었어요.,1,AI_v1,107,141,4,26.75,4.815340071064556,55,22,11,8,1,7,0.4,0.2,0.14545454545454545,0.01818181818181818,0.12727272727272726,0.205607476635514,0.06542056074766354,1,0,4,0,0,0,0.037383177570093455
[직장 정보] 2020년 연말정산! 달라진 공제 항목은?,전문_정보,직장은 별일 아닌 듯해도 막상 겪어보니 나름 의미가 있었어요. 작은 변화였지만 하루 분위기가 달라져서 기분 좋게 마무리했답니다. 전체적으로 무난하면서도 기분 좋게 마무리할 수 있었어요. 다음에는 조금 더 여유 있게 다시 가보고 싶어요.,직장은 별일 아닌 듯해도 막상 겪어보니 나름 의미가 있었어요. 작은 변화였지만 하루 분위기가 달라져서 기분 좋게 마무리했답니다. 전체적으로 무난하면서도 기분 좋게 마무리할 수 있었어요. 다음에는 조금 더 여유 있게 다시 가보고 싶어요.,1,AI_v1,100,131,4,25.0,3.24037034920393,48,21,10,7,0,5,0.4375,0.20833333333333334,0.14583333333333334,0.0,0.10416666666666667,0.21,0.05,1,0,4,0,0,0,0.04
연말정산 변경된 내용 &amp; 세액공제 혜택 받을 수 있는 꿀팁!,전문_정보,올해는 조용한 연말을 보낼 것 같습니다. 많은 분들이 코로나19 때문에 2020년을 리셋하자는 얘기가 있을 정도로 힘든 한 해였죠. 누구라할 것 없이 모두가 힘들었기 때문에 연말정산 공제율이나... ,올해는 조용한 연말을 보낼 것 같습니다. 많은 분들이 코로나19 때문에 2020년을 리셋하자는 얘기가 있을 정도로 힘든 한 해였죠. 누구라할 것 없이 모두가 힘들었기 때문에 연말정산 공제율이나.,0,Human,83,108,3,27.666666666666668,8.993825042154695,46,15,5,6,1,10,0.32608695652173914,0.10869565217391304,0.13043478260869565,0.021739130434782608,0.21739130434782608,0.18072289156626506,0.12048192771084337,0,0,3,0,0,0,0.03614457831325301
[일상] 2020년 연말정산 소득공제 추가로 받는 항목 알아보기,전문_정보,"연말정산 정의 국세청에서 1년 동안 간이세액표에 따라 거둬들인 근로소득세를 연말에 다시 따져보고... 소득 공제가 가능하다. 2020년 연말정산 변경사항 급여가 7,000만 원 이하인 경우 19. 7. 1. 이후 박물관... ",연말정산 정의 국세청에서 1년 동안 간이세액표에 따라 거둬들인 근로소득세를 연말에 다시 따져보고. 소득 공제가 가능하다. 2020년 연말정산 변경사항 급여가 7 000만 원 이하인 경우 19. 7. 1. 이후 박물관.,0,Human,93,121,6,15.5,15.553670520705609,47,23,3,1,0,7,0.48936170212765956,0.06382978723404255,0.02127659574468085,0.0,0.14893617021276595,0.24731182795698925,0.07526881720430108,0,0,6,0,0,0,0.06451612903225806
&lt;강남역 맛집&gt; 바비레드,맛집_리뷰,"&lt;강남역 다녀왔는데 생각보다 분위기가 편해서 좋았어요. 음식도 깔끔하게 나와서 부담 없이 먹기 괜찮았고, 다음에 근처 가면 또 들러보고 싶더라고요. 개인적으로는 너무 과하지 않은 점이 마음에 들었어요. 짧게 들렀지만 생각보다 알차게 시간을 보냈어요.",강남역 다녀왔는데 생각보다 분위기가 편해서 좋았어요. 음식도 깔끔하게 나와서 부담 없이 먹기 괜찮았고 다음에 근처 가면 또 들러보고 싶더라고요. 개인적으로는 너무 과하지 않은 점이 마음에 들었어요. 짧게 들렀지만 생각보다 알차게 시간을 보냈어요.,1,AI_v1,106,137,4,26.5,6.726812023536855,48,17,9,6,2,9,0.3541666666666667,0.1875,0.125,0.041666666666666664,0.1875,0.16037735849056603,0.08490566037735849,1,0,4,0,0,0,0.03773584905660377
드는 아이폰11케이스 GET!!! 하트그립톡케이스 내돈내산 후기,상품_리뷰,ㅎㅎ 그래도 하드도 이뻐요  하 이번 케이스는 질리지말고 오래가자.. #아이폰케이스 #아이폰11케이스 #아이폰11케이스추천 #하트그립톡 #하트그립톡케이스 #자석하트그립톡 #아이폰11블랙 #비쥬얼팩토리 #내돈내산,그래도 하드도 이뻐요 하 이번 케이스는 질리지말고 오래가자.,0,Human,26,33,1,26.0,0.0,12,3,2,1,2,2,0.25,0.16666666666666666,0.08333333333333333,0.16666666666666666,0.16666666666666666,0.11538461538461539,0.07692307692307693,0,0,1,0,0,0,0.038461538461538464
[편리한연말정산] 공제신고서작성하기_STEP 01 기본사항입력,전문_정보,편리한연말정산 - 공제신고서작성하기 - STEP 01 기본사항입력 연말정산간소화 자료를 조회한 후... 이것은 2020년에 회사에서 매월 공제하는 소득세를 많이 공제 할 것이냐 적게 할 것이냐를 선택하는 것으로... ,편리한연말정산 공제신고서작성하기 STEP 01 기본사항입력 연말정산간소화 자료를 조회한 후. 이것은 2020년에 회사에서 매월 공제하는 소득세를 많이 공제 할 것이냐 적게 할 것이냐를 선택하는 것으로.,0,Human,89,112,2,44.5,1.5,48,22,6,1,1,9,0.4583333333333333,0.125,0.020833333333333332,0.020833333333333332,0.1875,0.24719101123595505,0.10112359550561797,0,0,2,0,0,0,0.02247191011235955
"제로페이 가맹점 찾기, 연말정산 소득공제 받는 법!",전문_정보,제로페이 관련해서 소소하게 기록해봤어요. 특별한 일은 아니었지만 막상 지나고 보니 은근 기억에 남아서 이렇게 남겨두고 싶더라고요. 기대보다 편하게 즐길 수 있어서 만족스러운 시간이었답니다. 다음에는 조금 더 여유 있게 다시 가보고 싶어요.,제로페이 관련해서 소소하게 기록해봤어요. 특별한 일은 아니었지만 막상 지나고 보니 은근 기억에 남아서 이렇게 남겨두고 싶더라고요. 기대보다 편하게 즐길 수 있어서 만족스러운 시간이었답니다. 다음에는 조금 더 여유 있게 다시 가보고 싶어요.,1,AI_v1,103,133,4,25.75,7.562241731127087,45,17,11,7,1,5,0.37777777777777777,0.24444444444444444,0.15555555555555556,0.022222222222222223,0.1111111111111111,0.1650485436893204,0.04854368932038835,2,0,4,0,0,0,0.038834951456310676
내돈내산/아이폰11프로 무선충전기&amp;거치대 / 리큐엠 무선... ,상품_리뷰,핸드폰 배터리가 저세상 ㅠㅠㅠ 그래서 usb충전기를 꽂으면서 일하는데 아이폰은 하단에 배터리를... http://naver.me/F553p3jP #리큐엠 #무선충전기 #거치대 #아이폰거치대 #아이폰무선충전기 #아이폰무선거치대... ,핸드폰 배터리가 저세상 그래서 usb충전기를 꽂으면서 일하는데 아이폰은 하단에 배터리를.,0,Human,40,49,1,40.0,0.0,19,8,2,0,1,5,0.42105263157894735,0.10526315789473684,0.0,0.05263157894736842,0.2631578947368421,0.2,0.125,0,0,1,0,0,0,0.025
[강남역 맛집] 강남 돈코츠 일본라멘 유타로 (점심맥주팜^^),맛집_리뷰,오랜만에 근처에서 밥 먹을 곳 찾다가 강남역 강남에 들렀어요. 맛이 자극적이지 않고 양도 적당해서 만족했답니다. 웨이팅만 조금 피하면 더 좋을 것 같아요. 기대보다 편하게 즐길 수 있어서 만족스러운 시간이었답니다. 개인적으로는 너무 과하지 않은 점이 마음에 들었어요.,오랜만에 근처에서 밥 먹을 곳 찾다가 강남역 강남에 들렀어요. 맛이 자극적이지 않고 양도 적당해서 만족했답니다. 웨이팅만 조금 피하면 더 좋을 것 같아요. 기대보다 편하게 즐길 수 있어서 만족스러운 시간이었답니다. 개인적으로는 너무 과하지 않은 점이 마음에 들었어요.,1,AI_v1,114,149,5,22.8,3.3105890714493698,57,21,9,7,1,11,0.3684210526315789,0.15789473684210525,0.12280701754385964,0.017543859649122806,0.19298245614035087,0.18421052631578946,0.09649122807017543,3,0,5,0,0,0,0.043859649122807015
"연말정산 월세 세액공제 조건과 서류, 신청방법까지 간단 정리.",전문_정보,"연말정산 월세 세액공제 조건과 서류, 신청방법까지 간단 정리. 지난번에는 변화된 세액공제 혜택을... 예를들어 2019년 해당하는 1년치 월세를 신고하지 못했다면, 2020년 6월~2025년 5월까지 신청이 가능합니다.... ",연말정산 월세 세액공제 조건과 서류 신청방법까지 간단 정리. 지난번에는 변화된 세액공제 혜택을. 예를들어 2019년 해당하는 1년치 월세를 신고하지 못했다면 2020년 6월~2025년 5월까지 신청이 가능합니다.,0,Human,95,118,3,31.666666666666668,15.627610892974724,46,20,5,1,0,7,0.43478260869565216,0.10869565217391304,0.021739130434782608,0.0,0.15217391304347827,0.21052631578947367,0.07368421052631578,0,0,3,0,0,1,0.042105263157894736
미리준비하는 2020년 연말정산 &lt;인적공제&gt;편,전문_정보,2020년 시작이 엊그제 같은데 벌써 찬바람이 솔솔불어오는 계절입니다. 이 계절 우리는 무엇을... 궁금하시면 https://blog.naver.com/eun782/222040377030 연말정산은 크게 소득공제와 세액공제로 나뉘는데 오늘은... ,2020년 시작이 엊그제 같은데 벌써 찬바람이 솔솔불어오는 계절입니다. 이 계절 우리는 무엇을. 궁금하시면 연말정산은 크게 소득공제와 세액공제로 나뉘는데 오늘은.,0,Human,72,90,3,24.0,9.93310961716756,34,17,2,3,0,7,0.5,0.058823529411764705,0.08823529411764706,0.0,0.20588235294117646,0.2361111111111111,0.09722222222222222,0,0,3,0,0,0,0.041666666666666664
2019년 1월 11일 부부일상 : 친구랑 데이트- 엄빠 결기 선물... ,맛집_리뷰,16년지기 친구와 강남역 데이트 사랑하는 친구랑 4시간동안 수다수다♥️14살 중학교 첫 짝지에서 시작된 #16년차우정 오래오래 함께해요 친구♥️ #마노디쉐프 #강남역맛집 #스테이크피자... ,16년지기 친구와 강남역 데이트 사랑하는 친구랑 4시간동안 수다수다 14살 중학교 첫 짝지에서 시작된 오래오래 함께해요 친구,0,Human,54,69,1,54.0,0.0,28,14,3,0,1,4,0.5,0.10714285714285714,0.0,0.03571428571428571,0.14285714285714285,0.25925925925925924,0.07407407407407407,1,0,0,0,0,0,0.0
[일상-맛집] 강남역 맛집 땀땀 (단골인의 찐 리뷰),맛집_리뷰,강남역 쌀국수 맛집 땀땀 강남역 11번 출구 뒤 쪽에 위치한 쌀국수 맛집 땀땀을 소개하기 위해... 방문 2019년 05월 13일 방문 / 10월 18일 방문 생각보다 사진이 많이 있지 않아요 ㅠㅠ 갈때마다 배고파서 후딱... ,강남역 쌀국수 맛집 땀땀 강남역 11번 출구 뒤 쪽에 위치한 쌀국수 맛집 땀땀을 소개하기 위해. 방문 2019년 05월 13일 방문 10월 18일 방문 생각보다 사진이 많이 있지 않아요 갈때마다 배고파서 후딱.,0,Human,87,117,2,43.5,4.5,42,21,3,2,2,6,0.5,0.07142857142857142,0.047619047619047616,0.047619047619047616,0.14285714285714285,0.2413793103448276,0.06896551724137931,0,0,2,0,0,0,0.022988505747126436
★폰케이스★ 아이폰11뮤즈캔 vs 구스페리 / 내돈내산,상품_리뷰,★폰케이스★는 사용법이 어렵진 않았다. 마감은 보통이고 기능은 필요한 만큼만 있는 느낌. 오래 써봐야 알겠지만 첫인상은 나쁘지 않음. 이런 곳도 있었네 싶었다. 기대치를 낮추고 가면 무난한 정도. 이런 곳도 있었네 싶었다.,폰케이스 는 사용법이 어렵진 않았다. 마감은 보통이고 기능은 필요한 만큼만 있는 느낌. 오래 써봐야 알겠지만 첫인상은 나쁘지 않음. 이런 곳도 있었네 싶었다. 기대치를 낮추고 가면 무난한 정도. 이런 곳도 있었네 싶었다.,1,AI_v2,93,123,6,15.5,3.730504880933232,48,14,9,8,1,8,0.2916666666666667,0.1875,0.16666666666666666,0.020833333333333332,0.16666666666666666,0.15053763440860216,0.08602150537634409,0,0,6,0,0,0,0.06451612903225806
[강남역 맛집] 맥쓰세계치킨 강남점 :: 가성비 좋은 치킨... ,맛집_리뷰,"강남역 맥쓰세계치킨 다녀왔는데 생각보다 분위기가 편해서 좋았어요. 음식도 깔끔하게 나와서 부담 없이 먹기 괜찮았고, 다음에 근처 가면 또 들러보고 싶더라고요. 다음에는 조금 더 여유 있게 다시 가보고 싶어요. 처음 가보는 분들도 크게 부담 없이 즐길 수 있을 것 같아요.",강남역 맥쓰세계치킨 다녀왔는데 생각보다 분위기가 편해서 좋았어요. 음식도 깔끔하게 나와서 부담 없이 먹기 괜찮았고 다음에 근처 가면 또 들러보고 싶더라고요. 다음에는 조금 더 여유 있게 다시 가보고 싶어요. 처음 가보는 분들도 크게 부담 없이 즐길 수 있을 것 같아요.,1,AI_v1,112,150,4,28.0,6.782329983125268,53,24,9,7,2,6,0.4528301886792453,0.16981132075471697,0.1320754716981132,0.03773584905660377,0.11320754716981132,0.21428571428571427,0.05357142857142857,2,0,4,0,0,0,0.03571428571428571
2020년 연말정산 기간과 달라진 점,전문_정보,오늘은 잡캔과 2020년도의 연말정산 기간과 달라진 내용에 대해 간단히 알아보도록 하겠습니다. 이제... 연말정산이란? 간단히 하면 내가 덜 내거나 더 낸 세금을 재정산 하는 일입니다. 소득이 있는 직장인... ,오늘은 잡캔과 2020년도의 연말정산 기간과 달라진 내용에 대해 간단히 알아보도록 하겠습니다. 이제. 연말정산이란? 간단히 하면 내가 덜 내거나 더 낸 세금을 재정산 하는 일입니다. 소득이 있는 직장인.,0,Human,87,113,5,17.4,14.595889832415152,44,18,6,4,0,8,0.4090909090909091,0.13636363636363635,0.09090909090909091,0.0,0.18181818181818182,0.20689655172413793,0.09195402298850575,0,0,4,0,1,0,0.05747126436781609
강남역 맛집] 셰프투고/ 역삼역 배달 맛집♡,맛집_리뷰,강남역 맛집/ 역삼역 맛집/ 셰프투고 셰프의 터치 한번으로 근사한 요리로 변신한 #남의살셰프요리 였답니다~♡ 셰프투고 영업시간 1700-2300 서울시 강남구 테헤란로 13길 8-5 2층 02-501-0581,강남역 맛집 역삼역 맛집 셰프투고 셰프의 터치 한번으로 근사한 요리로 변신한 였답니다~ 셰프투고 영업시간 1700 2300 서울시 강남구 테헤란로 13길 8 5 2층 02 501 0581,0,Human,79,104,1,79.0,0.0,36,20,1,1,0,4,0.5555555555555556,0.027777777777777776,0.027777777777777776,0.0,0.1111111111111111,0.25316455696202533,0.05063291139240506,1,0,0,0,0,1,0.012658227848101266
2020년 연말정산 간소화... 2020소득공제 변경사항... ,전문_정보,"오랜만에 요즘 연말정산 때문에 생각이 많았는데, 직접 해보니 생각보다 어렵지 않았어요. 천천히 정리하니 마음도 조금 편해진 느낌입니다. 처음 가보는 분들도 크게 부담 없이 즐길 수 있을 것 같아요. 다음에는 조금 더 여유 있게 다시 가보고 싶어요.",오랜만에 요즘 연말정산 때문에 생각이 많았는데 직접 해보니 생각보다 어렵지 않았어요. 천천히 정리하니 마음도 조금 편해진 느낌입니다. 처음 가보는 분들도 크게 부담 없이 즐길 수 있을 것 같아요. 다음에는 조금 더 여유 있게 다시 가보고 싶어요.,1,AI_v1,102,137,4,25.5,6.800735254367722,51,22,7,7,2,7,0.43137254901960786,0.13725490196078433,0.13725490196078433,0.0392156862745098,0.13725490196078433,0.21568627450980393,0.06862745098039216,1,0,4,0,0,0,0.0392156862745098
"아이폰11pro 스그 개봉기, 인덕션_내돈내산후기♥",상품_리뷰,"가볍게 아이폰11pro는 직접 써보니 장단점이 분명했어요. 그래도 가격이나 사용감까지 생각하면 꽤 무난했고, 필요한 분들께는 참고가 될 것 같아요. 다음에는 조금 더 여유 있게 다시 가보고 싶어요. 처음 가보는 분들도 크게 부담 없이 즐길 수 있을 것 같아요.",가볍게 아이폰11pro는 직접 써보니 장단점이 분명했어요. 그래도 가격이나 사용감까지 생각하면 꽤 무난했고 필요한 분들께는 참고가 될 것 같아요. 다음에는 조금 더 여유 있게 다시 가보고 싶어요. 처음 가보는 분들도 크게 부담 없이 즐길 수 있을 것 같아요.,1,AI_v1,108,144,4,27.0,6.284902544988268,56,22,11,7,2,6,0.39285714285714285,0.19642857142857142,0.125,0.03571428571428571,0.10714285714285714,0.2037037037037037,0.05555555555555555,3,0,4,0,0,0,0.037037037037037035
아이폰11 색상 내돈내산 퍼플 후기,상품_리뷰,"아이폰11는 직접 써보니 장단점이 분명했어요. 그래도 가격이나 사용감까지 생각하면 꽤 무난했고, 필요한 분들께는 참고가 될 것 같아요. 기대보다 편하게 즐길 수 있어서 만족스러운 시간이었답니다. 처음 가보는 분들도 크게 부담 없이 즐길 수 있을 것 같아요.",아이폰11는 직접 써보니 장단점이 분명했어요. 그래도 가격이나 사용감까지 생각하면 꽤 무난했고 필요한 분들께는 참고가 될 것 같아요. 기대보다 편하게 즐길 수 있어서 만족스러운 시간이었답니다. 처음 가보는 분들도 크게 부담 없이 즐길 수 있을 것 같아요.,1,AI_v1,108,142,4,27.0,6.041522986797286,54,20,11,8,2,6,0.37037037037037035,0.2037037037037037,0.14814814814814814,0.037037037037037035,0.1111111111111111,0.18518518518518517,0.05555555555555555,4,0,4,0,0,0,0.037037037037037035
강남역 맛집) 신데렐라롱,맛집_리뷰,"2019년 한국브랜드리더대상에서 식품(디저트) 부문 상도 받으셨어요. 개별포장 기본이고 3, 6구 박스... - 내 맘대로 달점  신데렐라롱 서울 강남구 역삼로 139 105호 영업시간 평일 11:00 - 19:30 품절시클로즈... ",2019년 한국브랜드리더대상에서 식품 디저트 부문 상도 받으셨어요. 개별포장 기본이고 3 6구 박스. 내 맘대로 달점 신데렐라롱 서울 강남구 역삼로 139 105호 영업시간 평일 11 00 19 30 품절시클로즈.,0,Human,92,119,3,30.666666666666668,13.474255287605157,43,26,1,0,1,2,0.6046511627906976,0.023255813953488372,0.0,0.023255813953488372,0.046511627906976744,0.2826086956521739,0.021739130434782608,0,0,3,0,0,0,0.03260869565217391
2020년 연말정산 간소화... 2020소득공제 변경사항... ,전문_정보,"2020년 연말정산 간소화 서비스 이용 연말정산기간 신청하는방법 2020소득공제 변경사항 체크해보세요... 소득공제 변경사항, 연말정산 하는방법 등에 대해 알아볼께요 연말이 되면 어김없이 챙기는 연.말정산... ",2020년 연말정산 간소화 서비스 이용 연말정산기간 신청하는방법 2020소득공제 변경사항 체크해보세요. 소득공제 변경사항 연말정산 하는방법 등에 대해 알아볼께요 연말이 되면 어김없이 챙기는 연.말정산.,0,Human,91,112,3,30.333333333333332,18.979521127315678,37,23,6,0,1,2,0.6216216216216216,0.16216216216216217,0.0,0.02702702702702703,0.05405405405405406,0.25274725274725274,0.02197802197802198,0,0,3,0,0,0,0.03296703296703297
유나이티드 갤러리 2019년 5월 U매거진_첫째주 전시_김병구... ,맛집_리뷰,유나이티드 갤러리 2019년 5월 U매거진 첫째주 전시_김병구 개인전 #김병구 #김병구개인전 #김병구사진 #김병구사진전 #강남역갤러리 #강남갤러리 #유나이티드갤러리 #유나이티드문화재단 #강남역맛집,유나이티드 갤러리 2019년 5월 U매거진 첫째주 전시 김병구 개인전,0,Human,30,38,1,30.0,0.0,13,8,1,0,0,0,0.6153846153846154,0.07692307692307693,0.0,0.0,0.0,0.26666666666666666,0.0,0,0,0,0,0,0,0.0
늦은 아이폰 11 화이트 내돈내산 후기,상품_리뷰,아이폰이 11이 나오고 시간이 좀 지났지만 시간이 지날 수록 탐났던 카메라... 계속 노래 부르다가 이마트 트레이더스안에 있는 #일렉트로마트 에서 색상 실물 구경하기로 초록(민트)랑 노랑색 보고... ,아이폰이 11이 나오고 시간이 좀 지났지만 시간이 지날 수록 탐났던 카메라. 계속 노래 부르다가 이마트 트레이더스안에 있는 에서 색상 실물 구경하기로 초록 민트 랑 노랑색 보고.,0,Human,74,99,2,37.0,5.0,38,21,7,1,0,6,0.5526315789473685,0.18421052631578946,0.02631578947368421,0.0,0.15789473684210525,0.28378378378378377,0.08108108108108109,0,0,2,0,0,0,0.02702702702702703
갤럭시 노트 20 개봉 - 아이폰11프로 비교샷 :),상품_리뷰,안녕하세요 전설래미예요 요즘 핫한 갤럭시 노트 20 아이폰11프로와 비교샷 내돈내산 내돈내고 내가샀음 뒷광고 앞광고 옆광고 전부아님 내돈으로샀음 아직 할부중 ㅋㅋㅋㅋㅋㅋ 사양같은거... ,안녕하세요 전설래미예요 요즘 핫한 갤럭시 노트 20 아이폰11프로와 비교샷 내돈내산 내돈내고 내가샀음 뒷광고 앞광고 옆광고 전부아님 내돈으로샀음 아직 할부중 사양같은거.,0,Human,75,94,1,75.0,0.0,45,23,3,2,1,5,0.5111111111111111,0.06666666666666667,0.044444444444444446,0.022222222222222223,0.1111111111111111,0.30666666666666664,0.06666666666666667,0,0,1,0,0,0,0.013333333333333334
"2020년 연말정산 , 혜택 커진 공제항목 알려드릴게요",전문_정보,#2020연말정산#2020연말정산혜택#2020년연말정산#2020공제혜택#2020절세#2020산후조리원공제#2020소득공제 #기부금공제#기부금연말정산#기부금 연말공제#2020년바뀌는연말공제#월세금공제#월세공제... ,연말공제,0,Human,4,4,1,4.0,0.0,2,2,0,0,0,0,1.0,0.0,0.0,0.0,0.0,0.5,0.0,0,0,0,0,0,0,0.0
아이폰11 화이트 리뷰 ❣️ 아이폰7에서 아이폰11으로 백업... ,상품_리뷰,#아이폰11 #아이폰11화이트 #아이스쉴드미믹케이스 #ESR케이스추천 #내돈내산 #ESR아이스쉴드케이스 드디어 아이폰7에서 아이폰11으로 갈아탔음당 금요일에 받았는데 일요일에 처음 해본 후기^^ 아이폰11 백업... ,드디어 아이폰7에서 아이폰11으로 갈아탔음당 금요일에 받았는데 일요일에 처음 해본 후기 아이폰11 백업.,0,Human,47,58,1,47.0,0.0,21,9,3,0,1,4,0.42857142857142855,0.14285714285714285,0.0,0.047619047619047616,0.19047619047619047,0.19148936170212766,0.0851063829787234,0,0,1,0,0,0,0.02127659574468085
리뷰 :: 아이폰11프로케이스 내돈내산 후기,상품_리뷰,"저번에 구매했던 카드수납가능한 아이폰11프로케이스는 편하긴 하지만 너어어무 무거워서 손목이... 저는 6/11에 받았어요 ㅋㅋㅋㅋㅋㅋㅋ 다만 현재는 핸드폰케이스 가격이 9,900원으로 딜이 끝나서 오른... ",저번에 구매했던 카드수납가능한 아이폰11프로케이스는 편하긴 하지만 너어어무 무거워서 손목이. 저는 6 11에 받았어요 다만 현재는 핸드폰케이스 가격이 9 900원으로 딜이 끝나서 오른.,0,Human,82,103,2,41.0,2.0,43,19,3,2,0,9,0.4418604651162791,0.06976744186046512,0.046511627906976744,0.0,0.20930232558139536,0.23170731707317074,0.10975609756097561,0,0,2,0,0,0,0.024390243902439025
아이폰 11 케이스 신지모루 에어클로 투명케이스 샀어요 :),상품_리뷰,안녕하세요 '0' 오늘은 아이폰 11 투명 케이스 후기 들고 왔어요♥ 오늘 막 받아본 따끈따끈한... #내돈내산 포스팅이묘... 사고나서 알았는데 쿠팡에도 있어서 로켓배송 되더라고요 몰라짜나.....암튼 로켓배송... ,안녕하세요 0 오늘은 아이폰 11 투명 케이스 후기 들고 왔어요 오늘 막 받아본 따끈따끈한. 포스팅이묘. 사고나서 알았는데 쿠팡에도 있어서 로켓배송 되더라고요 몰라짜나.암튼 로켓배송.,0,Human,80,102,4,20.0,13.874436925511608,36,14,9,3,1,2,0.3888888888888889,0.25,0.08333333333333333,0.027777777777777776,0.05555555555555555,0.175,0.025,1,0,4,0,0,0,0.05
"제로페이 가맹점 찾기, 연말정산 소득공제 받는 법!",전문_정보,"제로페이는 시작은 귀찮았는데 하다 보니 괜찮았다. 엄청 의미 있는 건 아니고, 그래도 하루가 조금 정리된 느낌. 이런 곳도 있었네 싶었다. 급하게 정한 일정치고는 나쁘지 않았다. 이런 곳도 있었네 싶었다. 짧게 적어두는 정도지만 나름 기억에는 남았다.",제로페이는 시작은 귀찮았는데 하다 보니 괜찮았다. 엄청 의미 있는 건 아니고 그래도 하루가 조금 정리된 느낌. 이런 곳도 있었네 싶었다. 급하게 정한 일정치고는 나쁘지 않았다. 이런 곳도 있었네 싶었다. 짧게 적어두는 정도지만 나름 기억에는 남았다.,1,AI_v2,105,139,6,17.5,5.057996968497839,51,16,9,11,2,7,0.3137254901960784,0.17647058823529413,0.21568627450980393,0.0392156862745098,0.13725490196078433,0.1523809523809524,0.06666666666666667,0,0,6,0,0,0,0.05714285714285714
[서울/강남역] 강남역 맛집 '미즈컨테이너'에서 연말 송년회 :-),맛집_리뷰,벌써 2019년 12월 중순이에요.... 19년은 정말 빛의 속도로 지나갔네요! 회사 동생들이랑 12월 연말 송년회로 강남역 미즈컨테이너에 다녀왔어요! 송년회는 역시 먹방ㅋ #강남역 #강남역맛집 #강남맛집 #송년회... ,벌써 2019년 12월 중순이에요. 19년은 정말 빛의 속도로 지나갔네요! 회사 동생들이랑 12월 연말 송년회로 강남역 미즈컨테이너에 다녀왔어요! 송년회는 역시 먹방,0,Human,73,92,4,18.25,8.381527307120106,33,15,2,0,0,7,0.45454545454545453,0.06060606060606061,0.0,0.0,0.21212121212121213,0.2054794520547945,0.0958904109589041,0,0,1,2,0,0,0.0410958904109589
"보는 법, 연말정산이란?, 소득공제와 세액공제, 추천 공제항목",전문_정보,연말정산 이란 ? 기본적으로 연말정산이란 매달 급여에서 공제되는 세금 1년치를 모아서 그 다음해... 꼼꼼히 챙기기를 추천. 특히 요양원비는 전산에 잘 안 뜨는 경우가 많다. 2020년 귀속 연말정산 미리보기,연말정산 이란 ? 기본적으로 연말정산이란 매달 급여에서 공제되는 세금 1년치를 모아서 그 다음해. 꼼꼼히 챙기기를 추천. 특히 요양원비는 전산에 잘 안 뜨는 경우가 많다. 2020년 귀속 연말정산 미리보기,0,Human,87,114,5,17.4,9.810198774744578,41,18,7,2,1,5,0.43902439024390244,0.17073170731707318,0.04878048780487805,0.024390243902439025,0.12195121951219512,0.20689655172413793,0.05747126436781609,0,0,3,0,1,0,0.04597701149425287
[강남역맛집] 5년단골 참치21의 맛있는 숙성참치파티 (feat.... ,맛집_리뷰,"5년단골 쪽은 사람이 꽤 많았다. 메뉴판 보고 고르는데 가격대는 평범했고, 음식은 간이 센 편. 웨이팅 싫으면 애매한 시간에 가는 게 나을 듯. 사진은 몇 장 찍었는데 정리는 나중에 해야겠다. 이런 곳도 있었네 싶었다.",5년단골 쪽은 사람이 꽤 많았다. 메뉴판 보고 고르는데 가격대는 평범했고 음식은 간이 센 편. 웨이팅 싫으면 애매한 시간에 가는 게 나을 듯. 사진은 몇 장 찍었는데 정리는 나중에 해야겠다. 이런 곳도 있었네 싶었다.,1,AI_v2,89,121,5,17.8,4.874423042781577,49,20,7,6,0,8,0.40816326530612246,0.14285714285714285,0.12244897959183673,0.0,0.16326530612244897,0.2247191011235955,0.0898876404494382,0,0,5,0,0,0,0.056179775280898875
[강남역 맛집]&quot;스테이터 강남역점&quot; / 가성비 좋은... ,맛집_리뷰,"""스테이터 쪽은 사람이 꽤 많았다. 메뉴판 보고 고르는데 가격대는 평범했고, 음식은 간이 센 편. 웨이팅 싫으면 애매한 시간에 가는 게 나을 듯. 다음엔 다른 메뉴도 봐야 할 듯. 다음엔 다른 메뉴도 봐야 할 듯. 이런 곳도 있었네 싶었다.",스테이터 쪽은 사람이 꽤 많았다. 메뉴판 보고 고르는데 가격대는 평범했고 음식은 간이 센 편. 웨이팅 싫으면 애매한 시간에 가는 게 나을 듯. 다음엔 다른 메뉴도 봐야 할 듯. 다음엔 다른 메뉴도 봐야 할 듯. 이런 곳도 있었네 싶었다.,1,AI_v2,95,132,6,15.833333333333334,4.775516260631468,56,25,9,6,0,9,0.44642857142857145,0.16071428571428573,0.10714285714285714,0.0,0.16071428571428573,0.2631578947368421,0.09473684210526316,0,0,6,0,0,0,0.06315789473684211
"아이폰11pro 폰케이스 , 내돈내산 아칸케이스 에서 구입했어요!",상품_리뷰,"아이폰11pro 폰케이스는 가볍게 써보기 좋은 제품이었어요. 기대를 너무 크게 하지 않으면 만족도가 높고, 실사용 기준으로는 꽤 괜찮게 느껴졌답니다. 짧게 들렀지만 생각보다 알차게 시간을 보냈어요. 처음 가보는 분들도 크게 부담 없이 즐길 수 있을 것 같아요.",아이폰11pro 폰케이스는 가볍게 써보기 좋은 제품이었어요. 기대를 너무 크게 하지 않으면 만족도가 높고 실사용 기준으로는 꽤 괜찮게 느껴졌답니다. 짧게 들렀지만 생각보다 알차게 시간을 보냈어요. 처음 가보는 분들도 크게 부담 없이 즐길 수 있을 것 같아요.,1,AI_v1,110,144,4,27.5,6.020797289396148,53,20,9,8,2,7,0.37735849056603776,0.16981132075471697,0.1509433962264151,0.03773584905660377,0.1320754716981132,0.18181818181818182,0.06363636363636363,2,0,4,0,0,0,0.03636363636363636
"[강남역 맛집] 인도 음식은 여기서, 강가 강남점",맛집_리뷰,친구가 가보자 해서 인도 들렀는데 사람 많더라. 그래도 음식은 금방 나왔고 맛도 나쁘지 않았음. 막 감탄까진 아니고 배부르게 먹고 나왔다. 기대치를 낮추고 가면 무난한 정도. 가격은 막 싸진 않았고 위치는 찾기 쉬운 편.,친구가 가보자 해서 인도 들렀는데 사람 많더라. 그래도 음식은 금방 나왔고 맛도 나쁘지 않았음. 막 감탄까진 아니고 배부르게 먹고 나왔다. 기대치를 낮추고 가면 무난한 정도. 가격은 막 싸진 않았고 위치는 찾기 쉬운 편.,1,AI_v2,91,123,5,18.2,1.8330302779823358,47,17,10,5,1,8,0.3617021276595745,0.2127659574468085,0.10638297872340426,0.02127659574468085,0.1702127659574468,0.18681318681318682,0.08791208791208792,0,0,5,0,0,0,0.054945054945054944
2020 기부금 영수증 발급 안내 | 연말정산 및 세액공제(적십자... ,전문_정보,"오늘은 기부금 영수증에 대해 짧게 남겨봅니다. 큰 기대 없이 시작했는데 생각보다 만족스러웠고, 다음에도 비슷하게 해보고 싶어요. 짧게 들렀지만 생각보다 알차게 시간을 보냈어요. 다음에는 조금 더 여유 있게 다시 가보고 싶어요.",오늘은 기부금 영수증에 대해 짧게 남겨봅니다. 큰 기대 없이 시작했는데 생각보다 만족스러웠고 다음에도 비슷하게 해보고 싶어요. 짧게 들렀지만 생각보다 알차게 시간을 보냈어요. 다음에는 조금 더 여유 있게 다시 가보고 싶어요.,1,AI_v1,96,125,4,24.0,6.363961030678928,44,15,10,6,1,7,0.3409090909090909,0.22727272727272727,0.13636363636363635,0.022727272727272728,0.1590909090909091,0.15625,0.07291666666666667,0,0,4,0,0,0,0.041666666666666664
2020년 연말정산 간소화 서비스와 달라진 공제 항목,전문_정보,"오늘은 연말정산에 대해 짧게 남겨봅니다. 큰 기대 없이 시작했는데 생각보다 만족스러웠고, 다음에도 비슷하게 해보고 싶어요. 전체적으로 무난하면서도 기분 좋게 마무리할 수 있었어요. 다음에는 조금 더 여유 있게 다시 가보고 싶어요. 처음 가보는 분들도 크게 부담 없이 즐길 수 있을 것 같아요.",오늘은 연말정산에 대해 짧게 남겨봅니다. 큰 기대 없이 시작했는데 생각보다 만족스러웠고 다음에도 비슷하게 해보고 싶어요. 전체적으로 무난하면서도 기분 좋게 마무리할 수 있었어요. 다음에는 조금 더 여유 있게 다시 가보고 싶어요. 처음 가보는 분들도 크게 부담 없이 즐길 수 있을 것 같아요.,1,AI_v1,122,162,5,24.4,5.885575587824865,59,23,12,8,2,7,0.3898305084745763,0.2033898305084746,0.13559322033898305,0.03389830508474576,0.11864406779661017,0.1885245901639344,0.05737704918032787,1,0,5,0,0,0,0.040983606557377046
개정된 2020년 &quot;연말정산 소득공제&quot; 모두보기...,전문_정보,가볍게 개정된 &quot;연말정산 관련해서 소소하게 기록해봤어요. 특별한 일은 아니었지만 막상 지나고 보니 은근 기억에 남아서 이렇게 남겨두고 싶더라고요. 사진으로 남겨두기에도 괜찮아서 기억에 오래 남을 것 같아요.,가볍게 개정된 연말정산 관련해서 소소하게 기록해봤어요. 특별한 일은 아니었지만 막상 지나고 보니 은근 기억에 남아서 이렇게 남겨두고 싶더라고요. 사진으로 남겨두기에도 괜찮아서 기억에 오래 남을 것 같아요.,1,AI_v1,89,114,3,29.666666666666668,5.90668171555645,41,14,9,6,2,7,0.34146341463414637,0.21951219512195122,0.14634146341463414,0.04878048780487805,0.17073170731707318,0.15730337078651685,0.07865168539325842,2,0,3,0,0,0,0.033707865168539325
[텐바이텐] 커버리쉬 아이폰케이스 내돈내산 후기,상품_리뷰,텐바이텐 커버리쉬 사용해보니 처음 기대했던 것보다 만족도가 괜찮았어요. 큰 단점은 없었고 일상에서 쓰기 편해서 당분간 계속 써볼 생각입니다. 기대보다 편하게 즐길 수 있어서 만족스러운 시간이었답니다. 다음에는 조금 더 여유 있게 다시 가보고 싶어요.,텐바이텐 커버리쉬 사용해보니 처음 기대했던 것보다 만족도가 괜찮았어요. 큰 단점은 없었고 일상에서 쓰기 편해서 당분간 계속 써볼 생각입니다. 기대보다 편하게 즐길 수 있어서 만족스러운 시간이었답니다. 다음에는 조금 더 여유 있게 다시 가보고 싶어요.,1,AI_v1,107,139,4,26.75,4.437059837324712,48,22,7,9,0,6,0.4583333333333333,0.14583333333333334,0.1875,0.0,0.125,0.205607476635514,0.056074766355140186,1,0,4,0,0,0,0.037383177570093455
크리스마스 분위기 가득나는 강남역 맛집 바비레드에서... ,맛집_리뷰,20대 초반부터 중반까지 강남역에 주기적으로 오는 편이라 오래된 식당은 대부분 기억을 하는 편인데 바비레드도 꽤 오래된 강남역 맛집 중 한 곳이다. 위치가 그리 좋지 않음에도 내가 위치를 기억하고 있을... ,20대 초반부터 중반까지 강남역에 주기적으로 오는 편이라 오래된 식당은 대부분 기억을 하는 편인데 바비레드도 꽤 오래된 강남역 맛집 중 한 곳이다. 위치가 그리 좋지 않음에도 내가 위치를 기억하고 있을.,0,Human,85,113,2,42.5,19.5,48,20,6,4,0,14,0.4166666666666667,0.125,0.08333333333333333,0.0,0.2916666666666667,0.23529411764705882,0.16470588235294117,0,0,2,0,0,0,0.023529411764705882
아이폰11 몇일 써보니 바꾸기 잘했다 내돈내산,상품_리뷰,"아이폰11 몇일은 직접 써보니 장단점이 분명했어요. 그래도 가격이나 사용감까지 생각하면 꽤 무난했고, 필요한 분들께는 참고가 될 것 같아요. 사진으로 남겨두기에도 괜찮아서 기억에 오래 남을 것 같아요. 기대보다 편하게 즐길 수 있어서 만족스러운 시간이었답니다.",아이폰11 몇일은 직접 써보니 장단점이 분명했어요. 그래도 가격이나 사용감까지 생각하면 꽤 무난했고 필요한 분들께는 참고가 될 것 같아요. 사진으로 남겨두기에도 괜찮아서 기억에 오래 남을 것 같아요. 기대보다 편하게 즐길 수 있어서 만족스러운 시간이었답니다.,1,AI_v1,112,144,4,28.0,5.338539126015656,56,20,9,8,2,10,0.35714285714285715,0.16071428571428573,0.14285714285714285,0.03571428571428571,0.17857142857142858,0.17857142857142858,0.08928571428571429,4,0,4,0,0,0,0.03571428571428571
[강남역 맛집] 떡볶이무한리필 즉석떡볶이 '두끼 강남점' 가격인상,맛집_리뷰,친구랑 강남역에 갔는데 전체적으로 무난해서 좋았어요. 음식 나오는 속도도 괜찮고 맛도 기대 이상이라 근처 맛집 찾는 분들께 추천드려요. 처음 가보는 분들도 크게 부담 없이 즐길 수 있을 것 같아요. 기대보다 편하게 즐길 수 있어서 만족스러운 시간이었답니다.,친구랑 강남역에 갔는데 전체적으로 무난해서 좋았어요. 음식 나오는 속도도 괜찮고 맛도 기대 이상이라 근처 맛집 찾는 분들께 추천드려요. 처음 가보는 분들도 크게 부담 없이 즐길 수 있을 것 같아요. 기대보다 편하게 즐길 수 있어서 만족스러운 시간이었답니다.,1,AI_v1,108,143,4,27.0,4.123105625617661,55,22,9,7,1,9,0.4,0.16363636363636364,0.12727272727272726,0.01818181818181818,0.16363636363636364,0.2037037037037037,0.08333333333333333,3,0,4,0,0,0,0.037037037037037035
[ETF 투자] 연말정산 대비 '연금펀드/ETF'로 세액공제받기,전문_정보,다사다난했던 2020년도도 이제 얼마 안 남았네요 아직까지 개인연금이나 퇴직연금(IRP)로 연말정산 세액공제 준비가 안 되신 분들을 위해 포스팅해보겠습니다. 직장인과 개인사업자처럼 근로소득이나... ,다사다난했던 2020년도도 이제 얼마 안 남았네요 아직까지 개인연금이나 퇴직연금 IRP 로 연말정산 세액공제 준비가 안 되신 분들을 위해 포스팅해보겠습니다. 직장인과 개인사업자처럼 근로소득이나.,0,Human,87,108,2,43.5,25.5,40,22,3,1,1,7,0.55,0.075,0.025,0.025,0.175,0.25287356321839083,0.08045977011494253,0,0,2,0,0,0,0.022988505747126436
[편리한연말정산] 공제신고서작성하기_STEP 01 기본사항입력,전문_정보,공제신고서작성하기_STEP 01 해봤다. 특별한 감상은 없고 그냥 해야 해서 한 느낌. 그래도 끝내고 나니 신경 쓰이던 게 하나 줄었다. 이런 곳도 있었네 싶었다. 이런 곳도 있었네 싶었다. 다음엔 다른 메뉴도 봐야 할 듯.,공제신고서작성하기 STEP 01 해봤다. 특별한 감상은 없고 그냥 해야 해서 한 느낌. 그래도 끝내고 나니 신경 쓰이던 게 하나 줄었다. 이런 곳도 있었네 싶었다. 이런 곳도 있었네 싶었다. 다음엔 다른 메뉴도 봐야 할 듯.,1,AI_v2,92,125,6,15.333333333333334,3.7712361663282534,48,15,12,6,1,4,0.3125,0.25,0.125,0.020833333333333332,0.08333333333333333,0.16304347826086957,0.043478260869565216,0,0,6,0,0,0,0.06521739130434782
2020 연말정산 소득공제 홈택스 이용해서 미리보기 veiw,전문_정보,연말정산 때문에 하루가 조금 정신없었다. 막 큰일은 아닌데 은근 신경 쓰임. 그래도 지나고 나니 별거 아니긴 하다. 딱히 특별하진 않은데 기억은 남는 편이다. 이런 곳도 있었네 싶었다. 사진은 몇 장 찍었는데 정리는 나중에 해야겠다.,연말정산 때문에 하루가 조금 정신없었다. 막 큰일은 아닌데 은근 신경 쓰임. 그래도 지나고 나니 별거 아니긴 하다. 딱히 특별하진 않은데 기억은 남는 편이다. 이런 곳도 있었네 싶었다. 사진은 몇 장 찍었는데 정리는 나중에 해야겠다.,1,AI_v2,97,130,6,16.166666666666668,2.9674156357941426,49,19,8,7,1,8,0.3877551020408163,0.16326530612244897,0.14285714285714285,0.02040816326530612,0.16326530612244897,0.1958762886597938,0.08247422680412371,0,0,6,0,0,0,0.061855670103092786
"구매한 내돈내산 후기! (+ 아이폰 케이스 추천, 아이폰 색상... ",상품_리뷰,내돈내산 후기 :: 아이폰 11 pro 실버 256 자급제 구입! 안녕하세요 여러분 율욤이에요 /ㅁ/ 오늘은 저의 아이폰 11 pro 후기를 써보려고합니다 ! 구입한지는 사실 1달정도 되었는데 아이폰 덕후인 저는... ,내돈내산 후기 아이폰 11 pro 실버 256 자급제 구입! 안녕하세요 여러분 율욤이에요 오늘은 저의 아이폰 11 pro 후기를 써보려고합니다 ! 구입한지는 사실 1달정도 되었는데 아이폰 덕후인 저는.,0,Human,86,112,3,28.666666666666668,5.90668171555645,47,23,3,1,1,8,0.48936170212765956,0.06382978723404255,0.02127659574468085,0.02127659574468085,0.1702127659574468,0.26744186046511625,0.09302325581395349,0,0,1,2,0,0,0.03488372093023256
네고퓨어 아이폰11프로 후면카메라 액정보호방탄필름 /내돈내산,상품_리뷰,네고퓨어 아이폰11프로 후면카메라 방탄필름 핸드폰 바꾸자마자 카툭튀 11프로가 넘 걱정되서... 방탄필름 #카메라풀커버블랙 #카메라필름 #카메라액정필름 #네고퓨어내돈내산 #내돈내산 #카메라필름내돈내산,네고퓨어 아이폰11프로 후면카메라 방탄필름 핸드폰 바꾸자마자 카툭튀 11프로가 넘 걱정되서. 방탄필름,0,Human,46,56,2,23.0,18.5,24,13,4,0,0,2,0.5416666666666666,0.16666666666666666,0.0,0.0,0.08333333333333333,0.2826086956521739,0.043478260869565216,0,0,1,0,0,0,0.021739130434782608
[일상-맛집] 강남역 맛집 땀땀 (단골인의 찐 리뷰),맛집_리뷰,땀땀은 사진으로 봤던 느낌이랑 비슷했다. 음식 비주얼은 괜찮고 양도 보통. 먹다 보니 금방 배불러서 남길 뻔했다. 엄청난 건 아니고 그냥 기록용. 다음엔 다른 메뉴도 봐야 할 듯. 이런 곳도 있었네 싶었다. 그냥 기록용으로 남겨두면 나중에 다시 보기 괜찮을 듯.,땀땀은 사진으로 봤던 느낌이랑 비슷했다. 음식 비주얼은 괜찮고 양도 보통. 먹다 보니 금방 배불러서 남길 뻔했다. 엄청난 건 아니고 그냥 기록용. 다음엔 다른 메뉴도 봐야 할 듯. 이런 곳도 있었네 싶었다. 그냥 기록용으로 남겨두면 나중에 다시 보기 괜찮을 듯.,1,AI_v2,108,146,7,15.428571428571429,3.7361990944634345,57,24,10,9,0,7,0.42105263157894735,0.17543859649122806,0.15789473684210525,0.0,0.12280701754385964,0.2222222222222222,0.06481481481481481,0,0,7,0,0,0,0.06481481481481481
2020년 연말정산용 의료비 세액공제 신청해 주세요,전문_정보,연말정산용 관련해서 그냥 남겨둠. 별일은 아니었는데 지나고 보니 기억날 것 같아서 적는다. 이런 날도 있었지 하는 정도. 가격은 막 싸진 않았고 위치는 찾기 쉬운 편. 사람이 좀 있어서 조용한 느낌은 아니었음. 엄청난 건 아니고 그냥 기록용.,연말정산용 관련해서 그냥 남겨둠. 별일은 아니었는데 지나고 보니 기억날 것 같아서 적는다. 이런 날도 있었지 하는 정도. 가격은 막 싸진 않았고 위치는 찾기 쉬운 편. 사람이 좀 있어서 조용한 느낌은 아니었음. 엄청난 건 아니고 그냥 기록용.,1,AI_v2,100,135,6,16.666666666666668,3.9860869143671334,52,20,10,10,0,6,0.38461538461538464,0.19230769230769232,0.19230769230769232,0.0,0.11538461538461539,0.2,0.06,0,0,6,0,0,0,0.06
[내돈내산][쿠팡 애플 브랜드 위크] 아이폰11 공기계 퍼플... ,상품_리뷰,하면서ㅋㅋ (너요....너..) 근데 남편의 아이폰8이 박살나면서 근처 휴대폰 성지를 찾고 살려고 했는데.. 절차가 넘 복잡...ㅠㅠㅋㅋㅋㅋㅋㅋ 쿠팡에 아이폰11이!!!! 카드할인 14퍼 받은 가격이.. 성지 가격이랑... ,하면서 너요.너. 근데 남편의 아이폰8이 박살나면서 근처 휴대폰 성지를 찾고 살려고 했는데. 절차가 넘 복잡. 쿠팡에 아이폰11이! 카드할인 14퍼 받은 가격이. 성지 가격이랑.,0,Human,77,99,7,11.0,9.133924207511875,46,20,6,0,1,8,0.43478260869565216,0.13043478260869565,0.0,0.021739130434782608,0.17391304347826086,0.2597402597402597,0.1038961038961039,0,0,6,1,0,0,0.09090909090909091
미리보기' 2020년 연말정산 달라진 소득공제 - 신화회계법인... ,전문_정보,"#총급여 , #기납부세액 수정 후 차감징수납부(환급) 예상세액 확인 2020년 연말정산 변경사항 1. 신용카드 #소득공제율 확대 - #코로나19 영향 월별 공제율 상이, 최대 80%까지 상향 조정됨. 2. #중소기업... ",수정 후 차감징수납부 환급 예상세액 확인 2020년 연말정산 변경사항 1. 신용카드 확대 영향 월별 공제율 상이 최대 80 까지 상향 조정됨. 2.,0,Human,61,82,3,20.333333333333332,13.123346456686352,31,22,1,0,0,1,0.7096774193548387,0.03225806451612903,0.0,0.0,0.03225806451612903,0.36065573770491804,0.01639344262295082,0,0,3,0,0,0,0.04918032786885246
[내돈내산] 아이폰12Pro그래파이트 256GB 주문/배송 후기 #11... ,상품_리뷰,야호 (자급제가 아니니 피터지는 경쟁은 아니었다는) 10월 23일 12:25 쯤 결제까지 완료하고 #아이폰12 #아이폰12pro #아이폰12사전예약 #아이폰12배송 #11번가아이폰12 #아이폰12그래파이트 따란... ,야호 자급제가 아니니 피터지는 경쟁은 아니었다는 10월 23일 12 25 쯤 결제까지 완료하고 따란.,0,Human,43,56,1,43.0,0.0,20,7,1,3,0,4,0.35,0.05,0.15,0.0,0.2,0.16279069767441862,0.09302325581395349,0,0,1,0,0,0,0.023255813953488372
스마트폰 짐벌 아이폰11 초보자용 추천 #내돈내산 구매후기,상품_리뷰,알고보니 오즈모 모바일3 짐벌은 안드로이드보다는 아이폰에 최적화 되어 있다고 한다. 아이폰11을 사용하고 있어서 그런지 문제없이 잘 사용했던 것일 수도?! 이걸 살까말까 이틀정도 엄청 고민하고 사버렸다.... ,알고보니 오즈모 모바일3 짐벌은 안드로이드보다는 아이폰에 최적화 되어 있다고 한다. 아이폰11을 사용하고 있어서 그런지 문제없이 잘 사용했던 것일 수도?! 이걸 살까말까 이틀정도 엄청 고민하고 사버렸다.,0,Human,89,113,3,29.666666666666668,6.548960901462833,45,20,6,4,2,7,0.4444444444444444,0.13333333333333333,0.08888888888888889,0.044444444444444446,0.15555555555555556,0.2247191011235955,0.07865168539325842,0,0,2,1,1,0,0.0449438202247191
"내돈내산 아이폰11 강화유리, 투명케이스",상품_리뷰,"안녕하세요 두빛나래에요:) 저번 포스팅에서 말씀드린 아이폰 강화유리, 투명케이스 후기를 가져왔어요~ 포스팅에 등장하는 세 가지 모두 내돈내산 제품들입니다~ 일단 이노스킨에서 투명케이스랑 화면... ",안녕하세요 두빛나래에요 저번 포스팅에서 말씀드린 아이폰 강화유리 투명케이스 후기를 가져왔어요~ 포스팅에 등장하는 세 가지 모두 내돈내산 제품들입니다~ 일단 이노스킨에서 투명케이스랑 화면.,0,Human,84,104,1,84.0,0.0,40,23,4,1,0,6,0.575,0.1,0.025,0.0,0.15,0.27380952380952384,0.07142857142857142,0,0,1,0,0,2,0.03571428571428571
2020년 연말정산 변경사항 알아보기,전문_정보,"오늘은 연말정산에 대해 짧게 남겨봅니다. 큰 기대 없이 시작했는데 생각보다 만족스러웠고, 다음에도 비슷하게 해보고 싶어요. 다음에는 조금 더 여유 있게 다시 가보고 싶어요. 기대보다 편하게 즐길 수 있어서 만족스러운 시간이었답니다.",오늘은 연말정산에 대해 짧게 남겨봅니다. 큰 기대 없이 시작했는데 생각보다 만족스러웠고 다음에도 비슷하게 해보고 싶어요. 다음에는 조금 더 여유 있게 다시 가보고 싶어요. 기대보다 편하게 즐길 수 있어서 만족스러운 시간이었답니다.,1,AI_v1,99,128,4,24.75,6.609652033201143,43,15,10,7,1,6,0.3488372093023256,0.23255813953488372,0.16279069767441862,0.023255813953488372,0.13953488372093023,0.15151515151515152,0.06060606060606061,1,0,4,0,0,0,0.04040404040404041
2020 연말정산 교육비 세액 공제 (+ 학원비 납입증명서 및 현금... ,전문_정보,"학원비 등 교육비로 지출한 금액에 대한 연말정산 세액공제 알아보자~ © alexisrbrown, 출처 Unsplash 2020년 1월 15일부터 연말정산 간소화 서비스가 오픈되었습니다. 2019년 귀속 소득과 함께 지출된 내역을 확인할... ",학원비 등 교육비로 지출한 금액에 대한 연말정산 세액공제 알아보자~ alexisrbrown 출처 Unsplash 2020년 1월 15일부터 연말정산 간소화 서비스가 오픈되었습니다. 2019년 귀속 소득과 함께 지출된 내역을 확인할.,0,Human,104,129,2,52.0,30.0,42,20,4,0,1,6,0.47619047619047616,0.09523809523809523,0.0,0.023809523809523808,0.14285714285714285,0.19230769230769232,0.057692307692307696,0,0,2,0,0,1,0.028846153846153848
간단 정리 (+ 주택청약 소득공제/청년우대형 청약통장 연말정산),전문_정보,가볍게 간단 주택청약 관련해서 소소하게 기록해봤어요. 특별한 일은 아니었지만 막상 지나고 보니 은근 기억에 남아서 이렇게 남겨두고 싶더라고요. 기대보다 편하게 즐길 수 있어서 만족스러운 시간이었답니다. 다음에는 조금 더 여유 있게 다시 가보고 싶어요.,가볍게 간단 주택청약 관련해서 소소하게 기록해봤어요. 특별한 일은 아니었지만 막상 지나고 보니 은근 기억에 남아서 이렇게 남겨두고 싶더라고요. 기대보다 편하게 즐길 수 있어서 만족스러운 시간이었답니다. 다음에는 조금 더 여유 있게 다시 가보고 싶어요.,1,AI_v1,108,140,4,27.0,6.708203932499369,47,18,11,8,1,5,0.3829787234042553,0.23404255319148937,0.1702127659574468,0.02127659574468085,0.10638297872340426,0.16666666666666666,0.046296296296296294,2,0,4,0,0,0,0.037037037037037035
CASETiFY 아이폰11pro 케이스 추천 ft. 케이스티파이... ,상품_리뷰,#내돈내산 #케이스티파이dhl케이스 #케이스티파이팬그램케이스 #아이폰11프로케이스 뉴욕 오면서 캐논G7XMARK3 을 사왔지만 제일 많이 찍는게 바로 아이폰 이예요.. IGTV 영상도 아이폰으로 촬영 후 4가지... ,뉴욕 오면서 캐논G7XMARK3 을 사왔지만 제일 많이 찍는게 바로 아이폰 이예요. IGTV 영상도 아이폰으로 촬영 후 4가지.,0,Human,55,71,2,27.5,8.5,27,11,3,0,1,4,0.4074074074074074,0.1111111111111111,0.0,0.037037037037037035,0.14814814814814814,0.2,0.07272727272727272,0,0,2,0,0,0,0.03636363636363636
"연말정산 월세 세액공제 조건과 서류, 신청방법까지 간단 정리.",전문_정보,연말정산 월세 해봤다. 특별한 감상은 없고 그냥 해야 해서 한 느낌. 그래도 끝내고 나니 신경 쓰이던 게 하나 줄었다. 급하게 정한 일정치고는 나쁘지 않았다. 다음엔 다른 메뉴도 봐야 할 듯. 이런 곳도 있었네 싶었다. 다음에 비슷한 상황이면 다시 떠올릴 것 같긴 하다.,연말정산 월세 해봤다. 특별한 감상은 없고 그냥 해야 해서 한 느낌. 그래도 끝내고 나니 신경 쓰이던 게 하나 줄었다. 급하게 정한 일정치고는 나쁘지 않았다. 다음엔 다른 메뉴도 봐야 할 듯. 이런 곳도 있었네 싶었다. 다음에 비슷한 상황이면 다시 떠올릴 것 같긴 하다.,1,AI_v2,110,151,7,15.714285714285714,4.060762972443398,56,21,13,8,1,6,0.375,0.23214285714285715,0.14285714285714285,0.017857142857142856,0.10714285714285714,0.19090909090909092,0.05454545454545454,0,0,7,0,0,0,0.06363636363636363
아이폰11 언박싱 사용후기... 현상 / KT샵 내돈내산 구매,상품_리뷰,아이폰11 궁금해서 써봤는데 막 놀랄 정도는 아니었다. 그래도 손이 자주 가긴 함. 불편한 점은 조금씩 보이는데 못 쓸 정도는 아님. 다음엔 다른 메뉴도 봐야 할 듯. 사람이 좀 있어서 조용한 느낌은 아니었음. 딱히 특별하진 않은데 기억은 남는 편이다.,아이폰11 궁금해서 써봤는데 막 놀랄 정도는 아니었다. 그래도 손이 자주 가긴 함. 불편한 점은 조금씩 보이는데 못 쓸 정도는 아님. 다음엔 다른 메뉴도 봐야 할 듯. 사람이 좀 있어서 조용한 느낌은 아니었음. 딱히 특별하진 않은데 기억은 남는 편이다.,1,AI_v2,104,141,6,17.333333333333332,4.307615994440028,56,18,10,9,2,10,0.32142857142857145,0.17857142857142858,0.16071428571428573,0.03571428571428571,0.17857142857142858,0.17307692307692307,0.09615384615384616,0,0,6,0,0,0,0.057692307692307696
"무쪼 아이폰 케이스! MUJJO 내돈내산 후기, 아이폰 케이스 추천",상품_리뷰,며칠 동안 무쪼 아이폰을 써봤는데 생각보다 손이 자주 가더라고요. 사용법도 어렵지 않고 마감도 괜찮아서 전체적으로 만족했어요. 기대보다 편하게 즐길 수 있어서 만족스러운 시간이었답니다. 전체적으로 무난하면서도 기분 좋게 마무리할 수 있었어요. 처음 가보는 분들도 크게 부담 없이 즐길 수 있을 것 같아요.,며칠 동안 무쪼 아이폰을 써봤는데 생각보다 손이 자주 가더라고요. 사용법도 어렵지 않고 마감도 괜찮아서 전체적으로 만족했어요. 기대보다 편하게 즐길 수 있어서 만족스러운 시간이었답니다. 전체적으로 무난하면서도 기분 좋게 마무리할 수 있었어요. 처음 가보는 분들도 크게 부담 없이 즐길 수 있을 것 같아요.,1,AI_v1,130,170,5,26.0,1.4142135623730951,62,25,10,10,1,8,0.4032258064516129,0.16129032258064516,0.16129032258064516,0.016129032258064516,0.12903225806451613,0.19230769230769232,0.06153846153846154,4,0,5,0,0,0,0.038461538461538464
"[강남역 맛집] 우리의 소개팅 장소, 블루밍 가든 Blooming... ",맛집_리뷰,우리의 소개팅은 기대 많이 안 하고 갔는데 딱 그 정도였다. 음식은 무난했고 직원 응대도 평범. 근처에 있으면 다시 갈 수도 있음. 엄청난 건 아니고 그냥 기록용. 시간 맞으면 한 번쯤 들를만함. 딱히 특별하진 않은데 기억은 남는 편이다.,우리의 소개팅은 기대 많이 안 하고 갔는데 딱 그 정도였다. 음식은 무난했고 직원 응대도 평범. 근처에 있으면 다시 갈 수도 있음. 엄청난 건 아니고 그냥 기록용. 시간 맞으면 한 번쯤 들를만함. 딱히 특별하진 않은데 기억은 남는 편이다.,1,AI_v2,97,133,6,16.166666666666668,3.8908725099762504,55,23,10,6,2,7,0.41818181818181815,0.18181818181818182,0.10909090909090909,0.03636363636363636,0.12727272727272726,0.23711340206185566,0.07216494845360824,0,0,6,0,0,0,0.061855670103092786
[연말정산] 2020년 교육비 연말정산 세액공제 혜택... ,전문_정보,교육비 때문에 하루가 조금 정신없었다. 막 큰일은 아닌데 은근 신경 쓰임. 그래도 지나고 나니 별거 아니긴 하다. 딱히 특별하진 않은데 기억은 남는 편이다. 다음엔 다른 메뉴도 봐야 할 듯. 사람이 좀 있어서 조용한 느낌은 아니었음.,교육비 때문에 하루가 조금 정신없었다. 막 큰일은 아닌데 은근 신경 쓰임. 그래도 지나고 나니 별거 아니긴 하다. 딱히 특별하진 않은데 기억은 남는 편이다. 다음엔 다른 메뉴도 봐야 할 듯. 사람이 좀 있어서 조용한 느낌은 아니었음.,1,AI_v2,96,130,6,16.0,1.9148542155126762,51,20,7,8,1,9,0.39215686274509803,0.13725490196078433,0.1568627450980392,0.0196078431372549,0.17647058823529413,0.20833333333333334,0.09375,0,0,6,0,0,0,0.0625
iPhone 11 Pro 아이폰 11 pro (Feat 내돈내산 후기),상품_리뷰,오늘은 아이폰 11 프로에 대해서 후기를 남겨보게뚬댜 저는 사실 핸드폰에 크게 관심이 없는... 사실 핸드폰이나 기계의 성능을 자세히 모르고 쓰는 사람이 봐도 되게 좋아유 우선은 iPhone 11 Pro 공홈... ,오늘은 아이폰 11 프로에 대해서 후기를 남겨보게뚬댜 저는 사실 핸드폰에 크게 관심이 없는. 사실 핸드폰이나 기계의 성능을 자세히 모르고 쓰는 사람이 봐도 되게 좋아유 우선은 iPhone 11 Pro 공홈.,0,Human,87,115,2,43.5,4.5,46,19,5,3,1,12,0.41304347826086957,0.10869565217391304,0.06521739130434782,0.021739130434782608,0.2608695652173913,0.21839080459770116,0.13793103448275862,0,0,2,0,0,0,0.022988505747126436
강남역맛집) 몸보신 삼계탕 맛집 : 한방삼계탕,맛집_리뷰,강남역맛집 몸보신에서 식사했는데 분위기가 너무 시끄럽지 않아 편했어요. 대표 메뉴가 깔끔했고 가격도 크게 부담스럽지 않아서 한 번쯤 가볼 만했답니다. 다음에는 조금 더 여유 있게 다시 가보고 싶어요. 전체적으로 무난하면서도 기분 좋게 마무리할 수 있었어요.,강남역맛집 몸보신에서 식사했는데 분위기가 너무 시끄럽지 않아 편했어요. 대표 메뉴가 깔끔했고 가격도 크게 부담스럽지 않아서 한 번쯤 가볼 만했답니다. 다음에는 조금 더 여유 있게 다시 가보고 싶어요. 전체적으로 무난하면서도 기분 좋게 마무리할 수 있었어요.,1,AI_v1,110,143,4,27.5,5.315072906367325,53,23,10,6,1,7,0.4339622641509434,0.18867924528301888,0.11320754716981132,0.018867924528301886,0.1320754716981132,0.20909090909090908,0.06363636363636363,2,0,4,0,0,0,0.03636363636363636
2020년 연말정산 부양가족 인적공제 아동복지법 위탁아동... ,전문_정보,13월의 월급 연말정산 #인적공제 기본공제 + 추가공제 기본공제 기본공제 대상자 1명당 연 150만 원씩 해당 과세기간의 종합소득 금액에서 공제받을 수 있습니다. 기본공제 대상 본인 공제 종합소득이 있는... ,13월의 월급 연말정산 기본공제 추가공제 기본공제 기본공제 대상자 1명당 연 150만 원씩 해당 과세기간의 종합소득 금액에서 공제받을 수 있습니다. 기본공제 대상 본인 공제 종합소득이 있는.,0,Human,82,106,2,41.0,23.0,42,29,1,2,0,3,0.6904761904761905,0.023809523809523808,0.047619047619047616,0.0,0.07142857142857142,0.35365853658536583,0.036585365853658534,0,0,2,0,0,0,0.024390243902439025
[강남역 맛집] 딘딘향의 3만원어치 마라탕 ㅋㅋㅋㅋ,맛집_리뷰,2019년 11월 19일 (화) 딘딘향 마라탕 리뷰 ★☆프시케의 아름다운 블로그☆★ 지난주 화요일 #조이모 와 다녀온 #강남역맛집 #딘딘향 #강남딘딘향 &lt;딘딘향 강남역점&gt; 강남대로 78길 18 1층 매일 11:00 - 23:00 (라스트... ,2019년 11월 19일 화 딘딘향 마라탕 리뷰 프시케의 아름다운 블로그 지난주 화요일 와 다녀온 딘딘향 강남역점 강남대로 78길 18 1층 매일 11 00 23 00 라스트.,0,Human,73,98,1,73.0,0.0,32,16,2,2,0,1,0.5,0.0625,0.0625,0.0,0.03125,0.2191780821917808,0.0136986301369863,0,0,1,0,0,0,0.0136986301369863
[먹잼](강남역 맛집)언제나 맛있는 바비레드에서 배부른 한 끼... ,맛집_리뷰,"2019년 10월18일 ~2020년 1월 5일까지 ★ 방탄소년단 팝업스토어 기간 입니다. BTS POP-UP HOUSE OF BTS,BTS 팝업스토어 매장 바로 근처에 강남 가비터가 있답니다. #바비레드강남 #강남바비레드 #강남파스타 #강남역맛집... ",2019년 10월18일 ~2020년 1월 5일까지 방탄소년단 팝업스토어 기간 입니다. BTS POP UP HOUSE OF BTS BTS 팝업스토어 매장 바로 근처에 강남 가비터가 있답니다.,0,Human,83,105,2,41.5,2.5,33,12,0,2,0,2,0.36363636363636365,0.0,0.06060606060606061,0.0,0.06060606060606061,0.14457831325301204,0.024096385542168676,1,0,2,0,0,1,0.03614457831325301
"2020년 연말정산 바뀌는 점, 신용카드 소득공제 대상 제외항목",전문_정보,"월세액 : 세액공제를 적용받은 경우 10. 해외에서 사용한 금액 11. 자동차 렌트, 리스비 12. 면세품 구입비 제가 알고 있는 부분은 여기까지 입니다. 2020년 연말정산 바뀌는 점!!! 1. 내년에 올해 소득분 신고할 때... ",월세액 세액공제를 적용받은 경우 10. 해외에서 사용한 금액 11. 자동차 렌트 리스비 12. 면세품 구입비 제가 알고 있는 부분은 여기까지 입니다. 2020년 연말정산 바뀌는 점! 1. 내년에 올해 소득분 신고할 때.,0,Human,92,122,7,13.142857142857142,5.890150893739515,54,28,3,2,0,8,0.5185185185185185,0.05555555555555555,0.037037037037037035,0.0,0.14814814814814814,0.30434782608695654,0.08695652173913043,0,0,6,1,0,0,0.07608695652173914
"[강남역 맛집] 따뜻한 국물이 먹고 싶어서 간, 딘타이펑 강남점",맛집_리뷰,"2019년 4월 10일. 내가 삼. 딘타이펑 강남점을 가봤다. 정작 대만에서는 안 가보고, 한국에서만 두 번째!! 지난번엔 명동에서 갔었나? 자리에 앉아 주문을 했다. 주방이 오픈되어 있어 볼 수 있다. 유리로 둘러져... ",2019년 4월 10일. 내가 삼. 딘타이펑 강남점을 가봤다. 정작 대만에서는 안 가보고 한국에서만 두 번째! 지난번엔 명동에서 갔었나? 자리에 앉아 주문을 했다. 주방이 오픈되어 있어 볼 수 있다. 유리로 둘러져.,0,Human,91,120,8,11.375,4.414110895752394,50,19,7,2,0,10,0.38,0.14,0.04,0.0,0.2,0.2087912087912088,0.10989010989010989,0,0,6,1,1,0,0.08791208791208792
CASETiFY 아이폰11pro 케이스 추천 ft. 케이스티파이... ,상품_리뷰,CASETiFY 아이폰11pro 사용해보니 처음 기대했던 것보다 만족도가 괜찮았어요. 큰 단점은 없었고 일상에서 쓰기 편해서 당분간 계속 써볼 생각입니다. 다음에는 조금 더 여유 있게 다시 가보고 싶어요. 짧게 들렀지만 생각보다 알차게 시간을 보냈어요.,CASETiFY 아이폰11pro 사용해보니 처음 기대했던 것보다 만족도가 괜찮았어요. 큰 단점은 없었고 일상에서 쓰기 편해서 당분간 계속 써볼 생각입니다. 다음에는 조금 더 여유 있게 다시 가보고 싶어요. 짧게 들렀지만 생각보다 알차게 시간을 보냈어요.,1,AI_v1,110,141,4,27.5,8.0156097709407,48,19,7,8,0,7,0.3958333333333333,0.14583333333333334,0.16666666666666666,0.0,0.14583333333333334,0.17272727272727273,0.06363636363636363,0,0,4,0,0,0,0.03636363636363636
"[2020 연말정산]부양가족 공제 조건(나이요건, 소득요건... ",전문_정보,나이요건 배우자: 나이제한없음 직계존속: 만60세이상(2020년 기준 1960.12.31.이전 출생) 직계비속... 홈택스 연말정산간소화 부양가족 등록 홈택스 연말정산 간소화 부양가족 등록은 연말정산에 공제를 받겠다고... ,나이요건 배우자 나이제한없음 직계존속 만60세이상 2020년 기준 1960.12.31.이전 출생 직계비속. 홈택스 연말정산간소화 부양가족 등록 홈택스 연말정산 간소화 부양가족 등록은 연말정산에 공제를 받겠다고.,0,Human,96,117,5,19.2,17.870646322950943,39,25,1,1,0,3,0.6410256410256411,0.02564102564102564,0.02564102564102564,0.0,0.07692307692307693,0.2604166666666667,0.03125,0,0,5,0,0,0,0.052083333333333336
"2020년 연말정산 시작! 놓치지 말아요, 13월의 월급!",전문_정보,"단, 임대차 계약증서의 주소지와 주민등록등본의 주소지가 동일하여야 공제가 가능하다는 점 알아두세요! 지금까지 다가오는 2020년 연말정산에서 달라지는 점을 알아 보았습니다. 열심히 일하고 세금을 낸... ",단 임대차 계약증서의 주소지와 주민등록등본의 주소지가 동일하여야 공제가 가능하다는 점 알아두세요! 지금까지 다가오는 2020년 연말정산에서 달라지는 점을 알아 보았습니다. 열심히 일하고 세금을 낸.,0,Human,88,110,3,29.333333333333332,13.719410418171119,41,17,5,2,1,12,0.4146341463414634,0.12195121951219512,0.04878048780487805,0.024390243902439025,0.2926829268292683,0.19318181818181818,0.13636363636363635,0,0,2,1,0,0,0.03409090909090909
2020년 연말정산 변경된 혜택,전문_정보,2020년 연말정산 변경된 혜택 *신용카드 소득공제 *생산직 근로자 비과세 혜택 체크 *50세 이상... 과부족을 연말에 정산하는 것을 뜻한다. 연말정산을 시행하는 근로자들은 소득·세액 공제 항목... ,2020년 연말정산 변경된 혜택 신용카드 소득공제 생산직 근로자 비과세 혜택 체크 50세 이상. 과부족을 연말에 정산하는 것을 뜻한다. 연말정산을 시행하는 근로자들은 소득 세액 공제 항목.,0,Human,81,105,3,27.0,10.198039027185569,41,26,4,0,0,5,0.6341463414634146,0.0975609756097561,0.0,0.0,0.12195121951219512,0.32098765432098764,0.06172839506172839,0,0,3,0,0,0,0.037037037037037035
[MONK] 아이폰 11pro 실리콘 케이스 내돈내산 ఇ,상품_리뷰,아이폰 11프로 실리콘 케이스 리뷰! 안녕하세욧 ( ✌︎'ω')✌︎ 오늘은 인스타 보다가 구매하게된 4천원짜리 실리콘 케이스! 내돈내산 리뷰를 시작해보도록 하겠습니다! 인스타보다가 피드 내리다보면... ,아이폰 11프로 실리콘 케이스 리뷰! 안녕하세욧 오늘은 인스타 보다가 구매하게된 4천원짜리 실리콘 케이스! 내돈내산 리뷰를 시작해보도록 하겠습니다! 인스타보다가 피드 내리다보면.,0,Human,80,99,4,20.0,6.59545297913646,39,18,7,1,0,3,0.46153846153846156,0.1794871794871795,0.02564102564102564,0.0,0.07692307692307693,0.225,0.0375,0,0,1,3,0,0,0.05
[아이폰11pro 케이스 애정템] 위글위글 자수케이스(내돈내산... ,상품_리뷰,#시리일상 #아이폰케이스추천 #시리취향 200706월 작년2019 아이폰11 출시하구 중국에서 바로 11pro 구입... 시리스탈 아이폰케이스 소개 고고 200121화 내돈내산 1월달에 한국 왔을 때 산 돌고래 위글위글 홈피 23... ,200706월 작년2019 아이폰11 출시하구 중국에서 바로 11pro 구입. 시리스탈 아이폰케이스 소개 고고 200121화 내돈내산 1월달에 한국 왔을 때 산 돌고래 위글위글 홈피 23.,0,Human,83,105,2,41.5,5.5,37,20,2,0,0,1,0.5405405405405406,0.05405405405405406,0.0,0.0,0.02702702702702703,0.24096385542168675,0.012048192771084338,0,0,2,0,0,0,0.024096385542168676
"2020년 연말정산 무주택자... 이자, 월세 관련 세액공제 신고 방법",전문_정보,예를 들어 매월 10만원씩 1년 동안 120만원 청약통장에 납입했다면 120만원의 40%인 48만원에 대한 소득을 공제해주는 겁니다. 2020년 귀속 근로소득 연말정산 종합 안내.hwp 4.29MB [자격] 연간 총 급여액이... ,예를 들어 매월 10만원씩 1년 동안 120만원 청약통장에 납입했다면 120만원의 40 인 48만원에 대한 소득을 공제해주는 겁니다. 2020년 귀속 근로소득 연말정산 종합 안내.hwp 4.29MB 자격 연간 총 급여액이.,0,Human,97,124,4,24.25,20.20365066021485,45,21,4,0,0,4,0.4666666666666667,0.08888888888888889,0.0,0.0,0.08888888888888889,0.21649484536082475,0.041237113402061855,0,0,4,0,0,0,0.041237113402061855
내돈내산 아이폰12pro 실버 언박싱,상품_리뷰,"내돈내산은 직접 써보니 장단점이 분명했어요. 그래도 가격이나 사용감까지 생각하면 꽤 무난했고, 필요한 분들께는 참고가 될 것 같아요. 사진으로 남겨두기에도 괜찮아서 기억에 오래 남을 것 같아요. 다음에는 조금 더 여유 있게 다시 가보고 싶어요.",내돈내산은 직접 써보니 장단점이 분명했어요. 그래도 가격이나 사용감까지 생각하면 꽤 무난했고 필요한 분들께는 참고가 될 것 같아요. 사진으로 남겨두기에도 괜찮아서 기억에 오래 남을 것 같아요. 다음에는 조금 더 여유 있게 다시 가보고 싶어요.,1,AI_v1,103,135,4,25.75,6.94172168845741,56,22,9,6,2,10,0.39285714285714285,0.16071428571428573,0.10714285714285714,0.03571428571428571,0.17857142857142858,0.21359223300970873,0.0970873786407767,3,0,4,0,0,0,0.038834951456310676
[동원대학교] 세무회계정보과 - 2020년 연말정산하는 방법 및... ,전문_정보,"액수를 정산하는 일을 말합니다. 연말정산 일정 구분 일정 주요 내용 회사→근로자 연말정산 업무... 2020년 연말정산 개정 내용 1. 신용카드 소득공제 총 급여 7,000만 원 이하인 근로자가 19년 7월 1일 이후... ",액수를 정산하는 일을 말합니다. 연말정산 일정 구분 일정 주요 내용 회사 근로자 연말정산 업무. 2020년 연말정산 개정 내용 1. 신용카드 소득공제 총 급여 7 000만 원 이하인 근로자가 19년 7월 1일 이후.,0,Human,89,120,4,22.25,8.257572282456872,42,25,2,0,0,4,0.5952380952380952,0.047619047619047616,0.0,0.0,0.09523809523809523,0.2808988764044944,0.0449438202247191,0,0,4,0,0,0,0.0449438202247191
아이폰11프로  케이스 (내돈내산),상품_리뷰,그래서 이렇게 #내돈내산 후기를 올린답니당! #아이폰11 쓰시는분들 많이 계시죠~? 네이버스토어에서 찜 해두시고 #1+1 이벤트 중일때 구매해보세용~ 네이버 스토어에서 #구매인증 #스키니슬림케이스 + #에어범퍼... ,그래서 이렇게 후기를 올린답니당! 쓰시는분들 많이 계시죠~? 네이버스토어에서 찜 해두시고 이벤트 중일때 구매해보세용~ 네이버 스토어에서,0,Human,61,75,3,20.333333333333332,10.208928554075703,31,15,2,0,3,6,0.4838709677419355,0.06451612903225806,0.0,0.0967741935483871,0.1935483870967742,0.2459016393442623,0.09836065573770492,0,0,0,1,1,2,0.06557377049180328
[연말정산] 2020년 귀속 연말정산 모의계산,전문_정보,이번에 연말정산 귀속은 별일 아닌 듯해도 막상 겪어보니 나름 의미가 있었어요. 작은 변화였지만 하루 분위기가 달라져서 기분 좋게 마무리했답니다. 처음 가보는 분들도 크게 부담 없이 즐길 수 있을 것 같아요. 개인적으로는 너무 과하지 않은 점이 마음에 들었어요.,이번에 연말정산 귀속은 별일 아닌 듯해도 막상 겪어보니 나름 의미가 있었어요. 작은 변화였지만 하루 분위기가 달라져서 기분 좋게 마무리했답니다. 처음 가보는 분들도 크게 부담 없이 즐길 수 있을 것 같아요. 개인적으로는 너무 과하지 않은 점이 마음에 들었어요.,1,AI_v1,109,145,4,27.25,4.02336923485777,56,23,11,6,2,8,0.4107142857142857,0.19642857142857142,0.10714285714285714,0.03571428571428571,0.14285714285714285,0.21100917431192662,0.07339449541284404,2,0,4,0,0,0,0.03669724770642202
강남역 라멘 맛집 마루이치[강남역맛집/데이트코스/혼밥]... ,맛집_리뷰,겨울이 되어 어느덧 2018년 한해가 지나고 2019년 1월이 되었는데요! 추운 날씨에 모두 따끈따끈 음식을... 강남역 라멘 맛집 마루이치[강남역맛집/데이트코스/혼밥] 강남역 6번출구에 위치하고 있는데 위치자체가... ,겨울이 되어 어느덧 2018년 한해가 지나고 2019년 1월이 되었는데요! 추운 날씨에 모두 따끈따끈 음식을. 강남역 라멘 맛집 마루이치 강남역맛집 데이트코스 혼밥 강남역 6번출구에 위치하고 있는데 위치자체가.,0,Human,92,117,3,30.666666666666668,11.953614051360738,43,22,4,2,0,7,0.5116279069767442,0.09302325581395349,0.046511627906976744,0.0,0.16279069767441862,0.2391304347826087,0.07608695652173914,0,0,2,1,0,0,0.03260869565217391
강남역맛집 : 어글리스토브!,맛집_리뷰,안녕하세요~ 여러분 2020년 새해가 밝았네요~ 여러분은 2019년도에 원하던 일을 다 이루셨나요?... 그래서 강남역 양식 맛집을 검색해보니 강남역맛집 어글리스토브라는 곳이 나왔습니다. 블로그리뷰도 굉장히... ,안녕하세요~ 여러분 2020년 새해가 밝았네요~ 여러분은 2019년도에 원하던 일을 다 이루셨나요?. 그래서 강남역 양식 맛집을 검색해보니 강남역맛집 어글리스토브라는 곳이 나왔습니다. 블로그리뷰도 굉장히.,0,Human,93,114,3,31.0,14.974051630144134,40,16,4,3,2,7,0.4,0.1,0.075,0.05,0.175,0.17204301075268819,0.07526881720430108,0,0,3,0,1,2,0.06451612903225806
[공지] 2020년 연말정산 기부금 영수증 발급 안내,전문_정보,2020년 연말정산 기부금 영수증 발급 안내드립니다. 1. 기부금영수증 발급 기준 : 2020년 1월 1일 ~ 2020년 12월 31일 내 후원자 2. 기부금 유형 : 공제한도 개인소득금액의 30% / 소득세법 제 34조의제1항... ,2020년 연말정산 기부금 영수증 발급 안내드립니다. 1. 기부금영수증 발급 기준 2020년 1월 1일 ~ 2020년 12월 31일 내 후원자 2. 기부금 유형 공제한도 개인소득금액의 30 소득세법 제 34조의제1항.,0,Human,94,121,4,23.5,13.238202294873727,46,21,1,0,0,1,0.45652173913043476,0.021739130434782608,0.0,0.0,0.021739130434782608,0.22340425531914893,0.010638297872340425,0,0,4,0,0,1,0.05319148936170213
"강남역맛집, 베트남쌀국수 땀땀!",맛집_리뷰,3개월 전인 2019년 10월 달에 개봉한 영화죠. 82년생 김지영이라는 영화가 생각납니다. 여태까지 이... 이 친구와 강남역에서 만나 강남역맛집 베트남쌀국수 땀땀으로 향했답니다. 이 곳의 위치는 강남역 2호선 11번... ,3개월 전인 2019년 10월 달에 개봉한 영화죠. 82년생 김지영이라는 영화가 생각납니다. 여태까지 이. 이 친구와 강남역에서 만나 강남역맛집 베트남쌀국수 땀땀으로 향했답니다. 이 곳의 위치는 강남역 2호선 11번.,0,Human,95,121,5,19.0,8.438009243891594,50,24,3,0,0,11,0.48,0.06,0.0,0.0,0.22,0.25263157894736843,0.11578947368421053,1,0,5,0,0,0,0.05263157894736842
13월의 월급 연말정산 소득공제 항목,전문_정보,1년 동안 냈던 세금을 연말에 정산해서 실소득보다 많은 세금을 냈다면 그 만큼 돌려주고 적게 냈다면 더 징수하는 절차입니다. 직장인 근로자라면 연말정산을 위해 소득 및 세액 공제 항목 관련 영수증과... ,1년 동안 냈던 세금을 연말에 정산해서 실소득보다 많은 세금을 냈다면 그 만큼 돌려주고 적게 냈다면 더 징수하는 절차입니다. 직장인 근로자라면 연말정산을 위해 소득 및 세액 공제 항목 관련 영수증과.,0,Human,83,111,2,41.5,10.5,42,24,7,2,0,6,0.5714285714285714,0.16666666666666666,0.047619047619047616,0.0,0.14285714285714285,0.2891566265060241,0.07228915662650602,0,0,2,0,0,0,0.024096385542168676
드는 아이폰11케이스 GET!!! 하트그립톡케이스 내돈내산 후기,상품_리뷰,드는 아이폰11케이스 궁금해서 써봤는데 막 놀랄 정도는 아니었다. 그래도 손이 자주 가긴 함. 불편한 점은 조금씩 보이는데 못 쓸 정도는 아님. 사진은 몇 장 찍었는데 정리는 나중에 해야겠다. 딱히 특별하진 않은데 기억은 남는 편이다.,드는 아이폰11케이스 궁금해서 써봤는데 막 놀랄 정도는 아니었다. 그래도 손이 자주 가긴 함. 불편한 점은 조금씩 보이는데 못 쓸 정도는 아님. 사진은 몇 장 찍었는데 정리는 나중에 해야겠다. 딱히 특별하진 않은데 기억은 남는 편이다.,1,AI_v2,98,131,5,19.6,5.748043145279966,51,17,11,6,2,9,0.3333333333333333,0.21568627450980393,0.11764705882352941,0.0392156862745098,0.17647058823529413,0.17346938775510204,0.09183673469387756,0,0,5,0,0,0,0.05102040816326531
주파짚 아이폰11 실리콘 케이스 스톤 컬러 구매후기! (내돈내산... ,상품_리뷰,"주파짚은 가볍게 써보기 좋은 제품이었어요. 기대를 너무 크게 하지 않으면 만족도가 높고, 실사용 기준으로는 꽤 괜찮게 느껴졌답니다. 다음에는 조금 더 여유 있게 다시 가보고 싶어요. 전체적으로 무난하면서도 기분 좋게 마무리할 수 있었어요.",주파짚은 가볍게 써보기 좋은 제품이었어요. 기대를 너무 크게 하지 않으면 만족도가 높고 실사용 기준으로는 꽤 괜찮게 느껴졌답니다. 다음에는 조금 더 여유 있게 다시 가보고 싶어요. 전체적으로 무난하면서도 기분 좋게 마무리할 수 있었어요.,1,AI_v1,101,132,4,25.25,7.1545440106270926,48,20,10,7,1,5,0.4166666666666667,0.20833333333333334,0.14583333333333334,0.020833333333333332,0.10416666666666667,0.19801980198019803,0.04950495049504951,1,0,4,0,0,0,0.039603960396039604
"연말정산 기간에 꼭 체크할 것 : 하는법, 소득공제, 2020... ",전문_정보,연말정산 기간에 때문에 하루가 조금 정신없었다. 막 큰일은 아닌데 은근 신경 쓰임. 그래도 지나고 나니 별거 아니긴 하다. 사람이 좀 있어서 조용한 느낌은 아니었음. 엄청난 건 아니고 그냥 기록용. 사진은 몇 장 찍었는데 정리는 나중에 해야겠다.,연말정산 기간에 때문에 하루가 조금 정신없었다. 막 큰일은 아닌데 은근 신경 쓰임. 그래도 지나고 나니 별거 아니긴 하다. 사람이 좀 있어서 조용한 느낌은 아니었음. 엄청난 건 아니고 그냥 기록용. 사진은 몇 장 찍었는데 정리는 나중에 해야겠다.,1,AI_v2,102,137,6,17.0,2.943920288775949,53,24,5,8,1,9,0.4528301886792453,0.09433962264150944,0.1509433962264151,0.018867924528301886,0.16981132075471697,0.23529411764705882,0.08823529411764706,0,0,6,0,0,0,0.058823529411764705
[강남역 맛집] 쉐이크쉑 (SHAKE SHACK)- 쉑쉑버거 느끼하지만... ,맛집_리뷰,"쉐이크쉑 먹고 옴. 사람 많고 조금 정신없었지만 음식은 괜찮았다. 가격은 보통, 위치는 편한 편이라 약속 전후로 들르기 좋음. 사람이 좀 있어서 조용한 느낌은 아니었음. 사진은 몇 장 찍었는데 정리는 나중에 해야겠다.",쉐이크쉑 먹고 옴. 사람 많고 조금 정신없었지만 음식은 괜찮았다. 가격은 보통 위치는 편한 편이라 약속 전후로 들르기 좋음. 사람이 좀 있어서 조용한 느낌은 아니었음. 사진은 몇 장 찍었는데 정리는 나중에 해야겠다.,1,AI_v2,90,120,5,18.0,5.366563145999495,48,21,4,8,0,10,0.4375,0.08333333333333333,0.16666666666666666,0.0,0.20833333333333334,0.23333333333333334,0.1111111111111111,0,0,5,0,0,0,0.05555555555555555
[강남역맛집] 5년단골 참치21의 맛있는 숙성참치파티 (feat.... ,맛집_리뷰,"강남역맛집 5년단골 다녀왔는데 생각보다 분위기가 편해서 좋았어요. 음식도 깔끔하게 나와서 부담 없이 먹기 괜찮았고, 다음에 근처 가면 또 들러보고 싶더라고요. 처음 가보는 분들도 크게 부담 없이 즐길 수 있을 것 같아요. 전체적으로 무난하면서도 기분 좋게 마무리할 수 있었어요.",강남역맛집 5년단골 다녀왔는데 생각보다 분위기가 편해서 좋았어요. 음식도 깔끔하게 나와서 부담 없이 먹기 괜찮았고 다음에 근처 가면 또 들러보고 싶더라고요. 처음 가보는 분들도 크게 부담 없이 즐길 수 있을 것 같아요. 전체적으로 무난하면서도 기분 좋게 마무리할 수 있었어요.,1,AI_v1,117,154,4,29.25,5.539629951540085,55,23,8,8,2,6,0.41818181818181815,0.14545454545454545,0.14545454545454545,0.03636363636363636,0.10909090909090909,0.19658119658119658,0.05128205128205128,2,0,4,0,0,0,0.03418803418803419
"돌아왔다! 2020 연말정산 일정, 서류, 공제항목 총정리",전문_정보,"것도 좋지만, 받을 수 있는 세금은 꼭꼭 챙겨 받는 것이 좋겠죠. 오늘 알려드린 2020 연말정산 일정과 놓치기 쉬운 서류들! 그리고 2020년 변경되는 공제 항목 미리 확인하셔서 13월의 월급 꼭 받으시길 바랍니다.",것도 좋지만 받을 수 있는 세금은 꼭꼭 챙겨 받는 것이 좋겠죠. 오늘 알려드린 2020 연말정산 일정과 놓치기 쉬운 서류들! 그리고 2020년 변경되는 공제 항목 미리 확인하셔서 13월의 월급 꼭 받으시길 바랍니다.,0,Human,90,120,3,30.0,6.377042156569663,43,16,10,4,0,4,0.37209302325581395,0.23255813953488372,0.09302325581395349,0.0,0.09302325581395349,0.17777777777777778,0.044444444444444446,0,0,2,1,0,0,0.03333333333333333
[캐논 이야기] 2020년 달라진 연말정산 / 2020년 연말정산 / 2020... ,전문_정보,"직장인이라면 꼭 챙겨야 할 2020년 달라진 연말정산을 준비했습니다! #1 '연말정산' 이란? 국세청에서 1년 동안 거둬들인 근로소득세를 연말에 따져보고, 실소득보다 많은 세금을 냈으면 그만큼을 돌려주고... ",직장인이라면 꼭 챙겨야 할 2020년 달라진 연말정산을 준비했습니다! 연말정산 이란? 국세청에서 1년 동안 거둬들인 근로소득세를 연말에 따져보고 실소득보다 많은 세금을 냈으면 그만큼을 돌려주고.,0,Human,86,108,3,28.666666666666668,16.81930108205715,40,17,8,1,0,8,0.425,0.2,0.025,0.0,0.2,0.19767441860465115,0.09302325581395349,0,0,1,1,1,0,0.03488372093023256
아이폰11promax 기변 했어요내돈내산 자급제 꿀팁,상품_리뷰,"아이폰11promax 써봄. 기대만큼은 아니지만 못 쓸 정도도 아님. 간단하게 쓰기엔 괜찮고, 오래 쓰면 평가가 조금 달라질 수도. 시간 맞으면 한 번쯤 들를만함. 딱히 특별하진 않은데 기억은 남는 편이다. 다음엔 다른 메뉴도 봐야 할 듯.",아이폰11promax 써봄. 기대만큼은 아니지만 못 쓸 정도도 아님. 간단하게 쓰기엔 괜찮고 오래 쓰면 평가가 조금 달라질 수도. 시간 맞으면 한 번쯤 들를만함. 딱히 특별하진 않은데 기억은 남는 편이다. 다음엔 다른 메뉴도 봐야 할 듯.,1,AI_v2,100,133,6,16.666666666666668,4.189935029992179,53,18,11,6,1,8,0.33962264150943394,0.20754716981132076,0.11320754716981132,0.018867924528301886,0.1509433962264151,0.18,0.08,0,0,6,0,0,0,0.06
아이폰11 색상 내돈내산 퍼플 후기,상품_리뷰,"아이폰11 색상 써봄. 기대만큼은 아니지만 못 쓸 정도도 아님. 간단하게 쓰기엔 괜찮고, 오래 쓰면 평가가 조금 달라질 수도. 이런 곳도 있었네 싶었다. 딱히 특별하진 않은데 기억은 남는 편이다. 가격은 막 싸진 않았고 위치는 찾기 쉬운 편.",아이폰11 색상 써봄. 기대만큼은 아니지만 못 쓸 정도도 아님. 간단하게 쓰기엔 괜찮고 오래 쓰면 평가가 조금 달라질 수도. 이런 곳도 있었네 싶었다. 딱히 특별하진 않은데 기억은 남는 편이다. 가격은 막 싸진 않았고 위치는 찾기 쉬운 편.,1,AI_v2,99,134,6,16.5,4.9916597106239795,52,18,9,9,1,8,0.34615384615384615,0.17307692307692307,0.17307692307692307,0.019230769230769232,0.15384615384615385,0.18181818181818182,0.08080808080808081,0,0,6,0,0,0,0.06060606060606061
[내돈내산] 아이폰11프로 파워서포트 에어자켓 &amp; 안티글레어... ,상품_리뷰,아이폰11프로를 사용한 지 두 달 정도 됐는데 짧은 기간동안 다양한 종류의 케이스와 필름을 써봤지만... 파워서포트는 지난 10년간 아이폰을 쓰면서 가장 만족스러웠던 브랜드에요. 다소 비싼 가격이지만... ,아이폰11프로를 사용한 지 두 달 정도 됐는데 짧은 기간동안 다양한 종류의 케이스와 필름을 써봤지만. 파워서포트는 지난 10년간 아이폰을 쓰면서 가장 만족스러웠던 브랜드에요. 다소 비싼 가격이지만.,0,Human,86,110,3,28.666666666666668,13.816254517375139,44,19,5,4,0,10,0.4318181818181818,0.11363636363636363,0.09090909090909091,0.0,0.22727272727272727,0.22093023255813954,0.11627906976744186,0,0,3,0,0,0,0.03488372093023256
2019년 4월의 일상_늦게 쓰는 4월 일기,맛집_리뷰,웃겼을듯ㅋㅋㅋㅋㅋㅋㅋㅋㅋㅋㅋㅋㅋ #강남역맛집 #강남맛집 우리가 간 곳은 라공방 강남2호점! 역시 맛집답게 웨이팅 장난아니었구 좀 기다리다가 들어갔다 배고프니까 빠르게 재료 쓸어담고 세팅하다보면... ,웃겼을듯 우리가 간 곳은 라공방 강남2호점! 역시 맛집답게 웨이팅 장난아니었구 좀 기다리다가 들어갔다 배고프니까 빠르게 재료 쓸어담고 세팅하다보면.,0,Human,65,82,2,32.5,13.5,35,15,6,3,0,5,0.42857142857142855,0.17142857142857143,0.08571428571428572,0.0,0.14285714285714285,0.23076923076923078,0.07692307692307693,0,0,1,1,0,0,0.03076923076923077
"&quot; 2020년 연말정산 &quot; 소득공제, 세액공제, 연말정산 간소화... ",전문_정보,단위로 정산하는 것이 연말정산이에요! 그렇다면 한 달에 한 번씩 월급에서 미리 세금을 징수해서... 2020년 연말정산 소득공제 소득공제는 과세의 대상이 되는 소득 중에 일정 금액을 공제해주는 것으로... ,단위로 정산하는 것이 연말정산이에요! 그렇다면 한 달에 한 번씩 월급에서 미리 세금을 징수해서. 2020년 연말정산 소득공제 소득공제는 과세의 대상이 되는 소득 중에 일정 금액을 공제해주는 것으로.,0,Human,85,110,3,28.333333333333332,11.440668201153676,45,21,6,1,0,12,0.4666666666666667,0.13333333333333333,0.022222222222222223,0.0,0.26666666666666666,0.24705882352941178,0.1411764705882353,0,0,2,1,0,0,0.03529411764705882
2020 기부금 영수증 발급 안내 | 연말정산 및 세액공제(적십자... ,전문_정보,국세청 홈택스 대한적십자사 홈페이지 (정기후원자) 2020년 1월 15일 이후부터 확인이 가능합니다.... 가기 ▼ #대한적십자사 #적십자 #후원 #기부금 #기부금영수증 #기부금공제 #연말정산 #세액공제 #소득공제... ,국세청 홈택스 대한적십자사 홈페이지 정기후원자 2020년 1월 15일 이후부터 확인이 가능합니다. 가기,0,Human,46,57,2,23.0,20.5,18,9,0,1,0,2,0.5,0.0,0.05555555555555555,0.0,0.1111111111111111,0.1956521739130435,0.043478260869565216,0,0,1,0,0,0,0.021739130434782608
[식사일기] 서촌레이어드 카페부터 강남역맛집까지 2019년... ,맛집_리뷰,ㅎㅎ 강남역에 있는 돈까스 집철판치즈 돈까스 &amp; 김치치즈 돈까스 덮밥 김치치즈 덮밥이 내 취향저격 ㅎㅁㅎ 순대야채곱창 &amp; 알곱창 양념이 불에 익을수록 더더 맛있어졌다 미역국&amp; 계란찜도 모두 합격 2019년도... ,강남역에 있는 돈까스 집철판치즈 돈까스 김치치즈 돈까스 덮밥 김치치즈 덮밥이 내 취향저격 순대야채곱창 알곱창 양념이 불에 익을수록 더더 맛있어졌다 미역국 계란찜도 모두 합격 2019년도.,0,Human,81,104,1,81.0,0.0,41,28,3,2,0,5,0.6829268292682927,0.07317073170731707,0.04878048780487805,0.0,0.12195121951219512,0.345679012345679,0.06172839506172839,0,0,1,0,0,0,0.012345679012345678
"내돈내산 아이폰11pro 256기가,아이폰11프로 실버",상품_리뷰,원래 아이폰을 쓰던 유저로서 맘에 들고 큰 불만족은 없다 오래오래 나랑 잘 지내보쟈 여기서부턴 11프로로 찍어본 사진들!! 화질이 미쳤다 ㅠㅠ 7쓰다가 일레븐프로쓰니까 진짜 화질 그저 빛.. #아이폰11... ,원래 아이폰을 쓰던 유저로서 맘에 들고 큰 불만족은 없다 오래오래 나랑 잘 지내보쟈 여기서부턴 11프로로 찍어본 사진들! 화질이 미쳤다 7쓰다가 일레븐프로쓰니까 진짜 화질 그저 빛.,0,Human,77,101,2,38.5,12.5,43,18,9,2,1,6,0.4186046511627907,0.20930232558139536,0.046511627906976744,0.023255813953488372,0.13953488372093023,0.23376623376623376,0.07792207792207792,0,0,1,1,0,0,0.025974025974025976
2019년 10월 어제자(feat.강남역동경야시장),맛집_리뷰,근처에서 밥 먹을 곳 찾다가 10월에 들렀어요. 맛이 자극적이지 않고 양도 적당해서 만족했답니다. 웨이팅만 조금 피하면 더 좋을 것 같아요. 짧게 들렀지만 생각보다 알차게 시간을 보냈어요. 기대보다 편하게 즐길 수 있어서 만족스러운 시간이었답니다.,근처에서 밥 먹을 곳 찾다가 10월에 들렀어요. 맛이 자극적이지 않고 양도 적당해서 만족했답니다. 웨이팅만 조금 피하면 더 좋을 것 같아요. 짧게 들렀지만 생각보다 알차게 시간을 보냈어요. 기대보다 편하게 즐길 수 있어서 만족스러운 시간이었답니다.,1,AI_v1,106,138,5,21.2,2.9257477676655586,49,16,8,9,0,8,0.32653061224489793,0.16326530612244897,0.1836734693877551,0.0,0.16326530612244897,0.1509433962264151,0.07547169811320754,3,0,5,0,0,0,0.04716981132075472
연말정산으로 세테크! 2020년 달라진 공제 항목 알아보기,전문_정보,"↓ 2020년 연말정산 간소화 서비스 확인하기 ↓ https://www.hometax.go.kr/ui/pp/yrs_index.html?isCdn=Y&amp;ST1BOX=1&amp;ND2BOX=2 2020년 연말정산, 달라진 공제 항목을 꼼꼼히 확인하고 모두 13월의 월급 챙겨보아요! #Everyday Nais... ",2020년 연말정산 간소화 서비스 확인하기 2020년 연말정산 달라진 공제 항목을 꼼꼼히 확인하고 모두 13월의 월급 챙겨보아요! Nais.,0,Human,62,78,2,31.0,26.0,25,11,3,1,0,3,0.44,0.12,0.04,0.0,0.12,0.1774193548387097,0.04838709677419355,0,0,1,1,0,0,0.03225806451612903
[ 내돈내산 ] 아이폰 11 실리콘케이스,상품_리뷰,"아이폰 써봄. 기대만큼은 아니지만 못 쓸 정도도 아님. 간단하게 쓰기엔 괜찮고, 오래 쓰면 평가가 조금 달라질 수도. 기대치를 낮추고 가면 무난한 정도. 가격은 막 싸진 않았고 위치는 찾기 쉬운 편. 시간 맞으면 한 번쯤 들를만함.",아이폰 써봄. 기대만큼은 아니지만 못 쓸 정도도 아님. 간단하게 쓰기엔 괜찮고 오래 쓰면 평가가 조금 달라질 수도. 기대치를 낮추고 가면 무난한 정도. 가격은 막 싸진 않았고 위치는 찾기 쉬운 편. 시간 맞으면 한 번쯤 들를만함.,1,AI_v2,94,128,6,15.666666666666666,5.705747589541231,53,21,10,5,1,8,0.39622641509433965,0.18867924528301888,0.09433962264150944,0.018867924528301886,0.1509433962264151,0.22340425531914893,0.0851063829787234,0,0,6,0,0,0,0.06382978723404255
[강남역 맛집] 떡볶이무한리필 즉석떡볶이 '두끼 강남점' 가격인상,맛집_리뷰,떡볶이무한리필 즉석떡볶이 기록. 자리 간격은 넓진 않았고 음식은 바로 먹기 괜찮았다. 막 특별하진 않은데 배고플 때 들르면 나쁘지 않은 정도. 급하게 정한 일정치고는 나쁘지 않았다. 엄청난 건 아니고 그냥 기록용.,떡볶이무한리필 즉석떡볶이 기록. 자리 간격은 넓진 않았고 음식은 바로 먹기 괜찮았다. 막 특별하진 않은데 배고플 때 들르면 나쁘지 않은 정도. 급하게 정한 일정치고는 나쁘지 않았다. 엄청난 건 아니고 그냥 기록용.,1,AI_v2,90,119,5,18.0,3.8987177379235853,42,18,5,9,0,4,0.42857142857142855,0.11904761904761904,0.21428571428571427,0.0,0.09523809523809523,0.2,0.044444444444444446,0,0,5,0,0,0,0.05555555555555555
개정된 2020년 &quot;연말정산 소득공제&quot; 모두보기...,전문_정보,개정된은 생각보다 시간이 걸렸다. 중간에 귀찮아서 멈출까 했는데 일단 끝내긴 함. 다음엔 조금 더 빨리 할 수 있을 듯. 다음엔 다른 메뉴도 봐야 할 듯. 다음엔 다른 메뉴도 봐야 할 듯. 딱히 특별하진 않은데 기억은 남는 편이다.,개정된은 생각보다 시간이 걸렸다. 중간에 귀찮아서 멈출까 했는데 일단 끝내긴 함. 다음엔 조금 더 빨리 할 수 있을 듯. 다음엔 다른 메뉴도 봐야 할 듯. 다음엔 다른 메뉴도 봐야 할 듯. 딱히 특별하진 않은데 기억은 남는 편이다.,1,AI_v2,93,129,6,15.5,2.6299556396765835,54,21,12,4,1,10,0.3888888888888889,0.2222222222222222,0.07407407407407407,0.018518518518518517,0.18518518518518517,0.22580645161290322,0.10752688172043011,0,0,6,0,0,0,0.06451612903225806
강남역 맛집  한성 돈까스 서울 돈까스 추천 신사 맛집,맛집_리뷰,그래서 가야 될 맛집 리스트에 올렸는데 2019년 9월 가격표입니다. 위에 가격표는 작년 9월에 방문했던... 돈까스 맛 집들이 더욱 궁금해지는 이유다. 정돈 강남점 방문기 입니다. 돈까스 좋아하신 다면 클릭... ,그래서 가야 될 맛집 리스트에 올렸는데 2019년 9월 가격표입니다. 위에 가격표는 작년 9월에 방문했던. 돈까스 맛 집들이 더욱 궁금해지는 이유다. 정돈 강남점 방문기 입니다. 돈까스 좋아하신 다면 클릭.,0,Human,88,115,5,17.6,6.6211781428987395,42,20,3,4,1,4,0.47619047619047616,0.07142857142857142,0.09523809523809523,0.023809523809523808,0.09523809523809523,0.22727272727272727,0.045454545454545456,0,0,5,0,0,0,0.056818181818181816
2020년 귀속 연말정산 달라진점 그리고 자동계산 엑셀 파일,전문_정보,"2020년도 귀속 연말정산 개정 세법 주요 내용 1. 근로소득공제 총 급여 3억 6,250만원 초과자 추가 총급여 3억 6,250만원 초과자의 근로소득공제액 추가되었습니다. 기존 : 1억초과자 급여액의 2% 공제 변경... ",2020년도 귀속 연말정산 개정 세법 주요 내용 1. 근로소득공제 총 급여 3억 6 250만원 초과자 추가 총급여 3억 6 250만원 초과자의 근로소득공제액 추가되었습니다. 기존 1억초과자 급여액의 2 공제 변경.,0,Human,91,119,3,30.333333333333332,15.456030825826172,44,23,1,0,0,2,0.5227272727272727,0.022727272727272728,0.0,0.0,0.045454545454545456,0.25274725274725274,0.02197802197802198,0,0,3,0,0,0,0.03296703296703297
아이폰11 케이스후기- 제로스킨 시그니쳐6,상품_리뷰,"아이폰11 케이스후기는 가볍게 써보기 좋은 제품이었어요. 기대를 너무 크게 하지 않으면 만족도가 높고, 실사용 기준으로는 꽤 괜찮게 느껴졌답니다. 짧게 들렀지만 생각보다 알차게 시간을 보냈어요. 다음에는 조금 더 여유 있게 다시 가보고 싶어요.",아이폰11 케이스후기는 가볍게 써보기 좋은 제품이었어요. 기대를 너무 크게 하지 않으면 만족도가 높고 실사용 기준으로는 꽤 괜찮게 느껴졌답니다. 짧게 들렀지만 생각보다 알차게 시간을 보냈어요. 다음에는 조금 더 여유 있게 다시 가보고 싶어요.,1,AI_v1,104,135,4,26.0,6.745368781616021,48,19,9,7,1,7,0.3958333333333333,0.1875,0.14583333333333334,0.020833333333333332,0.14583333333333334,0.18269230769230768,0.0673076923076923,1,0,4,0,0,0,0.038461538461538464
[강남역맛집]60년전통신촌황소곱창,맛집_리뷰,2019년 2월 28일 #미세먼지심한날 일찍 퇴근하여 감수와 #강남역 #급만남 뭐 먹을까하다가 먹고싶었던... #곱창여신 #마마무화사 그냥 들어왔는데 알고보니 #망고플레이트맛집 #강남곱창맛집 #난소주와사이다... ,2019년 2월 28일 일찍 퇴근하여 감수와 뭐 먹을까하다가 먹고싶었던. 그냥 들어왔는데 알고보니,0,Human,43,54,2,21.5,10.0,18,6,6,0,0,2,0.3333333333333333,0.3333333333333333,0.0,0.0,0.1111111111111111,0.13953488372093023,0.046511627906976744,0,0,1,0,0,0,0.023255813953488372
케이스티파이(CASETiFY) 아이폰11 Pro 케이스 구매하기,상품_리뷰,"저는 지난 금요일에 주문을 했는데, 아직 도착하지 않았어요ㅠ 폰도 오늘 저녁에 받을 수 있어서 도착하면 다시 한 번 후기 남기도록 할께요!! #내돈내산 #케이스티파이 #아이폰11프로케이스",저는 지난 금요일에 주문을 했는데 아직 도착하지 않았어요 폰도 오늘 저녁에 받을 수 있어서 도착하면 다시 한 번 후기 남기도록 할께요!,0,Human,55,75,1,55.0,0.0,29,13,8,1,1,5,0.4482758620689655,0.27586206896551724,0.034482758620689655,0.034482758620689655,0.1724137931034483,0.23636363636363636,0.09090909090909091,0,0,0,1,0,0,0.01818181818181818
"아이폰11pro 폰케이스 , 내돈내산 아칸케이스 에서 구입했어요!",상품_리뷰,"아이폰11pro 폰케이스를 며칠 써봤다. 기능은 평범하지만 안정적이고, 크게 거슬리는 부분은 없었다. 필요한 사람한테는 괜찮은 선택일 듯. 엄청난 건 아니고 그냥 기록용. 가격은 막 싸진 않았고 위치는 찾기 쉬운 편.",아이폰11pro 폰케이스를 며칠 써봤다. 기능은 평범하지만 안정적이고 크게 거슬리는 부분은 없었다. 필요한 사람한테는 괜찮은 선택일 듯. 엄청난 건 아니고 그냥 기록용. 가격은 막 싸진 않았고 위치는 찾기 쉬운 편.,1,AI_v2,92,120,5,18.4,4.31740662898458,49,21,6,7,0,7,0.42857142857142855,0.12244897959183673,0.14285714285714285,0.0,0.14285714285714285,0.22826086956521738,0.07608695652173914,0,0,5,0,0,0,0.05434782608695652
"내돈내산 , 부산 초량 ㅂㄱㅂㄷㅅ 근처 성지에서 아이폰 11... ",상품_리뷰,"아이폰 11, 128G 출고가 약 1060000원 0플랜 라지 사용 기준 선택약정을 해도 한달 요금 약 , 11만원 가족결합할인 카드할인 추가로 해도 ,, 큰 부담 ! ㅠㅠ 아이폰은 공시지원금 , 추가 할인 , 페이백이 거의 없데요... ",아이폰 11 128G 출고가 약 1060000원 0플랜 라지 사용 기준 선택약정을 해도 한달 요금 약 11만원 가족결합할인 카드할인 추가로 해도 큰 부담 ! 아이폰은 공시지원금 추가 할인 페이백이 거의 없데요.,0,Human,88,117,2,44.0,21.0,47,27,1,1,0,5,0.574468085106383,0.02127659574468085,0.02127659574468085,0.0,0.10638297872340426,0.3068181818181818,0.056818181818181816,0,0,1,1,0,0,0.022727272727272728
아이폰12pro 퍼시픽블루 언박싱 + 종료 방법 ( 내돈내산... ,상품_리뷰,[ 아이폰12 ] 아이폰12pro 퍼시픽블루 언박싱 + 종료 방법 ( 내돈내산 개봉기 ) 사전예약했던 아이폰 계속 미뤄지다가 11월 중순에야 받았어요! (인스타는 바로 올렸는데 블로그엔 이제서야 올리네요 ㅋㅋ) 뭐... ,아이폰12pro 퍼시픽블루 언박싱 종료 방법 내돈내산 개봉기 사전예약했던 아이폰 계속 미뤄지다가 11월 중순에야 받았어요! 인스타는 바로 올렸는데 블로그엔 이제서야 올리네요 뭐.,0,Human,79,99,2,39.5,15.5,35,19,6,0,0,3,0.5428571428571428,0.17142857142857143,0.0,0.0,0.08571428571428572,0.24050632911392406,0.0379746835443038,0,0,1,1,0,0,0.02531645569620253
[강남역 맛집] 크림카레우동이 맛있는 “토끼정”,맛집_리뷰,"메뉴 하나하나 평타 이상인 맛집 안녕하세요 오늘은 강남에 있는 &quot;토끼정&quot;을 소개할게요! 매일 12:00 - 22... 2019년 개강이 시작되는데, 서울에 올라온 새내기들이 이 맛집을 꼭 들렸으면 좋겠네요! 지금까지... ",메뉴 하나하나 평타 이상인 맛집 안녕하세요 오늘은 강남에 있는 토끼정을 소개할게요! 매일 12 00 22. 2019년 개강이 시작되는데 서울에 올라온 새내기들이 이 맛집을 꼭 들렸으면 좋겠네요! 지금까지.,0,Human,88,114,4,22.0,15.083103128998356,44,20,4,3,0,8,0.45454545454545453,0.09090909090909091,0.06818181818181818,0.0,0.18181818181818182,0.22727272727272727,0.09090909090909091,0,0,2,2,0,0,0.045454545454545456
2020년 연말정산을 준비 하기 필요한 것들...,전문_정보,연말정산을 준비를 하면서 생각보다 시간이 빨리 갔다. 중간중간 딴짓도 했지만 마무리는 했다. 그냥 소소한 기록으로 남김. 급하게 정한 일정치고는 나쁘지 않았다. 딱히 특별하진 않은데 기억은 남는 편이다. 사람이 좀 있어서 조용한 느낌은 아니었음.,연말정산을 준비를 하면서 생각보다 시간이 빨리 갔다. 중간중간 딴짓도 했지만 마무리는 했다. 그냥 소소한 기록으로 남김. 급하게 정한 일정치고는 나쁘지 않았다. 딱히 특별하진 않은데 기억은 남는 편이다. 사람이 좀 있어서 조용한 느낌은 아니었음.,1,AI_v2,105,137,6,17.5,3.2015621187164243,54,17,8,8,1,13,0.3148148148148148,0.14814814814814814,0.14814814814814814,0.018518518518518517,0.24074074074074073,0.1619047619047619,0.12380952380952381,0,0,6,0,0,0,0.05714285714285714
아이폰11 링케퓨전 케이스... 블루라이트필름 내돈내산 후기,상품_리뷰,"아이폰11 케이스, 블루라이트필름 후기 안녕하세요~ 이번에 핸드폰을 바꿔서 아이폰11을 구매했는데요 핸드폰을 구매할 때 같이 구매해야 하는 필수품!! 케이스와 필름지를 구매했어요~ (실제 제 돈 주고 산 구매... ",아이폰11 케이스 블루라이트필름 후기 안녕하세요~ 이번에 핸드폰을 바꿔서 아이폰11을 구매했는데요 핸드폰을 구매할 때 같이 구매해야 하는 필수품! 케이스와 필름지를 구매했어요~ 실제 제 돈 주고 산 구매.,0,Human,89,114,2,44.5,20.5,44,23,8,1,1,5,0.5227272727272727,0.18181818181818182,0.022727272727272728,0.022727272727272728,0.11363636363636363,0.25842696629213485,0.056179775280898875,1,0,1,1,0,2,0.0449438202247191
[강남역 맛집/강남역 파스타] 이름없는파스타 강남역점,맛집_리뷰,"1.0 방문일자 : 2019년 10월 15일 2.0 음식점 명 : 이름없는파스타 강남역점 3.0 메뉴 : 파스타 7,200~ 3.1 멘타이코 까르보나라 8,200 3.2 버터명란마요 알리오 세트 11,500 - 구성: 파스타, 크로와상, 샐러드, 음료 3.3... ",1.0 방문일자 2019년 10월 15일 2.0 음식점 명 이름없는파스타 강남역점 3.0 메뉴 파스타 7 200~ 3.1 멘타이코 까르보나라 8 200 3.2 버터명란마요 알리오 세트 11 500 구성 파스타 크로와상 샐러드 음료 3.3.,0,Human,102,133,7,14.571428571428571,9.882988889387416,43,22,0,1,0,1,0.5116279069767442,0.0,0.023255813953488372,0.0,0.023255813953488372,0.21568627450980393,0.00980392156862745,0,0,7,0,0,1,0.0784313725490196
"2020년 연말정산, 지금부터 계획해야 성공한다",전문_정보,연말정산 관련해서 소소하게 기록해봤어요. 특별한 일은 아니었지만 막상 지나고 보니 은근 기억에 남아서 이렇게 남겨두고 싶더라고요. 사진으로 남겨두기에도 괜찮아서 기억에 오래 남을 것 같아요. 전체적으로 무난하면서도 기분 좋게 마무리할 수 있었어요.,연말정산 관련해서 소소하게 기록해봤어요. 특별한 일은 아니었지만 막상 지나고 보니 은근 기억에 남아서 이렇게 남겨두고 싶더라고요. 사진으로 남겨두기에도 괜찮아서 기억에 오래 남을 것 같아요. 전체적으로 무난하면서도 기분 좋게 마무리할 수 있었어요.,1,AI_v1,108,138,4,27.0,6.892024376045111,50,18,10,7,2,8,0.36,0.2,0.14,0.04,0.16,0.16666666666666666,0.07407407407407407,2,0,4,0,0,0,0.037037037037037035
[내돈내산 메종키츠네 폰케이스추천]-신상 아이폰11프로... ,상품_리뷰,ssf샵에서 아이폰8과 아이폰11pro 메종키츠네 폰케이스를 5프로 할인된가격으로 9만원에 살수있다 ssf샵에서 아이폰8 메종키츠네 그린은 사십프로 할인중이다 (다시 들어가니까 품절됨) 아이폰8... ,ssf샵에서 아이폰8과 아이폰11pro 메종키츠네 폰케이스를 5프로 할인된가격으로 9만원에 살수있다 ssf샵에서 아이폰8 메종키츠네 그린은 사십프로 할인중이다 다시 들어가니까 품절됨 아이폰8.,0,Human,89,107,1,89.0,0.0,45,22,3,1,0,6,0.4888888888888889,0.06666666666666667,0.022222222222222223,0.0,0.13333333333333333,0.24719101123595505,0.06741573033707865,0,0,1,0,0,0,0.011235955056179775
아이폰11프로케이스 추천 : 케이스티파이 Pangram... ,상품_리뷰,"아이폰11프로케이스 케이스티파이를 며칠 써봤다. 기능은 평범하지만 안정적이고, 크게 거슬리는 부분은 없었다. 필요한 사람한테는 괜찮은 선택일 듯. 사람이 좀 있어서 조용한 느낌은 아니었음. 엄청난 건 아니고 그냥 기록용.",아이폰11프로케이스 케이스티파이를 며칠 써봤다. 기능은 평범하지만 안정적이고 크게 거슬리는 부분은 없었다. 필요한 사람한테는 괜찮은 선택일 듯. 사람이 좀 있어서 조용한 느낌은 아니었음. 엄청난 건 아니고 그냥 기록용.,1,AI_v2,96,122,5,19.2,4.707440918375928,49,22,4,9,0,7,0.4489795918367347,0.08163265306122448,0.1836734693877551,0.0,0.14285714285714285,0.22916666666666666,0.07291666666666667,0,0,5,0,0,0,0.052083333333333336
강남역맛집 인기명 역삼본점 조갈찜 토토가 연말모임 회식장소,맛집_리뷰,오늘은 올만에 #강남역맛집 을 소개시켜드리려고해요!~~ 너무 올만이다 강남역!~ㅋㅋㅋㅋ 20년지기... 같다는 생각이 드네요!~~~ 2019년엔 소중한 사람들을 더 자주만나는 그런날들이 더 많아지길 소원하며!~~~,오늘은 올만에 을 소개시켜드리려고해요!~ 너무 올만이다 강남역!~ 20년지기. 같다는 생각이 드네요!~ 2019년엔 소중한 사람들을 더 자주만나는 그런날들이 더 많아지길 소원하며!~,0,Human,82,101,6,13.666666666666666,10.605292179955356,43,13,6,2,1,8,0.3023255813953488,0.13953488372093023,0.046511627906976744,0.023255813953488372,0.18604651162790697,0.15853658536585366,0.0975609756097561,1,0,1,4,0,4,0.10975609756097561
[연말 정산]2020년 연말 정산 코로나 특별 공제.,전문_정보,"2020년 소득공제 가장 주목할 부분은 3월에서 7월까지의 소득 공제 한도 상향이다. 정부가코로나19로... 소득공제 한다. 신용카드 15%, 체크카드·현금 영수증 30%가 적용된다. 연말 정산의 기본. 내가 낸... ",2020년 소득공제 가장 주목할 부분은 3월에서 7월까지의 소득 공제 한도 상향이다. 정부가코로나19로. 소득공제 한다. 신용카드 15 체크카드 현금 영수증 30 가 적용된다. 연말 정산의 기본. 내가 낸.,0,Human,89,115,6,14.833333333333334,11.596215857865971,45,21,5,0,0,5,0.4666666666666667,0.1111111111111111,0.0,0.0,0.1111111111111111,0.23595505617977527,0.056179775280898875,0,0,6,0,0,0,0.06741573033707865
"[강남역 맛집] SHY BANA - 미국남부가정식, 주차 2시간 무료!!!",맛집_리뷰,"강남역 다녀왔는데 생각보다 분위기가 편해서 좋았어요. 음식도 깔끔하게 나와서 부담 없이 먹기 괜찮았고, 다음에 근처 가면 또 들러보고 싶더라고요. 처음 가보는 분들도 크게 부담 없이 즐길 수 있을 것 같아요. 사진으로 남겨두기에도 괜찮아서 기억에 오래 남을 것 같아요.",강남역 다녀왔는데 생각보다 분위기가 편해서 좋았어요. 음식도 깔끔하게 나와서 부담 없이 먹기 괜찮았고 다음에 근처 가면 또 들러보고 싶더라고요. 처음 가보는 분들도 크게 부담 없이 즐길 수 있을 것 같아요. 사진으로 남겨두기에도 괜찮아서 기억에 오래 남을 것 같아요.,1,AI_v1,112,149,4,28.0,5.830951894845301,54,22,7,8,3,9,0.4074074074074074,0.12962962962962962,0.14814814814814814,0.05555555555555555,0.16666666666666666,0.19642857142857142,0.08035714285714286,3,0,4,0,0,0,0.03571428571428571
내돈내산 후기 강변 테크노 마트에서 구매한 아이폰 11 프로... ,상품_리뷰,아이폰 8을 벗어나 아이폰 11프로 256으로 갈아탄 후기입니다!!!! 한동안 핸드폰 바꾸려고 이것저것 알아봤는데 요즘에 단속이 그렇게 심하다고ㅠㅠ.. 전 강변테크노마트에서 사려고 알아보는 중이었거든요..... ,아이폰 8을 벗어나 아이폰 11프로 256으로 갈아탄 후기입니다! 한동안 핸드폰 바꾸려고 이것저것 알아봤는데 요즘에 단속이 그렇게 심하다고 . 전 강변테크노마트에서 사려고 알아보는 중이었거든요.,0,Human,86,108,3,28.666666666666668,3.6817870057290873,38,14,6,2,2,6,0.3684210526315789,0.15789473684210525,0.05263157894736842,0.05263157894736842,0.15789473684210525,0.16279069767441862,0.06976744186046512,0,0,2,1,0,0,0.03488372093023256
신분당선 강남역 맛집 장서는날 푸짐한 안주로 한 끼 식사하기... ,맛집_리뷰,"신분당선 쪽은 사람이 꽤 많았다. 메뉴판 보고 고르는데 가격대는 평범했고, 음식은 간이 센 편. 웨이팅 싫으면 애매한 시간에 가는 게 나을 듯. 딱히 특별하진 않은데 기억은 남는 편이다. 이런 곳도 있었네 싶었다. 가격은 막 싸진 않았고 위치는 찾기 쉬운 편.",신분당선 쪽은 사람이 꽤 많았다. 메뉴판 보고 고르는데 가격대는 평범했고 음식은 간이 센 편. 웨이팅 싫으면 애매한 시간에 가는 게 나을 듯. 딱히 특별하진 않은데 기억은 남는 편이다. 이런 곳도 있었네 싶었다. 가격은 막 싸진 않았고 위치는 찾기 쉬운 편.,1,AI_v2,105,144,6,17.5,4.349329450233296,57,23,9,9,0,9,0.40350877192982454,0.15789473684210525,0.15789473684210525,0.0,0.15789473684210525,0.21904761904761905,0.08571428571428572,0,0,6,0,0,0,0.05714285714285714
2020년 연말정산 소득공제,전문_정보,"이것을 원천징수라고 합니다.그리고 연말이 되면 근로자가 어느정도를 벌어서 어디에, 어떻게... 연말정산 소득공제 케이펙 세무그룹 대표적인 소득공제 항목은 인적공제입니다. 이것은 조건에 해당하는... ",이것을 원천징수라고 합니다.그리고 연말이 되면 근로자가 어느정도를 벌어서 어디에 어떻게. 연말정산 소득공제 케이펙 세무그룹 대표적인 소득공제 항목은 인적공제입니다. 이것은 조건에 해당하는.,0,Human,85,105,4,21.25,9.60143218483576,47,20,4,2,0,10,0.425531914893617,0.0851063829787234,0.0425531914893617,0.0,0.2127659574468085,0.23529411764705882,0.11764705882352941,0,0,4,0,0,0,0.047058823529411764
2020년 연말정산 3탄! 코로나로 인한 신용카드 소득공제 월별... ,전문_정보,연말정산은 생각보다 시간이 걸렸다. 중간에 귀찮아서 멈출까 했는데 일단 끝내긴 함. 다음엔 조금 더 빨리 할 수 있을 듯. 시간 맞으면 한 번쯤 들를만함. 엄청난 건 아니고 그냥 기록용. 사진은 몇 장 찍었는데 정리는 나중에 해야겠다.,연말정산은 생각보다 시간이 걸렸다. 중간에 귀찮아서 멈출까 했는데 일단 끝내긴 함. 다음엔 조금 더 빨리 할 수 있을 듯. 시간 맞으면 한 번쯤 들를만함. 엄청난 건 아니고 그냥 기록용. 사진은 몇 장 찍었는데 정리는 나중에 해야겠다.,1,AI_v2,96,131,6,16.0,3.0,53,23,10,4,1,8,0.4339622641509434,0.18867924528301888,0.07547169811320754,0.018867924528301886,0.1509433962264151,0.23958333333333334,0.08333333333333333,0,0,6,0,0,0,0.0625
강남 마녀의초대장  / 강남역 맛집/ 강남역 스테이크 / 강남... ,맛집_리뷰,바비가 아주 재밌게 다녀온 전시회 소개할게요^^ 강남역 4 번출구에서 쪼금만 직진하면 쉽게 찾으실 수 있고 성인은 입장료 12000₩ 아동은 8000₩ 2019년2월 22일 까지라고 하니 재밌는 전시회 놓치지 마시고... ,바비가 아주 재밌게 다녀온 전시회 소개할게요 강남역 4 번출구에서 쪼금만 직진하면 쉽게 찾으실 수 있고 성인은 입장료 12000 아동은 8000 2019년2월 22일 까지라고 하니 재밌는 전시회 놓치지 마시고.,0,Human,90,117,1,90.0,0.0,38,15,7,3,0,6,0.39473684210526316,0.18421052631578946,0.07894736842105263,0.0,0.15789473684210525,0.16666666666666666,0.06666666666666667,0,0,1,0,0,0,0.011111111111111112
"홈텍스 연말정산 미리보기 조회 방법, 2020년 소득공제... ",전문_정보,홈텍스 연말정산 미리보기 2020년 소득공제 세액공제 준비 올해도 어김없이 찾아올게 왔습니다. 세금은 국민이라면 꼭 내야하는거죠. 그런데 이 세금 계산이 조금 헷갈리거나 어려울 수 있어요.... ,홈텍스 연말정산 미리보기 2020년 소득공제 세액공제 준비 올해도 어김없이 찾아올게 왔습니다. 세금은 국민이라면 꼭 내야하는거죠. 그런데 이 세금 계산이 조금 헷갈리거나 어려울 수 있어요.,0,Human,82,105,3,27.333333333333332,10.873004286866726,34,18,4,2,1,3,0.5294117647058824,0.11764705882352941,0.058823529411764705,0.029411764705882353,0.08823529411764706,0.21951219512195122,0.036585365853658534,0,0,3,0,0,0,0.036585365853658534
[리뷰] 아이폰11pro 풀커버 강화유리필름 내돈내산 구매후기... ,상품_리뷰,"아이폰11pro 사용해봄. 장점은 간단하고 단점은 기대보다 평범하다는 것. 그래도 당장 쓰기엔 문제 없고, 재구매는 조금 더 봐야 할 듯. 시간 맞으면 한 번쯤 들를만함. 급하게 정한 일정치고는 나쁘지 않았다. 딱히 특별하진 않은데 기억은 남는 편이다.",아이폰11pro 사용해봄. 장점은 간단하고 단점은 기대보다 평범하다는 것. 그래도 당장 쓰기엔 문제 없고 재구매는 조금 더 봐야 할 듯. 시간 맞으면 한 번쯤 들를만함. 급하게 정한 일정치고는 나쁘지 않았다. 딱히 특별하진 않은데 기억은 남는 편이다.,1,AI_v2,106,140,6,17.666666666666668,3.9860869143671325,55,19,11,7,1,8,0.34545454545454546,0.2,0.12727272727272726,0.01818181818181818,0.14545454545454545,0.1792452830188679,0.07547169811320754,0,0,6,0,0,0,0.05660377358490566
연말정산 미리보기 및 올해부터 달라진 소득공제 내용은?,전문_정보,정부에서 10월 30일부터 연말정산 미리보기를 오픈했는데요 연말정산 미리보기 방법과 올해부터... 소득공제=(1200만원-1000만원)*80%=160만원 ※2020년 9월까지 900만원 사용한 경우? ▶ 최저 사용금액 1000만원... ,정부에서 10월 30일부터 연말정산 미리보기를 오픈했는데요 연말정산 미리보기 방법과 올해부터. 소득공제 1200만원 1000만원 80 160만원 2020년 9월까지 900만원 사용한 경우? 최저 사용금액 1000만원.,0,Human,99,121,3,33.0,14.142135623730951,35,14,1,0,0,5,0.4,0.02857142857142857,0.0,0.0,0.14285714285714285,0.1414141414141414,0.050505050505050504,0,0,2,0,1,0,0.030303030303030304
2019년 2월 9일의 일상 &lt;강남 신포다이닝 &amp; 육회먹은연어 &gt;,맛집_리뷰,"웃긴 추억이,,,^_____^ 사람이 바글바글 강남역 맛집 술집 &quot;신포다이닝&quot; 여기는 밥집인듯 술집이에요!!... 신기쓰,,, 강남 맛집 &quot;육회먹은 연어&quot; 너무추워서 옴석 먼저 보내서 자리있는지 확인후 ㅋㅋㅋㅋㅋ 사람이... ",웃긴 추억이 사람이 바글바글 강남역 맛집 술집 신포다이닝 여기는 밥집인듯 술집이에요!. 신기쓰 강남 맛집 육회먹은 연어 너무추워서 옴석 먼저 보내서 자리있는지 확인후 사람이.,0,Human,75,97,2,37.5,0.0,36,20,5,2,2,5,0.5555555555555556,0.1388888888888889,0.05555555555555555,0.05555555555555555,0.1388888888888889,0.26666666666666666,0.06666666666666667,0,0,2,1,0,0,0.04
"강남역 맛집, 고소한 막국수와 제복쟁반 ' 청류벽 '",맛집_리뷰,고소한은 가게 앞에서 잠깐 기다렸다. 메뉴는 금방 정했고 맛은 평범한데 묘하게 계속 먹게 됨. 다음에 지나가면 또 생각날 수도. 시간 맞으면 한 번쯤 들를만함. 엄청난 건 아니고 그냥 기록용. 딱히 특별하진 않은데 기억은 남는 편이다.,고소한은 가게 앞에서 잠깐 기다렸다. 메뉴는 금방 정했고 맛은 평범한데 묘하게 계속 먹게 됨. 다음에 지나가면 또 생각날 수도. 시간 맞으면 한 번쯤 들를만함. 엄청난 건 아니고 그냥 기록용. 딱히 특별하진 않은데 기억은 남는 편이다.,1,AI_v2,97,131,6,16.166666666666668,3.531603350069515,52,21,12,6,0,6,0.40384615384615385,0.23076923076923078,0.11538461538461539,0.0,0.11538461538461539,0.21649484536082475,0.061855670103092786,0,0,6,0,0,0,0.061855670103092786
연말정산 변경된 내용 &amp; 세액공제 혜택 받을 수 있는 꿀팁!,전문_정보,연말정산 변경된을 하면서 생각보다 시간이 빨리 갔다. 중간중간 딴짓도 했지만 마무리는 했다. 그냥 소소한 기록으로 남김. 가격은 막 싸진 않았고 위치는 찾기 쉬운 편. 급하게 정한 일정치고는 나쁘지 않았다. 가격은 막 싸진 않았고 위치는 찾기 쉬운 편.,연말정산 변경된을 하면서 생각보다 시간이 빨리 갔다. 중간중간 딴짓도 했지만 마무리는 했다. 그냥 소소한 기록으로 남김. 가격은 막 싸진 않았고 위치는 찾기 쉬운 편. 급하게 정한 일정치고는 나쁘지 않았다. 가격은 막 싸진 않았고 위치는 찾기 쉬운 편.,1,AI_v2,105,141,6,17.5,3.2015621187164243,57,22,11,5,1,11,0.38596491228070173,0.19298245614035087,0.08771929824561403,0.017543859649122806,0.19298245614035087,0.20952380952380953,0.10476190476190476,0,0,6,0,0,0,0.05714285714285714
모바일 연말정산! 2020년 연말정산 간소화 서비스 알아보기,전문_정보,"그런데, 다들 모바일로도 연말정산 공제 자료 조회와 다운로드가 가능하다는 사실 알고 계시나요? 그동안 PC를 통한 연말정산은 공인인증서 로그인과 각종 보안 프로그램 설치까지 높은 진입장벽으로 참 많이... ",그런데 다들 모바일로도 연말정산 공제 자료 조회와 다운로드가 가능하다는 사실 알고 계시나요? 그동안 PC를 통한 연말정산은 공인인증서 로그인과 각종 보안 프로그램 설치까지 높은 진입장벽으로 참 많이.,0,Human,86,111,2,43.0,3.0,41,22,2,3,2,8,0.5365853658536586,0.04878048780487805,0.07317073170731707,0.04878048780487805,0.1951219512195122,0.2558139534883721,0.09302325581395349,0,0,1,0,1,0,0.023255813953488372
2019년 첫 일상사진 모음,맛집_리뷰,일상사진 모음 먹어봄. 맛은 괜찮았고 특별히 불편한 건 없었다. 가게가 조금 북적여서 오래 앉아있긴 애매했고 그냥 식사하고 나오기 좋음. 시간 맞으면 한 번쯤 들를만함. 시간 맞으면 한 번쯤 들를만함. 딱히 특별하진 않은데 기억은 남는 편이다.,일상사진 모음 먹어봄. 맛은 괜찮았고 특별히 불편한 건 없었다. 가게가 조금 북적여서 오래 앉아있긴 애매했고 그냥 식사하고 나오기 좋음. 시간 맞으면 한 번쯤 들를만함. 시간 맞으면 한 번쯤 들를만함. 딱히 특별하진 않은데 기억은 남는 편이다.,1,AI_v2,102,136,6,17.0,6.8068592855540455,52,18,11,8,1,6,0.34615384615384615,0.21153846153846154,0.15384615384615385,0.019230769230769232,0.11538461538461539,0.17647058823529413,0.058823529411764705,0,0,6,0,0,0,0.058823529411764705
[강남역 맛집] 바비레드 추천,맛집_리뷰,오랜만에 강남역에서 친구를 만났습니다 오늘의 선택은 파스타파스타 그래서 강남역 맛집 바비레드에... *참고사항* ★ 2019년 10월18일 ~2020년 1월 5일까지 ★ 방탄소년단 팝업스토어 기간 이래요! 강남역 맛집... ,오랜만에 강남역에서 친구를 만났습니다 오늘의 선택은 파스타파스타 그래서 강남역 맛집 바비레드에. 참고사항 2019년 10월18일 ~2020년 1월 5일까지 방탄소년단 팝업스토어 기간 이래요! 강남역 맛집.,0,Human,92,114,3,30.666666666666668,17.441967269268172,40,19,2,0,1,6,0.475,0.05,0.0,0.025,0.15,0.20652173913043478,0.06521739130434782,0,0,2,1,0,1,0.043478260869565216
"보너스, 2020년 연말정산 - 4... 팁, 연말정산 세액공제 강의... ",전문_정보,"9 취학전 아동 학원비 10 종교단체, 사회복지단체, 시민단체 등 지정기부금 #2020년연말정산#연말정산대행하지않고#연말정산세액공제#기부금세액공제#교육비세액공제#보험료세액공제#의료비세액공제",9 취학전 아동 학원비 10 종교단체 사회복지단체 시민단체 등 지정기부금,0,Human,31,40,1,31.0,0.0,17,14,0,0,0,0,0.8235294117647058,0.0,0.0,0.0,0.0,0.45161290322580644,0.0,0,0,0,0,0,0,0.0
신용카드 연말정산 소득공제 2020년 한시적 혜택? 눈 가리고... ,전문_정보,"요즘 신용카드 연말정산 때문에 생각이 많았는데, 직접 해보니 생각보다 어렵지 않았어요. 천천히 정리하니 마음도 조금 편해진 느낌입니다. 전체적으로 무난하면서도 기분 좋게 마무리할 수 있었어요. 다음에는 조금 더 여유 있게 다시 가보고 싶어요.",요즘 신용카드 연말정산 때문에 생각이 많았는데 직접 해보니 생각보다 어렵지 않았어요. 천천히 정리하니 마음도 조금 편해진 느낌입니다. 전체적으로 무난하면서도 기분 좋게 마무리할 수 있었어요. 다음에는 조금 더 여유 있게 다시 가보고 싶어요.,1,AI_v1,103,134,4,25.75,6.7592529172978875,47,21,7,7,1,6,0.44680851063829785,0.14893617021276595,0.14893617021276595,0.02127659574468085,0.1276595744680851,0.20388349514563106,0.05825242718446602,0,0,4,0,0,0,0.038834951456310676
아이폰 11 pro 프로 가로수길 애플스토어 구매 보고서,상품_리뷰,원래는 아이폰 11 컬러가 너무 예쁘게 나와서 11로 사려고 했는데 #카메라 광각과 인물모드 시 망원... #내돈내산 이지만 기록 용으로 언박싱 역시 애플다운 깔끔한 구성 얼핏 봤을 때 #에어팟 인 줄 알았는데... ,원래는 아이폰 11 컬러가 너무 예쁘게 나와서 11로 사려고 했는데 광각과 인물모드 시 망원. 이지만 기록 용으로 언박싱 역시 애플다운 깔끔한 구성 얼핏 봤을 때 인 줄 알았는데.,0,Human,73,100,2,36.5,2.5,38,21,4,2,1,6,0.5526315789473685,0.10526315789473684,0.05263157894736842,0.02631578947368421,0.15789473684210525,0.2876712328767123,0.0821917808219178,0,0,2,0,0,0,0.0273972602739726
"구매리뷰] 가격과 성능, 내돈내산 솔직후기 (아이폰11과 비교)",상품_리뷰,"(미치겠구만) 서비스 센터에 가도 잡지 못하고 결국 나의 호주산 아이폰은 마이크가 사망하시고, 난 핸드폰을 부랴부랴 알아보기 시작했다. 아이폰에 사진과 영상도 많고, 메모장에 적어둔것도 많아... ",미치겠구만 서비스 센터에 가도 잡지 못하고 결국 나의 호주산 아이폰은 마이크가 사망하시고 난 핸드폰을 부랴부랴 알아보기 시작했다. 아이폰에 사진과 영상도 많고 메모장에 적어둔것도 많아.,0,Human,80,103,2,40.0,16.0,40,19,5,3,1,10,0.475,0.125,0.075,0.025,0.25,0.2375,0.125,0,0,2,0,0,0,0.025
분위기 좋은 강남역 맛집 푸짐하고 맛있는 바비레드,맛집_리뷰,분위기에서 식사했는데 분위기가 너무 시끄럽지 않아 편했어요. 대표 메뉴가 깔끔했고 가격도 크게 부담스럽지 않아서 한 번쯤 가볼 만했답니다. 기대보다 편하게 즐길 수 있어서 만족스러운 시간이었답니다. 전체적으로 무난하면서도 기분 좋게 마무리할 수 있었어요.,분위기에서 식사했는데 분위기가 너무 시끄럽지 않아 편했어요. 대표 메뉴가 깔끔했고 가격도 크게 부담스럽지 않아서 한 번쯤 가볼 만했답니다. 기대보다 편하게 즐길 수 있어서 만족스러운 시간이었답니다. 전체적으로 무난하면서도 기분 좋게 마무리할 수 있었어요.,1,AI_v1,111,142,4,27.75,3.112474899497183,50,18,10,8,1,7,0.36,0.2,0.16,0.02,0.14,0.16216216216216217,0.06306306306306306,3,0,4,0,0,0,0.036036036036036036
북포유 아이폰11 유화케이스 내돈내산리뷰,상품_리뷰,"북포유는 가볍게 써보기 좋은 제품이었어요. 기대를 너무 크게 하지 않으면 만족도가 높고, 실사용 기준으로는 꽤 괜찮게 느껴졌답니다. 짧게 들렀지만 생각보다 알차게 시간을 보냈어요. 처음 가보는 분들도 크게 부담 없이 즐길 수 있을 것 같아요.",북포유는 가볍게 써보기 좋은 제품이었어요. 기대를 너무 크게 하지 않으면 만족도가 높고 실사용 기준으로는 꽤 괜찮게 느껴졌답니다. 짧게 들렀지만 생각보다 알차게 시간을 보냈어요. 처음 가보는 분들도 크게 부담 없이 즐길 수 있을 것 같아요.,1,AI_v1,101,134,4,25.25,7.013380069552769,50,19,9,8,2,7,0.38,0.18,0.16,0.04,0.14,0.18811881188118812,0.06930693069306931,2,0,4,0,0,0,0.039603960396039604
"아이폰11 에어슬림 케이스 화이트, 블랙 (#내돈내산 , #재구매)",상품_리뷰,"이웃분들 라벤더킴 #내돈내산 리뷰 타임이에요〰️ 최근에 구매하였던 아이폰 11 에어슬림 케이스 레드를 두달여간 써보고 너무 마음에 들어서 이번에 화이트, 블랙 색상 재구매로 겟 해왔어요! 화이트 , 블랙... ",이웃분들 라벤더킴 리뷰 타임이에요 최근에 구매하였던 아이폰 11 에어슬림 케이스 레드를 두달여간 써보고 너무 마음에 들어서 이번에 화이트 블랙 색상 재구매로 겟 해왔어요! 화이트 블랙.,0,Human,79,103,2,39.5,33.5,41,24,4,0,1,6,0.5853658536585366,0.0975609756097561,0.0,0.024390243902439025,0.14634146341463414,0.3037974683544304,0.0759493670886076,0,0,1,1,0,0,0.02531645569620253
아이폰11 갤럭시노트10... 로고 케이스 혜봉케이스 내돈내산,상품_리뷰,"가볍게 아이폰11 후기 남겨보면, 처음엔 반신반의했지만 써볼수록 편한 점이 많았어요. 아쉬운 부분도 있지만 재구매를 고민할 정도는 됩니다. 개인적으로는 너무 과하지 않은 점이 마음에 들었어요. 짧게 들렀지만 생각보다 알차게 시간을 보냈어요.",가볍게 아이폰11 후기 남겨보면 처음엔 반신반의했지만 써볼수록 편한 점이 많았어요. 아쉬운 부분도 있지만 재구매를 고민할 정도는 됩니다. 개인적으로는 너무 과하지 않은 점이 마음에 들었어요. 짧게 들렀지만 생각보다 알차게 시간을 보냈어요.,1,AI_v1,104,133,4,26.0,6.4031242374328485,52,16,12,7,1,10,0.3076923076923077,0.23076923076923078,0.1346153846153846,0.019230769230769232,0.19230769230769232,0.15384615384615385,0.09615384615384616,0,0,4,0,0,0,0.038461538461538464
【알고가요~】2020년 연말정산 소득공제 준비 하고 계신가요?,전문_정보,"오늘은 【알고가요~】 연말정산에 대해 짧게 남겨봅니다. 큰 기대 없이 시작했는데 생각보다 만족스러웠고, 다음에도 비슷하게 해보고 싶어요. 사진으로 남겨두기에도 괜찮아서 기억에 오래 남을 것 같아요. 기대보다",오늘은 알고가요~ 연말정산에 대해 짧게 남겨봅니다. 큰 기대 없이 시작했는데 생각보다 만족스러웠고 다음에도 비슷하게 해보고 싶어요. 사진으로 남겨두기에도 괜찮아서 기억에 오래 남을 것 같아요. 기대보다,1,AI_v1,88,112,4,22.0,10.894379284750462,41,13,8,5,2,9,0.3170731707317073,0.1951219512195122,0.12195121951219512,0.04878048780487805,0.21951219512195122,0.14772727272727273,0.10227272727272728,1,0,3,0,0,1,0.045454545454545456
[애플] 아이폰11 퍼플 128GB 같이 언박싱해요! 내돈내산 후기,상품_리뷰,"아이폰11 사진 찍어두고 비교해봤다. 실제 색감이나 느낌은 화면이랑 조금 달랐고, 쓰다 보니 익숙해졌다. 기록용으로 남겨둠. 다음엔 다른 메뉴도 봐야 할 듯. 이런 곳도 있었네 싶었다. 딱히 특별하진 않은데 기억은 남는 편이다.",아이폰11 사진 찍어두고 비교해봤다. 실제 색감이나 느낌은 화면이랑 조금 달랐고 쓰다 보니 익숙해졌다. 기록용으로 남겨둠. 다음엔 다른 메뉴도 봐야 할 듯. 이런 곳도 있었네 싶었다. 딱히 특별하진 않은데 기억은 남는 편이다.,1,AI_v2,96,126,6,16.0,6.2182527020592095,50,17,13,5,0,8,0.34,0.26,0.1,0.0,0.16,0.17708333333333334,0.08333333333333333,0,0,6,0,0,0,0.0625
2019년 8월 마지막주 아이폰 일상 (전주 구례 전라도여행),맛집_리뷰,8월 마지막주에서 밥 먹었다. 맛은 자극적이지 않았고 가격도 요즘 기준으로는 평범했다. 근처 약속 있을 때 한 끼 해결하기 괜찮은 곳. 사람이 좀 있어서 조용한 느낌은 아니었음. 사진은 몇 장 찍었는데 정리는 나중에 해야겠다.,8월 마지막주에서 밥 먹었다. 맛은 자극적이지 않았고 가격도 요즘 기준으로는 평범했다. 근처 약속 있을 때 한 끼 해결하기 괜찮은 곳. 사람이 좀 있어서 조용한 느낌은 아니었음. 사진은 몇 장 찍었는데 정리는 나중에 해야겠다.,1,AI_v2,94,126,5,18.8,3.867815921162743,51,22,6,6,0,10,0.43137254901960786,0.11764705882352941,0.11764705882352941,0.0,0.19607843137254902,0.23404255319148937,0.10638297872340426,0,0,5,0,0,0,0.05319148936170213
2020년 연말정산 진행 중! 올해부터 달라진 연말정산 주요... ,전문_정보,실손의료보험금 의료비 세액공제에서 제외 -근로자 본인과 기본공제대상자를 위해 지출한... com/ntscafe/221750138372) 지금까지 2020년 개정된 연말정산 주요 내용을 알아보았습니다!! 위의 내용 외에도 달라진... ,실손의료보험금 의료비 세액공제에서 제외 근로자 본인과 기본공제대상자를 위해 지출한. com ntscafe 221750138372 지금까지 2020년 개정된 연말정산 주요 내용을 알아보았습니다! 위의 내용 외에도 달라진.,0,Human,100,122,3,33.333333333333336,16.659998666133067,43,21,3,0,0,8,0.4883720930232558,0.06976744186046512,0.0,0.0,0.18604651162790697,0.21,0.08,0,0,2,1,0,0,0.03
"[강남역 밥집] 강남역 맛집,밥집,저렴한 가격에 스테이크를... ",맛집_리뷰,강남역에서 식사했는데 분위기가 너무 시끄럽지 않아 편했어요. 대표 메뉴가 깔끔했고 가격도 크게 부담스럽지 않아서 한 번쯤 가볼 만했답니다. 사진으로 남겨두기에도 괜찮아서 기억에 오래 남을 것 같아요. 짧게 들렀지만 생각보다 알차게 시간을 보냈어요.,강남역에서 식사했는데 분위기가 너무 시끄럽지 않아 편했어요. 대표 메뉴가 깔끔했고 가격도 크게 부담스럽지 않아서 한 번쯤 가볼 만했답니다. 사진으로 남겨두기에도 괜찮아서 기억에 오래 남을 것 같아요. 짧게 들렀지만 생각보다 알차게 시간을 보냈어요.,1,AI_v1,107,138,4,26.75,4.264680527307995,51,17,9,7,2,11,0.3333333333333333,0.17647058823529413,0.13725490196078433,0.0392156862745098,0.21568627450980393,0.1588785046728972,0.102803738317757,3,0,4,0,0,0,0.037383177570093455
연말정산 세액공제 소득공제 차이는 무엇일까?,전문_정보,연말정산은 별일 아닌 듯해도 막상 겪어보니 나름 의미가 있었어요. 작은 변화였지만 하루 분위기가 달라져서 기분 좋게 마무리했답니다. 개인적으로는 너무 과하지 않은 점이 마음에 들었어요. 사진으로 남겨두기에도 괜찮아서 기억에 오래 남을 것 같아요.,연말정산은 별일 아닌 듯해도 막상 겪어보니 나름 의미가 있었어요. 작은 변화였지만 하루 분위기가 달라져서 기분 좋게 마무리했답니다. 개인적으로는 너무 과하지 않은 점이 마음에 들었어요. 사진으로 남겨두기에도 괜찮아서 기억에 오래 남을 것 같아요.,1,AI_v1,106,137,4,26.5,2.29128784747792,53,20,10,6,2,10,0.37735849056603776,0.18867924528301888,0.11320754716981132,0.03773584905660377,0.18867924528301888,0.18867924528301888,0.09433962264150944,2,0,4,0,0,0,0.03773584905660377
연말정산 세액공제 소득공제 차이는 무엇일까?,전문_정보,연말정산 세액공제 기록. 특별한 건 없고 그냥 그런 하루였다. 그래도 남겨두면 나중에 다시 볼 때 생각날 것 같음. 사진은 몇 장 찍었는데 정리는 나중에 해야겠다. 사람이 좀 있어서 조용한 느낌은 아니었음. 다음엔 다른 메뉴도 봐야 할 듯.,연말정산 세액공제 기록. 특별한 건 없고 그냥 그런 하루였다. 그래도 남겨두면 나중에 다시 볼 때 생각날 것 같음. 사진은 몇 장 찍었는데 정리는 나중에 해야겠다. 사람이 좀 있어서 조용한 느낌은 아니었음. 다음엔 다른 메뉴도 봐야 할 듯.,1,AI_v2,98,134,6,16.333333333333332,3.636237371545238,54,24,8,7,1,8,0.4444444444444444,0.14814814814814814,0.12962962962962962,0.018518518518518517,0.14814814814814814,0.24489795918367346,0.08163265306122448,0,0,6,0,0,0,0.061224489795918366
2020년 귀속 연말정산 총정리,전문_정보,귀속 사진 몇 장 찍어뒀다. 나중에 보면 별거 아닐 수도 있는데 그때 분위기가 있어서 남겨둠. 정리는 천천히 해야겠다. 급하게 정한 일정치고는 나쁘지 않았다. 사진은 몇 장 찍었는데 정리는 나중에 해야겠다. 사람이 좀 있어서 조용한 느낌은 아니었음.,귀속 사진 몇 장 찍어뒀다. 나중에 보면 별거 아닐 수도 있는데 그때 분위기가 있어서 남겨둠. 정리는 천천히 해야겠다. 급하게 정한 일정치고는 나쁘지 않았다. 사진은 몇 장 찍었는데 정리는 나중에 해야겠다. 사람이 좀 있어서 조용한 느낌은 아니었음.,1,AI_v2,104,139,6,17.333333333333332,5.497474167490214,54,20,9,8,1,10,0.37037037037037035,0.16666666666666666,0.14814814814814814,0.018518518518518517,0.18518518518518517,0.19230769230769232,0.09615384615384616,0,0,6,0,0,0,0.057692307692307696
개정된 2020년 &quot;연말정산 소득공제&quot; 모두보기...,전문_정보,연말정산 소득공제 2020 올해 확대된 소득공제 2020년 연말정산이 다가왔습니다. 특히 올해는 코로나19... 연말정산이란 무엇인가? 연말정산은 근로자가 한 해 동안 납부한 근로소득세를 정산하는 것을... ,연말정산 소득공제 2020 올해 확대된 소득공제 2020년 연말정산이 다가왔습니다. 특히 올해는 코로나19. 연말정산이란 무엇인가? 연말정산은 근로자가 한 해 동안 납부한 근로소득세를 정산하는 것을.,0,Human,89,111,4,22.25,11.691342951089922,40,19,4,0,1,9,0.475,0.1,0.0,0.025,0.225,0.21348314606741572,0.10112359550561797,0,0,3,0,1,0,0.0449438202247191
연말정산 소득공제 총정리 :2020 꼭 챙겨야 할 공제부분 정리,전문_정보,"연말정산에 대해서 포스팅 해볼건데요~!! 기본 개념부터 2020년에 바뀌는 정책까지 총 정리해볼게요!... 3월쯤 정산 받는 절차에요. 2020 꼭 챙겨야 할 변화 사항 해마다 연말정산의 정책은 소득공제, 세액공제... ",연말정산에 대해서 포스팅 해볼건데요~! 기본 개념부터 2020년에 바뀌는 정책까지 총 정리해볼게요!. 3월쯤 정산 받는 절차에요. 2020 꼭 챙겨야 할 변화 사항 해마다 연말정산의 정책은 소득공제 세액공제.,0,Human,91,116,4,22.75,8.077747210701755,42,19,6,0,1,7,0.4523809523809524,0.14285714285714285,0.0,0.023809523809523808,0.16666666666666666,0.2087912087912088,0.07692307692307693,0,0,3,2,0,1,0.06593406593406594
유나이티드 갤러리 2019년 5월 U매거진_넷째주 전시_박소이... ,맛집_리뷰,"유나이티드 갔다옴. 대기 조금 있었고 메뉴는 생각보다 빨리 나왔다. 맛은 무난, 양은 적당한 편이라 근처에서 밥 먹을 때 참고할 만함. 딱히 특별하진 않은데 기억은 남는 편이다. 사람이 좀 있어서 조용한 느낌은 아니었음.",유나이티드 갔다옴. 대기 조금 있었고 메뉴는 생각보다 빨리 나왔다. 맛은 무난 양은 적당한 편이라 근처에서 밥 먹을 때 참고할 만함. 딱히 특별하진 않은데 기억은 남는 편이다. 사람이 좀 있어서 조용한 느낌은 아니었음.,1,AI_v2,91,122,5,18.2,5.455272678794342,49,20,6,7,1,9,0.40816326530612246,0.12244897959183673,0.14285714285714285,0.02040816326530612,0.1836734693877551,0.21978021978021978,0.0989010989010989,0,0,5,0,0,0,0.054945054945054944
강남역 맛집 / 5000원 냉삼 회식장소로 좋은 수입식당,맛집_리뷰,5000원 냉삼 기록. 자리 간격은 넓진 않았고 음식은 바로 먹기 괜찮았다. 막 특별하진 않은데 배고플 때 들르면 나쁘지 않은 정도. 급하게 정한 일정치고는 나쁘지 않았다. 급하게 정한 일정치고는 나쁘지 않았다. 엄청난 건 아니고 그냥 기록용.,5000원 냉삼 기록. 자리 간격은 넓진 않았고 음식은 바로 먹기 괜찮았다. 막 특별하진 않은데 배고플 때 들르면 나쁘지 않은 정도. 급하게 정한 일정치고는 나쁘지 않았다. 급하게 정한 일정치고는 나쁘지 않았다. 엄청난 건 아니고 그냥 기록용.,1,AI_v2,102,136,6,17.0,4.58257569495584,48,18,6,11,0,6,0.375,0.125,0.22916666666666666,0.0,0.125,0.17647058823529413,0.058823529411764705,0,0,6,0,0,0,0.058823529411764705
아이폰 11 Pro Max/ 아이폰 6s와 비교(내돈내산 개봉기),상품_리뷰,드디어 아이폰 11 Pro 구입했어요! 256기가라 사진도 넉넉하게 저장해서 좋고요. 광각렌즈와 줌렌즈까지 세 개의 렌즈가 열일하는 카메라가 장착된 아이폰입니다. 얼마 전에 남편이 먼저 구입한 아이폰 11 Pro... ,드디어 아이폰 11 Pro 구입했어요! 256기가라 사진도 넉넉하게 저장해서 좋고요. 광각렌즈와 줌렌즈까지 세 개의 렌즈가 열일하는 카메라가 장착된 아이폰입니다. 얼마 전에 남편이 먼저 구입한 아이폰 11 Pro.,0,Human,93,119,4,23.25,6.417748826496718,49,20,3,3,1,10,0.40816326530612246,0.061224489795918366,0.061224489795918366,0.02040816326530612,0.20408163265306123,0.21505376344086022,0.10752688172043011,1,0,3,1,0,0,0.043010752688172046
분위기 좋은 강남역 맛집 푸짐하고 맛있는 바비레드,맛집_리뷰,강남역 맛집/ BTS 팝업스토어 맛집 강남 데이트 코스로 좋은 바비레드 강남본점 안녕하세요. Emily에요~ 벌써 2019년의 마지막 날이네요.. 요즘 회사랑 집근처만 다니다보니 오랜만에 분위기 좋고 맛도 좋은 곳에서... ,강남역 맛집 BTS 팝업스토어 맛집 강남 데이트 코스로 좋은 바비레드 강남본점 안녕하세요. Emily에요~ 벌써 2019년의 마지막 날이네요. 요즘 회사랑 집근처만 다니다보니 오랜만에 분위기 좋고 맛도 좋은 곳에서.,0,Human,94,120,3,31.333333333333332,6.128258770283411,45,22,3,4,0,7,0.4888888888888889,0.06666666666666667,0.08888888888888889,0.0,0.15555555555555556,0.23404255319148937,0.07446808510638298,0,0,3,0,0,1,0.0425531914893617
[강남역 맛집] ‘라공방’에서 마라탕&amp;꿔바로우를 먹었어요!... ,맛집_리뷰,2019년 상반기부터 쭉- 인기를 끌고 있는 매콤한 중국음식 마라탕 혹시 드셔보셨나요?? 스스로... 친구들과 강남역에 갔다가 친구들과 함께 도전해봤습니다!! 라공방 강남2호 본점 서울특별시 강남구... ,2019년 상반기부터 쭉 인기를 끌고 있는 매콤한 중국음식 마라탕 혹시 드셔보셨나요? 스스로. 친구들과 강남역에 갔다가 친구들과 함께 도전해봤습니다! 라공방 강남2호 본점 서울특별시 강남구.,0,Human,84,106,4,21.0,11.937336386313323,43,19,4,2,1,8,0.4418604651162791,0.09302325581395349,0.046511627906976744,0.023255813953488372,0.18604651162790697,0.2261904761904762,0.09523809523809523,0,0,2,1,1,0,0.047619047619047616
2020년 홈택스 연말정산 소득공제 금액 미리보기 서비스 오픈,전문_정보,2020년 올해분 연말정산에서 카드 소득공제가 확대돼 이용액에 따라서는 작년보다 더 큰 절세효과를... 따라 공제율이 다르므로 미리보기 서비스를 이용하면 연말까지 어떤 결제수단을 얼마나 더 사용해야... ,2020년 올해분 연말정산에서 카드 소득공제가 확대돼 이용액에 따라서는 작년보다 더 큰 절세효과를. 따라 공제율이 다르므로 미리보기 서비스를 이용하면 연말까지 어떤 결제수단을 얼마나 더 사용해야.,0,Human,86,109,2,43.0,1.0,45,21,5,2,0,10,0.4666666666666667,0.1111111111111111,0.044444444444444446,0.0,0.2222222222222222,0.2441860465116279,0.11627906976744186,0,0,2,0,0,0,0.023255813953488372
케이스티파이(CASETiFY) 아이폰11 Pro 케이스 구매하기,상품_리뷰,"케이스티파이는 직접 써보니 장단점이 분명했어요. 그래도 가격이나 사용감까지 생각하면 꽤 무난했고, 필요한 분들께는 참고가 될 것 같아요. 전체적으로 무난하면서도 기분 좋게 마무리할 수 있었어요. 다음에는 조금 더 여유 있게 다시 가보고 싶어요.",케이스티파이는 직접 써보니 장단점이 분명했어요. 그래도 가격이나 사용감까지 생각하면 꽤 무난했고 필요한 분들께는 참고가 될 것 같아요. 전체적으로 무난하면서도 기분 좋게 마무리할 수 있었어요. 다음에는 조금 더 여유 있게 다시 가보고 싶어요.,1,AI_v1,104,135,4,26.0,6.59545297913646,52,22,11,6,1,6,0.4230769230769231,0.21153846153846154,0.11538461538461539,0.019230769230769232,0.11538461538461539,0.21153846153846154,0.057692307692307696,2,0,4,0,0,0,0.038461538461538464
의료비 소득공제 한도 무제한? 2020년 연말정산 의료비 한도... ,전문_정보,"새로 생긴 의료비공제:산후조리원 (2020년 연말정산부터 적용) 총급여액이 7천만 원 이하인 근로자가 산후조리 및 요양의 대가로 지급하는 비용으로, 출산 1회당 200만 원 이내의 금액이 의료비 세액공제 대상에... ",새로 생긴 의료비공제 산후조리원 2020년 연말정산부터 적용 총급여액이 7천만 원 이하인 근로자가 산후조리 및 요양의 대가로 지급하는 비용으로 출산 1회당 200만 원 이내의 금액이 의료비 세액공제 대상에.,0,Human,89,115,1,89.0,0.0,46,26,2,1,0,10,0.5652173913043478,0.043478260869565216,0.021739130434782608,0.0,0.21739130434782608,0.29213483146067415,0.11235955056179775,0,0,1,0,0,0,0.011235955056179775
강남역커피빈/강남역맛집/스트릿(strEAT)/사당역맛집/연안식당... ,맛집_리뷰,2019년이 4개월 밖에 남지 않았다는.... 시간 정말 빠르구나...ㅎㅎㅎㅎㅎ 9월도 추석 있어서 후딱 갈 듯...ㅎㅎㅎ 7월 일상 후딱 마무리 하러 가볼까낭?ㅋㅋㅋ 퇴근하고 약속이 있어서 강남으로. 강남역 커피빈... ,2019년이 4개월 밖에 남지 않았다는. 시간 정말 빠르구나. 9월도 추석 있어서 후딱 갈 듯. 7월 일상 후딱 마무리 하러 가볼까낭? 퇴근하고 약속이 있어서 강남으로. 강남역 커피빈.,0,Human,78,103,6,13.0,3.872983346207417,39,14,4,3,2,4,0.358974358974359,0.10256410256410256,0.07692307692307693,0.05128205128205128,0.10256410256410256,0.1794871794871795,0.05128205128205128,0,0,5,0,1,0,0.07692307692307693
아이폰 11PRO 펭수 폰케이스 내돈내산,상품_리뷰,며칠 동안 아이폰을 써봤는데 생각보다 손이 자주 가더라고요. 사용법도 어렵지 않고 마감도 괜찮아서 전체적으로 만족했어요. 처음 가보는 분들도 크게 부담 없이 즐길 수 있을 것 같아요. 개인적으로는 너무 과하지 않은 점이 마음에 들었어요.,며칠 동안 아이폰을 써봤는데 생각보다 손이 자주 가더라고요. 사용법도 어렵지 않고 마감도 괜찮아서 전체적으로 만족했어요. 처음 가보는 분들도 크게 부담 없이 즐길 수 있을 것 같아요. 개인적으로는 너무 과하지 않은 점이 마음에 들었어요.,1,AI_v1,100,132,4,25.0,1.5811388300841898,52,20,9,5,2,9,0.38461538461538464,0.17307692307692307,0.09615384615384616,0.038461538461538464,0.17307692307692307,0.2,0.09,3,0,4,0,0,0,0.04
[연말정산] 2020년 교육비 연말정산 세액공제 혜택... ,전문_정보,오늘은 자녀가 있으신 분들이 궁금해하실 것 같은 '2020년 교육비 연말정산' 세액공제 혜택들에 대하여 정리해보고자 한다. 교육비 세액공제는 무엇인가? 근로자아 해당 년도에서 지출한 교육비들 중 공제한도... ,오늘은 자녀가 있으신 분들이 궁금해하실 것 같은 2020년 교육비 연말정산 세액공제 혜택들에 대하여 정리해보고자 한다. 교육비 세액공제는 무엇인가? 근로자아 해당 년도에서 지출한 교육비들 중 공제한도.,0,Human,88,112,3,29.333333333333332,16.539514973407037,45,23,2,3,0,10,0.5111111111111111,0.044444444444444446,0.06666666666666667,0.0,0.2222222222222222,0.26136363636363635,0.11363636363636363,0,0,2,0,1,0,0.03409090909090909
"아이폰11프로 케이스, 주파집... 링케  에어S케이스 내돈내산 비교",상품_리뷰,"아이폰11프로 케이스를 며칠 써봤다. 기능은 평범하지만 안정적이고, 크게 거슬리는 부분은 없었다. 필요한 사람한테는 괜찮은 선택일 듯. 가격은 막 싸진 않았고 위치는 찾기 쉬운 편. 기대치를 낮추고 가면 무난한 정도.",아이폰11프로 케이스를 며칠 써봤다. 기능은 평범하지만 안정적이고 크게 거슬리는 부분은 없었다. 필요한 사람한테는 괜찮은 선택일 듯. 가격은 막 싸진 않았고 위치는 찾기 쉬운 편. 기대치를 낮추고 가면 무난한 정도.,1,AI_v2,92,120,5,18.4,3.9293765408777,50,21,7,5,0,9,0.42,0.14,0.1,0.0,0.18,0.22826086956521738,0.09782608695652174,0,0,5,0,0,0,0.05434782608695652
2020년 연말정산 소득공제 4배로 늘어난다.,전문_정보,"총급여가 5,500만원 이하인 50세 이상 근로자는 세액공제 대상 금액의 16.5%, 5,500만원 이상은 13.2%를 연말정산 때 환급 받을 수 있다. 올 연말 세테크 준비를 잘해야 13월의 보너스를 받을 수 있을... ",총급여가 5 500만원 이하인 50세 이상 근로자는 세액공제 대상 금액의 16.5 5 500만원 이상은 13.2 를 연말정산 때 환급 받을 수 있다. 올 연말 세테크 준비를 잘해야 13월의 보너스를 받을 수 있을.,0,Human,88,119,4,22.0,8.514693182963201,45,21,3,2,0,6,0.4666666666666667,0.06666666666666667,0.044444444444444446,0.0,0.13333333333333333,0.23863636363636365,0.06818181818181818,0,0,4,0,0,0,0.045454545454545456
2020년 연말정산 소득공제 총정리!,전문_정보,"오늘은 연말정산에 대해 짧게 남겨봅니다. 큰 기대 없이 시작했는데 생각보다 만족스러웠고, 다음에도 비슷하게 해보고 싶어요. 다음에는 조금 더 여유 있게 다시 가보고 싶어요. 짧게 들렀지만 생각보다 알차게 시간을 보냈어요.",오늘은 연말정산에 대해 짧게 남겨봅니다. 큰 기대 없이 시작했는데 생각보다 만족스러웠고 다음에도 비슷하게 해보고 싶어요. 다음에는 조금 더 여유 있게 다시 가보고 싶어요. 짧게 들렀지만 생각보다 알차게 시간을 보냈어요.,1,AI_v1,94,122,4,23.5,6.726812023536855,42,14,10,6,1,7,0.3333333333333333,0.23809523809523808,0.14285714285714285,0.023809523809523808,0.16666666666666666,0.14893617021276595,0.07446808510638298,0,0,4,0,0,0,0.0425531914893617
2020년 연말정산 한시적으로 달라지는 신용카드소득공제,전문_정보,연말정산과 관련된 법안은 세율과 신용카드 관련 내용 정도인데요. 그 중 신용카드 관련 내용을 살펴보면.. 신용카드 소득공제 한도를 2020년도에 한하여 30만원 인상한다는 내용이네요. 3월부터... ,연말정산과 관련된 법안은 세율과 신용카드 관련 내용 정도인데요. 그 중 신용카드 관련 내용을 살펴보면. 신용카드 소득공제 한도를 2020년도에 한하여 30만원 인상한다는 내용이네요. 3월부터.,0,Human,85,107,4,21.25,11.776565713313877,41,19,3,0,0,7,0.4634146341463415,0.07317073170731707,0.0,0.0,0.17073170731707318,0.2235294117647059,0.08235294117647059,0,0,4,0,0,0,0.047058823529411764
알면 득이 되는 연말정산 꿀팁! 2020년 달라지는 연말정산... ,전문_정보,알면을 하면서 오랜만에 여유를 느꼈어요. 바쁜 와중에 잠깐 쉬어가는 시간이 생긴 것 같아서 꽤 괜찮은 하루였답니다. 다음에는 조금 더 여유 있게 다시 가보고 싶어요. 처음 가보는 분들도 크게 부담 없이 즐길 수 있을 것 같아요. 전체적으로 무난하면서도 기분 좋게 마무리할 수 있었어요.,알면을 하면서 오랜만에 여유를 느꼈어요. 바쁜 와중에 잠깐 쉬어가는 시간이 생긴 것 같아서 꽤 괜찮은 하루였답니다. 다음에는 조금 더 여유 있게 다시 가보고 싶어요. 처음 가보는 분들도 크게 부담 없이 즐길 수 있을 것 같아요. 전체적으로 무난하면서도 기분 좋게 마무리할 수 있었어요.,1,AI_v1,118,159,5,23.6,4.498888751680797,60,24,12,8,1,7,0.4,0.2,0.13333333333333333,0.016666666666666666,0.11666666666666667,0.2033898305084746,0.059322033898305086,2,0,5,0,0,0,0.0423728813559322
내돈내산) 아이폰12 미니 케이스 / cacetify,상품_리뷰,아이폰11를 쓰다가 아이폰12 미니로 바꾸면서 #CASETIFY를 주문했다 11월 말에 주문해서 배달은 보통... casetify.com/ &amp; #아이폰12미니케이스 #casetify #아이폰케이스 #아이폰케이스추천 #아이폰11 #내돈내산,아이폰11를 쓰다가 아이폰12 미니로 바꾸면서 주문했다 11월 말에 주문해서 배달은 보통. casetify.com,0,Human,52,63,3,17.333333333333332,15.923427883328248,21,9,4,0,0,3,0.42857142857142855,0.19047619047619047,0.0,0.0,0.14285714285714285,0.17307692307692307,0.057692307692307696,0,0,2,0,0,0,0.038461538461538464
[내돈내산 리뷰]케이안 강화유리 아이폰 11 -크리스탈아머... ,상품_리뷰,안녕하세요 리뷰 전문 설이입니다 오늘은 저번 아이패드 프로 3 ESR 강화유리에 이어서 아이폰 11 케이안... 저 상태로 1년 정도 쓰다가 이번에 아이폰11으로 교체! 아이폰도 중고로 구매했습니다. 중고 물건을... ,안녕하세요 리뷰 전문 설이입니다 오늘은 저번 아이패드 프로 3 ESR 강화유리에 이어서 아이폰 11 케이안. 저 상태로 1년 정도 쓰다가 이번에 아이폰11으로 교체! 아이폰도 중고로 구매했습니다. 중고 물건을.,0,Human,90,117,4,22.5,14.99166435056495,45,22,2,2,1,9,0.4888888888888889,0.044444444444444446,0.044444444444444446,0.022222222222222223,0.2,0.24444444444444444,0.1,0,0,3,1,0,0,0.044444444444444446
"강남역 맛집 바비레드(양식, 2019년 봄)  데이트 맛집에 필요한... ",맛집_리뷰,:) * (개인적인 평가) 장점: 맛있다 양이 많다 분위기가 좋다 단점: 시끌벅적하다 웨이팅이 굉장하다 * #바비레드 #강남역맛집 #강남역데이트 #강남역파스타 #강남바비레드 #강남역스테이크 #파스타맛집... ,개인적인 평가 장점 맛있다 양이 많다 분위기가 좋다 단점 시끌벅적하다 웨이팅이 굉장하다,0,Human,37,48,1,37.0,0.0,17,7,0,5,0,4,0.4117647058823529,0.0,0.29411764705882354,0.0,0.23529411764705882,0.1891891891891892,0.10810810810810811,0,0,0,0,0,0,0.0
호주 시드니 애플스토어에서 아이폰11(iPhone11) 화이트... ,상품_리뷰,"호주 시드니 애플스토어에서 아이폰11(iPhone11) 화이트 구매후기 언박싱 9월 초, 아이폰11, 11pro가... 클릭시 아이폰11 화이트 구매페이지로 이동합니다 내돈내산 후기이며, 파트너스 활동을 통해 일정액의... ",호주 시드니 애플스토어에서 아이폰11 iPhone11 화이트 구매후기 언박싱 9월 초 아이폰11 11pro가. 클릭시 아이폰11 화이트 구매페이지로 이동합니다 내돈내산 후기이며 파트너스 활동을 통해 일정액의.,0,Human,94,116,2,47.0,3.0,46,24,2,0,0,5,0.5217391304347826,0.043478260869565216,0.0,0.0,0.10869565217391304,0.2553191489361702,0.05319148936170213,0,0,2,0,0,0,0.02127659574468085
【알고가요~】2020년 연말정산 소득공제 준비 하고 계신가요?,전문_정보,【알고가요~】를 하면서 생각보다 시간이 빨리 갔다. 중간중간 딴짓도 했지만 마무리는 했다. 그냥 소소한 기록으로 남김. 사진은 몇 장 찍었는데 정리는 나중에 해야겠다. 딱히 특별하진 않은데 기억은 남는 편이다.,알고가요~ 를 하면서 생각보다 시간이 빨리 갔다. 중간중간 딴짓도 했지만 마무리는 했다. 그냥 소소한 기록으로 남김. 사진은 몇 장 찍었는데 정리는 나중에 해야겠다. 딱히 특별하진 않은데 기억은 남는 편이다.,1,AI_v2,88,116,5,17.6,3.1368774282716245,47,16,10,3,1,10,0.3404255319148936,0.2127659574468085,0.06382978723404255,0.02127659574468085,0.2127659574468085,0.18181818181818182,0.11363636363636363,0,0,5,0,0,1,0.06818181818181818
2020년(2019 귀속) 연말정산 달라진 공제항목 확인하기,전문_정보,"및 공제율 이상, 2020년 연말정산 시 달라지는 공제항목에 대해 알아봤는데요~~ 산후조리원 비용이 포함된다는 것은 반가운 소식이긴 한데, 저는 이미 지나가서 혜택을 받을 수가 없네요.. 주변에 출산하셨거나... ",및 공제율 이상 2020년 연말정산 시 달라지는 공제항목에 대해 알아봤는데요~ 산후조리원 비용이 포함된다는 것은 반가운 소식이긴 한데 저는 이미 지나가서 혜택을 받을 수가 없네요. 주변에 출산하셨거나.,0,Human,87,112,2,43.5,33.5,41,18,7,2,1,6,0.43902439024390244,0.17073170731707318,0.04878048780487805,0.024390243902439025,0.14634146341463414,0.20689655172413793,0.06896551724137931,0,0,2,0,0,1,0.034482758620689655
"[2019년 3월 12일,  7,620걸음] 오랜만에 강남역 맛집을 찾다",맛집_리뷰,오랜만에 근처에서 밥 먹을 곳 찾다가 3월 12일에 들렀어요. 맛이 자극적이지 않고 양도 적당해서 만족했답니다. 웨이팅만 조금 피하면 더 좋을 것 같아요. 사진으로 남겨두기에도 괜찮아서 기억에 오래 남을 것 같아요.,오랜만에 근처에서 밥 먹을 곳 찾다가 3월 12일에 들렀어요. 맛이 자극적이지 않고 양도 적당해서 만족했답니다. 웨이팅만 조금 피하면 더 좋을 것 같아요. 사진으로 남겨두기에도 괜찮아서 기억에 오래 남을 것 같아요.,1,AI_v1,91,120,4,22.75,3.6996621467371855,48,17,5,6,1,10,0.3541666666666667,0.10416666666666667,0.125,0.020833333333333332,0.20833333333333334,0.18681318681318682,0.10989010989010989,3,0,4,0,0,0,0.04395604395604396
[리예드] 커스터마이징이 가능한 고급가죽으로 만든 아이폰1... ,상품_리뷰,며칠 동안 리예드를 써봤는데 생각보다 손이 자주 가더라고요. 사용법도 어렵지 않고 마감도 괜찮아서 전체적으로 만족했어요. 처음 가보는 분들도 크게 부담 없이 즐길 수 있을 것 같아요. 사진으로 남겨두기에도 괜찮아서 기억에 오래 남을 것 같아요.,며칠 동안 리예드를 써봤는데 생각보다 손이 자주 가더라고요. 사용법도 어렵지 않고 마감도 괜찮아서 전체적으로 만족했어요. 처음 가보는 분들도 크게 부담 없이 즐길 수 있을 것 같아요. 사진으로 남겨두기에도 괜찮아서 기억에 오래 남을 것 같아요.,1,AI_v1,103,136,4,25.75,1.0897247358851685,53,21,7,7,2,10,0.39622641509433965,0.1320754716981132,0.1320754716981132,0.03773584905660377,0.18867924528301888,0.20388349514563106,0.0970873786407767,4,0,4,0,0,0,0.038834951456310676
2019년 9월,맛집_리뷰,귀여워 #장인닭갈비 강남역 맛집이라구요 #폴바셋 엄마 칭구네 놀러갔는데 신발장에서부터 애겨부리고 난리났다 ㅋㅋㅋㅋㅋㅋㅋㅋㅋㅋㅋㅋㅋ 이번엔 미용실에 강쥐가!!! 나 머리하는동안 옆에서 자던 애기... ,귀여워 강남역 맛집이라구요 엄마 칭구네 놀러갔는데 신발장에서부터 애겨부리고 난리났다 이번엔 미용실에 강쥐가! 나 머리하는동안 옆에서 자던 애기.,0,Human,64,80,2,32.0,17.0,31,16,6,1,0,6,0.5161290322580645,0.1935483870967742,0.03225806451612903,0.0,0.1935483870967742,0.25,0.09375,0,0,1,1,0,0,0.03125
2020년 연말정산 신청서 양식 (세액공제신청서),전문_정보,2020년 연말정산을 위해 국세청 홈페이지에서 연말정산간소화서비스를 통해 각종 세액공제 자료를 다운 받습니다. https://www.hometax.go.kr/websquare/websquare_cdn.html?w2xPath=/ui/pp/UYRSHEADER.xml... ,2020년 연말정산을 위해 국세청 홈페이지에서 연말정산간소화서비스를 통해 각종 세액공제 자료를 다운 받습니다.,0,Human,50,61,1,50.0,0.0,20,13,1,0,0,4,0.65,0.05,0.0,0.0,0.2,0.26,0.08,0,0,1,0,0,0,0.02
[강남역맛집] 홍콩식... 탄탄면이 생각나면 _ 제레미20 강남역점,맛집_리뷰,방문일자 : 2019년 07월17일 수요일 사실.. 위치는 잘 기억이 안나요 ' -') 그저.. 언니들을 따라 열심히 쫓아 갔더니 나왔는골..?ㅠ 직장인들이 많은 강남이라 그런지 평일 점심시간은 전쟁이었습니다.. ㅇ0ㅇ..!!... ,방문일자 2019년 07월17일 수요일 사실. 위치는 잘 기억이 안나요 그저. 언니들을 따라 열심히 쫓아 갔더니 나왔는골.? 직장인들이 많은 강남이라 그런지 평일 점심시간은 전쟁이었습니다. 0 .!.,0,Human,87,111,5,17.4,8.997777503361593,42,14,6,2,2,7,0.3333333333333333,0.14285714285714285,0.047619047619047616,0.047619047619047616,0.16666666666666666,0.16091954022988506,0.08045977011494253,0,0,6,1,1,0,0.09195402298850575
[2019 연말정산팁] 삼성페이 티머니 쓰면대중교통 소득공제... ,전문_정보,삼성페이 티머니 해봤다. 특별한 감상은 없고 그냥 해야 해서 한 느낌. 그래도 끝내고 나니 신경 쓰이던 게 하나 줄었다. 딱히 특별하진 않은데 기억은 남는 편이다. 기대치를 낮추고 가면 무난한 정도. 가격은 막 싸진 않았고 위치는 찾기 쉬운 편.,삼성페이 티머니 해봤다. 특별한 감상은 없고 그냥 해야 해서 한 느낌. 그래도 끝내고 나니 신경 쓰이던 게 하나 줄었다. 딱히 특별하진 않은데 기억은 남는 편이다. 기대치를 낮추고 가면 무난한 정도. 가격은 막 싸진 않았고 위치는 찾기 쉬운 편.,1,AI_v2,100,137,6,16.666666666666668,2.9249881291307074,53,21,12,5,1,7,0.39622641509433965,0.22641509433962265,0.09433962264150944,0.018867924528301886,0.1320754716981132,0.21,0.07,0,0,6,0,0,0,0.06
"보청기 연말정산, 2020년 의료비 소득공제 혜택받으세요!",전문_정보,오늘은 더존보청기가 2020년 연말정산과 관련하여 의료비 소득공제 혜택에 대한 안내드리고자 합니다. 연말정산이란? 1년간 총 급여소득에서 매달 빠져나갔던 세금에 대해 소득세법에 따라 정확하게 다시... ,오늘은 더존보청기가 2020년 연말정산과 관련하여 의료비 소득공제 혜택에 대한 안내드리고자 합니다. 연말정산이란? 1년간 총 급여소득에서 매달 빠져나갔던 세금에 대해 소득세법에 따라 정확하게 다시.,0,Human,88,110,3,29.333333333333332,16.21384867602041,42,20,5,1,0,8,0.47619047619047616,0.11904761904761904,0.023809523809523808,0.0,0.19047619047619047,0.22727272727272727,0.09090909090909091,0,0,2,0,1,0,0.03409090909090909
&lt;강남역 맛집&gt; 바비레드,맛집_리뷰,소개할게요~ 강남역에 있는 바비레드라는 곳이에요 바비레드 11:30~ 22:00 02-3452-1515 예약 불가 가게 문을... 사람들이 강남역 맛집으로 생각하고 좋아할만 했어요 참고로 2019년 10월 18일 ~ 2020년 1월 5일까지... ,소개할게요~ 강남역에 있는 바비레드라는 곳이에요 바비레드 11 30~ 22 00 02 3452 1515 예약 불가 가게 문을. 사람들이 강남역 맛집으로 생각하고 좋아할만 했어요 참고로 2019년 10월 18일 ~ 2020년 1월 5일까지.,0,Human,103,133,2,51.5,2.5,48,16,2,2,0,8,0.3333333333333333,0.041666666666666664,0.041666666666666664,0.0,0.16666666666666666,0.1553398058252427,0.07766990291262135,1,0,2,0,0,3,0.04854368932038835
CASETiFY 아이폰11pro 케이스 추천 ft. 케이스티파이... ,상품_리뷰,"CASETiFY 아이폰11pro 사진 찍어두고 비교해봤다. 실제 색감이나 느낌은 화면이랑 조금 달랐고, 쓰다 보니 익숙해졌다. 기록용으로 남겨둠. 사람이 좀 있어서 조용한 느낌은 아니었음. 딱히 특별하진 않은데 기억은 남는 편이다.",CASETiFY 아이폰11pro 사진 찍어두고 비교해봤다. 실제 색감이나 느낌은 화면이랑 조금 달랐고 쓰다 보니 익숙해졌다. 기록용으로 남겨둠. 사람이 좀 있어서 조용한 느낌은 아니었음. 딱히 특별하진 않은데 기억은 남는 편이다.,1,AI_v2,101,128,5,20.2,7.166589146867567,47,15,10,6,0,8,0.3191489361702128,0.2127659574468085,0.1276595744680851,0.0,0.1702127659574468,0.1485148514851485,0.07920792079207921,0,0,5,0,0,0,0.04950495049504951
2019년 8월 마지막주 아이폰 일상 (전주 구례 전라도여행),맛집_리뷰,존맛탱 근데 그럼 뭐하냐고요~ 저녁은 그렇게 먹고 싶고 궁금했던 #강남역맛집 #알부자알요리... 2019년 첫 계곡이다. 입수 전에 평상에서 술한잔 걸치고 들어가야 몸이 후끈 달아오르지 마시자~ 한명 물귀신... ,존맛탱 근데 그럼 뭐하냐고요~ 저녁은 그렇게 먹고 싶고 궁금했던 2019년 첫 계곡이다. 입수 전에 평상에서 술한잔 걸치고 들어가야 몸이 후끈 달아오르지 마시자~ 한명 물귀신.,0,Human,75,98,2,37.5,0.5,38,15,6,2,3,6,0.39473684210526316,0.15789473684210525,0.05263157894736842,0.07894736842105263,0.15789473684210525,0.2,0.08,0,0,2,0,0,2,0.05333333333333334
"2020년 연말정산 무주택자... 이자, 월세 관련 세액공제 신고 방법",전문_정보,"연말정산은 시작은 귀찮았는데 하다 보니 괜찮았다. 엄청 의미 있는 건 아니고, 그래도 하루가 조금 정리된 느낌. 사람이 좀 있어서 조용한 느낌은 아니었음. 가격은 막 싸진 않았고 위치는 찾기 쉬운 편. 사진은 몇 장 찍었는데 정리는 나중에 해야겠다.",연말정산은 시작은 귀찮았는데 하다 보니 괜찮았다. 엄청 의미 있는 건 아니고 그래도 하루가 조금 정리된 느낌. 사람이 좀 있어서 조용한 느낌은 아니었음. 가격은 막 싸진 않았고 위치는 찾기 쉬운 편. 사진은 몇 장 찍었는데 정리는 나중에 해야겠다.,1,AI_v2,102,138,5,20.4,2.3323807579381204,53,21,7,8,2,10,0.39622641509433965,0.1320754716981132,0.1509433962264151,0.03773584905660377,0.18867924528301888,0.20588235294117646,0.09803921568627451,0,0,5,0,0,0,0.049019607843137254
강남역 맛집 가성비 실화?,맛집_리뷰,친구가 가보자 해서 가성비 실화? 들렀는데 사람 많더라. 그래도 음식은 금방 나왔고 맛도 나쁘지 않았음. 막 감탄까진 아니고 배부르게 먹고 나왔다. 딱히 특별하진 않은데 기억은 남는 편이다. 급하게 정한 일정치고는 나쁘지 않았다.,친구가 가보자 해서 가성비 실화? 들렀는데 사람 많더라. 그래도 음식은 금방 나왔고 맛도 나쁘지 않았음. 막 감탄까진 아니고 배부르게 먹고 나왔다. 딱히 특별하진 않은데 기억은 남는 편이다. 급하게 정한 일정치고는 나쁘지 않았다.,1,AI_v2,97,128,6,16.166666666666668,3.2871804872193366,47,14,10,8,1,8,0.2978723404255319,0.2127659574468085,0.1702127659574468,0.02127659574468085,0.1702127659574468,0.14432989690721648,0.08247422680412371,0,0,5,0,1,0,0.061855670103092786
[내돈내산] 쿠팡으로 휴대폰 살 때 주의! #쿠팡으로아이폰구매,상품_리뷰,"오늘은 엊그제 산 아이폰 구매 후기를 적어볼까해요~ 저는 #아이폰 유저에요! 스마트폰을 처음부터 지금까지 아이폰만 사용했어요. 단, 중국에서 처음 생활할 때는 중국폰인 화웨이를 사용했어요. 한국폰은... ",오늘은 엊그제 산 아이폰 구매 후기를 적어볼까해요~ 저는 유저에요! 스마트폰을 처음부터 지금까지 아이폰만 사용했어요. 단 중국에서 처음 생활할 때는 중국폰인 화웨이를 사용했어요. 한국폰은.,0,Human,83,105,4,20.75,9.33742469849155,49,25,5,0,0,14,0.5102040816326531,0.10204081632653061,0.0,0.0,0.2857142857142857,0.30120481927710846,0.1686746987951807,3,0,3,1,0,1,0.060240963855421686
2019년10월 EP.1[강남역 맛집 / 완백부대찌개 / 강남역 VR... ,맛집_리뷰,완백부대찌개 강남 더인피닛스퀘어점 매일 00:00 - 24:00 강남역에 맛있는 삼겹살 집이 많지만 시끄러울... 삼겹살을 파는것 만 보고 들어갔는데 알고보니 부대찌개 맛집이였다니; 얼마전 캠핑클럽에서 이효리가... ,완백부대찌개 강남 더인피닛스퀘어점 매일 00 00 24 00 강남역에 맛있는 삼겹살 집이 많지만 시끄러울. 삼겹살을 파는것 만 보고 들어갔는데 알고보니 부대찌개 맛집이였다니 얼마전 캠핑클럽에서 이효리가.,0,Human,89,113,2,44.5,1.5,44,22,4,3,0,8,0.5,0.09090909090909091,0.06818181818181818,0.0,0.18181818181818182,0.24719101123595505,0.0898876404494382,0,0,2,0,0,0,0.02247191011235955
2019년 12월 1주차 일상,맛집_리뷰,"그래서 월요일 새벽 3시 30분에 쓰기 시작하는 12월 1주차 일상 #강남역맛집#강남도쿄스테이크 *강남역... 듯 *강남에서 즐기는 행복한 1,2차 가로수길 피자 맛집이래서 갔더니 사람이 엄청 많긴 했다! 글구 진짜... ",그래서 월요일 새벽 3시 30분에 쓰기 시작하는 12월 1주차 일상 강남역. 듯 강남에서 즐기는 행복한 1 2차 가로수길 피자 맛집이래서 갔더니 사람이 엄청 많긴 했다! 글구 진짜.,0,Human,75,101,3,25.0,14.352700094407323,37,16,4,2,2,3,0.43243243243243246,0.10810810810810811,0.05405405405405406,0.05405405405405406,0.08108108108108109,0.21333333333333335,0.04,0,0,2,1,0,0,0.04
"아이폰 중고 저렴한곳 옥션, G마켓 11번가 행복폰 내돈내산 후기",상품_리뷰,헤헷❤️ #아이폰중고로사기 #중고아이폰구입 #아이폰저렴하게구입 #아이폰인터넷으로구입 #11번가휴대폰구입 #11번가아이폰구입 #아이폰저렴한곳 #11번가행복폰 #행복폰구입후기,헤헷,0,Human,2,2,1,2.0,0.0,1,0,0,0,0,0,0.0,0.0,0.0,0.0,0.0,0.0,0.0,0,0,0,0,0,0,0.0
아이폰11 블랙 스펙과 구매후기 +화질비교,상품_리뷰,아이폰11 블랙은 처음엔 애매했는데 쓰다 보니 괜찮은 쪽으로 기울었다. 다만 설명이 조금 부족해서 처음 세팅할 때는 헤맸음. 엄청난 건 아니고 그냥 기록용. 사람이 좀 있어서 조용한 느낌은 아니었음. 가격은 막 싸진 않았고 위치는 찾기 쉬운 편.,아이폰11 블랙은 처음엔 애매했는데 쓰다 보니 괜찮은 쪽으로 기울었다. 다만 설명이 조금 부족해서 처음 세팅할 때는 헤맸음. 엄청난 건 아니고 그냥 기록용. 사람이 좀 있어서 조용한 느낌은 아니었음. 가격은 막 싸진 않았고 위치는 찾기 쉬운 편.,1,AI_v2,102,137,5,20.4,6.019966777316964,52,22,6,9,0,9,0.4230769230769231,0.11538461538461539,0.17307692307692307,0.0,0.17307692307692307,0.21568627450980393,0.08823529411764706,0,0,5,0,0,0,0.049019607843137254
홍대 프리스비- 애플 아이폰 11 PRO 프로 골드’ 일시불로... ,상품_리뷰,쓰는 아이폰 11 보라컬러땜에 살짝 흔들렸어요 컬러감은 11이 훨씬 산뜻하고 영한 느낌이에요 ㅋㅋㅋ... 내가 바로 애플 호갱이다!! 160만원... 내돈내산 아이폰 11 프로 후기였습니다ㅋㅋ,쓰는 아이폰 11 보라컬러땜에 살짝 흔들렸어요 컬러감은 11이 훨씬 산뜻하고 영한 느낌이에요 . 내가 바로 애플 호갱이다! 160만원. 내돈내산 아이폰 11 프로 후기였습니다,0,Human,75,97,4,18.75,13.397761006974262,38,18,4,1,1,5,0.47368421052631576,0.10526315789473684,0.02631578947368421,0.02631578947368421,0.13157894736842105,0.24,0.06666666666666667,0,0,2,1,0,0,0.04
"연말정산 소득공제, 2020년 변경된 내용 (신용카드,현금영수증)",전문_정보,연말정산은 생각보다 시간이 걸렸다. 중간에 귀찮아서 멈출까 했는데 일단 끝내긴 함. 다음엔 조금 더 빨리 할 수 있을 듯. 사람이 좀 있어서 조용한 느낌은 아니었음. 사람이 좀 있어서 조용한 느낌은 아니었음. 다음엔 다른 메뉴도 봐야 할 듯.,연말정산은 생각보다 시간이 걸렸다. 중간에 귀찮아서 멈출까 했는데 일단 끝내긴 함. 다음엔 조금 더 빨리 할 수 있을 듯. 사람이 좀 있어서 조용한 느낌은 아니었음. 사람이 좀 있어서 조용한 느낌은 아니었음. 다음엔 다른 메뉴도 봐야 할 듯.,1,AI_v2,99,135,6,16.5,2.4324199198877374,54,21,7,8,1,11,0.3888888888888889,0.12962962962962962,0.14814814814814814,0.018518518518518517,0.2037037037037037,0.21212121212121213,0.1111111111111111,0,0,6,0,0,0,0.06060606060606061
"2020년 연말정산 월세 소득공제, 자료제공 동의 방법",전문_정보,"그 다음 저장 후 다음 이동 한다음 연말정산 월세공제 내역에 월세액 수정이 가능 합니다. 현재는 0 원으로 되어 있는데요,,,, 아 진짜. 요새 집값이 너무 치솟고 있습니다. 2010년 초반에, 풀대출 받아서 집을... ",그 다음 저장 후 다음 이동 한다음 연말정산 월세공제 내역에 월세액 수정이 가능 합니다. 현재는 0 원으로 되어 있는데요 아 진짜. 요새 집값이 너무 치솟고 있습니다. 2010년 초반에 풀대출 받아서 집을.,0,Human,85,115,4,21.25,8.554969316134336,47,24,4,2,1,7,0.5106382978723404,0.0851063829787234,0.0425531914893617,0.02127659574468085,0.14893617021276595,0.2823529411764706,0.08235294117647059,0,0,4,0,0,0,0.047058823529411764
신분당선 강남역 맛집 장서는날 푸짐한 안주로 한 끼 식사하기... ,맛집_리뷰,"신분당선 다녀왔는데 생각보다 분위기가 편해서 좋았어요. 음식도 깔끔하게 나와서 부담 없이 먹기 괜찮았고, 다음에 근처 가면 또 들러보고 싶더라고요. 다음에는 조금 더 여유 있게 다시 가보고 싶어요. 전체적으로 무난하면서도 기분 좋게 마무리할 수 있었어요.",신분당선 다녀왔는데 생각보다 분위기가 편해서 좋았어요. 음식도 깔끔하게 나와서 부담 없이 먹기 괜찮았고 다음에 근처 가면 또 들러보고 싶더라고요. 다음에는 조금 더 여유 있게 다시 가보고 싶어요. 전체적으로 무난하면서도 기분 좋게 마무리할 수 있었어요.,1,AI_v1,108,141,4,27.0,6.670832032063167,48,21,8,7,1,6,0.4375,0.16666666666666666,0.14583333333333334,0.020833333333333332,0.125,0.19444444444444445,0.05555555555555555,1,0,4,0,0,0,0.037037037037037035
S_Diary : 2019년 9월 7-8일 일상(◍•ᴗ... ,맛집_리뷰,S_Diary 9월은 가게 앞에서 잠깐 기다렸다. 메뉴는 금방 정했고 맛은 평범한데 묘하게 계속 먹게 됨. 다음에 지나가면 또 생각날 수도. 엄청난 건 아니고 그냥 기록용. 급하게 정한 일정치고는 나쁘지 않았다. 급하게 정한 일정치고는 나쁘지 않았다.,S Diary 9월은 가게 앞에서 잠깐 기다렸다. 메뉴는 금방 정했고 맛은 평범한데 묘하게 계속 먹게 됨. 다음에 지나가면 또 생각날 수도. 엄청난 건 아니고 그냥 기록용. 급하게 정한 일정치고는 나쁘지 않았다. 급하게 정한 일정치고는 나쁘지 않았다.,1,AI_v2,105,140,6,17.5,3.547299442298794,54,20,9,7,0,8,0.37037037037037035,0.16666666666666666,0.12962962962962962,0.0,0.14814814814814814,0.19047619047619047,0.0761904761904762,0,0,6,0,0,0,0.05714285714285714
2020 연말정산 소득공제 하는 법과 변경사항 알아보자!,전문_정보,연말정산? 연말정산은 국세청에서 1년 동안 간이세액표에 따라 거둬들인 근로소득세를 연말에 다시... 소득공제 2020년 연말정산 소득공제를 위한 개정세법 내용의 적용은 2020년 1월 1일을 기준으로 적용되고... ,연말정산? 연말정산은 국세청에서 1년 동안 간이세액표에 따라 거둬들인 근로소득세를 연말에 다시. 소득공제 2020년 연말정산 소득공제를 위한 개정세법 내용의 적용은 2020년 1월 1일을 기준으로 적용되고.,0,Human,92,115,3,30.666666666666668,18.696404883173543,43,21,3,0,0,10,0.4883720930232558,0.06976744186046512,0.0,0.0,0.23255813953488372,0.22826086956521738,0.10869565217391304,0,0,2,0,1,0,0.03260869565217391
"아이폰11프로 슬림케이스로 그립감 좋고, 안정감 좋은... ",상품_리뷰,아이폰11 프로 슬림 케이스와 카드포켓 / 내돈내산 아이폰 11프로 슬림 케이스와 카드 지갑 그립 거치대 기존에 사용하던 아이폰11 프로 케이스를 만족하면서 사용하던 중 오른쪽 아래 쪽이 찢어져 가위로... ,아이폰11 프로 슬림 케이스와 카드포켓 내돈내산 아이폰 11프로 슬림 케이스와 카드 지갑 그립 거치대 기존에 사용하던 아이폰11 프로 케이스를 만족하면서 사용하던 중 오른쪽 아래 쪽이 찢어져 가위로.,0,Human,85,111,1,85.0,0.0,44,26,4,1,0,6,0.5909090909090909,0.09090909090909091,0.022727272727272728,0.0,0.13636363636363635,0.3058823529411765,0.07058823529411765,0,0,1,0,0,0,0.011764705882352941
2020년 귀속 연말정산 달라진점 그리고 자동계산 엑셀 파일,전문_정보,귀속 사진 몇 장 찍어뒀다. 나중에 보면 별거 아닐 수도 있는데 그때 분위기가 있어서 남겨둠. 정리는 천천히 해야겠다. 시간 맞으면 한 번쯤 들를만함. 딱히 특별하진 않은데 기억은 남는 편이다. 이런 곳도 있었네 싶었다.,귀속 사진 몇 장 찍어뒀다. 나중에 보면 별거 아닐 수도 있는데 그때 분위기가 있어서 남겨둠. 정리는 천천히 해야겠다. 시간 맞으면 한 번쯤 들를만함. 딱히 특별하진 않은데 기억은 남는 편이다. 이런 곳도 있었네 싶었다.,1,AI_v2,91,123,6,15.166666666666666,5.842849380986035,48,16,12,7,1,5,0.3333333333333333,0.25,0.14583333333333334,0.020833333333333332,0.10416666666666667,0.17582417582417584,0.054945054945054944,0,0,6,0,0,0,0.06593406593406594
유나이티드 갤러리 2019년 9월 U매거진 넷째주 전시_민경아... ,맛집_리뷰,유나이티드 갤러리 2019년 9월 U매거진 넷째주 전시_민경아 개인전 #민경아 #민경아개인전 #민경아판화 #민경아작가 #유나이티드갤러리 #유나이티드문화재단 #민경아전시 #민경화작품 #강남역맛집 #강남역,유나이티드 갤러리 2019년 9월 U매거진 넷째주 전시 민경아 개인전,0,Human,30,38,1,30.0,0.0,13,7,1,0,0,1,0.5384615384615384,0.07692307692307693,0.0,0.0,0.07692307692307693,0.23333333333333334,0.03333333333333333,0,0,0,0,0,0,0.0
"[강남역 맛집] 소개팅 명소, 마노 디 셰프 Mano Di Chef",맛집_리뷰,2019년 9월 10일. 갹출. 종종 모임을 갖는 자매님들과의 만남이 있어 강남으로 출동~ 미리 알려준 곳인 이곳에 모였다. 난 처음 듣는 곳인데~ 높은 빌딩만 가득한 곳에 이런 게 있는 줄도 몰랐다. 들어가자마자... ,2019년 9월 10일. 갹출. 종종 모임을 갖는 자매님들과의 만남이 있어 강남으로 출동~ 미리 알려준 곳인 이곳에 모였다. 난 처음 듣는 곳인데~ 높은 빌딩만 가득한 곳에 이런 게 있는 줄도 몰랐다. 들어가자마자.,0,Human,90,120,5,18.0,14.0,51,18,7,5,0,9,0.35294117647058826,0.13725490196078433,0.09803921568627451,0.0,0.17647058823529413,0.2,0.1,0,0,5,0,0,2,0.07777777777777778
2020년 연말정산,전문_정보,"금액을 연말에 정산하고 조정하는 것을 말한다. 즉, 실소득 보다 많은 세금을 내었으면 그 만큼... 2020년 달라진 연말정산 2020년 연말정산에서 달라진 공제항목 7가지에 대하여 하나씩 알아보자. 1. 박물관... ",금액을 연말에 정산하고 조정하는 것을 말한다. 즉 실소득 보다 많은 세금을 내었으면 그 만큼. 2020년 달라진 연말정산 2020년 연말정산에서 달라진 공제항목 7가지에 대하여 하나씩 알아보자. 1. 박물관.,0,Human,90,116,5,18.0,15.401298646542765,47,19,7,1,0,8,0.40425531914893614,0.14893617021276595,0.02127659574468085,0.0,0.1702127659574468,0.2111111111111111,0.08888888888888889,0,0,5,0,0,0,0.05555555555555555
유나이티드 갤러리 2019년 8월 U매거진 셋째주 전시_임승현... ,맛집_리뷰,유나이티드 갤러리 2019년 8월 U매거진 셋째주 전시_임승현 개인전 #임승현 #임승현개인전 #임승현작가 #임승현전시 #유나이티드갤러리 #유나이티드문화재단 #강남역갤러리 #강남갤러리 #강남역 #강남역맛집,유나이티드 갤러리 2019년 8월 U매거진 셋째주 전시 임승현 개인전,0,Human,30,38,1,30.0,0.0,12,7,1,0,0,0,0.5833333333333334,0.08333333333333333,0.0,0.0,0.0,0.23333333333333334,0.0,0,0,0,0,0,0,0.0
"강남 복어,강남 복집,강남역 복집 [강남 복칼국수]",맛집_리뷰,강남은 사진으로 봤던 느낌이랑 비슷했다. 음식 비주얼은 괜찮고 양도 보통. 먹다 보니 금방 배불러서 남길 뻔했다. 딱히 특별하진 않은데 기억은 남는 편이다. 엄청난 건 아니고 그냥 기록용. 기대치를 낮추고 가면 무난한 정도.,강남은 사진으로 봤던 느낌이랑 비슷했다. 음식 비주얼은 괜찮고 양도 보통. 먹다 보니 금방 배불러서 남길 뻔했다. 딱히 특별하진 않은데 기억은 남는 편이다. 엄청난 건 아니고 그냥 기록용. 기대치를 낮추고 가면 무난한 정도.,1,AI_v2,94,125,6,15.666666666666666,1.8856180831641267,48,18,8,8,0,7,0.375,0.16666666666666666,0.16666666666666666,0.0,0.14583333333333334,0.19148936170212766,0.07446808510638298,0,0,6,0,0,0,0.06382978723404255
2019년 2월의 일상,맛집_리뷰,시켜놓고 보니 연회장 못지 않긔 가격대도 나쁘지 않았고 분위기도 좋았고 음식이 매우 맛있어서 싹싹 긁어먹었다 헤헤 그리고 또 다른 2월의 어느 날 #강남역맛집 인 #무월식탁 에 다녀왔다. 하 이집... ,시켜놓고 보니 연회장 못지 않긔 가격대도 나쁘지 않았고 분위기도 좋았고 음식이 매우 맛있어서 싹싹 긁어먹었다 헤헤 그리고 또 다른 2월의 어느 날 인 에 다녀왔다. 하 이집.,0,Human,71,97,2,35.5,31.5,36,15,6,3,1,4,0.4166666666666667,0.16666666666666666,0.08333333333333333,0.027777777777777776,0.1111111111111111,0.2112676056338028,0.056338028169014086,0,0,2,0,0,0,0.028169014084507043
[강남역 맛집/강남역 소고기] 투뿔등심-2,맛집_리뷰,투뿔등심-2 들렀다. 맛은 무난했고 양도 적당. 웨이팅만 길지 않으면 괜찮음. 엄청 특별한 맛집이라기보단 근처에서 밥 먹기 좋은 곳. 급하게 정한 일정치고는 나쁘지 않았다. 가격은 막 싸진 않았고 위치는 찾기 쉬운 편.,투뿔등심 2 들렀다. 맛은 무난했고 양도 적당. 웨이팅만 길지 않으면 괜찮음. 엄청 특별한 맛집이라기보단 근처에서 밥 먹기 좋은 곳. 급하게 정한 일정치고는 나쁘지 않았다. 가격은 막 싸진 않았고 위치는 찾기 쉬운 편.,1,AI_v2,91,122,6,15.166666666666666,4.705198071164368,48,19,6,7,1,8,0.3958333333333333,0.125,0.14583333333333334,0.020833333333333332,0.16666666666666666,0.2087912087912088,0.08791208791208792,0,0,6,0,0,0,0.06593406593406594
강남역 24시간 해장국 맛집 강남진해장 -!,맛집_리뷰,쭈은 양선지해장국 &gt;_&lt; 강남역에서 해장국 땡기면 무조건 찾아가는 강남역 맛집 진해장국! 2019년에도 단골맛집 방문은 계속된다~ 강남역 해장국 맛집 강남 진해장국 위치,쭈은 양선지해장국 강남역에서 해장국 땡기면 무조건 찾아가는 강남역 맛집 진해장국! 2019년에도 단골맛집 방문은 계속된다~ 강남역 해장국 맛집 강남 진해장국 위치,0,Human,71,90,2,35.5,0.0,31,21,3,0,0,2,0.6774193548387096,0.0967741935483871,0.0,0.0,0.06451612903225806,0.29577464788732394,0.028169014084507043,0,0,0,1,0,1,0.028169014084507043
[안내] 2020년 연말정산 기부금영수증 발급,전문_정보,"2020년 한 해 동안 장애인의 재활과 자립을 위해 함께 해주신 기부자님께 감사드립니다. 기부금영수증 발급 내용과 방법을 확인하시고, 연말정산 시 기부금 공제받으세요! 기부금영수증 발급을 위한... ",2020년 한 해 동안 장애인의 재활과 자립을 위해 함께 해주신 기부자님께 감사드립니다. 기부금영수증 발급 내용과 방법을 확인하시고 연말정산 시 기부금 공제받으세요! 기부금영수증 발급을 위한.,0,Human,84,107,3,28.0,11.430952132988164,45,22,5,0,1,8,0.4888888888888889,0.1111111111111111,0.0,0.022222222222222223,0.17777777777777778,0.2619047619047619,0.09523809523809523,0,0,2,1,0,0,0.03571428571428571
[강남역 맛집] 강남 돈코츠 일본라멘 유타로 (점심맥주팜^^),맛집_리뷰,강남 돈코츠 기록. 자리 간격은 넓진 않았고 음식은 바로 먹기 괜찮았다. 막 특별하진 않은데 배고플 때 들르면 나쁘지 않은 정도. 다음엔 다른 메뉴도 봐야 할 듯. 시간 맞으면 한 번쯤 들를만함. 사람이 좀 있어서 조용한 느낌은 아니었음.,강남 돈코츠 기록. 자리 간격은 넓진 않았고 음식은 바로 먹기 괜찮았다. 막 특별하진 않은데 배고플 때 들르면 나쁘지 않은 정도. 다음엔 다른 메뉴도 봐야 할 듯. 시간 맞으면 한 번쯤 들를만함. 사람이 좀 있어서 조용한 느낌은 아니었음.,1,AI_v2,97,133,6,16.166666666666668,5.3359368645273735,51,21,9,8,0,6,0.4117647058823529,0.17647058823529413,0.1568627450980392,0.0,0.11764705882352941,0.21649484536082475,0.061855670103092786,0,0,6,0,0,0,0.061855670103092786
[내돈내산] 갤럭시20울트라 카메라 리뷰 / 아이폰11 비교,상품_리뷰,"내돈내산 후기 남겨보면, 처음엔 반신반의했지만 써볼수록 편한 점이 많았어요. 아쉬운 부분도 있지만 재구매를 고민할 정도는 됩니다. 처음 가보는 분들도 크게 부담 없이 즐길 수 있을 것 같아요. 기대보다 편하게 즐길 수 있어서 만족스러운 시간이었답니다.",내돈내산 후기 남겨보면 처음엔 반신반의했지만 써볼수록 편한 점이 많았어요. 아쉬운 부분도 있지만 재구매를 고민할 정도는 됩니다. 처음 가보는 분들도 크게 부담 없이 즐길 수 있을 것 같아요. 기대보다 편하게 즐길 수 있어서 만족스러운 시간이었답니다.,1,AI_v1,106,139,4,26.5,3.905124837953327,55,20,11,9,1,7,0.36363636363636365,0.2,0.16363636363636364,0.01818181818181818,0.12727272727272726,0.18867924528301888,0.0660377358490566,2,0,4,0,0,0,0.03773584905660377
"2020년 연말정산 환급 받기위한 소득공제, 세액공제 알아보기",전문_정보,"오늘 포스팅은 2020년 연말정산 시 기납부한 세액을 환급받기 위한 소득공제, 세액공제에 대해... 따라 공제했던 소득세를 정산하여 추가로 납부하거나 환급하는 과정이 필요한데, 이것이 바로... ",오늘 포스팅은 2020년 연말정산 시 기납부한 세액을 환급받기 위한 소득공제 세액공제에 대해. 따라 공제했던 소득세를 정산하여 추가로 납부하거나 환급하는 과정이 필요한데 이것이 바로.,0,Human,80,102,2,40.0,1.0,43,22,5,1,0,9,0.5116279069767442,0.11627906976744186,0.023255813953488372,0.0,0.20930232558139536,0.275,0.1125,0,0,2,0,0,0,0.025
강남역 맛집 미즈컨테이너 이탈리안 음식,맛집_리뷰,오늘은 올 겨울 들어 가장 추운인듯 하네요~ 2019년 마무리 다들 잘 하고 계신가요? 며칠전 다녀온 강남역 맛집 미스 컨테이너 소개해 드리려구요~ 아는 언니랑 저녁에 가볍게 맥주 한잔 하려고 장소를... ,오늘은 올 겨울 들어 가장 추운인듯 하네요~ 2019년 마무리 다들 잘 하고 계신가요? 며칠전 다녀온 강남역 맛집 미스 컨테이너 소개해 드리려구요~ 아는 언니랑 저녁에 가볍게 맥주 한잔 하려고 장소를.,0,Human,84,112,2,42.0,6.0,42,17,12,2,1,5,0.40476190476190477,0.2857142857142857,0.047619047619047616,0.023809523809523808,0.11904761904761904,0.20238095238095238,0.05952380952380952,0,0,1,0,1,2,0.047619047619047616
아이폰 11 Pro 케이스 디자인스킨내돈내산후기 / 할인팁까지!,상품_리뷰,아이폰은 처음엔 애매했는데 쓰다 보니 괜찮은 쪽으로 기울었다. 다만 설명이 조금 부족해서 처음 세팅할 때는 헤맸음. 기대치를 낮추고 가면 무난한 정도. 사진은 몇 장 찍었는데 정리는 나중에 해야겠다. 다음엔 다른 메뉴도 봐야 할 듯.,아이폰은 처음엔 애매했는데 쓰다 보니 괜찮은 쪽으로 기울었다. 다만 설명이 조금 부족해서 처음 세팅할 때는 헤맸음. 기대치를 낮추고 가면 무난한 정도. 사진은 몇 장 찍었는데 정리는 나중에 해야겠다. 다음엔 다른 메뉴도 봐야 할 듯.,1,AI_v2,97,130,5,19.4,5.0039984012787215,52,22,9,3,0,12,0.4230769230769231,0.17307692307692307,0.057692307692307696,0.0,0.23076923076923078,0.2268041237113402,0.12371134020618557,0,0,5,0,0,0,0.05154639175257732
2020년 달라진 연말정산과 보청기 소득공제,전문_정보,연말하면 직장인들의 필수 코스 '연말정산'아니겠습니까? 올해도 연말정산이 어떻게 새로워졌는지 살펴보도록 하겠습니다. 2020년 변경된 연말 정산 (1) 신용카드 등 사용금액 소득공제 적용기한 연장 및... ,연말하면 직장인들의 필수 코스 연말정산 아니겠습니까? 올해도 연말정산이 어떻게 새로워졌는지 살펴보도록 하겠습니다. 2020년 변경된 연말 정산 1 신용카드 등 사용금액 소득공제 적용기한 연장 및.,0,Human,86,109,3,28.666666666666668,4.109609335312651,35,19,4,3,0,3,0.5428571428571428,0.11428571428571428,0.08571428571428572,0.0,0.08571428571428572,0.22093023255813954,0.03488372093023256,0,0,2,0,1,0,0.03488372093023256
[내돈내산] 아이폰 12 개봉기(with 아이폰 11),상품_리뷰,"같아 아이폰 12로 했어요. 사실 10.30일부터 발송인줄 알고 있었어서, 주말 지나고 11월 초나 되야 받을... 그럼 이제 또 백업을 하러 이만 가 보겠습니다. 이상, 내돈내산 아이폰 12 개봉기였습니다.",같아 아이폰 12로 했어요. 사실 10.30일부터 발송인줄 알고 있었어서 주말 지나고 11월 초나 되야 받을. 그럼 이제 또 백업을 하러 이만 가 보겠습니다. 이상 내돈내산 아이폰 12 개봉기였습니다.,0,Human,85,112,5,17.0,8.318653737234168,43,16,8,3,1,4,0.37209302325581395,0.18604651162790697,0.06976744186046512,0.023255813953488372,0.09302325581395349,0.18823529411764706,0.047058823529411764,1,0,5,0,0,0,0.058823529411764705
"구매리뷰] 가격과 성능, 내돈내산 솔직후기 (아이폰11과 비교)",상품_리뷰,1인칭 서민생각. 끝. https://self-revolution.tistory.com/ #아이폰se2 #자급제핸드폰 #아이폰구매리뷰 #가격과성능 #아이폰11비교 #내돈내산 #솔직후기 #월할부금비교 #성능비교 #일반인리뷰 #걍아이폰se2사라,1인칭 서민생각. 끝.,0,Human,10,12,2,5.0,3.0,7,4,0,0,0,0,0.5714285714285714,0.0,0.0,0.0,0.0,0.4,0.0,0,0,2,0,0,0,0.2
2020년 연말정산 - 인적공제 (기본공제 + 추가공제),전문_정보,"연말정산 인적공제는 시작은 귀찮았는데 하다 보니 괜찮았다. 엄청 의미 있는 건 아니고, 그래도 하루가 조금 정리된 느낌. 기대치를 낮추고 가면 무난한 정도. 시간 맞으면 한 번쯤 들를만함. 사람이 좀 있어서 조용한 느낌은 아니었음.",연말정산 인적공제는 시작은 귀찮았는데 하다 보니 괜찮았다. 엄청 의미 있는 건 아니고 그래도 하루가 조금 정리된 느낌. 기대치를 낮추고 가면 무난한 정도. 시간 맞으면 한 번쯤 들를만함. 사람이 좀 있어서 조용한 느낌은 아니었음.,1,AI_v2,96,128,5,19.2,5.035871324805669,50,20,7,7,2,7,0.4,0.14,0.14,0.04,0.14,0.20833333333333334,0.07291666666666667,0,0,5,0,0,0,0.052083333333333336
강남역맛집 : 강남진해장 - 곱창전골맛집,맛집_리뷰,오늘은 2019년의 마지막 날 12월 31일이네요! 12월 31일은 언제 맞이해도 참 아쉽기만 한 날 같아요ㅎㅎ 제... 음식인데요 강남역은 갈 때마다 먹을 곳은 많은데 먹을 게 없는 장소이기도 해요 참 모순이죠..?... ,오늘은 2019년의 마지막 날 12월 31일이네요! 12월 31일은 언제 맞이해도 참 아쉽기만 한 날 같아요 제. 음식인데요 강남역은 갈 때마다 먹을 곳은 많은데 먹을 게 없는 장소이기도 해요 참 모순이죠.?.,0,Human,88,117,3,29.333333333333332,6.649979114420001,47,16,7,4,0,8,0.3404255319148936,0.14893617021276595,0.0851063829787234,0.0,0.1702127659574468,0.18181818181818182,0.09090909090909091,2,0,3,1,1,0,0.056818181818181816
"강남역 맛집, 미소다이닝 세이로무시 추천.",맛집_리뷰,미소다이닝 사진 몇 장 남김. 조명 때문에 음식 색은 잘 나오는 편이었고 실제 맛도 크게 다르진 않았다. 테이블은 조금 좁아서 그건 아쉬웠음. 사진은 몇 장 찍었는데 정리는 나중에 해야겠다. 엄청난 건 아니고 그냥 기록용.,미소다이닝 사진 몇 장 남김. 조명 때문에 음식 색은 잘 나오는 편이었고 실제 맛도 크게 다르진 않았다. 테이블은 조금 좁아서 그건 아쉬웠음. 사진은 몇 장 찍었는데 정리는 나중에 해야겠다. 엄청난 건 아니고 그냥 기록용.,1,AI_v2,91,124,5,18.2,6.523802572120037,48,23,7,5,1,7,0.4791666666666667,0.14583333333333334,0.10416666666666667,0.020833333333333332,0.14583333333333334,0.25274725274725274,0.07692307692307693,0,0,5,0,0,0,0.054945054945054944
2019년 2월 9일의 일상 &lt;강남 신포다이닝 &amp; 육회먹은연어 &gt;,맛집_리뷰,2월은 가볍게 들른 곳인데 은근 기억에 남았어요. 메뉴가 깔끔하고 직원분들도 친절해서 편하게 먹고 왔습니다. 재방문 의사 있어요. 짧게 들렀지만 생각보다 알차게 시간을 보냈어요. 기대보다 편하게 즐길 수 있어서 만족스러운 시간이었답니다. 전체적으로 무난하면서도 기분 좋게 마무리할 수 있었어요.,2월은 가볍게 들른 곳인데 은근 기억에 남았어요. 메뉴가 깔끔하고 직원분들도 친절해서 편하게 먹고 왔습니다. 재방문 의사 있어요. 짧게 들렀지만 생각보다 알차게 시간을 보냈어요. 기대보다 편하게 즐길 수 있어서 만족스러운 시간이었답니다. 전체적으로 무난하면서도 기분 좋게 마무리할 수 있었어요.,1,AI_v1,128,164,6,21.333333333333332,5.90668171555645,58,18,10,12,0,8,0.3103448275862069,0.1724137931034483,0.20689655172413793,0.0,0.13793103448275862,0.140625,0.0625,1,0,6,0,0,0,0.046875
[내돈내산] TRK 아이폰11 프로 후면 카메라 풀커버 강화유리,상품_리뷰,TRK 써본 기록. 처음엔 별생각 없었는데 며칠 쓰다 보니 편한 부분이 있었다. 아쉬운 점도 조금 있지만 가격 생각하면 무난. 사람이 좀 있어서 조용한 느낌은 아니었음. 가격은 막 싸진 않았고 위치는 찾기 쉬운 편. 딱히 특별하진 않은데 기억은 남는 편이다.,TRK 써본 기록. 처음엔 별생각 없었는데 며칠 쓰다 보니 편한 부분이 있었다. 아쉬운 점도 조금 있지만 가격 생각하면 무난. 사람이 좀 있어서 조용한 느낌은 아니었음. 가격은 막 싸진 않았고 위치는 찾기 쉬운 편. 딱히 특별하진 않은데 기억은 남는 편이다.,1,AI_v2,106,144,6,17.666666666666668,4.988876515698588,56,20,9,11,0,8,0.35714285714285715,0.16071428571428573,0.19642857142857142,0.0,0.14285714285714285,0.18867924528301888,0.07547169811320754,0,0,6,0,0,0,0.05660377358490566
"강남 복어,강남 복집,강남역 복집 [강남 복칼국수]",맛집_리뷰,준비되었네요 2019년 이거먹고 복가득한 한해되길 맘속으로 빌어봅니다 같이주신간장에 콕 원래 살포시... 복어 #강남역복어 #강남역칼국수 #강남역 #강남역맛집 #강남역회식 #메밀국수 #강남맛집 #강남역손님접대,준비되었네요 2019년 이거먹고 복가득한 한해되길 맘속으로 빌어봅니다 같이주신간장에 콕 원래 살포시. 복어,0,Human,48,59,2,24.0,21.5,24,11,4,1,1,2,0.4583333333333333,0.16666666666666666,0.041666666666666664,0.041666666666666664,0.08333333333333333,0.22916666666666666,0.041666666666666664,0,0,1,0,0,0,0.020833333333333332
[강남역 맛집] 동해도 - 회전초밥 뷔페,맛집_리뷰,동해도 강남역 회전초밥 뷔페 2019년 5월 4일 (토) 오빠 스마일라식한 지 1주일 되는 날이라 검진 받으러... 649-14 #동해도 #동해도강남 #강남역동해도 #초밥뷔페 #초밥무한 #강남맛집 #강남역맛집 #강남초밥... ,동해도 강남역 회전초밥 뷔페 2019년 5월 4일 토 오빠 스마일라식한 지 1주일 되는 날이라 검진 받으러. 649 14,0,Human,50,67,2,25.0,19.5,24,11,3,0,0,3,0.4583333333333333,0.125,0.0,0.0,0.125,0.22,0.06,0,0,1,0,0,0,0.02
[강남역 맛집/강남역 파스타] 이름없는파스타(2),맛집_리뷰,"1.0 방문 일자 : 2019년 12월 11일 2.0 음식점 명 : 이름없는파스타 강남역점 3.0 메뉴 : 파스타 7,200~ 3.1 아라비아따 세트 9,900 3.2 페퍼스테키 리조또 10,900 4.0 개인 평가: 별 5개 만점 (★★★★ 4) 4.1 지난번에... ",1.0 방문 일자 2019년 12월 11일 2.0 음식점 명 이름없는파스타 강남역점 3.0 메뉴 파스타 7 200~ 3.1 아라비아따 세트 9 900 3.2 페퍼스테키 리조또 10 900 4.0 개인 평가 별 5개 만점 4 4.1 지난번에.,0,Human,100,134,8,12.5,5.338539126015656,45,22,1,1,0,1,0.4888888888888889,0.022222222222222223,0.022222222222222223,0.0,0.022222222222222223,0.22,0.01,0,0,8,0,0,1,0.09
"강남역 훠궈 무한리필, 고기 무제한 존맛탱 하이라훠궈",맛집_리뷰,강남역 훠궈에서 식사했는데 분위기가 너무 시끄럽지 않아 편했어요. 대표 메뉴가 깔끔했고 가격도 크게 부담스럽지 않아서 한 번쯤 가볼 만했답니다. 개인적으로는 너무 과하지 않은 점이 마음에 들었어요. 처음 가보는 분들도 크게 부담 없이 즐길 수 있을 것 같아요.,강남역 훠궈에서 식사했는데 분위기가 너무 시끄럽지 않아 편했어요. 대표 메뉴가 깔끔했고 가격도 크게 부담스럽지 않아서 한 번쯤 가볼 만했답니다. 개인적으로는 너무 과하지 않은 점이 마음에 들었어요. 처음 가보는 분들도 크게 부담 없이 즐길 수 있을 것 같아요.,1,AI_v1,109,145,4,27.25,4.02336923485777,56,21,11,5,3,9,0.375,0.19642857142857142,0.08928571428571429,0.05357142857142857,0.16071428571428573,0.1926605504587156,0.08256880733944955,3,0,4,0,0,0,0.03669724770642202
"2020년 연말정산, 카드공제를 꼭 살펴보셔야 합니다.",전문_정보,"이제 연말이 되면 대표분들은 내년도 부가세 준비 및 종합소득세를 대비해 한해의 매출을 잘 정리해... 연말정산 카드공제 기존에는 카드로 인한 소득공제율은 신용카드의 경우 15%, 직불카드, 선불카드... ",이제 연말이 되면 대표분들은 내년도 부가세 준비 및 종합소득세를 대비해 한해의 매출을 잘 정리해. 연말정산 카드공제 기존에는 카드로 인한 소득공제율은 신용카드의 경우 15 직불카드 선불카드.,0,Human,82,106,2,41.0,0.0,42,23,4,1,0,10,0.5476190476190477,0.09523809523809523,0.023809523809523808,0.0,0.23809523809523808,0.2804878048780488,0.12195121951219512,0,0,2,0,0,0,0.024390243902439025
아이폰11(광주 봉이모바일) 내돈내산 구매후기!,상품_리뷰,오랜만에 아이폰11 사용해보니 처음 기대했던 것보다 만족도가 괜찮았어요. 큰 단점은 없었고 일상에서 쓰기 편해서 당분간 계속 써볼 생각입니다. 개인적으로는 너무 과하지 않은 점이 마음에 들었어요. 전체적으로 무난하면서도 기분 좋게 마무리할 수 있었어요.,오랜만에 아이폰11 사용해보니 처음 기대했던 것보다 만족도가 괜찮았어요. 큰 단점은 없었고 일상에서 쓰기 편해서 당분간 계속 써볼 생각입니다. 개인적으로는 너무 과하지 않은 점이 마음에 들었어요. 전체적으로 무난하면서도 기분 좋게 마무리할 수 있었어요.,1,AI_v1,110,141,4,27.5,3.840572873934304,55,22,8,7,1,9,0.4,0.14545454545454545,0.12727272727272726,0.01818181818181818,0.16363636363636364,0.2,0.08181818181818182,0,0,4,0,0,0,0.03636363636363636
&lt;강남역 맛집&gt; 바비레드,맛집_리뷰,<강남역은 사진으로 봤던 느낌이랑 비슷했다. 음식 비주얼은 괜찮고 양도 보통. 먹다 보니 금방 배불러서 남길 뻔했다. 시간 맞으면 한 번쯤 들를만함. 엄청난 건 아니고 그냥 기록용. 딱히 특별하진 않은데 기억은 남는 편이다.,강남역은 사진으로 봤던 느낌이랑 비슷했다. 음식 비주얼은 괜찮고 양도 보통. 먹다 보니 금방 배불러서 남길 뻔했다. 시간 맞으면 한 번쯤 들를만함. 엄청난 건 아니고 그냥 기록용. 딱히 특별하진 않은데 기억은 남는 편이다.,1,AI_v2,93,124,6,15.5,2.362907813126304,47,17,10,8,0,5,0.3617021276595745,0.2127659574468085,0.1702127659574468,0.0,0.10638297872340426,0.1827956989247312,0.053763440860215055,0,0,6,0,0,0,0.06451612903225806
"2021 연말정산 기간과 소득 공제 항목 총정리! 월세, 카드... ",전문_정보,연말정산 기간과는 생각보다 시간이 걸렸다. 중간에 귀찮아서 멈출까 했는데 일단 끝내긴 함. 다음엔 조금 더 빨리 할 수 있을 듯. 가격은 막 싸진 않았고 위치는 찾기 쉬운 편. 엄청난 건 아니고 그냥 기록용. 시간 맞으면 한 번쯤 들를만함.,연말정산 기간과는 생각보다 시간이 걸렸다. 중간에 귀찮아서 멈출까 했는데 일단 끝내긴 함. 다음엔 조금 더 빨리 할 수 있을 듯. 가격은 막 싸진 않았고 위치는 찾기 쉬운 편. 엄청난 건 아니고 그냥 기록용. 시간 맞으면 한 번쯤 들를만함.,1,AI_v2,97,134,6,16.166666666666668,2.91070819942883,54,24,10,5,1,7,0.4444444444444444,0.18518518518518517,0.09259259259259259,0.018518518518518517,0.12962962962962962,0.24742268041237114,0.07216494845360824,0,0,6,0,0,0,0.061855670103092786
【알고가요~】2020년 연말정산 소득공제 준비 하고 계신가요?,전문_정보,기타 타 명목으로 공제받은 금액들은 중복 적용 되지 않습니다 간단하게 2020년 연말정산 소득공제 내용을 미리 알아보았습니다 읽어 주셔서 감사합니다~ #2020년연말정산소득공제내용... ,기타 타 명목으로 공제받은 금액들은 중복 적용 되지 않습니다 간단하게 2020년 연말정산 소득공제 내용을 미리 알아보았습니다 읽어 주셔서 감사합니다~,0,Human,65,83,1,65.0,0.0,25,11,7,1,0,3,0.44,0.28,0.04,0.0,0.12,0.16923076923076924,0.046153846153846156,0,0,0,0,0,1,0.015384615384615385
2020년 연말정산 소득공제 총정리!,전문_정보,연말이 다가오니 2020년 연말 정산 소득공제에 대해서 알아봐야겠죠! 국세청 홈텍스에서 10월달부터... 연말정산이란? 급여소득에서 원천징수한 세액의 과부족분을 연말에 정산하는 것을 말합니다.... ,연말이 다가오니 2020년 연말 정산 소득공제에 대해서 알아봐야겠죠! 국세청 홈텍스에서 10월달부터. 연말정산이란? 급여소득에서 원천징수한 세액의 과부족분을 연말에 정산하는 것을 말합니다.,0,Human,86,105,4,21.5,10.897247358851684,42,17,4,0,0,11,0.40476190476190477,0.09523809523809523,0.0,0.0,0.2619047619047619,0.19767441860465115,0.12790697674418605,0,0,2,1,1,0,0.046511627906976744
"[강남역 맛집] 인도 음식은 여기서, 강가 강남점",맛집_리뷰,"2019년 10월 5일. 지인이 사줌. 오랫동안 알고 지낸 형이 결혼을 한다며, 청첩장 전달식을 하기 위해 강남에서 모였다. 어디가나 했더니 요기~ 삼성 딜라이트 샵있는 곳에 있는데, 항상 보기만 하고 비쌀까봐 못... ",2019년 10월 5일. 지인이 사줌. 오랫동안 알고 지낸 형이 결혼을 한다며 청첩장 전달식을 하기 위해 강남에서 모였다. 어디가나 했더니 요기~ 삼성 딜라이트 샵있는 곳에 있는데 항상 보기만 하고 비쌀까봐 못.,0,Human,89,118,4,22.25,13.88119231190174,47,18,7,3,1,9,0.3829787234042553,0.14893617021276595,0.06382978723404255,0.02127659574468085,0.19148936170212766,0.20224719101123595,0.10112359550561797,0,0,4,0,0,1,0.056179775280898875
"[맛집추천] 강남역맛집, 가성비 최고 롤링파스타에서... ",맛집_리뷰,근처에서 밥 먹을 곳 찾다가 맛집추천 강남역맛집에 들렀어요. 맛이 자극적이지 않고 양도 적당해서 만족했답니다. 웨이팅만 조금 피하면 더 좋을 것 같아요. 처음 가보는 분들도 크게 부담 없이 즐길 수 있을 것 같아요. 짧게 들렀지만 생각보다 알차게 시간을 보냈어요.,근처에서 밥 먹을 곳 찾다가 맛집추천 강남역맛집에 들렀어요. 맛이 자극적이지 않고 양도 적당해서 만족했답니다. 웨이팅만 조금 피하면 더 좋을 것 같아요. 처음 가보는 분들도 크게 부담 없이 즐길 수 있을 것 같아요. 짧게 들렀지만 생각보다 알차게 시간을 보냈어요.,1,AI_v1,110,147,5,22.0,3.03315017762062,56,23,8,8,1,9,0.4107142857142857,0.14285714285714285,0.14285714285714285,0.017857142857142856,0.16071428571428573,0.20909090909090908,0.08181818181818182,3,0,5,0,0,0,0.045454545454545456
개정된 2020년 &quot;연말정산 소득공제&quot; 모두보기...,전문_정보,개정된 &quot;연말정산은 별일 아닌 듯해도 막상 겪어보니 나름 의미가 있었어요. 작은 변화였지만 하루 분위기가 달라져서 기분 좋게 마무리했답니다. 전체적으로 무난하면서도 기분 좋게 마무리할 수 있었어요.,개정된 연말정산은 별일 아닌 듯해도 막상 겪어보니 나름 의미가 있었어요. 작은 변화였지만 하루 분위기가 달라져서 기분 좋게 마무리했답니다. 전체적으로 무난하면서도 기분 좋게 마무리할 수 있었어요.,1,AI_v1,85,109,3,28.333333333333332,2.494438257849294,40,17,9,6,0,4,0.425,0.225,0.15,0.0,0.1,0.2,0.047058823529411764,1,0,3,0,0,0,0.03529411764705882
"갤럭시 노트 10 vs 아이폰 11 pro 야간 모드, 플레어 고스트... ",상품_리뷰,"갤럭시 후기 남겨보면, 처음엔 반신반의했지만 써볼수록 편한 점이 많았어요. 아쉬운 부분도 있지만 재구매를 고민할 정도는 됩니다. 사진으로 남겨두기에도 괜찮아서 기억에 오래 남을 것 같아요. 전체적으로 무난하면서도 기분 좋게 마무리할 수 있었어요.",갤럭시 후기 남겨보면 처음엔 반신반의했지만 써볼수록 편한 점이 많았어요. 아쉬운 부분도 있지만 재구매를 고민할 정도는 됩니다. 사진으로 남겨두기에도 괜찮아서 기억에 오래 남을 것 같아요. 전체적으로 무난하면서도 기분 좋게 마무리할 수 있었어요.,1,AI_v1,106,136,4,26.5,3.3541019662496847,54,20,10,8,1,10,0.37037037037037035,0.18518518518518517,0.14814814814814814,0.018518518518518517,0.18518518518518517,0.18867924528301888,0.09433962264150944,1,0,4,0,0,0,0.03773584905660377
"아이폰 중고 저렴한곳 옥션, G마켓 11번가 행복폰 내돈내산 후기",상품_리뷰,"아이폰을 며칠 써봤다. 기능은 평범하지만 안정적이고, 크게 거슬리는 부분은 없었다. 필요한 사람한테는 괜찮은 선택일 듯. 가격은 막 싸진 않았고 위치는 찾기 쉬운 편. 다음엔 다른 메뉴도 봐야 할 듯. 이런 곳도 있었네 싶었다.",아이폰을 며칠 써봤다. 기능은 평범하지만 안정적이고 크게 거슬리는 부분은 없었다. 필요한 사람한테는 괜찮은 선택일 듯. 가격은 막 싸진 않았고 위치는 찾기 쉬운 편. 다음엔 다른 메뉴도 봐야 할 듯. 이런 곳도 있었네 싶었다.,1,AI_v2,94,126,6,15.666666666666666,5.374838498865699,52,20,9,7,0,9,0.38461538461538464,0.17307692307692307,0.1346153846153846,0.0,0.17307692307692307,0.2127659574468085,0.09574468085106383,0,0,6,0,0,0,0.06382978723404255
CASETiFY 케이스티파이 아이폰11프로케이스 추천 네온샌드... ,상품_리뷰,폰케이스 11월28일 블랙프라이데이때 구입했는데 2개 사면 20% 할인 되더라구요 각각 다른 스타일로 2개... 아이폰케이스추천 #아이폰케이스 #거울샷 #폰케이스쇼핑몰 #폰케이스추천 #내돈내산 #리뷰... ,폰케이스 11월28일 블랙프라이데이때 구입했는데 2개 사면 20 할인 되더라구요 각각 다른 스타일로 2개. 아이폰케이스추천,0,Human,55,68,2,27.5,19.0,24,15,2,0,0,1,0.625,0.08333333333333333,0.0,0.0,0.041666666666666664,0.2727272727272727,0.01818181818181818,0,0,1,0,0,0,0.01818181818181818
프로 맥스 실버 개봉기 아이폰 11프로 비교 내돈내산 실 사용기,상품_리뷰,며칠 동안 프로를 써봤는데 생각보다 손이 자주 가더라고요. 사용법도 어렵지 않고 마감도 괜찮아서 전체적으로 만족했어요. 사진으로 남겨두기에도 괜찮아서 기억에 오래 남을 것 같아요. 처음 가보는 분들도 크게 부담 없이 즐길 수 있을 것 같아요.,며칠 동안 프로를 써봤는데 생각보다 손이 자주 가더라고요. 사용법도 어렵지 않고 마감도 괜찮아서 전체적으로 만족했어요. 사진으로 남겨두기에도 괜찮아서 기억에 오래 남을 것 같아요. 처음 가보는 분들도 크게 부담 없이 즐길 수 있을 것 같아요.,1,AI_v1,102,135,4,25.5,1.118033988749895,53,21,7,7,2,10,0.39622641509433965,0.1320754716981132,0.1320754716981132,0.03773584905660377,0.18867924528301888,0.20588235294117646,0.09803921568627451,4,0,4,0,0,0,0.0392156862745098
"갤럭시 노트 10 vs 아이폰 11 pro 야간 모드, 플레어 고스트... ",상품_리뷰,갤럭시는 처음엔 애매했는데 쓰다 보니 괜찮은 쪽으로 기울었다. 다만 설명이 조금 부족해서 처음 세팅할 때는 헤맸음. 다음엔 다른 메뉴도 봐야 할 듯. 이런 곳도 있었네 싶었다. 사람이 좀 있어서 조용한 느낌은 아니었음.,갤럭시는 처음엔 애매했는데 쓰다 보니 괜찮은 쪽으로 기울었다. 다만 설명이 조금 부족해서 처음 세팅할 때는 헤맸음. 다음엔 다른 메뉴도 봐야 할 듯. 이런 곳도 있었네 싶었다. 사람이 좀 있어서 조용한 느낌은 아니었음.,1,AI_v2,91,122,5,18.2,5.844655678480983,46,17,7,8,0,9,0.3695652173913043,0.15217391304347827,0.17391304347826086,0.0,0.1956521739130435,0.18681318681318682,0.0989010989010989,0,0,5,0,0,0,0.054945054945054944
아이폰11pro 케이스 내돈내산 추천!! 예쁜 게 단단하기까지 한... ,상품_리뷰,"이번에 바꾼 제 아이폰11pro 전에 아이폰X를 깨먹고 피눈물을 봤기 때문에 다시는 부셔먹지 않으리 다짐 중이랍니다 그저 예쁜 케이스면 사서 꼈었는데 또 예쁜 건 그렇게 단단하지 않더라구요,, 떨치면 무조건... ",이번에 바꾼 제 아이폰11pro 전에 아이폰X를 깨먹고 피눈물을 봤기 때문에 다시는 부셔먹지 않으리 다짐 중이랍니다 그저 예쁜 케이스면 사서 꼈었는데 또 예쁜 건 그렇게 단단하지 않더라구요 떨치면 무조건.,0,Human,87,114,1,87.0,0.0,43,18,10,3,2,6,0.4186046511627907,0.23255813953488372,0.06976744186046512,0.046511627906976744,0.13953488372093023,0.20689655172413793,0.06896551724137931,0,0,1,0,0,0,0.011494252873563218
2020년 연말정산 소득공제 알아보기,전문_정보,"2020년도 연말정산 소득공제 바뀐 항목은 무엇인지 어떤 내용인지 함께 알아보도록 할까요? 연말정산에서 가장 궁금해 하시는 항목이 바로 소득공제율인데요. 어떤 결제수단, 어떤 항목에 소비했는가에... ",2020년도 연말정산 소득공제 바뀐 항목은 무엇인지 어떤 내용인지 함께 알아보도록 할까요? 연말정산에서 가장 궁금해 하시는 항목이 바로 소득공제율인데요. 어떤 결제수단 어떤 항목에 소비했는가에.,0,Human,86,108,3,28.666666666666668,8.993825042154695,39,17,5,4,1,7,0.4358974358974359,0.1282051282051282,0.10256410256410256,0.02564102564102564,0.1794871794871795,0.19767441860465115,0.08139534883720931,0,0,2,0,1,0,0.03488372093023256
아이폰11promax 기변 했어요내돈내산 자급제 꿀팁,상품_리뷰,오늘은 1월 초에 구입해두고 계속 쓰고 저장하다 두달 지나 쓰는 아이폰 11 프로 맥스 256G... 부분도 꽤나 맘에 들음 다음 내돈내산 후기는 Apple Watch5 Hermes 누아르 언박싱으로 곧 찾아오겠슴다,오늘은 1월 초에 구입해두고 계속 쓰고 저장하다 두달 지나 쓰는 아이폰 11 프로 맥스 256G. 부분도 꽤나 맘에 들음 다음 내돈내산 후기는 Apple Watch5 Hermes 누아르 언박싱으로 곧 찾아오겠슴다,0,Human,90,118,2,45.0,5.5,49,22,7,0,1,7,0.4489795918367347,0.14285714285714285,0.0,0.02040816326530612,0.14285714285714285,0.24444444444444444,0.07777777777777778,0,0,1,0,0,0,0.011111111111111112
아이폰11프로  케이스 (내돈내산),상품_리뷰,이번에 아이폰11프로 케이스 사용해보니 처음 기대했던 것보다 만족도가 괜찮았어요. 큰 단점은 없었고 일상에서 쓰기 편해서 당분간 계속 써볼 생각입니다. 개인적으로는 너무 과하지 않은 점이 마음에 들었어요. 사진으로 남겨두기에도 괜찮아서 기억에 오래 남을 것 같아요.,이번에 아이폰11프로 케이스 사용해보니 처음 기대했던 것보다 만족도가 괜찮았어요. 큰 단점은 없었고 일상에서 쓰기 편해서 당분간 계속 써볼 생각입니다. 개인적으로는 너무 과하지 않은 점이 마음에 들었어요. 사진으로 남겨두기에도 괜찮아서 기억에 오래 남을 것 같아요.,1,AI_v1,115,148,4,28.75,5.2141634036535525,58,24,7,7,2,12,0.41379310344827586,0.1206896551724138,0.1206896551724138,0.034482758620689655,0.20689655172413793,0.20869565217391303,0.10434782608695652,1,0,4,0,0,0,0.034782608695652174
개정된 2020년 &quot;연말정산 소득공제&quot; 모두보기...,전문_정보,개정된 사진 몇 장 찍어뒀다. 나중에 보면 별거 아닐 수도 있는데 그때 분위기가 있어서 남겨둠. 정리는 천천히 해야겠다. 엄청난 건 아니고 그냥 기록용. 사람이 좀 있어서 조용한 느낌은 아니었음. 기대치를 낮추고 가면 무난한 정도.,개정된 사진 몇 장 찍어뒀다. 나중에 보면 별거 아닐 수도 있는데 그때 분위기가 있어서 남겨둠. 정리는 천천히 해야겠다. 엄청난 건 아니고 그냥 기록용. 사람이 좀 있어서 조용한 느낌은 아니었음. 기대치를 낮추고 가면 무난한 정도.,1,AI_v2,96,129,6,16.0,5.41602560309064,52,21,8,8,1,7,0.40384615384615385,0.15384615384615385,0.15384615384615385,0.019230769230769232,0.1346153846153846,0.21875,0.07291666666666667,0,0,6,0,0,0,0.0625
2020 연말정산 미리보기! 새로운 공제항목은?,전문_정보,"오늘은 2020 연말정산 미리보기 소식과 함께 연말정산 간소화 서비스, 2020년 달라진 연말정산 공제 항목에는 어떤 것들이 있는지 알아볼게요! ^^ 1. 2020 연말정산 미리보기 지난 10월 30일 국세청에서는 2020... ",오늘은 2020 연말정산 미리보기 소식과 함께 연말정산 간소화 서비스 2020년 달라진 연말정산 공제 항목에는 어떤 것들이 있는지 알아볼게요! 1. 2020 연말정산 미리보기 지난 10월 30일 국세청에서는 2020.,0,Human,95,121,3,31.666666666666668,24.499433100017278,36,15,2,2,1,5,0.4166666666666667,0.05555555555555555,0.05555555555555555,0.027777777777777776,0.1388888888888889,0.15789473684210525,0.05263157894736842,0,0,2,1,0,0,0.031578947368421054
내돈내산 아이폰11케이스[재구매 /(주)불사조디자인아이폰11... ,상품_리뷰,뒷면에 영어로 뭐라블라써있긴 한데 그냥 전 그림만 볼래여....☆ 저렇게 하라는 대로만 하면 됩니당 ㅎㅎㄹ 필름붙이기 전에 저 걸로 깨끗하게 닦아 주시먄 됩니다 ㅎ 준비물 : 나의 새로운 칭구 아이폰11... ,뒷면에 영어로 뭐라블라써있긴 한데 그냥 전 그림만 볼래여. 저렇게 하라는 대로만 하면 됩니당 필름붙이기 전에 저 걸로 깨끗하게 닦아 주시먄 됩니다 준비물 나의 새로운 칭구 아이폰11.,0,Human,77,102,2,38.5,13.5,45,20,7,2,1,10,0.4444444444444444,0.15555555555555556,0.044444444444444446,0.022222222222222223,0.2222222222222222,0.2597402597402597,0.12987012987012986,0,0,2,0,0,0,0.025974025974025976
[아이폰11pro 케이스 애정템] 위글위글 자수케이스(내돈내산... ,상품_리뷰,"아이폰11pro 케이스는 가볍게 써보기 좋은 제품이었어요. 기대를 너무 크게 하지 않으면 만족도가 높고, 실사용 기준으로는 꽤 괜찮게 느껴졌답니다. 기대보다 편하게 즐길 수 있어서 만족스러운 시간이었답니다. 다음에는 조금 더 여유 있게 다시 가보고 싶어요.",아이폰11pro 케이스는 가볍게 써보기 좋은 제품이었어요. 기대를 너무 크게 하지 않으면 만족도가 높고 실사용 기준으로는 꽤 괜찮게 느껴졌답니다. 기대보다 편하게 즐길 수 있어서 만족스러운 시간이었답니다. 다음에는 조금 더 여유 있게 다시 가보고 싶어요.,1,AI_v1,110,142,4,27.5,6.103277807866851,49,19,9,8,1,6,0.3877551020408163,0.1836734693877551,0.16326530612244897,0.02040816326530612,0.12244897959183673,0.17272727272727273,0.05454545454545454,2,0,4,0,0,0,0.03636363636363636
2019년 10월 어제자(feat.강남역동경야시장),맛집_리뷰,근처사는 동생있어서 또 방문해볼예정 ㅋㅋㅋ 친절하고 맛있으면- 말다했지 ㅋㅋㅋㅋ 집에가자ㅏㅏㅏㅏㅏ #동경야시장 #논현역 #논현동동경야시장 #강남역동경야시장 #강남역 #강남역맛집 #강남 #불금 #불토 #주말,근처사는 동생있어서 또 방문해볼예정 친절하고 맛있으면 말다했지 집에가자,0,Human,32,39,1,32.0,0.0,16,7,3,3,0,2,0.4375,0.1875,0.1875,0.0,0.125,0.21875,0.0625,0,0,0,0,0,0,0.0
[강남역 맛집] 피그인더가든 강남점,맛집_리뷰,"2019년 10월 15일. 각출. 딱히 많이 먹고 싶지 않은 저녁, 강남역에서 만난 여자친구와 샐러드를 먹으러 갔다. 그런데 이게 줄?? 왜 이렇게 어정쩡하게 서 있지? 주문을 해야지 앉을 수 있는 시스템... 참 별로였다.... ",2019년 10월 15일. 각출. 딱히 많이 먹고 싶지 않은 저녁 강남역에서 만난 여자친구와 샐러드를 먹으러 갔다. 그런데 이게 줄? 왜 이렇게 어정쩡하게 서 있지? 주문을 해야지 앉을 수 있는 시스템. 참 별로였다.,0,Human,90,121,7,12.857142857142858,9.493284414763513,45,13,10,4,2,5,0.28888888888888886,0.2222222222222222,0.08888888888888889,0.044444444444444446,0.1111111111111111,0.14444444444444443,0.05555555555555555,0,0,5,0,2,0,0.07777777777777778
강남역맛집 어거스트 힐 맛집을 가다,맛집_리뷰,"어거스트 맛집을은 위치가 편해서 들렀다. 주문하고 기다리는 시간은 보통, 맛은 익숙한 느낌이었다. 조용한 식사보단 가볍게 먹는 쪽에 가까움. 사진은 몇 장 찍었는데 정리는 나중에 해야겠다. 가격은 막 싸진 않았고 위치는 찾기 쉬운 편.",어거스트 맛집을은 위치가 편해서 들렀다. 주문하고 기다리는 시간은 보통 맛은 익숙한 느낌이었다. 조용한 식사보단 가볍게 먹는 쪽에 가까움. 사진은 몇 장 찍었는데 정리는 나중에 해야겠다. 가격은 막 싸진 않았고 위치는 찾기 쉬운 편.,1,AI_v2,98,130,5,19.6,2.3323807579381204,52,21,8,6,0,12,0.40384615384615385,0.15384615384615385,0.11538461538461539,0.0,0.23076923076923078,0.21428571428571427,0.12244897959183673,0,0,5,0,0,0,0.05102040816326531
더 킹 협찬 중인 디팍스케이스 아이폰11과 만나다 (내돈내산후기),상품_리뷰,"이번에 협찬 후기 남겨보면, 처음엔 반신반의했지만 써볼수록 편한 점이 많았어요. 아쉬운 부분도 있지만 재구매를 고민할 정도는 됩니다. 사진으로 남겨두기에도 괜찮아서 기억에 오래 남을 것 같아요. 짧게 들렀지만 생각보다 알차게 시간을 보냈어요.",이번에 협찬 후기 남겨보면 처음엔 반신반의했지만 써볼수록 편한 점이 많았어요. 아쉬운 부분도 있지만 재구매를 고민할 정도는 됩니다. 사진으로 남겨두기에도 괜찮아서 기억에 오래 남을 것 같아요. 짧게 들렀지만 생각보다 알차게 시간을 보냈어요.,1,AI_v1,104,134,4,26.0,4.949747468305833,53,18,10,8,1,12,0.33962264150943394,0.18867924528301888,0.1509433962264151,0.018867924528301886,0.22641509433962265,0.17307692307692307,0.11538461538461539,1,0,4,0,0,0,0.038461538461538464
[2019 연말정산팁] 삼성페이 티머니 쓰면대중교통 소득공제... ,전문_정보,"2019년에 이런 실수를 하신 분이라면, 지금이라도 바꿔서 2020년 연말정산에는 소득공제를 더 잘 챙기실 수 있기를 바랍니다. 오늘의 연말정산팁은, 대중교통소득공제(신용카드등 소득공제)에 대해서 알아보고... ",2019년에 이런 실수를 하신 분이라면 지금이라도 바꿔서 2020년 연말정산에는 소득공제를 더 잘 챙기실 수 있기를 바랍니다. 오늘의 연말정산팁은 대중교통소득공제 신용카드등 소득공제 에 대해서 알아보고.,0,Human,90,113,2,45.0,10.0,37,15,7,2,0,8,0.40540540540540543,0.1891891891891892,0.05405405405405406,0.0,0.21621621621621623,0.16666666666666666,0.08888888888888889,0,0,2,0,0,0,0.022222222222222223
"[강남역 맛집] 희래식당 -마라탕 처음 먹어본 날, 꿔바로우도 함께",맛집_리뷰,곳 #마라탕 #강남역맛집 #강남맛집 #마라탕맛집 #강남마라탕맛집 #강남역마라탕맛집 #강남마라탕... 강남역마라탕 #강남데이트 2019년 4월 27일 (토) 우리 커플은 원래 외국음식을 못 먹는데 오빠가 생방송... ,곳 강남역마라탕 2019년 4월 27일 토 우리 커플은 원래 외국음식을 못 먹는데 오빠가 생방송.,0,Human,41,54,1,41.0,0.0,21,12,1,1,0,3,0.5714285714285714,0.047619047619047616,0.047619047619047616,0.0,0.14285714285714285,0.2926829268292683,0.07317073170731707,0,0,1,0,0,0,0.024390243902439025
아이폰 11PRO 펭수 폰케이스 내돈내산,상품_리뷰,"지겨워져버린 아이폰 폰케이스, 상큼한 것으로 바꾸고 싶었는데 펭수폰케이스가 등장하다닛 운명인가... 펭수굿즈 아이폰 11프로 케이스 하트펭수, 기요미의 끝판왕 입니다 &gt;_&lt; #펭수굿즈 #아이폰펭수폰케이스... ",지겨워져버린 아이폰 폰케이스 상큼한 것으로 바꾸고 싶었는데 펭수폰케이스가 등장하다닛 운명인가. 펭수굿즈 아이폰 11프로 케이스 하트펭수 기요미의 끝판왕 입니다,0,Human,71,88,2,35.5,7.0,35,19,4,2,0,5,0.5428571428571428,0.11428571428571428,0.05714285714285714,0.0,0.14285714285714285,0.2676056338028169,0.07042253521126761,0,0,1,0,0,0,0.014084507042253521
2020년 연말정산 신청서 양식 (세액공제신청서),전문_정보,연말정산 신청서는 생각보다 시간이 걸렸다. 중간에 귀찮아서 멈출까 했는데 일단 끝내긴 함. 다음엔 조금 더 빨리 할 수 있을 듯. 가격은 막 싸진 않았고 위치는 찾기 쉬운 편. 시간 맞으면 한 번쯤 들를만함. 사람이 좀 있어서 조용한 느낌은 아니었음.,연말정산 신청서는 생각보다 시간이 걸렸다. 중간에 귀찮아서 멈출까 했는데 일단 끝내긴 함. 다음엔 조금 더 빨리 할 수 있을 듯. 가격은 막 싸진 않았고 위치는 찾기 쉬운 편. 시간 맞으면 한 번쯤 들를만함. 사람이 좀 있어서 조용한 느낌은 아니었음.,1,AI_v2,102,140,6,17.0,2.581988897471611,56,23,10,6,1,9,0.4107142857142857,0.17857142857142858,0.10714285714285714,0.017857142857142856,0.16071428571428573,0.22549019607843138,0.08823529411764706,0,0,6,0,0,0,0.058823529411764705
아이폰11pro 케이스 내돈내산 리뷰(feat.아이폰12를... ,상품_리뷰,내돈내산 리뷰입니다. 위에서 보시는 제품은 링케 퓨전 매트 클리어고요. 아이폰 스페이스 그레이 후면이 무광인지라 일체감이 아주 찰떡이더라고요. 무엇보다 테두리를 딴딴하게 잡아주는 힘이 아주... ,내돈내산 리뷰입니다. 위에서 보시는 제품은 링케 퓨전 매트 클리어고요. 아이폰 스페이스 그레이 후면이 무광인지라 일체감이 아주 찰떡이더라고요. 무엇보다 테두리를 딴딴하게 잡아주는 힘이 아주.,0,Human,84,106,4,21.0,7.7781745930520225,46,24,1,3,0,10,0.5217391304347826,0.021739130434782608,0.06521739130434782,0.0,0.21739130434782608,0.2857142857142857,0.11904761904761904,1,0,4,0,0,0,0.047619047619047616
(내돈내산) &lt;한달후기&gt; ‘아이몰’ 변색없는 아이폰 케이스 !!,상품_리뷰,"&lt;한달후기&gt;는 직접 써보니 장단점이 분명했어요. 그래도 가격이나 사용감까지 생각하면 꽤 무난했고, 필요한 분들께는 참고가 될 것 같아요. 처음 가보는 분들도 크게 부담 없이 즐길 수 있을 것 같아요. 전체적으로 무난하면서도 기분 좋게 마무리할 수 있었어요.",한달후기 는 직접 써보니 장단점이 분명했어요. 그래도 가격이나 사용감까지 생각하면 꽤 무난했고 필요한 분들께는 참고가 될 것 같아요. 처음 가보는 분들도 크게 부담 없이 즐길 수 있을 것 같아요. 전체적으로 무난하면서도 기분 좋게 마무리할 수 있었어요.,1,AI_v1,106,141,4,26.5,6.34428877022476,57,23,11,7,2,6,0.40350877192982454,0.19298245614035087,0.12280701754385964,0.03508771929824561,0.10526315789473684,0.2169811320754717,0.05660377358490566,3,0,4,0,0,0,0.03773584905660377
애플 정품 아이폰 실리콘 케이스 사용 후기 / 아이폰 11 pro... ,상품_리뷰,네이버 스토어팜에서 아이폰 케이스 공구 했어요  IPhon Slilcon Case 뜨끈뜨끈 case 색 대 존 예 원쁠원... 케이스 내돈내산ㅋㅋㅋ 예쁜 케이스를 찾아서 구입도 해주구 (네이버에 똑같은 케이스를 진짜 많이 판매... ,네이버 스토어팜에서 아이폰 케이스 공구 했어요 IPhon Slilcon Case 뜨끈뜨끈 case 색 대 존 예 원쁠원. 케이스 내돈내산 예쁜 케이스를 찾아서 구입도 해주구 네이버에 똑같은 케이스를 진짜 많이 판매.,0,Human,92,120,2,46.0,6.0,44,20,7,2,1,4,0.45454545454545453,0.1590909090909091,0.045454545454545456,0.022727272727272728,0.09090909090909091,0.21739130434782608,0.043478260869565216,1,0,2,0,0,0,0.021739130434782608
"구매한 내돈내산 후기! (+ 아이폰 케이스 추천, 아이폰 색상... ",상품_리뷰,며칠 동안 구매한 내돈내산을 써봤는데 생각보다 손이 자주 가더라고요. 사용법도 어렵지 않고 마감도 괜찮아서 전체적으로 만족했어요. 전체적으로 무난하면서도 기분 좋게 마무리할 수 있었어요. 처음 가보는 분들도 크게 부담 없이 즐길 수 있을 것 같아요.,며칠 동안 구매한 내돈내산을 써봤는데 생각보다 손이 자주 가더라고요. 사용법도 어렵지 않고 마감도 괜찮아서 전체적으로 만족했어요. 전체적으로 무난하면서도 기분 좋게 마무리할 수 있었어요. 처음 가보는 분들도 크게 부담 없이 즐길 수 있을 것 같아요.,1,AI_v1,106,139,4,26.5,2.29128784747792,56,23,8,7,1,8,0.4107142857142857,0.14285714285714285,0.125,0.017857142857142856,0.14285714285714285,0.2169811320754717,0.07547169811320754,3,0,4,0,0,0,0.03773584905660377
아이폰 가죽케이스 커스텀 이니셜각인 까지(아이폰11프로... ,상품_리뷰,"아이폰 가죽케이스 사진 찍어두고 비교해봤다. 실제 색감이나 느낌은 화면이랑 조금 달랐고, 쓰다 보니 익숙해졌다. 기록용으로 남겨둠. 사진은 몇 장 찍었는데 정리는 나중에 해야겠다. 기대치를 낮추고 가면 무난한 정도.",아이폰 가죽케이스 사진 찍어두고 비교해봤다. 실제 색감이나 느낌은 화면이랑 조금 달랐고 쓰다 보니 익숙해졌다. 기록용으로 남겨둠. 사진은 몇 장 찍었는데 정리는 나중에 해야겠다. 기대치를 낮추고 가면 무난한 정도.,1,AI_v2,92,119,5,18.4,6.2801273872430325,48,21,11,1,0,9,0.4375,0.22916666666666666,0.020833333333333332,0.0,0.1875,0.22826086956521738,0.09782608695652174,0,0,5,0,0,0,0.05434782608695652
"아이폰 중고 저렴한곳 옥션, G마켓 11번가 행복폰 내돈내산 후기",상품_리뷰,"아이폰 중고는 가볍게 써보기 좋은 제품이었어요. 기대를 너무 크게 하지 않으면 만족도가 높고, 실사용 기준으로는 꽤 괜찮게 느껴졌답니다. 짧게 들렀지만 생각보다 알차게 시간을 보냈어요. 다음에는 조금 더 여유 있게 다시 가보고 싶어요.",아이폰 중고는 가볍게 써보기 좋은 제품이었어요. 기대를 너무 크게 하지 않으면 만족도가 높고 실사용 기준으로는 꽤 괜찮게 느껴졌답니다. 짧게 들렀지만 생각보다 알차게 시간을 보냈어요. 다음에는 조금 더 여유 있게 다시 가보고 싶어요.,1,AI_v1,99,130,4,24.75,7.084313657652377,46,18,9,7,1,7,0.391304347826087,0.1956521739130435,0.15217391304347827,0.021739130434782608,0.15217391304347827,0.18181818181818182,0.0707070707070707,1,0,4,0,0,0,0.04040404040404041
[강남역 맛집] 크림카레우동이 맛있는 “토끼정”,맛집_리뷰,"강남역 다녀왔는데 생각보다 분위기가 편해서 좋았어요. 음식도 깔끔하게 나와서 부담 없이 먹기 괜찮았고, 다음에 근처 가면 또 들러보고 싶더라고요. 사진으로 남겨두기에도 괜찮아서 기억에 오래 남을 것 같아요. 개인적으로는 너무 과하지 않은 점이 마음에 들었어요.",강남역 다녀왔는데 생각보다 분위기가 편해서 좋았어요. 음식도 깔끔하게 나와서 부담 없이 먹기 괜찮았고 다음에 근처 가면 또 들러보고 싶더라고요. 사진으로 남겨두기에도 괜찮아서 기억에 오래 남을 것 같아요. 개인적으로는 너무 과하지 않은 점이 마음에 들었어요.,1,AI_v1,111,144,4,27.75,6.015604707757983,53,20,8,6,3,11,0.37735849056603776,0.1509433962264151,0.11320754716981132,0.05660377358490566,0.20754716981132076,0.18018018018018017,0.0990990990990991,2,0,4,0,0,0,0.036036036036036036
2020년 연말정산 신청서 양식 (세액공제신청서),전문_정보,연말정산 관련해서 소소하게 기록해봤어요. 특별한 일은 아니었지만 막상 지나고 보니 은근 기억에 남아서 이렇게 남겨두고 싶더라고요. 개인적으로는 너무 과하지 않은 점이 마음에 들었어요. 기대보다 편하게 즐길 수 있어서 만족스러운 시간이었답니다. 전체적으로 무난하면서도 기분 좋게 마무리할 수 있었어요. 처음 가보는 분들도 크게 부담 없이 즐길 수 있을 것 같아요.,연말정산 관련해서 소소하게 기록해봤어요. 특별한 일은 아니었지만 막상 지나고 보니 은근 기억에 남아서 이렇게 남겨두고 싶더라고요. 개인적으로는 너무 과하지 않은 점이 마음에 들었어요. 기대보다 편하게 즐길 수 있어서 만족스러운 시간이었답니다. 전체적으로 무난하면서도 기분 좋게 마무리할 수 있었어요. 처음 가보는 분들도 크게 부담 없이 즐길 수 있을 것 같아요.,1,AI_v1,155,202,6,25.833333333333332,5.871304984602846,73,26,16,10,3,9,0.3561643835616438,0.2191780821917808,0.136986301369863,0.0410958904109589,0.1232876712328767,0.16774193548387098,0.05806451612903226,3,0,6,0,0,0,0.03870967741935484
2020년 달라진 연말정산 신용카드 공제,전문_정보,2020년 근로소득자들에게는 연말정산 시 가장 많이 적용받는 신용카드 소득공제가 어떻게 달라지는 알아보도록 하겠습니다. 신용카드소득공제는 신용카드 사용 활성화와 근로소득자의 세무담 경감을 위해... ,2020년 근로소득자들에게는 연말정산 시 가장 많이 적용받는 신용카드 소득공제가 어떻게 달라지는 알아보도록 하겠습니다. 신용카드소득공제는 신용카드 사용 활성화와 근로소득자의 세무담 경감을 위해.,0,Human,88,108,2,44.0,10.0,37,20,4,1,1,6,0.5405405405405406,0.10810810810810811,0.02702702702702703,0.02702702702702703,0.16216216216216217,0.22727272727272727,0.06818181818181818,0,0,2,0,0,0,0.022727272727272728
[연말정산 신용카드 공제] Ep.13 소득공제 환급 제대로 알기... ,전문_정보,연말정산을 하면서 오랜만에 여유를 느꼈어요. 바쁜 와중에 잠깐 쉬어가는 시간이 생긴 것 같아서 꽤 괜찮은 하루였답니다. 사진으로 남겨두기에도 괜찮아서 기억에 오래 남을 것 같아요. 짧게 들렀지만 생각보다 알차게 시간을 보냈어요.,연말정산을 하면서 오랜만에 여유를 느꼈어요. 바쁜 와중에 잠깐 쉬어가는 시간이 생긴 것 같아서 꽤 괜찮은 하루였답니다. 사진으로 남겨두기에도 괜찮아서 기억에 오래 남을 것 같아요. 짧게 들렀지만 생각보다 알차게 시간을 보냈어요.,1,AI_v1,98,127,4,24.5,4.387482193696061,48,16,8,7,1,11,0.3333333333333333,0.16666666666666666,0.14583333333333334,0.020833333333333332,0.22916666666666666,0.16326530612244897,0.11224489795918367,2,0,4,0,0,0,0.04081632653061224
아이폰 11 pro 프로 가로수길 애플스토어 구매 보고서,상품_리뷰,며칠 동안 아이폰 11를 써봤는데 생각보다 손이 자주 가더라고요. 사용법도 어렵지 않고 마감도 괜찮아서 전체적으로 만족했어요. 기대보다 편하게 즐길 수 있어서 만족스러운 시간이었답니다. 사진으로 남겨두기에도 괜찮아서 기억에 오래 남을 것 같아요.,며칠 동안 아이폰 11를 써봤는데 생각보다 손이 자주 가더라고요. 사용법도 어렵지 않고 마감도 괜찮아서 전체적으로 만족했어요. 기대보다 편하게 즐길 수 있어서 만족스러운 시간이었답니다. 사진으로 남겨두기에도 괜찮아서 기억에 오래 남을 것 같아요.,1,AI_v1,107,137,4,26.75,0.82915619758885,50,19,7,8,1,9,0.38,0.14,0.16,0.02,0.18,0.17757009345794392,0.08411214953271028,4,0,4,0,0,0,0.037383177570093455
연말정산 하는법 2020년 바뀐 소득공제 내역 월세 소득공제... ,전문_정보,동일해야만 공제 가능하다는거 연말정산 하는법 정리를 해보았는데 연말정산이란 해당 연도의 1월부터 12월까지 지출 항목에 대해 이듬에 2월 정산이 이루어지는데 이번 2020년 연말정산은 3월 11일까지... ,동일해야만 공제 가능하다는거 연말정산 하는법 정리를 해보았는데 연말정산이란 해당 연도의 1월부터 12월까지 지출 항목에 대해 이듬에 2월 정산이 이루어지는데 이번 2020년 연말정산은 3월 11일까지.,0,Human,89,112,1,89.0,0.0,36,14,3,2,0,7,0.3888888888888889,0.08333333333333333,0.05555555555555555,0.0,0.19444444444444445,0.15730337078651685,0.07865168539325842,0,0,1,0,0,0,0.011235955056179775
크림번(#내돈내산 #뚜레쥬르... 마담얼그레이크림번 #아이폰11프... ,상품_리뷰,막 느끼한건 아닌데 은은히 올라오는 크림 - 여튼 가을이구나 가을이야~ - 살이 팍팍 찌는구나~ #내돈내산 #뚜레쥬르 #신제품 #뚜레쥬르신제품 #알알이카라멜마끼아또 #마담얼그레이크림번 #아이폰11프로 #복피디TV,막 느끼한건 아닌데 은은히 올라오는 크림 여튼 가을이구나 가을이야~ 살이 팍팍 찌는구나~,0,Human,38,49,1,38.0,0.0,17,6,3,3,1,2,0.35294117647058826,0.17647058823529413,0.17647058823529413,0.058823529411764705,0.11764705882352941,0.15789473684210525,0.05263157894736842,0,0,0,0,0,2,0.05263157894736842
2020년 연말정산 변경사항 꼭 알아봐야죠,전문_정보,연말정산 변경사항은 별일 아닌 듯해도 막상 겪어보니 나름 의미가 있었어요. 작은 변화였지만 하루 분위기가 달라져서 기분 좋게 마무리했답니다. 처음 가보는 분들도 크게 부담 없이 즐길 수 있을 것 같아요. 다음에는 조금 더 여유 있게 다시 가보고 싶어요.,연말정산 변경사항은 별일 아닌 듯해도 막상 겪어보니 나름 의미가 있었어요. 작은 변화였지만 하루 분위기가 달라져서 기분 좋게 마무리했답니다. 처음 가보는 분들도 크게 부담 없이 즐길 수 있을 것 같아요. 다음에는 조금 더 여유 있게 다시 가보고 싶어요.,1,AI_v1,105,141,4,26.25,4.602988159880492,52,24,10,7,1,5,0.46153846153846156,0.19230769230769232,0.1346153846153846,0.019230769230769232,0.09615384615384616,0.22857142857142856,0.047619047619047616,2,0,4,0,0,0,0.0380952380952381
[강남역 맛집/강남역 파스타] 이름없는파스타 강남역점,맛집_리뷰,"이름없는파스타 다녀왔는데 첫인상은 그냥 보통. 근데 먹다 보니 나쁘지 않았다. 소스가 조금 강해서 호불호 있을 듯하고, 나는 그럭저럭 괜찮았음. 가격은 막 싸진 않았고 위치는 찾기 쉬운 편. 사람이 좀 있어서 조용한 느낌은 아니었음.",이름없는파스타 다녀왔는데 첫인상은 그냥 보통. 근데 먹다 보니 나쁘지 않았다. 소스가 조금 강해서 호불호 있을 듯하고 나는 그럭저럭 괜찮았음. 가격은 막 싸진 않았고 위치는 찾기 쉬운 편. 사람이 좀 있어서 조용한 느낌은 아니었음.,1,AI_v2,97,129,5,19.4,4.586937976471886,48,18,6,9,2,8,0.375,0.125,0.1875,0.041666666666666664,0.16666666666666666,0.18556701030927836,0.08247422680412371,0,0,5,0,0,0,0.05154639175257732
소득공제 (2020년 연말정산(2019년 귀속 근로소득) 적용... ,전문_정보,소득공제 해봤다. 특별한 감상은 없고 그냥 해야 해서 한 느낌. 그래도 끝내고 나니 신경 쓰이던 게 하나 줄었다. 엄청난 건 아니고 그냥 기록용. 급하게 정한 일정치고는 나쁘지 않았다. 시간 맞으면 한 번쯤 들를만함. 엄청 자세한 후기는 아니고 그냥 그때 느낌 위주.,소득공제 해봤다. 특별한 감상은 없고 그냥 해야 해서 한 느낌. 그래도 끝내고 나니 신경 쓰이던 게 하나 줄었다. 엄청난 건 아니고 그냥 기록용. 급하게 정한 일정치고는 나쁘지 않았다. 시간 맞으면 한 번쯤 들를만함. 엄청 자세한 후기는 아니고 그냥 그때 느낌 위주.,1,AI_v2,109,149,7,15.571428571428571,4.10077145554495,55,22,11,8,2,4,0.4,0.2,0.14545454545454545,0.03636363636363636,0.07272727272727272,0.2018348623853211,0.03669724770642202,0,0,7,0,0,0,0.06422018348623854
[리뷰]애플 유저 아이폰11프로... 펜슬 2세대 내돈내산 구매 후기,상품_리뷰,"#애플 #아이폰11프로 #아이패드프로4세대 #매직키보드 #애플펜슬2세대 #내돈내산 #구매후기 작년에 갑자기 갤럭시 노트5 액정이 파손된 바람에... 3년차 버티고 버텼는데... 음질, 화질 깨져도... 더 쓰려고 했는데... ",작년에 갑자기 갤럭시 노트5 액정이 파손된 바람에. 3년차 버티고 버텼는데. 음질 화질 깨져도. 더 쓰려고 했는데.,0,Human,49,64,4,12.25,5.7608593109014565,26,11,5,0,0,3,0.4230769230769231,0.19230769230769232,0.0,0.0,0.11538461538461539,0.22448979591836735,0.061224489795918366,0,0,4,0,0,0,0.08163265306122448
홈택스 : 2020년 귀속 연말정산... 끝나기 전 추가 세액공제),전문_정보,2020년 귀속분 연말정산 미리보기 (2021년 연말정산) 서비스가 오픈했다. 작년에도 10월 30일에... 올해는 코로나로 인해 소득공제 한도 비율을 증가해줬기 때문에 대부분의 사람들이 신용카드 공제는... ,2020년 귀속분 연말정산 미리보기 2021년 연말정산 서비스가 오픈했다. 작년에도 10월 30일에. 올해는 코로나로 인해 소득공제 한도 비율을 증가해줬기 때문에 대부분의 사람들이 신용카드 공제는.,0,Human,88,110,3,29.333333333333332,12.684198393626966,40,18,2,1,0,9,0.45,0.05,0.025,0.0,0.225,0.20454545454545456,0.10227272727272728,0,0,3,0,0,0,0.03409090909090909
강남역 맛집 꼭그닭 빠네치킨 먹어보기 ' ▾ ',맛집_리뷰,꼭그닭이 없더라구요ㅠㅠ 알고보니 2019년 9월 6일 금요일 부터 역삼동 812-18번지 (구 무챠초자리) 로... 구분 #꼭그닭강남점 #꼭그닭셀프탭하우스 #강남역맛집 #강남맛집 #강남역치킨집 #강남치킨맛집... ,꼭그닭이 없더라구요 알고보니 2019년 9월 6일 금요일 부터 역삼동 812 18번지 구 무챠초자리 로. 구분,0,Human,47,61,2,23.5,21.0,23,11,1,1,0,2,0.4782608695652174,0.043478260869565216,0.043478260869565216,0.0,0.08695652173913043,0.23404255319148937,0.0425531914893617,0,0,1,0,0,0,0.02127659574468085
2020년 연말정산 미리보기(신용카드소득공제),전문_정보,연말정산 기록. 특별한 건 없고 그냥 그런 하루였다. 그래도 남겨두면 나중에 다시 볼 때 생각날 것 같음. 딱히 특별하진 않은데 기억은 남는 편이다. 시간 맞으면 한 번쯤 들를만함. 이런 곳도 있었네 싶었다. 엄청 자세한 후기는 아니고 그냥 그때 느낌 위주.,연말정산 기록. 특별한 건 없고 그냥 그런 하루였다. 그래도 남겨두면 나중에 다시 볼 때 생각날 것 같음. 딱히 특별하진 않은데 기억은 남는 편이다. 시간 맞으면 한 번쯤 들를만함. 이런 곳도 있었네 싶었다. 엄청 자세한 후기는 아니고 그냥 그때 느낌 위주.,1,AI_v2,105,144,7,15.0,4.69041575982343,55,21,10,10,2,4,0.38181818181818183,0.18181818181818182,0.18181818181818182,0.03636363636363636,0.07272727272727272,0.2,0.0380952380952381,0,0,7,0,0,0,0.06666666666666667
"보너스, 2020년 연말정산 - 4... 팁, 연말정산 세액공제 강의... ",전문_정보,"오늘은 보너스 연말정산에 대해 짧게 남겨봅니다. 큰 기대 없이 시작했는데 생각보다 만족스러웠고, 다음에도 비슷하게 해보고 싶어요. 짧게 들렀지만 생각보다 알차게 시간을 보냈어요. 기대보다 편하게 즐길 수 있어서 만족스러운 시간이었답니다.",오늘은 보너스 연말정산에 대해 짧게 남겨봅니다. 큰 기대 없이 시작했는데 생각보다 만족스러웠고 다음에도 비슷하게 해보고 싶어요. 짧게 들렀지만 생각보다 알차게 시간을 보냈어요. 기대보다 편하게 즐길 수 있어서 만족스러운 시간이었답니다.,1,AI_v1,103,131,4,25.75,5.717298313014636,43,13,10,8,1,7,0.3023255813953488,0.23255813953488372,0.18604651162790697,0.023255813953488372,0.16279069767441862,0.1262135922330097,0.06796116504854369,1,0,4,0,0,0,0.038834951456310676
달라진 2020년 연말정산? 변경사항 알아보기,전문_정보,연말정산 하는 법 1. 2020년 정산은 2021년 연초에 시행한다 2. 비과세를 제외한 2020년 총 근로소득을 계산한다 (홈텍스의 '근로소득원천징수영수증'을 참고) 3. 총 근로소득에서 소득공제 항목을 뺀다... ,연말정산 하는 법 1. 2020년 정산은 2021년 연초에 시행한다 2. 비과세를 제외한 2020년 총 근로소득을 계산한다 홈텍스의 근로소득원천징수영수증 을 참고 3. 총 근로소득에서 소득공제 항목을 뺀다.,0,Human,90,115,4,22.5,12.175795661885921,48,23,4,0,0,9,0.4791666666666667,0.08333333333333333,0.0,0.0,0.1875,0.25555555555555554,0.1,0,0,4,0,0,0,0.044444444444444446
강남역 맛집) 신데렐라롱,맛집_리뷰,맛집) 들렀다. 맛은 무난했고 양도 적당. 웨이팅만 길지 않으면 괜찮음. 엄청 특별한 맛집이라기보단 근처에서 밥 먹기 좋은 곳. 급하게 정한 일정치고는 나쁘지 않았다. 사람이 좀 있어서 조용한 느낌은 아니었음. 기대치를 낮추고 가면 무난한 정도.,맛집 들렀다. 맛은 무난했고 양도 적당. 웨이팅만 길지 않으면 괜찮음. 엄청 특별한 맛집이라기보단 근처에서 밥 먹기 좋은 곳. 급하게 정한 일정치고는 나쁘지 않았다. 사람이 좀 있어서 조용한 느낌은 아니었음. 기대치를 낮추고 가면 무난한 정도.,1,AI_v2,103,136,7,14.714285714285714,5.034574339058885,53,20,5,9,1,10,0.37735849056603776,0.09433962264150944,0.16981132075471697,0.018867924528301886,0.18867924528301888,0.1941747572815534,0.0970873786407767,0,0,7,0,0,0,0.06796116504854369
"[강남역 맛집] 우리의 소개팅 장소, 블루밍 가든 Blooming... ",맛집_리뷰,"강남역 우리의 다녀왔는데 생각보다 분위기가 편해서 좋았어요. 음식도 깔끔하게 나와서 부담 없이 먹기 괜찮았고, 다음에 근처 가면 또 들러보고 싶더라고요. 짧게 들렀지만 생각보다 알차게 시간을 보냈어요. 다음에는 조금 더 여유 있게 다시 가보고 싶어요.",강남역 우리의 다녀왔는데 생각보다 분위기가 편해서 좋았어요. 음식도 깔끔하게 나와서 부담 없이 먹기 괜찮았고 다음에 근처 가면 또 들러보고 싶더라고요. 짧게 들렀지만 생각보다 알차게 시간을 보냈어요. 다음에는 조금 더 여유 있게 다시 가보고 싶어요.,1,AI_v1,106,139,4,26.5,7.158910531638177,47,19,8,7,1,8,0.40425531914893614,0.1702127659574468,0.14893617021276595,0.02127659574468085,0.1702127659574468,0.1792452830188679,0.07547169811320754,1,0,4,0,0,0,0.03773584905660377
"[강남역 밥집] 강남역 맛집,밥집,저렴한 가격에 스테이크를... ",맛집_리뷰,ㅎㅎㅎㅎ2019년의 마지막날의 포스팅은 바로바로 ㅎㅎㅎㅎㅎ 강남역 밥집! 모모스테이크 입니당!!!!!!!... 보장된 맛집이라는것!!!!!!!그럼 바로 포스팅 시작할게용! 요것은 메뉴판입니당!!!전 식당에 가면 메뉴판을... ,2019년의 마지막날의 포스팅은 바로바로 강남역 밥집! 모모스테이크 입니당!. 보장된 맛집이라는것!그럼 바로 포스팅 시작할게용! 요것은 메뉴판입니당!전 식당에 가면 메뉴판을.,0,Human,80,97,6,13.333333333333334,5.398044913567215,40,19,2,3,1,6,0.475,0.05,0.075,0.025,0.15,0.2375,0.075,0,0,2,5,0,0,0.0875
2020년 연말정산 절세 팁 - 신용카드 등 소득공제,전문_정보,"2020년 새해 직장인들은 단연 연말정산에 대해 고민이 많으시죠? 오늘은 연말정산 중 신용카드 소득공제에 대해 알아보도록 하겠습니다. 대부분의 직장인들은 신용카드, 체크카드, 현금 등으로 많이... ",2020년 새해 직장인들은 단연 연말정산에 대해 고민이 많으시죠? 오늘은 연말정산 중 신용카드 소득공제에 대해 알아보도록 하겠습니다. 대부분의 직장인들은 신용카드 체크카드 현금 등으로 많이.,0,Human,84,106,3,28.0,2.160246899469287,36,18,2,1,1,8,0.5,0.05555555555555555,0.027777777777777776,0.027777777777777776,0.2222222222222222,0.21428571428571427,0.09523809523809523,0,0,2,0,1,0,0.03571428571428571
"2020년 연말정산 관련 개정세법, ISA계좌 세액공제 한도 확대!",전문_정보,연말정산 관련을 하면서 오랜만에 여유를 느꼈어요. 바쁜 와중에 잠깐 쉬어가는 시간이 생긴 것 같아서 꽤 괜찮은 하루였답니다. 개인적으로는 너무 과하지 않은 점이 마음에 들었어요. 사진으로 남겨두기에도 괜찮아서 기억에 오래 남을 것 같아요.,연말정산 관련을 하면서 오랜만에 여유를 느꼈어요. 바쁜 와중에 잠깐 쉬어가는 시간이 생긴 것 같아서 꽤 괜찮은 하루였답니다. 개인적으로는 너무 과하지 않은 점이 마음에 들었어요. 사진으로 남겨두기에도 괜찮아서 기억에 오래 남을 것 같아요.,1,AI_v1,102,133,4,25.5,3.5,53,19,9,5,2,12,0.3584905660377358,0.16981132075471697,0.09433962264150944,0.03773584905660377,0.22641509433962265,0.18627450980392157,0.11764705882352941,2,0,4,0,0,0,0.0392156862745098
2019년 8월 마지막주 아이폰 일상 (전주 구례 전라도여행),맛집_리뷰,가볍게 근처에서 밥 먹을 곳 찾다가 8월에 들렀어요. 맛이 자극적이지 않고 양도 적당해서 만족했답니다. 웨이팅만 조금 피하면 더 좋을 것 같아요. 다음에는 조금 더 여유 있게 다시 가보고 싶어요. 처음 가보는 분들도 크게 부담 없이 즐길 수 있을 것 같아요.,가볍게 근처에서 밥 먹을 곳 찾다가 8월에 들렀어요. 맛이 자극적이지 않고 양도 적당해서 만족했답니다. 웨이팅만 조금 피하면 더 좋을 것 같아요. 다음에는 조금 더 여유 있게 다시 가보고 싶어요. 처음 가보는 분들도 크게 부담 없이 즐길 수 있을 것 같아요.,1,AI_v1,105,144,5,21.0,2.3664319132398464,55,22,8,8,1,7,0.4,0.14545454545454545,0.14545454545454545,0.01818181818181818,0.12727272727272726,0.20952380952380953,0.06666666666666667,3,0,5,0,0,0,0.047619047619047616
강남역맛집) 몸보신 삼계탕 맛집 : 한방삼계탕,맛집_리뷰,강남역맛집) 몸보신 삼계탕 맛집 : 한방삼계탕 오늘은 주임님께서 너무 먹고 싶어서 꿈까지 꿨다는... 생각보다 닭이 작았지만 국물 맛도 좋고 밥 양도 많고 좋았어요 :) 2019년 더 열심히 하기 위해 몸보신... ,강남역맛집 몸보신 삼계탕 맛집 한방삼계탕 오늘은 주임님께서 너무 먹고 싶어서 꿈까지 꿨다는. 생각보다 닭이 작았지만 국물 맛도 좋고 밥 양도 많고 좋았어요 2019년 더 열심히 하기 위해 몸보신.,0,Human,82,109,2,41.0,1.0,42,21,4,4,2,6,0.5,0.09523809523809523,0.09523809523809523,0.047619047619047616,0.14285714285714285,0.25609756097560976,0.07317073170731707,0,0,2,0,0,0,0.024390243902439025
"강남역 훠궈 무한리필, 고기 무제한 존맛탱 하이라훠궈",맛집_리뷰,친구가 가보자 해서 훠궈 들렀는데 사람 많더라. 그래도 음식은 금방 나왔고 맛도 나쁘지 않았음. 막 감탄까진 아니고 배부르게 먹고 나왔다. 사람이 좀 있어서 조용한 느낌은 아니었음. 엄청난 건 아니고 그냥 기록용. 시간 맞으면 한 번쯤 들를만함.,친구가 가보자 해서 훠궈 들렀는데 사람 많더라. 그래도 음식은 금방 나왔고 맛도 나쁘지 않았음. 막 감탄까진 아니고 배부르게 먹고 나왔다. 사람이 좀 있어서 조용한 느낌은 아니었음. 엄청난 건 아니고 그냥 기록용. 시간 맞으면 한 번쯤 들를만함.,1,AI_v2,102,137,6,17.0,2.943920288775949,51,18,10,9,1,6,0.35294117647058826,0.19607843137254902,0.17647058823529413,0.0196078431372549,0.11764705882352941,0.17647058823529413,0.058823529411764705,0,0,6,0,0,0,0.058823529411764705
"2020년 연말정산, 무엇이 달라졌나?",전문_정보,"연말정산은 ‘급여소득에서 원천징수한 세액의 과부족을 연말에 정산하는 일’로, 신고·납부기한은 2020년 3월 10일까지입니다. 아직 기한이 한 달여 남아있지만, 올해 달라진 부분을 확인해두지 않으면... ",연말정산은 급여소득에서 원천징수한 세액의 과부족을 연말에 정산하는 일 로 신고 납부기한은 2020년 3월 10일까지입니다. 아직 기한이 한 달여 남아있지만 올해 달라진 부분을 확인해두지 않으면.,0,Human,85,108,2,42.5,12.5,43,17,8,0,1,9,0.3953488372093023,0.18604651162790697,0.0,0.023255813953488372,0.20930232558139536,0.2,0.10588235294117647,0,0,2,0,0,0,0.023529411764705882
2020년 달라진 연말정산 알아보기!,전문_정보,"요즘 달라진 때문에 생각이 많았는데, 직접 해보니 생각보다 어렵지 않았어요. 천천히 정리하니 마음도 조금 편해진 느낌입니다. 전체적으로 무난하면서도 기분 좋게 마무리할 수 있었어요. 기대보다 편하게 즐길 수 있어서 만족스러운 시간이었답니다.",요즘 달라진 때문에 생각이 많았는데 직접 해보니 생각보다 어렵지 않았어요. 천천히 정리하니 마음도 조금 편해진 느낌입니다. 전체적으로 무난하면서도 기분 좋게 마무리할 수 있었어요. 기대보다 편하게 즐길 수 있어서 만족스러운 시간이었답니다.,1,AI_v1,104,133,4,26.0,3.9370039370059056,46,17,8,9,1,6,0.3695652173913043,0.17391304347826086,0.1956521739130435,0.021739130434782608,0.13043478260869565,0.16346153846153846,0.057692307692307696,1,0,4,0,0,0,0.038461538461538464
"강남역 맛집 바비레드, 아들과 동행",맛집_리뷰,"바비레드 아들과 먹고 옴. 사람 많고 조금 정신없었지만 음식은 괜찮았다. 가격은 보통, 위치는 편한 편이라 약속 전후로 들르기 좋음. 사진은 몇 장 찍었는데 정리는 나중에 해야겠다. 사람이 좀 있어서 조용한 느낌은 아니었음.",바비레드 아들과 먹고 옴. 사람 많고 조금 정신없었지만 음식은 괜찮았다. 가격은 보통 위치는 편한 편이라 약속 전후로 들르기 좋음. 사진은 몇 장 찍었는데 정리는 나중에 해야겠다. 사람이 좀 있어서 조용한 느낌은 아니었음.,1,AI_v2,93,124,5,18.6,4.2708313008125245,50,22,4,8,0,11,0.44,0.08,0.16,0.0,0.22,0.23655913978494625,0.11827956989247312,0,0,5,0,0,0,0.053763440860215055
홈택스 : 2020년 귀속 연말정산... 끝나기 전 추가 세액공제),전문_정보,홈택스를 하면서 생각보다 시간이 빨리 갔다. 중간중간 딴짓도 했지만 마무리는 했다. 그냥 소소한 기록으로 남김. 시간 맞으면 한 번쯤 들를만함. 이런 곳도 있었네 싶었다. 딱히 특별하진 않은데 기억은 남는 편이다.,홈택스를 하면서 생각보다 시간이 빨리 갔다. 중간중간 딴짓도 했지만 마무리는 했다. 그냥 소소한 기록으로 남김. 시간 맞으면 한 번쯤 들를만함. 이런 곳도 있었네 싶었다. 딱히 특별하진 않은데 기억은 남는 편이다.,1,AI_v2,90,119,6,15.0,3.1091263510296048,48,15,11,5,1,8,0.3125,0.22916666666666666,0.10416666666666667,0.020833333333333332,0.16666666666666666,0.16666666666666666,0.08888888888888889,0,0,6,0,0,0,0.06666666666666667
강남역 맛집 / 알요리 전문점 알부자 - 오랫동안 사랑받는 알찜... ,맛집_리뷰,강남역 맛집 / 알요리 전문점 알부자 - 알찜 강남역에서 맛집 좀 다녔었다는 사람들은 아는 대박집 몇... 덥더라 강남역 맛집 알부자 메뉴판 및 가격(2019년 10월 Ver.) 가격은 워나 상대적이니깐 뭐... 꾸준히 오르고... ,강남역 맛집 알요리 전문점 알부자 알찜 강남역에서 맛집 좀 다녔었다는 사람들은 아는 대박집 몇. 덥더라 강남역 맛집 알부자 메뉴판 및 가격 2019년 10월 Ver. 가격은 워나 상대적이니깐 뭐. 꾸준히 오르고.,0,Human,89,118,4,22.25,13.026415470113028,44,26,4,2,0,4,0.5909090909090909,0.09090909090909091,0.045454545454545456,0.0,0.09090909090909091,0.29213483146067415,0.0449438202247191,0,0,4,0,0,0,0.0449438202247191
신박하고 웃긴 아이폰케이스+스마트톡 구매후기(내돈내산),상품_리뷰,에이블리 어플설치에서 아이폰케이스 라고 검색하니 종류가 정말 많이많이 나오더라구요! 더어반무드... 3가지있는데 이런 독특한 케이스 좋아하시는분들은 구매 GOGO 입니다~ 참고로 아이폰 11프로 입니다!,에이블리 어플설치에서 아이폰케이스 라고 검색하니 종류가 정말 많이많이 나오더라구요! 더어반무드. 3가지있는데 이런 독특한 케이스 좋아하시는분들은 구매 GOGO 입니다~ 참고로 아이폰 11프로 입니다!,0,Human,90,111,3,30.0,17.281975195754296,41,16,3,6,0,5,0.3902439024390244,0.07317073170731707,0.14634146341463414,0.0,0.12195121951219512,0.17777777777777778,0.05555555555555555,0,0,1,2,0,1,0.044444444444444446
2020 연말정산(해외체류 자녀 유치원비 공제될까?- 됐다!),전문_정보,"연말정산에 다녀왔는데 생각보다 볼거리가 많았어요. 중간중간 쉬어가며 둘러보니 부담 없었고, 사진 남기기에도 좋은 분위기였어요. 다음에는 조금 더 여유 있게 다시 가보고 싶어요. 기대보다 편하게 즐길 수 있어서 만족스러운 시간이었답니다.",연말정산에 다녀왔는데 생각보다 볼거리가 많았어요. 중간중간 쉬어가며 둘러보니 부담 없었고 사진 남기기에도 좋은 분위기였어요. 다음에는 조금 더 여유 있게 다시 가보고 싶어요. 기대보다 편하게 즐길 수 있어서 만족스러운 시간이었답니다.,1,AI_v1,102,130,4,25.5,4.8218253804964775,43,18,8,7,0,6,0.4186046511627907,0.18604651162790697,0.16279069767441862,0.0,0.13953488372093023,0.17647058823529413,0.058823529411764705,1,0,4,0,0,0,0.0392156862745098
신용카드 등 사용금액 소득공제(feat. 2020년 연말정산... ,전문_정보,"(2020년 연말정산 관련 내용은 5번에 있습니다.) 1. 얼마를 공제해주나요? 사용금액에 대해 소득공제를 해주는데, 가장 많이 쓰는 신용카드의 공제율은 15%, 체크카드의 공제율은 30%입니다. 예를 들어 똑같이... ",2020년 연말정산 관련 내용은 5번에 있습니다. 1. 얼마를 공제해주나요? 사용금액에 대해 소득공제를 해주는데 가장 많이 쓰는 신용카드의 공제율은 15 체크카드의 공제율은 30 입니다. 예를 들어 똑같이.,0,Human,90,115,5,18.0,16.34625339336204,48,16,4,2,2,10,0.3333333333333333,0.08333333333333333,0.041666666666666664,0.041666666666666664,0.20833333333333334,0.17777777777777778,0.1111111111111111,0,0,4,0,1,0,0.05555555555555555
강남역 맛집 강남역 회식장소는 진구곱창이 최고죠,맛집_리뷰,를 몇번 묻고는 드디어 다녀오게된 강남역 맛집 진구곱창 강남역 회식장소로도 정말 좋겠더라구요 야외... 새벽 6시까지 영업을하니 강남 늦게까지하는 맛집으로 강남역 회식장소 적극 추천하는 바입니다... ,를 몇번 묻고는 드디어 다녀오게된 강남역 맛집 진구곱창 강남역 회식장소로도 정말 좋겠더라구요 야외. 새벽 6시까지 영업을하니 강남 늦게까지하는 맛집으로 강남역 회식장소 적극 추천하는 바입니다.,0,Human,84,107,2,42.0,1.0,39,22,6,2,1,3,0.5641025641025641,0.15384615384615385,0.05128205128205128,0.02564102564102564,0.07692307692307693,0.2619047619047619,0.03571428571428571,0,0,2,0,0,0,0.023809523809523808
2019년 8월 일상 이야기 (1) - 서울 나들이,맛집_리뷰,전참시에서 나온 이영자맛집이라는데 직원분이 하나하나 다 구워서 여러가지 조합으로 먹기 좋게 싸주기까지 하셔서 넘 좋았다ㅎㅎㅎ 강남역카페 수수히 그리고 너무 더우니 근처 카페 가서 수다떨기... ,전참시에서 나온 이영자맛집이라는데 직원분이 하나하나 다 구워서 여러가지 조합으로 먹기 좋게 싸주기까지 하셔서 넘 좋았다 강남역카페 수수히 그리고 너무 더우니 근처 카페 가서 수다떨기.,0,Human,79,102,1,79.0,0.0,35,16,7,4,2,3,0.45714285714285713,0.2,0.11428571428571428,0.05714285714285714,0.08571428571428572,0.20253164556962025,0.0379746835443038,0,0,1,0,0,0,0.012658227848101266
[연말정산] 2020년 연말정산 ‘신용카드’공제혜택 정리!,전문_정보,신용카드 공제혜택 을 정리해보려고 한다. 연말정산은 무엇인가? 본론으로 들어가기 전에 먼저 연말정산이란 무엇인가? 2020년 1월 1일부터 2020년 12월 31일까지 소득에 대한 정산 납부일 : 3월 10일까지 1년동안... ,신용카드 공제혜택 을 정리해보려고 한다. 연말정산은 무엇인가? 본론으로 들어가기 전에 먼저 연말정산이란 무엇인가? 2020년 1월 1일부터 2020년 12월 31일까지 소득에 대한 정산 납부일 3월 10일까지 1년동안.,0,Human,97,122,4,24.25,13.386093530227555,44,16,3,0,0,8,0.36363636363636365,0.06818181818181818,0.0,0.0,0.18181818181818182,0.16494845360824742,0.08247422680412371,0,0,2,0,2,0,0.041237113402061855
2020년 달라진 연말정산 알아보기!,전문_정보,연말정산이란 국세청에서 1년 동안 간이세액표에 따라 거둬들인 근로소득세를 연말에 다시 따져보고... 2020년 달라진 연말정산 알아보기! 높아진 소득공제율 2020년 올해는 코로나19가 장기화되면서 경기가... ,연말정산이란 국세청에서 1년 동안 간이세액표에 따라 거둬들인 근로소득세를 연말에 다시 따져보고. 2020년 달라진 연말정산 알아보기! 높아진 소득공제율 2020년 올해는 코로나19가 장기화되면서 경기가.,0,Human,92,113,3,30.666666666666668,10.656244908763854,41,18,8,0,0,7,0.43902439024390244,0.1951219512195122,0.0,0.0,0.17073170731707318,0.1956521739130435,0.07608695652173914,0,0,2,1,0,0,0.03260869565217391
내돈내산! 아이폰 11프로맥스 액정필름!!,상품_리뷰,아이폰 11 프로맥스 폰산지 거의 6개월째!! 처음 붙혀져나오는 필름그대로 이때까지 사용하다가 필름에 금가고 뿌사지고 더러워지고 난리라서 이번에 새로바꿈! 아이폰 강화유리 필름음 금액이 부담시러서... ,아이폰 11 프로맥스 폰산지 거의 6개월째! 처음 붙혀져나오는 필름그대로 이때까지 사용하다가 필름에 금가고 뿌사지고 더러워지고 난리라서 이번에 새로바꿈! 아이폰 강화유리 필름음 금액이 부담시러서.,0,Human,87,109,3,29.0,14.142135623730951,44,24,5,2,0,6,0.5454545454545454,0.11363636363636363,0.045454545454545456,0.0,0.13636363636363635,0.27586206896551724,0.06896551724137931,0,0,1,2,0,0,0.034482758620689655
[리뷰] 아이폰11pro 풀커버 강화유리필름 내돈내산 구매후기... ,상품_리뷰,아이폰11pro 풀커버 사용해보니 처음 기대했던 것보다 만족도가 괜찮았어요. 큰 단점은 없었고 일상에서 쓰기 편해서 당분간 계속 써볼 생각입니다. 개인적으로는 너무 과하지 않은 점이 마음에 들었어요. 처음 가보는 분들도 크게 부담 없이 즐길 수 있을 것 같아요.,아이폰11pro 풀커버 사용해보니 처음 기대했던 것보다 만족도가 괜찮았어요. 큰 단점은 없었고 일상에서 쓰기 편해서 당분간 계속 써볼 생각입니다. 개인적으로는 너무 과하지 않은 점이 마음에 들었어요. 처음 가보는 분들도 크게 부담 없이 즐길 수 있을 것 같아요.,1,AI_v1,111,146,4,27.75,4.763139720814412,57,24,8,7,2,8,0.42105263157894735,0.14035087719298245,0.12280701754385964,0.03508771929824561,0.14035087719298245,0.21621621621621623,0.07207207207207207,1,0,4,0,0,0,0.036036036036036036
챙기는 2020년 연말정산... 미리보기 및 연말정산 소득공제기간,전문_정보,"조회/발급-&gt;연말정산간소화-&gt;귀속년도 2020년,자료공제항목 -&gt;의료비,해당병원 사업자번호 입력후 조회-&gt; 삭제신청 ** 의료비 자료삭제는 복원이 되지 않으므로 확인후 삭제 바랍니다. 간소화된 2020년 연말정산... ",조회 발급 연말정산간소화 귀속년도 2020년 자료공제항목 의료비 해당병원 사업자번호 입력후 조회 삭제신청 의료비 자료삭제는 복원이 되지 않으므로 확인후 삭제 바랍니다. 간소화된 2020년 연말정산.,0,Human,88,110,2,44.0,30.0,41,27,4,0,0,2,0.6585365853658537,0.0975609756097561,0.0,0.0,0.04878048780487805,0.3068181818181818,0.022727272727272728,0,0,2,0,0,0,0.022727272727272728
"내돈내산 아이폰11 강화유리, 투명케이스",상품_리뷰,내돈내산 아이폰11 사용해보니 처음 기대했던 것보다 만족도가 괜찮았어요. 큰 단점은 없었고 일상에서 쓰기 편해서 당분간 계속 써볼 생각입니다. 사진으로 남겨두기에도 괜찮아서 기억에 오래 남을 것 같아요. 개인적으로는 너무 과하지 않은 점이 마음에 들었어요.,내돈내산 아이폰11 사용해보니 처음 기대했던 것보다 만족도가 괜찮았어요. 큰 단점은 없었고 일상에서 쓰기 편해서 당분간 계속 써볼 생각입니다. 사진으로 남겨두기에도 괜찮아서 기억에 오래 남을 것 같아요. 개인적으로는 너무 과하지 않은 점이 마음에 들었어요.,1,AI_v1,111,143,4,27.75,3.6996621467371855,58,23,7,7,2,11,0.39655172413793105,0.1206896551724138,0.1206896551724138,0.034482758620689655,0.1896551724137931,0.2072072072072072,0.0990990990990991,1,0,4,0,0,0,0.036036036036036036
[2020년 귀속 연말정산] 신용카드 등 공제혜택 알아보기,전문_정보,세금정산 이벤트라 할 수 있습니다. 연말부터 본격적으로 이것저것 알아보고 챙기고 하여... [2020년 귀속 연말정산] 헷갈리는 소득공제 / 세액공제 구분하기! 연말 필수 기업행사 '종무식'도 코로나 시대엔... ,세금정산 이벤트라 할 수 있습니다. 연말부터 본격적으로 이것저것 알아보고 챙기고 하여. 2020년 귀속 연말정산 헷갈리는 소득공제 세액공제 구분하기! 연말 필수 기업행사 종무식 도 코로나 시대엔.,0,Human,85,109,4,21.25,4.815340071064556,42,22,5,2,0,4,0.5238095238095238,0.11904761904761904,0.047619047619047616,0.0,0.09523809523809523,0.25882352941176473,0.047058823529411764,0,0,3,1,0,0,0.047058823529411764
강남역 맛집 바비레드 꼭가기 두번가기,맛집_리뷰,"바비레드 꼭가기를 먹었는데 양이 아주 많진 않아도 부족하진 않았다. 내부는 조금 바빴고, 음식은 깔끔한 편이라 크게 실패할 느낌은 아님. 사람이 좀 있어서 조용한 느낌은 아니었음. 시간 맞으면 한 번쯤 들를만함. 다음엔 다른 메뉴도 봐야 할 듯.",바비레드 꼭가기를 먹었는데 양이 아주 많진 않아도 부족하진 않았다. 내부는 조금 바빴고 음식은 깔끔한 편이라 크게 실패할 느낌은 아님. 사람이 좀 있어서 조용한 느낌은 아니었음. 시간 맞으면 한 번쯤 들를만함. 다음엔 다른 메뉴도 봐야 할 듯.,1,AI_v2,101,136,5,20.2,7.025667228100119,55,22,8,9,0,10,0.4,0.14545454545454545,0.16363636363636364,0.0,0.18181818181818182,0.21782178217821782,0.09900990099009901,0,0,5,0,0,0,0.04950495049504951
"[비젠트로] 2020년 연말정산, ' 커진 혜택' 공제 항목 알아보기",전문_정보,비젠트로를 하면서 오랜만에 여유를 느꼈어요. 바쁜 와중에 잠깐 쉬어가는 시간이 생긴 것 같아서 꽤 괜찮은 하루였답니다. 처음 가보는 분들도 크게 부담 없이 즐길 수 있을 것 같아요. 다음에는 조금 더 여유 있게 다시 가보고 싶어요.,비젠트로를 하면서 오랜만에 여유를 느꼈어요. 바쁜 와중에 잠깐 쉬어가는 시간이 생긴 것 같아서 꽤 괜찮은 하루였답니다. 처음 가보는 분들도 크게 부담 없이 즐길 수 있을 것 같아요. 다음에는 조금 더 여유 있게 다시 가보고 싶어요.,1,AI_v1,95,129,4,23.75,4.493050188902857,49,20,9,6,1,7,0.40816326530612246,0.1836734693877551,0.12244897959183673,0.02040816326530612,0.14285714285714285,0.21052631578947367,0.07368421052631578,2,0,4,0,0,0,0.042105263157894736
"후기 (아이폰11프로 케이스... 두두케이스, 그립톡, 내돈내산)",상품_리뷰,아이폰11프로 사용해보니 처음 기대했던 것보다 만족도가 괜찮았어요. 큰 단점은 없었고 일상에서 쓰기 편해서 당분간 계속 써볼 생각입니다. 다음에는 조금 더 여유 있게 다시 가보고 싶어요. 기대보다 편하게 즐길 수 있어서 만족스러운 시간이었답니다.,아이폰11프로 사용해보니 처음 기대했던 것보다 만족도가 괜찮았어요. 큰 단점은 없었고 일상에서 쓰기 편해서 당분간 계속 써볼 생각입니다. 다음에는 조금 더 여유 있게 다시 가보고 싶어요. 기대보다 편하게 즐길 수 있어서 만족스러운 시간이었답니다.,1,AI_v1,106,137,4,26.5,4.153311931459037,48,21,7,9,0,6,0.4375,0.14583333333333334,0.1875,0.0,0.125,0.19811320754716982,0.05660377358490566,1,0,4,0,0,0,0.03773584905660377
2020 연말정산(해외체류 자녀 유치원비 공제될까?- 됐다!),전문_정보,연말정산 기록. 특별한 건 없고 그냥 그런 하루였다. 그래도 남겨두면 나중에 다시 볼 때 생각날 것 같음. 사진은 몇 장 찍었는데 정리는 나중에 해야겠다. 사람이 좀 있어서 조용한 느낌은 아니었음. 사람이 좀 있어서 조용한 느낌은 아니었음.,연말정산 기록. 특별한 건 없고 그냥 그런 하루였다. 그래도 남겨두면 나중에 다시 볼 때 생각날 것 같음. 사진은 몇 장 찍었는데 정리는 나중에 해야겠다. 사람이 좀 있어서 조용한 느낌은 아니었음. 사람이 좀 있어서 조용한 느낌은 아니었음.,1,AI_v2,99,134,6,16.5,4.645786621588784,52,21,6,10,1,8,0.40384615384615385,0.11538461538461539,0.19230769230769232,0.019230769230769232,0.15384615384615385,0.21212121212121213,0.08080808080808081,0,0,6,0,0,0,0.06060606060606061
2020년 연말정산 소득공제 총정리!,전문_정보,연말정산 해봤다. 특별한 감상은 없고 그냥 해야 해서 한 느낌. 그래도 끝내고 나니 신경 쓰이던 게 하나 줄었다. 엄청난 건 아니고 그냥 기록용. 급하게 정한 일정치고는 나쁘지 않았다. 다음엔 다른 메뉴도 봐야 할 듯. 짧게 적어두는 정도지만 나름 기억에는 남았다.,연말정산 해봤다. 특별한 감상은 없고 그냥 해야 해서 한 느낌. 그래도 끝내고 나니 신경 쓰이던 게 하나 줄었다. 엄청난 건 아니고 그냥 기록용. 급하게 정한 일정치고는 나쁘지 않았다. 다음엔 다른 메뉴도 봐야 할 듯. 짧게 적어두는 정도지만 나름 기억에는 남았다.,1,AI_v2,109,148,7,15.571428571428571,4.10077145554495,56,21,13,7,1,7,0.375,0.23214285714285715,0.125,0.017857142857142856,0.125,0.1926605504587156,0.06422018348623854,0,0,7,0,0,0,0.06422018348623854
2019년 2월 9일의 일상 &lt;강남 신포다이닝 &amp; 육회먹은연어 &gt;,맛집_리뷰,2월 9일의는 기대 많이 안 하고 갔는데 딱 그 정도였다. 음식은 무난했고 직원 응대도 평범. 근처에 있으면 다시 갈 수도 있음. 기대치를 낮추고 가면 무난한 정도. 이런 곳도 있었네 싶었다. 다음엔 다른 메뉴도 봐야 할 듯.,2월 9일의는 기대 많이 안 하고 갔는데 딱 그 정도였다. 음식은 무난했고 직원 응대도 평범. 근처에 있으면 다시 갈 수도 있음. 기대치를 낮추고 가면 무난한 정도. 이런 곳도 있었네 싶었다. 다음엔 다른 메뉴도 봐야 할 듯.,1,AI_v2,91,126,6,15.166666666666666,3.760171390892826,53,21,9,4,2,7,0.39622641509433965,0.16981132075471697,0.07547169811320754,0.03773584905660377,0.1320754716981132,0.23076923076923078,0.07692307692307693,0,0,6,0,0,0,0.06593406593406594
"2020년 연말정산, 달라진 공제항목은?",전문_정보,연말정산 사진 몇 장 찍어뒀다. 나중에 보면 별거 아닐 수도 있는데 그때 분위기가 있어서 남겨둠. 정리는 천천히 해야겠다. 가격은 막 싸진 않았고 위치는 찾기 쉬운 편. 딱히 특별하진 않은데 기억은 남는 편이다. 시간 맞으면 한 번쯤 들를만함.,연말정산 사진 몇 장 찍어뒀다. 나중에 보면 별거 아닐 수도 있는데 그때 분위기가 있어서 남겨둠. 정리는 천천히 해야겠다. 가격은 막 싸진 않았고 위치는 찾기 쉬운 편. 딱히 특별하진 않은데 기억은 남는 편이다. 시간 맞으면 한 번쯤 들를만함.,1,AI_v2,100,136,6,16.666666666666668,5.312459150169742,54,20,13,6,1,7,0.37037037037037035,0.24074074074074073,0.1111111111111111,0.018518518518518517,0.12962962962962962,0.2,0.07,0,0,6,0,0,0,0.06
아이폰11프로 핸드폰케이스... 투명케이스 ❤️ / 내돈내산... ,상품_리뷰,누렇게 변할 예정..) 이거 색 변하면 또 다른 디자인의 빨간머리앤 케이스로 바꾸려구요! 이상 내돈주고 내가 직접 구매한(남친돈..ㅋㅋ) #아이폰11프로젤리케이스 내돈내산 솔직후기 끝 읽어주셔서 감사합니다 :),누렇게 변할 예정. 이거 색 변하면 또 다른 디자인의 빨간머리앤 케이스로 바꾸려구요! 이상 내돈주고 내가 직접 구매한 남친돈. 내돈내산 솔직후기 끝 읽어주셔서 감사합니다,0,Human,72,94,4,18.0,7.1545440106270926,41,22,4,3,0,5,0.5365853658536586,0.0975609756097561,0.07317073170731707,0.0,0.12195121951219512,0.3055555555555556,0.06944444444444445,0,0,2,1,0,0,0.041666666666666664
신설동 육전식당 1호점 #아이폰11프로 음식사진,상품_리뷰,신랑은 상추 + 고기 + 마늘 + 쌈장파 신설동에 3호점까지 있는데 내가 간 곳은 1호점. 평일 이른 저녁시간에 도착해 대기 없이 먹었다. 내돈내산 맛집 후기 끝 ! 이날 사진은 아이폰 11프로로 찍은 건데 모두 무보정.,신랑은 상추 고기 마늘 쌈장파 신설동에 3호점까지 있는데 내가 간 곳은 1호점. 평일 이른 저녁시간에 도착해 대기 없이 먹었다. 내돈내산 맛집 후기 끝 ! 이날 사진은 아이폰 11프로로 찍은 건데 모두 무보정.,0,Human,86,117,4,21.5,8.200609733428363,54,29,4,1,1,7,0.5370370370370371,0.07407407407407407,0.018518518518518517,0.018518518518518517,0.12962962962962962,0.3372093023255814,0.08139534883720931,0,0,3,1,0,0,0.046511627906976744
강남역 맛집 / 5000원 냉삼 회식장소로 좋은 수입식당,맛집_리뷰,강남역 맛집 / 5000원 냉삼 회식장소로 좋은 수입식당 냉삼열풍이 식지 않는 시점. 삼겹살과... 2019년 12월 [방문] 강남역 수입식당 메뉴판 가격 가격이 너무나 저렴하다. 냉동삼겹살이 5000원이라고 한다. 정말... ,강남역 맛집 5000원 냉삼 회식장소로 좋은 수입식당 냉삼열풍이 식지 않는 시점. 삼겹살과. 2019년 12월 방문 강남역 수입식당 메뉴판 가격 가격이 너무나 저렴하다. 냉동삼겹살이 5000원이라고 한다. 정말.,0,Human,93,118,5,18.6,13.46996659238619,43,22,2,2,1,5,0.5116279069767442,0.046511627906976744,0.046511627906976744,0.023255813953488372,0.11627906976744186,0.23655913978494625,0.053763440860215055,0,0,5,0,0,0,0.053763440860215055
"2020년 연말정산 관련 개정세법, ISA계좌 세액공제 한도 확대!",전문_정보,연말정산을 하면서 생각보다 시간이 빨리 갔다. 중간중간 딴짓도 했지만 마무리는 했다. 그냥 소소한 기록으로 남김. 급하게 정한 일정치고는 나쁘지 않았다. 다음엔 다른 메뉴도 봐야 할 듯. 기대치를 낮추고 가면 무난한 정도.,연말정산을 하면서 생각보다 시간이 빨리 갔다. 중간중간 딴짓도 했지만 마무리는 했다. 그냥 소소한 기록으로 남김. 급하게 정한 일정치고는 나쁘지 않았다. 다음엔 다른 메뉴도 봐야 할 듯. 기대치를 낮추고 가면 무난한 정도.,1,AI_v2,94,124,6,15.666666666666666,2.6874192494328497,52,19,9,3,1,12,0.36538461538461536,0.17307692307692307,0.057692307692307696,0.019230769230769232,0.23076923076923078,0.20212765957446807,0.1276595744680851,0,0,6,0,0,0,0.06382978723404255
아이폰 11 Pro  유저 애플워치 SE GPS 44mm 내돈내산 후기,상품_리뷰,정도 걸려서 왔스니다아아ㅠㅠ 실버는 품절이라서 블랙으로 샀습돳 빨리 해보고 싶은 나머지 아이폰이랑 워치랑 연결하는 과정을 못찍고....완료된 사진만ㅋㅋㅋㅋㅋㅋㅋㅋㅋㅋㅋㅋㅋㅋㅋㅋㅋㅋ 44mm는 좀... ,정도 걸려서 왔스니다아아 실버는 품절이라서 블랙으로 샀습돳 빨리 해보고 싶은 나머지 아이폰이랑 워치랑 연결하는 과정을 못찍고.완료된 사진만 44mm는 좀.,0,Human,68,86,2,34.0,21.0,34,13,6,1,1,8,0.38235294117647056,0.17647058823529413,0.029411764705882353,0.029411764705882353,0.23529411764705882,0.19117647058823528,0.11764705882352941,0,0,2,0,0,0,0.029411764705882353
2020 연말정산 미리미리 준비하기 [1편] 현금영수증 소득공제... ,전문_정보,연말정산을 하면서 오랜만에 여유를 느꼈어요. 바쁜 와중에 잠깐 쉬어가는 시간이 생긴 것 같아서 꽤 괜찮은 하루였답니다. 개인적으로는 너무 과하지 않은 점이 마음에 들었어요. 전체적으로 무난하면서도 기분 좋게 마무리할 수 있었어요.,연말정산을 하면서 오랜만에 여유를 느꼈어요. 바쁜 와중에 잠깐 쉬어가는 시간이 생긴 것 같아서 꽤 괜찮은 하루였답니다. 개인적으로는 너무 과하지 않은 점이 마음에 들었어요. 전체적으로 무난하면서도 기분 좋게 마무리할 수 있었어요.,1,AI_v1,99,128,4,24.75,4.02336923485777,50,18,10,5,1,9,0.36,0.2,0.1,0.02,0.18,0.18181818181818182,0.09090909090909091,1,0,4,0,0,0,0.04040404040404041
[리예드] 커스터마이징이 가능한 고급가죽으로 만든 아이폰1... ,상품_리뷰,커스터마이징이 가능한 써본 기록. 처음엔 별생각 없었는데 며칠 쓰다 보니 편한 부분이 있었다. 아쉬운 점도 조금 있지만 가격 생각하면 무난. 사람이 좀 있어서 조용한 느낌은 아니었음. 다음엔 다른 메뉴도 봐야 할 듯.,커스터마이징이 가능한 써본 기록. 처음엔 별생각 없었는데 며칠 쓰다 보니 편한 부분이 있었다. 아쉬운 점도 조금 있지만 가격 생각하면 무난. 사람이 좀 있어서 조용한 느낌은 아니었음. 다음엔 다른 메뉴도 봐야 할 듯.,1,AI_v2,90,121,5,18.0,4.09878030638384,49,20,7,9,0,7,0.40816326530612246,0.14285714285714285,0.1836734693877551,0.0,0.14285714285714285,0.2222222222222222,0.07777777777777778,0,0,5,0,0,0,0.05555555555555555
2020년 연말정산 개정세법 핵심요약 및 절세전략,전문_정보,연말정산 관련해서 소소하게 기록해봤어요. 특별한 일은 아니었지만 막상 지나고 보니 은근 기억에 남아서 이렇게 남겨두고 싶더라고요. 사진으로 남겨두기에도 괜찮아서 기억에 오래 남을 것 같아요. 기대보다 편하게 즐길 수 있어서 만족스러운 시간이었답니다.,연말정산 관련해서 소소하게 기록해봤어요. 특별한 일은 아니었지만 막상 지나고 보니 은근 기억에 남아서 이렇게 남겨두고 싶더라고요. 사진으로 남겨두기에도 괜찮아서 기억에 오래 남을 것 같아요. 기대보다 편하게 즐길 수 있어서 만족스러운 시간이었답니다.,1,AI_v1,109,139,4,27.25,6.832825184358224,48,16,10,8,2,8,0.3333333333333333,0.20833333333333334,0.16666666666666666,0.041666666666666664,0.16666666666666666,0.14678899082568808,0.07339449541284404,3,0,4,0,0,0,0.03669724770642202
2020.05.16 내돈내산 아이폰11 구매후기,상품_리뷰,갤럭시 S20이랑 아이폰11이랑 대리점에서 혼자 한참 고민하다가 결국 아이폰11을 골랐다 ㅎㅅㅎ 이번 폰은 내돈내산 Flex~~~~~~~ 중2 때부터 난 꾸준히 '빅스비'였는데 이번에 처음 '시리'로 갈아타봤다 ㅎㅎ... ,갤럭시 S20이랑 아이폰11이랑 대리점에서 혼자 한참 고민하다가 결국 아이폰11을 골랐다 이번 폰은 내돈내산 Flex~ 중2 때부터 난 꾸준히 빅스비 였는데 이번에 처음 시리 로 갈아타봤다 .,0,Human,82,107,1,82.0,0.0,44,20,5,1,1,7,0.45454545454545453,0.11363636363636363,0.022727272727272728,0.022727272727272728,0.1590909090909091,0.24390243902439024,0.08536585365853659,0,0,1,0,0,1,0.024390243902439025
2019년 8월 소소한 일상 (다양한 먹방)♥️,맛집_리뷰,"오랜만에 끄적여보는 소소한 8월, 여름 마지막 #일상❤️ #강남역투썸플레이스 강남역 9번출구쪽에... 아닌듯해요ㅎㅎㅎㅎㅎ #강남역맛집 #감성타코 또 다시 뭉친 절친님들ㅋㅋㅋㅋㅋㅋ 감성타코는 오랜만에... ",오랜만에 끄적여보는 소소한 8월 여름 마지막 강남역 9번출구쪽에. 아닌듯해요 또 다시 뭉친 절친님들 감성타코는 오랜만에.,0,Human,53,67,2,26.5,2.5,33,15,2,2,1,6,0.45454545454545453,0.06060606060606061,0.06060606060606061,0.030303030303030304,0.18181818181818182,0.2830188679245283,0.11320754716981132,1,0,2,0,0,0,0.03773584905660377
2020년 연말정산을 준비 하기 필요한 것들...,전문_정보,"이런 과정에서 연말에 다시 계산한다고 해서 &quot;연말정산&quot;이라고 합니다. * 1년 동안 어떠한 소비 활동을 했느냐에 따라 소득, 세액 공제 항목이 달라지기 때문에 미리 확인해 증명 서류를 꼼꼼히... ",이런 과정에서 연말에 다시 계산한다고 해서 연말정산이라고 합니다. 1년 동안 어떠한 소비 활동을 했느냐에 따라 소득 세액 공제 항목이 달라지기 때문에 미리 확인해 증명 서류를 꼼꼼히.,0,Human,77,102,2,38.5,9.5,37,17,7,3,0,7,0.4594594594594595,0.1891891891891892,0.08108108108108109,0.0,0.1891891891891892,0.22077922077922077,0.09090909090909091,0,0,2,0,0,0,0.025974025974025976
"강남역 맛집 낙원타코 / 낙원스낵, 롯데백화점 '갬성푸드' 팝업",맛집_리뷰,"하지만 내가 가장 하고 싶었던 브랜드는 바로 강남역 맛집으로 유명한 낙원타코와 낙원테산도! 강남... 2019년 3월 22일 10시 30분, 롯데백화점 명동 본점 지하 1층 행사장, 사람들이 많이 모이길 기대하며, 끝!",하지만 내가 가장 하고 싶었던 브랜드는 바로 강남역 맛집으로 유명한 낙원타코와 낙원테산도! 강남. 2019년 3월 22일 10시 30분 롯데백화점 명동 본점 지하 1층 행사장 사람들이 많이 모이길 기대하며 끝!,0,Human,89,117,3,29.666666666666668,19.136933459209764,44,21,3,2,1,5,0.4772727272727273,0.06818181818181818,0.045454545454545456,0.022727272727272728,0.11363636363636363,0.23595505617977527,0.056179775280898875,0,0,1,2,0,0,0.033707865168539325
아이폰11프로 케이스 케이스티파이 할인코드 공유,상품_리뷰,♥ 아이폰11에 끼워줄건데요. 정말 이보다 잘 어울릴 수가 없다!!! 아이폰 11에는... 링크로 들어가시면 하나만 구입하시더라도 10퍼센트를 할인받으실 수 있어요! #내돈내산 #케이스티파이,아이폰11에 끼워줄건데요. 정말 이보다 잘 어울릴 수가 없다! 아이폰 11에는. 링크로 들어가시면 하나만 구입하시더라도 10퍼센트를 할인받으실 수 있어요!,0,Human,69,86,4,17.25,9.934158243152764,33,12,6,2,0,6,0.36363636363636365,0.18181818181818182,0.06060606060606061,0.0,0.18181818181818182,0.17391304347826086,0.08695652173913043,0,0,2,2,0,0,0.057971014492753624
[강남역맛집/강남카페] 강남역 메이드바이오즈 / 카페빈스플,맛집_리뷰,친구랑 강남역맛집 강남카페에 갔는데 전체적으로 무난해서 좋았어요. 음식 나오는 속도도 괜찮고 맛도 기대 이상이라 근처 맛집 찾는 분들께 추천드려요. 짧게 들렀지만 생각보다 알차게 시간을 보냈어요. 기대보다 편하게 즐길 수 있어서 만족스러운 시간이었답니다.,친구랑 강남역맛집 강남카페에 갔는데 전체적으로 무난해서 좋았어요. 음식 나오는 속도도 괜찮고 맛도 기대 이상이라 근처 맛집 찾는 분들께 추천드려요. 짧게 들렀지만 생각보다 알차게 시간을 보냈어요. 기대보다 편하게 즐길 수 있어서 만족스러운 시간이었답니다.,1,AI_v1,111,142,4,27.75,4.815340071064556,53,21,9,7,0,10,0.39622641509433965,0.16981132075471697,0.1320754716981132,0.0,0.18867924528301888,0.1891891891891892,0.09009009009009009,2,0,4,0,0,0,0.036036036036036036
아이폰11 몇일 써보니 바꾸기 잘했다 내돈내산,상품_리뷰,아이폰11는 사용법이 어렵진 않았다. 마감은 보통이고 기능은 필요한 만큼만 있는 느낌. 오래 써봐야 알겠지만 첫인상은 나쁘지 않음. 엄청난 건 아니고 그냥 기록용. 딱히 특별하진 않은데 기억은 남는 편이다. 딱히 특별하진 않은데 기억은 남는 편이다.,아이폰11는 사용법이 어렵진 않았다. 마감은 보통이고 기능은 필요한 만큼만 있는 느낌. 오래 써봐야 알겠지만 첫인상은 나쁘지 않음. 엄청난 건 아니고 그냥 기록용. 딱히 특별하진 않은데 기억은 남는 편이다. 딱히 특별하진 않은데 기억은 남는 편이다.,1,AI_v2,106,139,6,17.666666666666668,2.4267032964268394,54,15,10,10,1,10,0.2777777777777778,0.18518518518518517,0.18518518518518517,0.018518518518518517,0.18518518518518517,0.14150943396226415,0.09433962264150944,0,0,6,0,0,0,0.05660377358490566
[연말정산] 2020년 귀속 연말정산 모의계산,전문_정보,귀속은 생각보다 시간이 걸렸다. 중간에 귀찮아서 멈출까 했는데 일단 끝내긴 함. 다음엔 조금 더 빨리 할 수 있을 듯. 이런 곳도 있었네 싶었다. 사람이 좀 있어서 조용한 느낌은 아니었음. 딱히 특별하진 않은데 기억은 남는 편이다.,귀속은 생각보다 시간이 걸렸다. 중간에 귀찮아서 멈출까 했는데 일단 끝내긴 함. 다음엔 조금 더 빨리 할 수 있을 듯. 이런 곳도 있었네 싶었다. 사람이 좀 있어서 조용한 느낌은 아니었음. 딱히 특별하진 않은데 기억은 남는 편이다.,1,AI_v2,95,129,6,15.833333333333334,3.0776975521032313,50,17,8,9,1,9,0.34,0.16,0.18,0.02,0.18,0.17894736842105263,0.09473684210526316,0,0,6,0,0,0,0.06315789473684211
[강남역 맛집/강남역 파스타] 이름없는파스타 강남역점,맛집_리뷰,친구랑 강남역에 갔는데 전체적으로 무난해서 좋았어요. 음식 나오는 속도도 괜찮고 맛도 기대 이상이라 근처 맛집 찾는 분들께 추천드려요. 개인적으로는 너무 과하지 않은 점이 마음에 들었어요. 다음에는 조금 더 여유 있게 다시 가보고 싶어요. 짧게 들렀지만 생각보다 알차게 시간을 보냈어요.,친구랑 강남역에 갔는데 전체적으로 무난해서 좋았어요. 음식 나오는 속도도 괜찮고 맛도 기대 이상이라 근처 맛집 찾는 분들께 추천드려요. 개인적으로는 너무 과하지 않은 점이 마음에 들었어요. 다음에는 조금 더 여유 있게 다시 가보고 싶어요. 짧게 들렀지만 생각보다 알차게 시간을 보냈어요.,1,AI_v1,122,160,5,24.4,5.0039984012787215,63,24,12,5,1,13,0.38095238095238093,0.19047619047619047,0.07936507936507936,0.015873015873015872,0.20634920634920634,0.19672131147540983,0.10655737704918032,1,0,5,0,0,0,0.040983606557377046
2020년 연말정산 의료비 공제 실손 보상금 제외,전문_정보,연말정산 의료비를 하면서 생각보다 시간이 빨리 갔다. 중간중간 딴짓도 했지만 마무리는 했다. 그냥 소소한 기록으로 남김. 사람이 좀 있어서 조용한 느낌은 아니었음. 기대치를 낮추고 가면 무난한 정도. 다음엔 다른 메뉴도 봐야 할 듯.,연말정산 의료비를 하면서 생각보다 시간이 빨리 갔다. 중간중간 딴짓도 했지만 마무리는 했다. 그냥 소소한 기록으로 남김. 사람이 좀 있어서 조용한 느낌은 아니었음. 기대치를 낮추고 가면 무난한 정도. 다음엔 다른 메뉴도 봐야 할 듯.,1,AI_v2,98,130,6,16.333333333333332,3.636237371545238,55,22,8,4,1,12,0.4,0.14545454545454545,0.07272727272727272,0.01818181818181818,0.21818181818181817,0.22448979591836735,0.12244897959183673,0,0,6,0,0,0,0.061224489795918366
블랙프라이데이를 이용한 CASETIFY 구입!:아이폰11pro 케이스,상품_리뷰,아이폰 11 PRO 케이스! 너무 마음에 드는 득템이었다 ㅎㅎ 일년후에 2020년 블랙프라이데이 찬스로 하나더 구입해볼까...ㅎㅎ *본 포스팅은 직접 구입한 후기로 저작권은 GNEWGI에게 있습니다 * *내돈내산 후기!*,아이폰 11 PRO 케이스! 너무 마음에 드는 득템이었다 일년후에 2020년 블랙프라이데이 찬스로 하나더 구입해볼까. 본 포스팅은 직접 구입한 후기로 저작권은 GNEWGI에게 있습니다 내돈내산 후기!,0,Human,88,111,3,29.333333333333332,12.364824660660938,42,18,4,1,1,8,0.42857142857142855,0.09523809523809523,0.023809523809523808,0.023809523809523808,0.19047619047619047,0.20454545454545456,0.09090909090909091,0,0,1,2,0,0,0.03409090909090909
"2020년 연말정산, 13일의 월급 알차게 챙기자!",전문_정보,달라지는 2020년 연말정산 1. 공제범위 확대 대상 이미지 번호 : 1071230358 먼저 총급여액 7000만원 이하 근로자의 도서·공연비 지출액에 대한 신용카드 사용액에 대한 소득공제가 새로 생겼습니다. 2019년 7월... ,달라지는 2020년 연말정산 1. 공제범위 확대 대상 이미지 번호 1071230358 먼저 총급여액 7000만원 이하 근로자의 도서 공연비 지출액에 대한 신용카드 사용액에 대한 소득공제가 새로 생겼습니다. 2019년 7월.,0,Human,98,124,3,32.666666666666664,30.070288030250428,40,21,2,1,0,4,0.525,0.05,0.025,0.0,0.1,0.21428571428571427,0.04081632653061224,0,0,3,0,0,0,0.030612244897959183
2019년 10월 어제자(feat.강남역동경야시장),맛집_리뷰,"10월은 위치가 편해서 들렀다. 주문하고 기다리는 시간은 보통, 맛은 익숙한 느낌이었다. 조용한 식사보단 가볍게 먹는 쪽에 가까움. 다음엔 다른 메뉴도 봐야 할 듯. 시간 맞으면 한 번쯤 들를만함. 시간 맞으면 한 번쯤 들를만함.",10월은 위치가 편해서 들렀다. 주문하고 기다리는 시간은 보통 맛은 익숙한 느낌이었다. 조용한 식사보단 가볍게 먹는 쪽에 가까움. 다음엔 다른 메뉴도 봐야 할 듯. 시간 맞으면 한 번쯤 들를만함. 시간 맞으면 한 번쯤 들를만함.,1,AI_v2,95,127,6,15.833333333333334,4.058598553961974,53,18,12,5,0,8,0.33962264150943394,0.22641509433962265,0.09433962264150944,0.0,0.1509433962264151,0.18947368421052632,0.08421052631578947,0,0,6,0,0,0,0.06315789473684211
(iPhone 11) 오터박스... 오랑주 아이폰 11 내돈내산... ,상품_리뷰,iphone11 #내돈내산 #솔직후기 #폰케이스후기 #아이폰케이스추천 #케이스추천 #추천 안녕하세용 오늘은 아이폰11 케이스 후기를 써볼까합니당 쓰던 케이스가 너무 지저분하게 되어 바꾸게 되었는데용 나름... ,iphone11 안녕하세용 오늘은 아이폰11 케이스 후기를 써볼까합니당 쓰던 케이스가 너무 지저분하게 되어 바꾸게 되었는데용 나름.,0,Human,59,73,1,59.0,0.0,23,6,7,2,1,3,0.2608695652173913,0.30434782608695654,0.08695652173913043,0.043478260869565216,0.13043478260869565,0.1016949152542373,0.05084745762711865,0,0,1,0,0,0,0.01694915254237288
더 킹 협찬 중인 디팍스케이스 아이폰11과 만나다 (내돈내산후기),상품_리뷰,인터넷으로 구매를 할까 고민을 하다가 빨리 아이폰에 장착하고 싶어서 직접 가서 구매했습니다. (내돈내산후기입니다.) 더 킹 협찬 중인 디팍스 프리미엄 폰 케이스 및 모바일 액세서리 브랜드 디팍스 SBS... ,인터넷으로 구매를 할까 고민을 하다가 빨리 아이폰에 장착하고 싶어서 직접 가서 구매했습니다. 내돈내산후기입니다. 더 킹 협찬 중인 디팍스 프리미엄 폰 케이스 및 모바일 액세서리 브랜드 디팍스 SBS.,0,Human,85,111,3,28.333333333333332,13.123346456686352,44,26,5,1,1,5,0.5909090909090909,0.11363636363636363,0.022727272727272728,0.022727272727272728,0.11363636363636363,0.3058823529411765,0.058823529411764705,0,0,3,0,0,0,0.03529411764705882
아이폰11 케이스후기- 제로스킨 시그니쳐6,상품_리뷰,"아이폰11 케이스후기- 사진 찍어두고 비교해봤다. 실제 색감이나 느낌은 화면이랑 조금 달랐고, 쓰다 보니 익숙해졌다. 기록용으로 남겨둠. 다음엔 다른 메뉴도 봐야 할 듯. 엄청난 건 아니고 그냥 기록용. 사진은 몇 장 찍었는데 정리는 나중에 해야겠다.",아이폰11 케이스후기 사진 찍어두고 비교해봤다. 실제 색감이나 느낌은 화면이랑 조금 달랐고 쓰다 보니 익숙해졌다. 기록용으로 남겨둠. 다음엔 다른 메뉴도 봐야 할 듯. 엄청난 건 아니고 그냥 기록용. 사진은 몇 장 찍었는데 정리는 나중에 해야겠다.,1,AI_v2,105,138,6,17.5,6.4485140407177015,56,25,12,3,0,9,0.44642857142857145,0.21428571428571427,0.05357142857142857,0.0,0.16071428571428573,0.23809523809523808,0.08571428571428572,0,0,6,0,0,0,0.05714285714285714
"연말정산 실손의료비 공제, 조회하는 법, 가산세등 Q&amp;A",전문_정보,연말정산 실손의료비 해봤다. 특별한 감상은 없고 그냥 해야 해서 한 느낌. 그래도 끝내고 나니 신경 쓰이던 게 하나 줄었다. 시간 맞으면 한 번쯤 들를만함. 사람이 좀 있어서 조용한 느낌은 아니었음. 시간 맞으면 한 번쯤 들를만함.,연말정산 실손의료비 해봤다. 특별한 감상은 없고 그냥 해야 해서 한 느낌. 그래도 끝내고 나니 신경 쓰이던 게 하나 줄었다. 시간 맞으면 한 번쯤 들를만함. 사람이 좀 있어서 조용한 느낌은 아니었음. 시간 맞으면 한 번쯤 들를만함.,1,AI_v2,95,129,6,15.833333333333334,2.91070819942883,50,20,13,5,1,3,0.4,0.26,0.1,0.02,0.06,0.21052631578947367,0.031578947368421054,0,0,6,0,0,0,0.06315789473684211
[강남역맛집]9월 행사가격에 가성비좋은 저녁메뉴 매드포갈릭,맛집_리뷰,"강남역 맛집을 검색하면 엄청나게 많은 집이 나오지만... 강남역은 가격대비 창렬....검증되지 않은... 매드포갈릭 행사는 2019년 9월 5일부터 9월 23일까지라고 하니, 꼭 가성비 좋은 행사메뉴 이용하러... ",강남역 맛집을 검색하면 엄청나게 많은 집이 나오지만. 강남역은 가격대비 창렬.검증되지 않은. 매드포갈릭 행사는 2019년 9월 5일부터 9월 23일까지라고 하니 꼭 가성비 좋은 행사메뉴 이용하러.,0,Human,86,109,4,21.5,14.79019945774904,43,20,5,3,0,4,0.46511627906976744,0.11627906976744186,0.06976744186046512,0.0,0.09302325581395349,0.23255813953488372,0.046511627906976744,0,0,4,0,0,0,0.046511627906976744
강남역 맛집 바비레드 재방문 후기,맛집_리뷰,"바비레드 쪽은 사람이 꽤 많았다. 메뉴판 보고 고르는데 가격대는 평범했고, 음식은 간이 센 편. 웨이팅 싫으면 애매한 시간에 가는 게 나을 듯. 가격은 막 싸진 않았고 위치는 찾기 쉬운 편. 이런 곳도 있었네 싶었다. 가격은 막 싸진 않았고 위치는 찾기 쉬운 편.",바비레드 쪽은 사람이 꽤 많았다. 메뉴판 보고 고르는데 가격대는 평범했고 음식은 간이 센 편. 웨이팅 싫으면 애매한 시간에 가는 게 나을 듯. 가격은 막 싸진 않았고 위치는 찾기 쉬운 편. 이런 곳도 있었네 싶었다. 가격은 막 싸진 않았고 위치는 찾기 쉬운 편.,1,AI_v2,105,146,6,17.5,4.349329450233296,60,27,9,8,0,9,0.45,0.15,0.13333333333333333,0.0,0.15,0.2571428571428571,0.08571428571428572,0,0,6,0,0,0,0.05714285714285714
강남역 맛집 추천 : 수제맥주펍 브롱스(bronx),맛집_리뷰,안녕하세요 : ) 오늘은 2019년 새해를 맞이해 친구와 함께 강남역 수제맥주펍 맛집으로 유명한 브롱스... 좋았어요 강남역 맛집 브롱스의 메뉴에요! 저는 오늘 하와이완과 더블베이컨 피자 한조각씩이랑... ,안녕하세요 오늘은 2019년 새해를 맞이해 친구와 함께 강남역 수제맥주펍 맛집으로 유명한 브롱스. 좋았어요 강남역 맛집 브롱스의 메뉴에요! 저는 오늘 하와이완과 더블베이컨 피자 한조각씩이랑.,0,Human,84,106,3,28.0,10.801234497346433,42,22,1,3,1,9,0.5238095238095238,0.023809523809523808,0.07142857142857142,0.023809523809523808,0.21428571428571427,0.2619047619047619,0.10714285714285714,0,0,2,1,0,0,0.03571428571428571
2019년 첫 일상사진 모음,맛집_리뷰,일상사진 모음은 가볍게 들른 곳인데 은근 기억에 남았어요. 메뉴가 깔끔하고 직원분들도 친절해서 편하게 먹고 왔습니다. 재방문 의사 있어요. 사진으로 남겨두기에도 괜찮아서 기억에 오래 남을 것 같아요. 개인적으로는 너무 과하지 않은 점이 마음에 들었어요.,일상사진 모음은 가볍게 들른 곳인데 은근 기억에 남았어요. 메뉴가 깔끔하고 직원분들도 친절해서 편하게 먹고 왔습니다. 재방문 의사 있어요. 사진으로 남겨두기에도 괜찮아서 기억에 오래 남을 것 같아요. 개인적으로는 너무 과하지 않은 점이 마음에 들었어요.,1,AI_v1,109,141,5,21.8,6.493073232299171,55,19,8,7,2,12,0.34545454545454546,0.14545454545454545,0.12727272727272726,0.03636363636363636,0.21818181818181817,0.1743119266055046,0.11009174311926606,1,0,5,0,0,0,0.045871559633027525
아이폰11 케이스후기- 제로스킨 시그니쳐6,상품_리뷰,#내돈내산찐후기 입니다. 아이폰11 구입한 후로 좀 두꺼운 투명케이스 끼고있다가 이번에 #제로스킨시그니쳐6 케이스로 바꾸어 보았습니다. 액정보호용강화유리포함 옵션 선택 가능했어요. 각각 알아보기... ,입니다. 아이폰11 구입한 후로 좀 두꺼운 투명케이스 끼고있다가 이번에 케이스로 바꾸어 보았습니다. 액정보호용강화유리포함 옵션 선택 가능했어요. 각각 알아보기.,0,Human,72,89,4,18.0,14.230249470757707,32,16,4,3,0,4,0.5,0.125,0.09375,0.0,0.125,0.2222222222222222,0.05555555555555555,1,0,4,0,0,0,0.05555555555555555
(폰케이스 리뷰) 아이폰11 프로맥스 케이스 내돈내산후기,상품_리뷰,"아이폰11 프로맥스 후기 남겨보면, 처음엔 반신반의했지만 써볼수록 편한 점이 많았어요. 아쉬운 부분도 있지만 재구매를 고민할 정도는 됩니다. 기대보다 편하게 즐길 수 있어서 만족스러운 시간이었답니다. 처음 가보는 분들도 크게 부담 없이 즐길 수 있을 것 같아요.",아이폰11 프로맥스 후기 남겨보면 처음엔 반신반의했지만 써볼수록 편한 점이 많았어요. 아쉬운 부분도 있지만 재구매를 고민할 정도는 됩니다. 기대보다 편하게 즐길 수 있어서 만족스러운 시간이었답니다. 처음 가보는 분들도 크게 부담 없이 즐길 수 있을 것 같아요.,1,AI_v1,111,145,4,27.75,6.015604707757983,55,21,11,9,1,7,0.38181818181818183,0.2,0.16363636363636364,0.01818181818181818,0.12727272727272726,0.1891891891891892,0.06306306306306306,2,0,4,0,0,0,0.036036036036036036
[강남역 맛집] 모모사라 크림/김치함박스테이크 존맛탱,맛집_리뷰,2019년 12월 21일 강남역 맛집 모모사라 리얼리뷰 ★☆프시케의 아름다운 블로그☆★ 싸라기눈이 내리던... 강남역 데이트 맛집 프시케의 오늘도 잘먹었습니다.jpg 무주로 떠나는 긴 여정의 시작을 강남역 맛집... ,2019년 12월 21일 강남역 맛집 모모사라 리얼리뷰 프시케의 아름다운 블로그 싸라기눈이 내리던. 강남역 데이트 맛집 프시케의 오늘도 잘먹었습니다.jpg 무주로 떠나는 긴 여정의 시작을 강남역 맛집.,0,Human,88,112,3,29.333333333333332,10.370899457402697,39,18,4,1,0,7,0.46153846153846156,0.10256410256410256,0.02564102564102564,0.0,0.1794871794871795,0.20454545454545456,0.07954545454545454,0,0,3,0,0,0,0.03409090909090909
2020년 연말정산 주택청약 소득공제 (ft. 기업은행... ,전문_정보,"2020년 연말정산 주택청약종합저축 소득공제 준비하기 기업은행, 무주택확인서 다사다난했던 2020년이 어느새 며칠 안 남았어요. 올 한해가 얼마 안남았단 것은, 우리들의 연말정산이 곧 시작된다는 것을... ",2020년 연말정산 주택청약종합저축 소득공제 준비하기 기업은행 무주택확인서 다사다난했던 2020년이 어느새 며칠 안 남았어요. 올 한해가 얼마 안남았단 것은 우리들의 연말정산이 곧 시작된다는 것을.,0,Human,88,110,2,44.0,14.0,41,22,4,3,0,6,0.5365853658536586,0.0975609756097561,0.07317073170731707,0.0,0.14634146341463414,0.25,0.06818181818181818,0,0,2,0,0,0,0.022727272727272728
2020년 신용카드 연말정산 (세액공제) 이것만 알아도 13월의... ,전문_정보,신용카드 연말정산은 별일 아닌 듯해도 막상 겪어보니 나름 의미가 있었어요. 작은 변화였지만 하루 분위기가 달라져서 기분 좋게 마무리했답니다. 짧게 들렀지만 생각보다 알차게 시간을 보냈어요. 사진으로 남겨두기에도 괜찮아서 기억에 오래 남을 것 같아요.,신용카드 연말정산은 별일 아닌 듯해도 막상 겪어보니 나름 의미가 있었어요. 작은 변화였지만 하루 분위기가 달라져서 기분 좋게 마무리했답니다. 짧게 들렀지만 생각보다 알차게 시간을 보냈어요. 사진으로 남겨두기에도 괜찮아서 기억에 오래 남을 것 같아요.,1,AI_v1,108,139,4,27.0,4.06201920231798,50,19,9,8,1,9,0.38,0.18,0.16,0.02,0.18,0.17592592592592593,0.08333333333333333,2,0,4,0,0,0,0.037037037037037035
[강남역맛집/강남카페] 강남역 메이드바이오즈 / 카페빈스플,맛집_리뷰,늘상 그렇듯이 밥먹고 카페가서 수다만 한참 떨다왔네요 일단 저희는 강남맛집으로 소문난 '메이드... 출연ㅎㅎㅎㅎ - 2019년 첫주말을 즐겁게 시작하네요!! 역시 주말의 강남은 어딜가도 웨이팅이 없을수가... ,늘상 그렇듯이 밥먹고 카페가서 수다만 한참 떨다왔네요 일단 저희는 강남맛집으로 소문난 메이드. 출연 2019년 첫주말을 즐겁게 시작하네요! 역시 주말의 강남은 어딜가도 웨이팅이 없을수가.,0,Human,82,104,3,27.333333333333332,9.672412085697939,41,18,6,3,1,7,0.43902439024390244,0.14634146341463414,0.07317073170731707,0.024390243902439025,0.17073170731707318,0.21951219512195122,0.08536585365853659,0,0,2,1,0,0,0.036585365853658534
[강남역맛집] 5년단골 참치21의 맛있는 숙성참치파티 (feat.... ,맛집_리뷰,참치21 02-556-0067 서울 강남구 테헤란로4길 46 평일 16:00 ~ 24:00 일요일 휴무 강남역 4번출구로 나와 대륭빌딩 뒷편의 계단을 올라 쌍용플래티넘밸류 빌딩 편의점 바로 옆에 강남역맛집 참치 21에 도착합니다.... ,참치21 02 556 0067 서울 강남구 테헤란로4길 46 평일 16 00 ~ 24 00 일요일 휴무 강남역 4번출구로 나와 대륭빌딩 뒷편의 계단을 올라 쌍용플래티넘밸류 빌딩 편의점 바로 옆에 강남역맛집 참치 21에 도착합니다.,0,Human,97,128,1,97.0,0.0,49,26,3,0,0,4,0.5306122448979592,0.061224489795918366,0.0,0.0,0.08163265306122448,0.26804123711340205,0.041237113402061855,0,0,1,0,0,1,0.020618556701030927
2019년 12월 4주 금요일 일기,맛집_리뷰,"12월 4주 다녀왔는데 첫인상은 그냥 보통. 근데 먹다 보니 나쁘지 않았다. 소스가 조금 강해서 호불호 있을 듯하고, 나는 그럭저럭 괜찮았음. 사진은 몇 장 찍었는데 정리는 나중에 해야겠다. 급하게 정한 일정치고는 나쁘지 않았다.",12월 4주 다녀왔는데 첫인상은 그냥 보통. 근데 먹다 보니 나쁘지 않았다. 소스가 조금 강해서 호불호 있을 듯하고 나는 그럭저럭 괜찮았음. 사진은 몇 장 찍었는데 정리는 나중에 해야겠다. 급하게 정한 일정치고는 나쁘지 않았다.,1,AI_v2,96,127,5,19.2,4.578209256903839,47,16,7,6,2,9,0.3404255319148936,0.14893617021276595,0.1276595744680851,0.0425531914893617,0.19148936170212766,0.16666666666666666,0.09375,0,0,5,0,0,0,0.052083333333333336
2020년 달라지는 연말정산,전문_정보,"2020년 달라진 연말정산! 제대로 알고, 꼼꼼히 챙기기 위해 우리카드가 알려드립니다! 총 급여가 7천만... 01’이후 박물관 또는 미술관 입장료를 신용카드로 지불했다면 30%의 소득공제율이 적용됩니다! 총... ",2020년 달라진 연말정산! 제대로 알고 꼼꼼히 챙기기 위해 우리카드가 알려드립니다! 총 급여가 7천만. 01 이후 박물관 또는 미술관 입장료를 신용카드로 지불했다면 30 의 소득공제율이 적용됩니다! 총.,0,Human,89,114,5,17.8,13.84774349849101,41,18,6,1,1,6,0.43902439024390244,0.14634146341463414,0.024390243902439025,0.024390243902439025,0.14634146341463414,0.20224719101123595,0.06741573033707865,0,0,2,3,0,0,0.056179775280898875
"되는 2020년 연말정산 꿀팁 A to Z, 새로운 공제 항목... ",전문_정보,동일하여야 공제 가능 2020년부터 달라지는 연말 정산 TIP을 정리해보았습니다. 달라지는 공제 항목을 잘 적용하여 우리 모두 부자 됩시다. 출처 : 국세청 홈페이지 https://www.hometax.go.kr/websquare/websquare.html?... ,동일하여야 공제 가능 2020년부터 달라지는 연말 정산 TIP을 정리해보았습니다. 달라지는 공제 항목을 잘 적용하여 우리 모두 부자 됩시다. 출처 국세청 홈페이지,0,Human,70,90,3,23.333333333333332,11.025223605694151,28,14,6,1,0,2,0.5,0.21428571428571427,0.03571428571428571,0.0,0.07142857142857142,0.2,0.02857142857142857,0,0,2,0,0,0,0.02857142857142857
신설동 육전식당 1호점 #아이폰11프로 음식사진,상품_리뷰,"신설동 육전식당 다녀왔는데 생각보다 분위기가 편해서 좋았어요. 음식도 깔끔하게 나와서 부담 없이 먹기 괜찮았고, 다음에 근처 가면 또 들러보고 싶더라고요. 개인적으로는 너무 과하지 않은 점이 마음에 들었어요.",신설동 육전식당 다녀왔는데 생각보다 분위기가 편해서 좋았어요. 음식도 깔끔하게 나와서 부담 없이 먹기 괜찮았고 다음에 근처 가면 또 들러보고 싶더라고요. 개인적으로는 너무 과하지 않은 점이 마음에 들었어요.,1,AI_v1,89,115,3,29.666666666666668,6.236095644623236,42,17,7,4,2,7,0.40476190476190477,0.16666666666666666,0.09523809523809523,0.047619047619047616,0.16666666666666666,0.19101123595505617,0.07865168539325842,1,0,3,0,0,0,0.033707865168539325
[청류벽/서초동] 막국수 3종 맛보기,맛집_리뷰,메뉴판 (2019년 5월 기준) 초기 오픈 대비 빈칸이 많이 채워졌죠 물론 빠진 메뉴도 보이는...갈비탕... ㅎ #청류벽 #막국수맛집 #강남역맛집 #서초동맛집 #들기름막국수 PS1. 아마도 5월 들어서인 것 같은데... ,메뉴판 2019년 5월 기준 초기 오픈 대비 빈칸이 많이 채워졌죠 물론 빠진 메뉴도 보이는.갈비탕. PS1. 아마도 5월 들어서인 것 같은데.,0,Human,60,79,4,15.0,13.892443989449804,28,9,4,1,3,2,0.32142857142857145,0.14285714285714285,0.03571428571428571,0.10714285714285714,0.07142857142857142,0.15,0.03333333333333333,0,0,4,0,0,0,0.06666666666666667
내돈내산) 아이폰 11... Iphone 11 pro smart battery case... ,상품_리뷰,#가로수길 #애플스토어 #애플 #스마트폰 #아이폰 #아이폰11프로 #보조배터리 #배터리케이스 #비쌈 #내돈내산리뷰 #내돈내산 #블랙 본 게시물은 애플로부터 협찬받아 제작되지 못했습니다. 협찬 원합니다.,본 게시물은 애플로부터 협찬받아 제작되지 못했습니다. 협찬 원합니다.,0,Human,31,38,2,15.5,8.5,16,7,4,1,0,1,0.4375,0.25,0.0625,0.0,0.0625,0.22580645161290322,0.03225806451612903,0,0,2,0,0,0,0.06451612903225806
[내돈내산] 빅쏘 2.5CX 아이폰 11 PRO 액정필름,상품_리뷰,빅쏘 (VICXXO) 2.5CX 강화유리 액정필름 안녕하세요 리히히입니다 :-) 제가 처음 아이폰을 구매했을 때 사용했던 액정필름이 빅쏘 제품이었는데요 그 뒤로도 마음에 들어서 쭉 빅쏘 제품 사용하고 있어요 이번엔... ,빅쏘 VICXXO 2.5CX 강화유리 액정필름 안녕하세요 리히히입니다 제가 처음 아이폰을 구매했을 때 사용했던 액정필름이 빅쏘 제품이었는데요 그 뒤로도 마음에 들어서 쭉 빅쏘 제품 사용하고 있어요 이번엔.,0,Human,89,114,2,44.5,34.5,44,24,4,3,2,7,0.5454545454545454,0.09090909090909091,0.06818181818181818,0.045454545454545456,0.1590909090909091,0.2696629213483146,0.07865168539325842,0,0,2,0,0,0,0.02247191011235955
"2020년 완전 달라진 연말정산 총정리, 세금(소득공제)... ",전문_정보,"세금을 연말에 정산해서 덜 냈으면[더 내거나] , 더 냈으면[돌려받는 거] 단순하게 생각하시면 됩니다. 연말정산 기간은? ● 준비기간 ( 회사에서 공지하고 정보 제공하는 시기 ) 2020년 12월 31일까지... ",세금을 연말에 정산해서 덜 냈으면 더 내거나 더 냈으면 돌려받는 거 단순하게 생각하시면 됩니다. 연말정산 기간은? 준비기간 회사에서 공지하고 정보 제공하는 시기 2020년 12월 31일까지.,0,Human,82,106,3,27.333333333333332,13.888444437333106,40,18,8,1,0,5,0.45,0.2,0.025,0.0,0.125,0.21951219512195122,0.06097560975609756,0,0,2,0,1,0,0.036585365853658534
"아이폰 중고 저렴한곳 옥션, G마켓 11번가 행복폰 내돈내산 후기",상품_리뷰,"아이폰 중고를 며칠 써봤다. 기능은 평범하지만 안정적이고, 크게 거슬리는 부분은 없었다. 필요한 사람한테는 괜찮은 선택일 듯. 다음엔 다른 메뉴도 봐야 할 듯. 사람이 좀 있어서 조용한 느낌은 아니었음. 사진은 몇 장 찍었는데 정리는 나중에 해야겠다.",아이폰 중고를 며칠 써봤다. 기능은 평범하지만 안정적이고 크게 거슬리는 부분은 없었다. 필요한 사람한테는 괜찮은 선택일 듯. 다음엔 다른 메뉴도 봐야 할 듯. 사람이 좀 있어서 조용한 느낌은 아니었음. 사진은 몇 장 찍었는데 정리는 나중에 해야겠다.,1,AI_v2,105,139,6,17.5,4.681523968396046,57,23,8,7,0,12,0.40350877192982454,0.14035087719298245,0.12280701754385964,0.0,0.21052631578947367,0.21904761904761905,0.11428571428571428,0,0,6,0,0,0,0.05714285714285714
2019년 달라진 개정세법 및 2020년 홈텍스 연말정산 신고서... ,전문_정보,이런 방법으로 계속해서 진행하시면 됩니다~~ 이렇게 공제신고서 작성이 끝나면 아래 화면처럼 공제신고서가 잘 작성되었는지 확인하시면 됩니다. 이상 여기까지 2019년 연말정산 달라진 개정세법과 2020년... ,이런 방법으로 계속해서 진행하시면 됩니다~ 이렇게 공제신고서 작성이 끝나면 아래 화면처럼 공제신고서가 잘 작성되었는지 확인하시면 됩니다. 이상 여기까지 2019년 연말정산 달라진 개정세법과 2020년.,0,Human,90,112,2,45.0,16.0,43,15,9,1,1,7,0.3488372093023256,0.20930232558139536,0.023255813953488372,0.023255813953488372,0.16279069767441862,0.16666666666666666,0.07777777777777778,0,0,2,0,0,1,0.03333333333333333
"[강남역 맛집] 소고기 제대로 맛보기 , 창고43 강남점",맛집_리뷰,"스튜디오 엠엠입니다^^ 벌써 작년이 되어버린 2019년, 친구 생일파티 겸 모임으로 강남역의 소고기 전문점 '창고 43'에 방문했던 날입니다. 02-508-0043 서울 강남구 강남대로 362 [지번]역삼동 826-20 대륭강남타워... ",스튜디오 엠엠입니다 벌써 작년이 되어버린 2019년 친구 생일파티 겸 모임으로 강남역의 소고기 전문점 창고 43 에 방문했던 날입니다. 02 508 0043 서울 강남구 강남대로 362 지번 역삼동 826 20 대륭강남타워.,0,Human,96,125,2,48.0,10.0,43,23,3,1,0,5,0.5348837209302325,0.06976744186046512,0.023255813953488372,0.0,0.11627906976744186,0.23958333333333334,0.052083333333333336,0,0,2,0,0,0,0.020833333333333332
"연금펀드, 연금ETF로 연말정산 소득공제 받기(Ft. 키움증권)",전문_정보,연금펀드 연금ETF로 관련해서 소소하게 기록해봤어요. 특별한 일은 아니었지만 막상 지나고 보니 은근 기억에 남아서 이렇게 남겨두고 싶더라고요. 처음 가보는 분들도 크게 부담 없이 즐길 수 있을 것 같아요. 다음에는 조금 더 여유 있게 다시 가보고 싶어요.,연금펀드 연금ETF로 관련해서 소소하게 기록해봤어요. 특별한 일은 아니었지만 막상 지나고 보니 은근 기억에 남아서 이렇게 남겨두고 싶더라고요. 처음 가보는 분들도 크게 부담 없이 즐길 수 있을 것 같아요. 다음에는 조금 더 여유 있게 다시 가보고 싶어요.,1,AI_v1,107,142,4,26.75,6.7592529172978875,52,22,11,6,2,5,0.4230769230769231,0.21153846153846154,0.11538461538461539,0.038461538461538464,0.09615384615384616,0.205607476635514,0.04672897196261682,2,0,4,0,0,0,0.037383177570093455
"내돈내산 아이폰11pro 256기가,아이폰11프로 실버",상품_리뷰,내돈내산 아이폰11pro 써본 기록. 처음엔 별생각 없었는데 며칠 쓰다 보니 편한 부분이 있었다. 아쉬운 점도 조금 있지만 가격 생각하면 무난. 사진은 몇 장 찍었는데 정리는 나중에 해야겠다. 기대치를 낮추고 가면 무난한 정도.,내돈내산 아이폰11pro 써본 기록. 처음엔 별생각 없었는데 며칠 쓰다 보니 편한 부분이 있었다. 아쉬운 점도 조금 있지만 가격 생각하면 무난. 사진은 몇 장 찍었는데 정리는 나중에 해야겠다. 기대치를 낮추고 가면 무난한 정도.,1,AI_v2,96,127,5,19.2,3.370459909270543,53,22,8,5,0,7,0.41509433962264153,0.1509433962264151,0.09433962264150944,0.0,0.1320754716981132,0.22916666666666666,0.07291666666666667,0,0,5,0,0,0,0.052083333333333336
연말정산 변경된 내용 &amp; 세액공제 혜택 받을 수 있는 꿀팁!,전문_정보,"오늘은 연말정산 변경된에 대해 짧게 남겨봅니다. 큰 기대 없이 시작했는데 생각보다 만족스러웠고, 다음에도 비슷하게 해보고 싶어요. 처음 가보는 분들도 크게 부담 없이 즐길 수 있을 것 같아요. 전체적으로 무난하면서도 기분 좋게 마무리할 수 있었어요.",오늘은 연말정산 변경된에 대해 짧게 남겨봅니다. 큰 기대 없이 시작했는데 생각보다 만족스러웠고 다음에도 비슷하게 해보고 싶어요. 처음 가보는 분들도 크게 부담 없이 즐길 수 있을 것 같아요. 전체적으로 무난하면서도 기분 좋게 마무리할 수 있었어요.,1,AI_v1,105,138,4,26.25,5.261891294962297,50,19,11,7,2,5,0.38,0.22,0.14,0.04,0.1,0.18095238095238095,0.047619047619047616,1,0,4,0,0,0,0.0380952380952381
연말정산 공제 달라진 점? 13월의 월급?!,전문_정보,긁고 연말정산 혜택까지 자동으로 연결되서 너무 좋았는데... 이웃님들 신용카드 소득공제가 2019년까지만 적용된다고 합니다!! 2020년부턴 유의해서 카드사용하세요~ㅠXㅠ!!! 도서.공연비 소득공제 신설... ,긁고 연말정산 혜택까지 자동으로 연결되서 너무 좋았는데. 이웃님들 신용카드 소득공제가 2019년까지만 적용된다고 합니다! 2020년부턴 유의해서 카드사용하세요~ X ! 도서.공연비 소득공제 신설.,0,Human,89,109,5,17.8,9.907572861200668,40,15,7,1,1,3,0.375,0.175,0.025,0.025,0.075,0.16853932584269662,0.033707865168539325,0,0,3,2,0,1,0.06741573033707865
아이폰11프로 핸드폰케이스... 투명케이스 ❤️ / 내돈내산... ,상품_리뷰,며칠 동안 아이폰11프로를 써봤는데 생각보다 손이 자주 가더라고요. 사용법도 어렵지 않고 마감도 괜찮아서 전체적으로 만족했어요. 다음에는 조금 더 여유 있게 다시 가보고 싶어요. 기대보다 편하게 즐길 수 있어서 만족스러운 시간이었답니다.,며칠 동안 아이폰11프로를 써봤는데 생각보다 손이 자주 가더라고요. 사용법도 어렵지 않고 마감도 괜찮아서 전체적으로 만족했어요. 다음에는 조금 더 여유 있게 다시 가보고 싶어요. 기대보다 편하게 즐길 수 있어서 만족스러운 시간이었답니다.,1,AI_v1,103,132,4,25.75,3.6314597615834874,47,19,8,7,0,7,0.40425531914893614,0.1702127659574468,0.14893617021276595,0.0,0.14893617021276595,0.18446601941747573,0.06796116504854369,3,0,4,0,0,0,0.038834951456310676
아이폰11pro 케이스 내돈내산 추천!! 예쁜 게 단단하기까지 한... ,상품_리뷰,"아이폰11pro 케이스 후기 남겨보면, 처음엔 반신반의했지만 써볼수록 편한 점이 많았어요. 아쉬운 부분도 있지만 재구매를 고민할 정도는 됩니다. 짧게 들렀지만 생각보다 알차게 시간을 보냈어요. 개인적으로는 너무 과하지 않은 점이 마음에 들었어요.",아이폰11pro 케이스 후기 남겨보면 처음엔 반신반의했지만 써볼수록 편한 점이 많았어요. 아쉬운 부분도 있지만 재구매를 고민할 정도는 됩니다. 짧게 들렀지만 생각보다 알차게 시간을 보냈어요. 개인적으로는 너무 과하지 않은 점이 마음에 들었어요.,1,AI_v1,107,136,4,26.75,7.693341276714559,53,17,12,6,1,10,0.32075471698113206,0.22641509433962265,0.11320754716981132,0.018867924528301886,0.18867924528301888,0.1588785046728972,0.09345794392523364,0,0,4,0,0,0,0.037383177570093455
[강남역 맛집] 맥쓰세계치킨 강남점 :: 가성비 좋은 치킨... ,맛집_리뷰,맥쓰세계치킨 강남점 사진 몇 장 남김. 조명 때문에 음식 색은 잘 나오는 편이었고 실제 맛도 크게 다르진 않았다. 테이블은 조금 좁아서 그건 아쉬웠음. 다음엔 다른 메뉴도 봐야 할 듯. 엄청난 건 아니고 그냥 기록용. 기대치를 낮추고 가면 무난한 정도.,맥쓰세계치킨 강남점 사진 몇 장 남김. 조명 때문에 음식 색은 잘 나오는 편이었고 실제 맛도 크게 다르진 않았다. 테이블은 조금 좁아서 그건 아쉬웠음. 다음엔 다른 메뉴도 봐야 할 듯. 엄청난 건 아니고 그냥 기록용. 기대치를 낮추고 가면 무난한 정도.,1,AI_v2,103,141,6,17.166666666666668,5.871304984602846,58,28,9,5,1,8,0.4827586206896552,0.15517241379310345,0.08620689655172414,0.017241379310344827,0.13793103448275862,0.27184466019417475,0.07766990291262135,0,0,6,0,0,0,0.05825242718446602
강남역 24시간 해장국 맛집 강남진해장 -!,맛집_리뷰,가볍게 친구랑 강남역 24시간에 갔는데 전체적으로 무난해서 좋았어요. 음식 나오는 속도도 괜찮고 맛도 기대 이상이라 근처 맛집 찾는 분들께 추천드려요. 처음 가보는 분들도 크게 부담 없이 즐길 수 있을 것 같아요. 다음에는 조금 더 여유 있게 다시 가보고 싶어요.,가볍게 친구랑 강남역 24시간에 갔는데 전체적으로 무난해서 좋았어요. 음식 나오는 속도도 괜찮고 맛도 기대 이상이라 근처 맛집 찾는 분들께 추천드려요. 처음 가보는 분들도 크게 부담 없이 즐길 수 있을 것 같아요. 다음에는 조금 더 여유 있게 다시 가보고 싶어요.,1,AI_v1,109,147,4,27.25,5.539629951540085,57,24,9,6,1,8,0.42105263157894735,0.15789473684210525,0.10526315789473684,0.017543859649122806,0.14035087719298245,0.22018348623853212,0.07339449541284404,2,0,4,0,0,0,0.03669724770642202
강남역 맛집 바비레드에서 파스타먹고왔어요!,맛집_리뷰,바비레드 강남본점 강남구 봉은사로6길 39 영업시간 : 11:30 ~ 22:00 전화번호 : 02-3452-1515 추위를 뚫고... 하더라구요 2019년 10월 18일 ~ 2020년 1월 5일까지 한다니까 방탄소년단 팝업스토어 갔다가 바비레드 가면... ,바비레드 강남본점 강남구 봉은사로6길 39 영업시간 11 30 ~ 22 00 전화번호 02 3452 1515 추위를 뚫고. 하더라구요 2019년 10월 18일 ~ 2020년 1월 5일까지 한다니까 방탄소년단 팝업스토어 갔다가 바비레드 가면.,0,Human,104,134,2,52.0,0.0,42,17,4,0,0,1,0.40476190476190477,0.09523809523809523,0.0,0.0,0.023809523809523808,0.16346153846153846,0.009615384615384616,0,0,2,0,0,2,0.038461538461538464
[강남역 맛집/강남역 소고기] 투뿔등심-2,맛집_리뷰,"1.0 방문일자 : 2019년 1월 11일 2.0 음식점 명 : 투뿔등심 강남점 3.0 메뉴 : 소고기구이 12,900~ 3.1 투뿔 숙성 안심 150g 44,000 3.2 투뿔 숙성 등심 150g 42,000 3.3 한우 육회 130g 25,000 3.4 마파 깍두기(등심) 150g 43,000 3.5... ",1.0 방문일자 2019년 1월 11일 2.0 음식점 명 투뿔등심 강남점 3.0 메뉴 소고기구이 12 900~ 3.1 투뿔 숙성 안심 150g 44 000 3.2 투뿔 숙성 등심 150g 42 000 3.3 한우 육회 130g 25 000 3.4 마파 깍두기 등심 150g 43 000 3.5.,0,Human,122,164,9,13.555555555555555,6.32650704243856,52,21,0,0,0,0,0.40384615384615385,0.0,0.0,0.0,0.0,0.1721311475409836,0.0,0,0,9,0,0,1,0.08196721311475409
2020년 연말정산 - 인적공제 (기본공제 + 추가공제),전문_정보,2020년 연말정산 시즌이 곧 시작되는데요. 오늘은 이러한 연말정산의 기본이 되는 인적공제에 대해서 알아보고 기본공제금액과 추가공제금액 그리고 주의해야할 점에 대해서 알아보도록 하겠습니다. 미리... ,2020년 연말정산 시즌이 곧 시작되는데요. 오늘은 이러한 연말정산의 기본이 되는 인적공제에 대해서 알아보고 기본공제금액과 추가공제금액 그리고 주의해야할 점에 대해서 알아보도록 하겠습니다. 미리.,0,Human,88,109,3,29.333333333333332,26.157641755751268,44,18,7,1,0,9,0.4090909090909091,0.1590909090909091,0.022727272727272728,0.0,0.20454545454545456,0.20454545454545456,0.10227272727272728,0,0,3,0,0,0,0.03409090909090909
강남역 맛집 / 5000원 냉삼 회식장소로 좋은 수입식당,맛집_리뷰,"강남역 5000원 다녀왔는데 생각보다 분위기가 편해서 좋았어요. 음식도 깔끔하게 나와서 부담 없이 먹기 괜찮았고, 다음에 근처 가면 또 들러보고 싶더라고요. 사진으로 남겨두기에도 괜찮아서 기억에 오래 남을 것 같아요. 개인적으로는 너무 과하지 않은 점이 마음에 들었어요.",강남역 5000원 다녀왔는데 생각보다 분위기가 편해서 좋았어요. 음식도 깔끔하게 나와서 부담 없이 먹기 괜찮았고 다음에 근처 가면 또 들러보고 싶더라고요. 사진으로 남겨두기에도 괜찮아서 기억에 오래 남을 것 같아요. 개인적으로는 너무 과하지 않은 점이 마음에 들었어요.,1,AI_v1,116,150,4,29.0,5.612486080160912,54,20,8,6,3,11,0.37037037037037035,0.14814814814814814,0.1111111111111111,0.05555555555555555,0.2037037037037037,0.1724137931034483,0.09482758620689655,2,0,4,0,0,0,0.034482758620689655
"강남역맛집, 마녀주방 피자와브리또 솔직후기!",맛집_리뷰,"마녀주방 피자와브리또를 먹었는데 양이 아주 많진 않아도 부족하진 않았다. 내부는 조금 바빴고, 음식은 깔끔한 편이라 크게 실패할 느낌은 아님. 다음엔 다른 메뉴도 봐야 할 듯. 기대치를 낮추고 가면 무난한 정도. 사람이 좀 있어서 조용한 느낌은 아니었음.",마녀주방 피자와브리또를 먹었는데 양이 아주 많진 않아도 부족하진 않았다. 내부는 조금 바빴고 음식은 깔끔한 편이라 크게 실패할 느낌은 아님. 다음엔 다른 메뉴도 봐야 할 듯. 기대치를 낮추고 가면 무난한 정도. 사람이 좀 있어서 조용한 느낌은 아니었음.,1,AI_v2,106,141,5,21.2,7.467261881037788,57,23,6,9,0,13,0.40350877192982454,0.10526315789473684,0.15789473684210525,0.0,0.22807017543859648,0.2169811320754717,0.12264150943396226,0,0,5,0,0,0,0.04716981132075472
"강남역 맛집, 미소다이닝 세이로무시 추천.",맛집_리뷰,"강남역 세이로무시 맛집 미소다이닝 연말에 약속이 많아 팀회식을 하지 못해 아쉬운김에 2019년... 막내와 점심시간에 회식장소를 찾다가 발견한 강남역 맛집 #미소다이닝 강남역 맛집, 미소다이닝은 강남역 11번... ",강남역 세이로무시 맛집 미소다이닝 연말에 약속이 많아 팀회식을 하지 못해 아쉬운김에 2019년. 막내와 점심시간에 회식장소를 찾다가 발견한 강남역 맛집 강남역 맛집 미소다이닝은 강남역 11번.,0,Human,84,107,2,42.0,0.0,44,24,3,2,0,10,0.5454545454545454,0.06818181818181818,0.045454545454545456,0.0,0.22727272727272727,0.2857142857142857,0.11904761904761904,0,0,2,0,0,0,0.023809523809523808
강남역 라멘 맛집 마루이치[강남역맛집/데이트코스/혼밥]... ,맛집_리뷰,강남역은 가볍게 들른 곳인데 은근 기억에 남았어요. 메뉴가 깔끔하고 직원분들도 친절해서 편하게 먹고 왔습니다. 재방문 의사 있어요. 사진으로 남겨두기에도 괜찮아서 기억에 오래 남을 것 같아요. 개인적으로는 너무 과하지 않은 점이 마음에 들었어요.,강남역은 가볍게 들른 곳인데 은근 기억에 남았어요. 메뉴가 깔끔하고 직원분들도 친절해서 편하게 먹고 왔습니다. 재방문 의사 있어요. 사진으로 남겨두기에도 괜찮아서 기억에 오래 남을 것 같아요. 개인적으로는 너무 과하지 않은 점이 마음에 들었어요.,1,AI_v1,106,137,5,21.2,6.305553108173779,54,18,8,7,2,12,0.3333333333333333,0.14814814814814814,0.12962962962962962,0.037037037037037035,0.2222222222222222,0.16981132075471697,0.11320754716981132,1,0,5,0,0,0,0.04716981132075472
Casetify 케이스티파이 아이폰11pro 폰케이스 20% 할인코드... ,상품_리뷰,Casetify 사용해보니 처음 기대했던 것보다 만족도가 괜찮았어요. 큰 단점은 없었고 일상에서 쓰기 편해서 당분간 계속 써볼 생각입니다. 전체적으로 무난하면서도 기분 좋게 마무리할 수 있었어요. 사진으로 남겨두기에도 괜찮아서 기억에 오래 남을 것 같아요.,Casetify 사용해보니 처음 기대했던 것보다 만족도가 괜찮았어요. 큰 단점은 없었고 일상에서 쓰기 편해서 당분간 계속 써볼 생각입니다. 전체적으로 무난하면서도 기분 좋게 마무리할 수 있었어요. 사진으로 남겨두기에도 괜찮아서 기억에 오래 남을 것 같아요.,1,AI_v1,112,143,4,28.0,2.7386127875258306,52,21,6,9,1,9,0.40384615384615385,0.11538461538461539,0.17307692307692307,0.019230769230769232,0.17307692307692307,0.1875,0.08035714285714286,1,0,4,0,0,0,0.03571428571428571
아이폰 11프로 | 핸드폰케이스 리뷰 | 내돈내산,상품_리뷰,아이폰 11프로는 사용법이 어렵진 않았다. 마감은 보통이고 기능은 필요한 만큼만 있는 느낌. 오래 써봐야 알겠지만 첫인상은 나쁘지 않음. 딱히 특별하진 않은데 기억은 남는 편이다. 시간 맞으면 한 번쯤 들를만함.,아이폰 11프로는 사용법이 어렵진 않았다. 마감은 보통이고 기능은 필요한 만큼만 있는 느낌. 오래 써봐야 알겠지만 첫인상은 나쁘지 않음. 딱히 특별하진 않은데 기억은 남는 편이다. 시간 맞으면 한 번쯤 들를만함.,1,AI_v2,90,118,5,18.0,2.6832815729997477,47,13,10,6,1,9,0.2765957446808511,0.2127659574468085,0.1276595744680851,0.02127659574468085,0.19148936170212766,0.14444444444444443,0.1,0,0,5,0,0,0,0.05555555555555555
[내돈내산] 아이폰11 후면카메라 수리 후기 (광주 아이폰수리... ,상품_리뷰,"내돈내산은 가볍게 써보기 좋은 제품이었어요. 기대를 너무 크게 하지 않으면 만족도가 높고, 실사용 기준으로는 꽤 괜찮게 느껴졌답니다. 기대보다 편하게 즐길 수 있어서 만족스러운 시간이었답니다. 처음 가보는 분들도 크게 부담 없이 즐길 수 있을 것 같아요.",내돈내산은 가볍게 써보기 좋은 제품이었어요. 기대를 너무 크게 하지 않으면 만족도가 높고 실사용 기준으로는 꽤 괜찮게 느껴졌답니다. 기대보다 편하게 즐길 수 있어서 만족스러운 시간이었답니다. 처음 가보는 분들도 크게 부담 없이 즐길 수 있을 것 같아요.,1,AI_v1,107,141,4,26.75,6.299801584177076,53,20,9,9,2,6,0.37735849056603776,0.16981132075471697,0.16981132075471697,0.03773584905660377,0.11320754716981132,0.18691588785046728,0.056074766355140186,3,0,4,0,0,0,0.037383177570093455
신용카드연말정산 때 참고하면 좋은 '공제한도',전문_정보,"신용카드연말정산 참고하면은 시작은 귀찮았는데 하다 보니 괜찮았다. 엄청 의미 있는 건 아니고, 그래도 하루가 조금 정리된 느낌. 시간 맞으면 한 번쯤 들를만함. 급하게 정한 일정치고는 나쁘지 않았다. 사진은 몇 장 찍었는데 정리는 나중에 해야겠다.",신용카드연말정산 참고하면은 시작은 귀찮았는데 하다 보니 괜찮았다. 엄청 의미 있는 건 아니고 그래도 하루가 조금 정리된 느낌. 시간 맞으면 한 번쯤 들를만함. 급하게 정한 일정치고는 나쁘지 않았다. 사진은 몇 장 찍었는데 정리는 나중에 해야겠다.,1,AI_v2,104,137,5,20.8,5.844655678480984,51,20,10,6,2,7,0.39215686274509803,0.19607843137254902,0.11764705882352941,0.0392156862745098,0.13725490196078433,0.19230769230769232,0.0673076923076923,0,0,5,0,0,0,0.04807692307692308
2020년 달라진 연말정산과 보청기 소득공제,전문_정보,달라진 때문에 하루가 조금 정신없었다. 막 큰일은 아닌데 은근 신경 쓰임. 그래도 지나고 나니 별거 아니긴 하다. 사람이 좀 있어서 조용한 느낌은 아니었음. 엄청난 건 아니고 그냥 기록용. 급하게 정한 일정치고는 나쁘지 않았다.,달라진 때문에 하루가 조금 정신없었다. 막 큰일은 아닌데 은근 신경 쓰임. 그래도 지나고 나니 별거 아니긴 하다. 사람이 좀 있어서 조용한 느낌은 아니었음. 엄청난 건 아니고 그냥 기록용. 급하게 정한 일정치고는 나쁘지 않았다.,1,AI_v2,95,127,6,15.833333333333334,1.7716909687891083,48,19,5,10,1,7,0.3958333333333333,0.10416666666666667,0.20833333333333334,0.020833333333333332,0.14583333333333334,0.2,0.07368421052631578,0,0,6,0,0,0,0.06315789473684211
로맨틱한 강남역 맛집 크래프트아일랜드 강남역점에서 즐겨요~!,맛집_리뷰,가족모임 데이트를 로맨틱한 강남역 맛집 크래프트아일랜드 강남역점에서 즐겨요~! 어서오세요~ 즐거운 토요일 입니다~ 오늘이 2019년 마지막 불토더라구요?ㅎ 저는 오늘은 집에서 쉬고 내일 불싸지르러... ,가족모임 데이트를 로맨틱한 강남역 맛집 크래프트아일랜드 강남역점에서 즐겨요~! 어서오세요~ 즐거운 토요일 입니다~ 오늘이 2019년 마지막 불토더라구요? 저는 오늘은 집에서 쉬고 내일 불싸지르러.,0,Human,88,109,3,29.333333333333332,8.055363982396383,40,21,3,3,0,7,0.525,0.075,0.075,0.0,0.175,0.23863636363636365,0.07954545454545454,0,0,1,1,1,3,0.06818181818181818
2020년 연말정산 아동수당 때문에 자녀세액공제가 없어졌다.... ,전문_정보,"오랜만에 오늘은 연말정산에 대해 짧게 남겨봅니다. 큰 기대 없이 시작했는데 생각보다 만족스러웠고, 다음에도 비슷하게 해보고 싶어요. 사진으로 남겨두기에도 괜찮아서 기억에 오래 남을 것 같아요. 개인적으로는 너무 과하지 않은 점이 마음에 들었어요.",오랜만에 오늘은 연말정산에 대해 짧게 남겨봅니다. 큰 기대 없이 시작했는데 생각보다 만족스러웠고 다음에도 비슷하게 해보고 싶어요. 사진으로 남겨두기에도 괜찮아서 기억에 오래 남을 것 같아요. 개인적으로는 너무 과하지 않은 점이 마음에 들었어요.,1,AI_v1,106,136,4,26.5,5.123475382979799,53,17,10,5,3,12,0.32075471698113206,0.18867924528301888,0.09433962264150944,0.05660377358490566,0.22641509433962265,0.16037735849056603,0.11320754716981132,1,0,4,0,0,0,0.03773584905660377
주파짚 아이폰11 실리콘 케이스 스톤 컬러 구매후기! (내돈내산... ,상품_리뷰,안녕하세요 이웃분들 라벤더킴은 아이폰11 유저인데요~ 매번 핸드폰 케이스를 조금씩 바꿔주면 적은... 주파짚 아이폰 실리콘케이스가 안전하게 배송왔어요~ 사실 주문한지 5일이 되어도 배송이 안와서 전화하니... ,안녕하세요 이웃분들 라벤더킴은 아이폰11 유저인데요~ 매번 핸드폰 케이스를 조금씩 바꿔주면 적은. 주파짚 아이폰 실리콘케이스가 안전하게 배송왔어요~ 사실 주문한지 5일이 되어도 배송이 안와서 전화하니.,0,Human,90,112,2,45.0,1.0,42,19,5,3,1,5,0.4523809523809524,0.11904761904761904,0.07142857142857142,0.023809523809523808,0.11904761904761904,0.2111111111111111,0.05555555555555555,0,0,2,0,0,2,0.044444444444444446
아르노 아이폰 11 프로 케이스 추천 핸드폰목줄 내돈내산,상품_리뷰,어느덧 아이폰11프로를 만난지도 한달이 넘었네요- 아이폰11pro 사기전에 폰케이스부터 알아보고...ㅋㅋ... 오기도 했는데 한달째 핸드폰을 무사하게 지키고 있습니다! 저는 만족하여 강추해요^^ 내돈내산 후기 끄읏,어느덧 아이폰11프로를 만난지도 한달이 넘었네요 아이폰11pro 사기전에 폰케이스부터 알아보고. . 오기도 했는데 한달째 핸드폰을 무사하게 지키고 있습니다! 저는 만족하여 강추해요 내돈내산 후기 끄읏,0,Human,89,111,3,29.666666666666668,11.115554667022044,44,16,5,5,0,6,0.36363636363636365,0.11363636363636363,0.11363636363636363,0.0,0.13636363636363635,0.1797752808988764,0.06741573033707865,1,0,2,1,0,0,0.033707865168539325
아이폰11프로 케이스 케이스티파이 할인코드 공유,상품_리뷰,"아이폰11프로는 직접 써보니 장단점이 분명했어요. 그래도 가격이나 사용감까지 생각하면 꽤 무난했고, 필요한 분들께는 참고가 될 것 같아요. 개인적으로는 너무 과하지 않은 점이 마음에 들었어요. 기대보다 편하게 즐길 수 있어서 만족스러운 시간이었답니다.",아이폰11프로는 직접 써보니 장단점이 분명했어요. 그래도 가격이나 사용감까지 생각하면 꽤 무난했고 필요한 분들께는 참고가 될 것 같아요. 개인적으로는 너무 과하지 않은 점이 마음에 들었어요. 기대보다 편하게 즐길 수 있어서 만족스러운 시간이었답니다.,1,AI_v1,109,139,4,27.25,5.7608593109014565,54,19,11,6,2,9,0.35185185185185186,0.2037037037037037,0.1111111111111111,0.037037037037037035,0.16666666666666666,0.1743119266055046,0.08256880733944955,3,0,4,0,0,0,0.03669724770642202
"[2019년 3월 12일,  7,620걸음] 오랜만에 강남역 맛집을 찾다",맛집_리뷰,호흡이 잘 맞는 인연과의 만남을 강남에서 가지려고 합니다. 차와 식사를 하며 이야기를 나눕니다. 좋은 기회가 만들어지려고 합니다. 강남역 근처에 아는 곳이 거의 없는데 한 곳을 유독 자주 가는 편입니다.... ,호흡이 잘 맞는 인연과의 만남을 강남에서 가지려고 합니다. 차와 식사를 하며 이야기를 나눕니다. 좋은 기회가 만들어지려고 합니다. 강남역 근처에 아는 곳이 거의 없는데 한 곳을 유독 자주 가는 편입니다.,0,Human,85,113,4,21.25,5.931905258852336,46,17,11,2,0,12,0.3695652173913043,0.2391304347826087,0.043478260869565216,0.0,0.2608695652173913,0.2,0.1411764705882353,0,0,4,0,0,0,0.047058823529411764
"아이폰 11 Pro 케이스, 이 세상 예쁨이 아니잖아? 내돈내산... ",상품_리뷰,#아이폰11Pro #샤론6 #치타 3년간 사용했던 아이폰X에서 11 Pro로 바꾸면서 뒷면이 유리에서 무광에 흠집이 잘 날 것 같은 재질로 바뀌니 케이스 없이 다녔다가 괜히 마음 쿠크 당할까 봐 이참에 마음에 딱 드는... ,3년간 사용했던 아이폰X에서 11 Pro로 바꾸면서 뒷면이 유리에서 무광에 흠집이 잘 날 것 같은 재질로 바뀌니 케이스 없이 다녔다가 괜히 마음 쿠크 당할까 봐 이참에 마음에 딱 드는.,0,Human,76,103,1,76.0,0.0,42,15,7,2,3,8,0.35714285714285715,0.16666666666666666,0.047619047619047616,0.07142857142857142,0.19047619047619047,0.19736842105263158,0.10526315789473684,0,0,1,0,0,0,0.013157894736842105
홈텍스 연말정산 미리보기로 2020년 소득공제 준비하세요!,전문_정보,홈텍스 관련해서 소소하게 기록해봤어요. 특별한 일은 아니었지만 막상 지나고 보니 은근 기억에 남아서 이렇게 남겨두고 싶더라고요. 기대보다 편하게 즐길 수 있어서 만족스러운 시간이었답니다. 처음 가보는 분들도 크게 부담 없이 즐길 수 있을 것 같아요.,홈텍스 관련해서 소소하게 기록해봤어요. 특별한 일은 아니었지만 막상 지나고 보니 은근 기억에 남아서 이렇게 남겨두고 싶더라고요. 기대보다 편하게 즐길 수 있어서 만족스러운 시간이었답니다. 처음 가보는 분들도 크게 부담 없이 즐길 수 있을 것 같아요.,1,AI_v1,106,139,4,26.5,7.262919523166975,48,17,11,8,2,5,0.3541666666666667,0.22916666666666666,0.16666666666666666,0.041666666666666664,0.10416666666666667,0.16037735849056603,0.04716981132075472,3,0,4,0,0,0,0.03773584905660377
유나이티드 갤러리 2019년 5월 U매거진_넷째주 전시_박소이... ,맛집_리뷰,유나이티드 갤러리 2019년 5월 U매거진 넷째주 전시_박소이 개인전 #박소이개인전 #박소이작가 #박소이작품 #강남역갤러리 #유나이티드갤러리 #유나이티드문화재단 #강남역데이트 #강남역맛집,유나이티드 갤러리 2019년 5월 U매거진 넷째주 전시 박소이 개인전,0,Human,30,38,1,30.0,0.0,13,7,1,0,0,0,0.5384615384615384,0.07692307692307693,0.0,0.0,0.0,0.23333333333333334,0.0,0,0,0,0,0,0,0.0
강남역 맛집으로 딘타이펑 추천해요!♥,맛집_리뷰,오늘은 2019년 한국장학재단에서 대학생 사회적 리더 멘토링을 진행했을 때 만났던 멘티 친구를... #잘먹기 #강남역맛집추천 #딘타이펑강남역 # 강남역 9번 출구 또는 10번 출구에서 강남역 딘타이펑을... ,오늘은 2019년 한국장학재단에서 대학생 사회적 리더 멘토링을 진행했을 때 만났던 멘티 친구를. 강남역 9번 출구 또는 10번 출구에서 강남역 딘타이펑을.,0,Human,67,86,2,33.5,8.5,33,18,2,0,1,6,0.5454545454545454,0.06060606060606061,0.0,0.030303030303030304,0.18181818181818182,0.26865671641791045,0.08955223880597014,0,0,2,0,0,0,0.029850746268656716
강남역맛집:: 빠네치킨으로 유명한 치킨맛집 꼭그닭,맛집_리뷰,오늘 오랜만에 교회 제자반 친구들과 함께 강남역 치킨맛집으로 유명한 꼭그닭을 방문했습니다! 꼭그닭은 제가 정말 애정하는 곳으로 강남역 맛집을 가고싶을땐 꼭 가는곳 중 하나죠! 위치는 강남역 11번출구... ,오늘 오랜만에 교회 제자반 친구들과 함께 강남역 치킨맛집으로 유명한 꼭그닭을 방문했습니다! 꼭그닭은 제가 정말 애정하는 곳으로 강남역 맛집을 가고싶을땐 꼭 가는곳 중 하나죠! 위치는 강남역 11번출구.,0,Human,87,112,3,29.0,12.192894105447921,53,28,4,1,1,10,0.5283018867924528,0.07547169811320754,0.018867924528301886,0.018867924528301886,0.18867924528301888,0.3218390804597701,0.11494252873563218,0,0,1,2,0,0,0.034482758620689655
[강남역 맛집] 출간기념으로 강남역 한식 맛집 매우매오 방문!... ,맛집_리뷰,근처에서 밥 먹을 곳 찾다가 강남역 출간기념으로에 들렀어요. 맛이 자극적이지 않고 양도 적당해서 만족했답니다. 웨이팅만 조금 피하면 더 좋을 것 같아요. 개인적으로는 너무 과하지 않은 점이 마음에 들었어요. 전체적으로 무난하면서도 기분 좋게 마무리할 수 있었어요.,근처에서 밥 먹을 곳 찾다가 강남역 출간기념으로에 들렀어요. 맛이 자극적이지 않고 양도 적당해서 만족했답니다. 웨이팅만 조금 피하면 더 좋을 것 같아요. 개인적으로는 너무 과하지 않은 점이 마음에 들었어요. 전체적으로 무난하면서도 기분 좋게 마무리할 수 있었어요.,1,AI_v1,113,147,5,22.6,3.1368774282716245,59,23,10,6,1,11,0.3898305084745763,0.1694915254237288,0.1016949152542373,0.01694915254237288,0.1864406779661017,0.20353982300884957,0.09734513274336283,2,0,5,0,0,0,0.04424778761061947
"내돈내산 아이폰11 강화유리, 투명케이스",상품_리뷰,내돈내산 아이폰11는 사용법이 어렵진 않았다. 마감은 보통이고 기능은 필요한 만큼만 있는 느낌. 오래 써봐야 알겠지만 첫인상은 나쁘지 않음. 사람이 좀 있어서 조용한 느낌은 아니었음. 딱히 특별하진 않은데 기억은 남는 편이다.,내돈내산 아이폰11는 사용법이 어렵진 않았다. 마감은 보통이고 기능은 필요한 만큼만 있는 느낌. 오래 써봐야 알겠지만 첫인상은 나쁘지 않음. 사람이 좀 있어서 조용한 느낌은 아니었음. 딱히 특별하진 않은데 기억은 남는 편이다.,1,AI_v2,97,126,5,19.4,1.3564659966250536,51,14,8,9,1,10,0.27450980392156865,0.1568627450980392,0.17647058823529413,0.0196078431372549,0.19607843137254902,0.14432989690721648,0.10309278350515463,0,0,5,0,0,0,0.05154639175257732
강남역 맛집 - 알부자,맛집_리뷰,"오늘은 강남역 터줏대감 맛집을 하나 소개해 드릴게요. 참고로 오늘 포스팅은 굉장히 깔끔하답니다.... 강남역 맛집은 1,2층으로 구성되어 있는데 1층은 꽉 차서 저희는 2층으로 자리를 잡았답니다. 2019년 9월... ",오늘은 강남역 터줏대감 맛집을 하나 소개해 드릴게요. 참고로 오늘 포스팅은 굉장히 깔끔하답니다. 강남역 맛집은 1 2층으로 구성되어 있는데 1층은 꽉 차서 저희는 2층으로 자리를 잡았답니다. 2019년 9월.,0,Human,90,116,4,22.5,11.5,48,21,4,3,0,10,0.4375,0.08333333333333333,0.0625,0.0,0.20833333333333334,0.23333333333333334,0.1111111111111111,2,0,4,0,0,0,0.044444444444444446
아이폰11 갤럭시노트10... 로고 케이스 혜봉케이스 내돈내산,상품_리뷰,com/hyebongcase #아이폰케이스 #갤럭시케이스 #폰케이스추천 #케이스맛집 #데일리케이스 #갤럭시노트10케이스 #아이폰11케이스 #혜봉케이스 #스타벅스케이스 내돈내산! 내가 돈주고 구매해서 사용해보고 후기... ,com hyebongcase 내돈내산! 내가 돈주고 구매해서 사용해보고 후기.,0,Human,36,43,2,18.0,1.0,17,7,3,0,0,1,0.4117647058823529,0.17647058823529413,0.0,0.0,0.058823529411764705,0.19444444444444445,0.027777777777777776,0,0,1,1,0,0,0.05555555555555555
2019년10월 EP.1[강남역 맛집 / 완백부대찌개 / 강남역 VR... ,맛집_리뷰,10월은 사진으로 봤던 느낌이랑 비슷했다. 음식 비주얼은 괜찮고 양도 보통. 먹다 보니 금방 배불러서 남길 뻔했다. 시간 맞으면 한 번쯤 들를만함. 사진은 몇 장 찍었는데 정리는 나중에 해야겠다. 엄청난 건 아니고 그냥 기록용.,10월은 사진으로 봤던 느낌이랑 비슷했다. 음식 비주얼은 괜찮고 양도 보통. 먹다 보니 금방 배불러서 남길 뻔했다. 시간 맞으면 한 번쯤 들를만함. 사진은 몇 장 찍었는데 정리는 나중에 해야겠다. 엄청난 건 아니고 그냥 기록용.,1,AI_v2,95,127,6,15.833333333333334,2.7938424357067015,49,19,10,6,0,5,0.3877551020408163,0.20408163265306123,0.12244897959183673,0.0,0.10204081632653061,0.2,0.05263157894736842,0,0,6,0,0,0,0.06315789473684211
2020년 연말정산 변경사항 알아보기,전문_정보,"연말정산을 준비해야 할 시기가 왔습니다. 올해도 개정된 사항이 있어 소개해드리겠습니다. 높아진 소득공제율 2020년 내내 코로나19로 인해 경기가 어려웠던 만큼, 정부는 이런 경제 상황을 반영해... ",연말정산을 준비해야 할 시기가 왔습니다. 올해도 개정된 사항이 있어 소개해드리겠습니다. 높아진 소득공제율 2020년 내내 코로나19로 인해 경기가 어려웠던 만큼 정부는 이런 경제 상황을 반영해.,0,Human,85,108,3,28.333333333333332,12.552113589175153,41,18,7,4,0,7,0.43902439024390244,0.17073170731707318,0.0975609756097561,0.0,0.17073170731707318,0.21176470588235294,0.08235294117647059,0,0,3,0,0,0,0.03529411764705882
"홍콩을 연상시키는 강남역맛집, 구구당!",맛집_리뷰,홍콩을 들렀다. 맛은 무난했고 양도 적당. 웨이팅만 길지 않으면 괜찮음. 엄청 특별한 맛집이라기보단 근처에서 밥 먹기 좋은 곳. 이런 곳도 있었네 싶었다. 다음엔 다른 메뉴도 봐야 할 듯. 딱히 특별하진 않은데 기억은 남는 편이다.,홍콩을 들렀다. 맛은 무난했고 양도 적당. 웨이팅만 길지 않으면 괜찮음. 엄청 특별한 맛집이라기보단 근처에서 밥 먹기 좋은 곳. 이런 곳도 있었네 싶었다. 다음엔 다른 메뉴도 봐야 할 듯. 딱히 특별하진 않은데 기억은 남는 편이다.,1,AI_v2,96,129,7,13.714285714285714,4.861342722049588,51,18,8,8,1,9,0.35294117647058826,0.1568627450980392,0.1568627450980392,0.0196078431372549,0.17647058823529413,0.1875,0.09375,0,0,7,0,0,0,0.07291666666666667
"국세청 연말정산, 법인 소득공제 꿀팁",전문_정보,국세청 연말정산을 하면서 오랜만에 여유를 느꼈어요. 바쁜 와중에 잠깐 쉬어가는 시간이 생긴 것 같아서 꽤 괜찮은 하루였답니다. 사진으로 남겨두기에도 괜찮아서 기억에 오래 남을 것 같아요. 기대보다 편하게 즐길 수 있어서 만족스러운 시간이었답니다.,국세청 연말정산을 하면서 오랜만에 여유를 느꼈어요. 바쁜 와중에 잠깐 쉬어가는 시간이 생긴 것 같아서 꽤 괜찮은 하루였답니다. 사진으로 남겨두기에도 괜찮아서 기억에 오래 남을 것 같아요. 기대보다 편하게 즐길 수 있어서 만족스러운 시간이었답니다.,1,AI_v1,106,137,4,26.5,2.8722813232690143,50,18,8,8,1,10,0.36,0.16,0.16,0.02,0.2,0.16981132075471697,0.09433962264150944,3,0,4,0,0,0,0.03773584905660377
2020년 연말정산 3탄! 코로나로 인한 신용카드 소득공제 월별... ,전문_정보,이번에 연말정산 3탄!를 하면서 오랜만에 여유를 느꼈어요. 바쁜 와중에 잠깐 쉬어가는 시간이 생긴 것 같아서 꽤 괜찮은 하루였답니다. 개인적으로는 너무 과하지 않은 점이 마음에 들었어요. 기대보다 편하게 즐길 수 있어서 만족스러운 시간이었답니다.,이번에 연말정산 3탄!를 하면서 오랜만에 여유를 느꼈어요. 바쁜 와중에 잠깐 쉬어가는 시간이 생긴 것 같아서 꽤 괜찮은 하루였답니다. 개인적으로는 너무 과하지 않은 점이 마음에 들었어요. 기대보다 편하게 즐길 수 있어서 만족스러운 시간이었답니다.,1,AI_v1,106,137,5,21.2,7.413501197140255,53,18,11,6,1,9,0.33962264150943394,0.20754716981132076,0.11320754716981132,0.018867924528301886,0.16981132075471697,0.16981132075471697,0.08490566037735849,2,0,4,1,0,0,0.04716981132075472
2020년 연말정산 현금영수증한도 신용카드공제  상향... ,전문_정보,"이번에 요즘 연말정산 현금영수증한도 때문에 생각이 많았는데, 직접 해보니 생각보다 어렵지 않았어요. 천천히 정리하니 마음도 조금 편해진 느낌입니다. 개인적으로는 너무 과하지 않은 점이 마음에 들었어요. 짧게 들렀지만 생각보다 알차게 시간을 보냈어요.",이번에 요즘 연말정산 현금영수증한도 때문에 생각이 많았는데 직접 해보니 생각보다 어렵지 않았어요. 천천히 정리하니 마음도 조금 편해진 느낌입니다. 개인적으로는 너무 과하지 않은 점이 마음에 들었어요. 짧게 들렀지만 생각보다 알차게 시간을 보냈어요.,1,AI_v1,108,138,4,27.0,9.273618495495704,50,19,8,6,2,10,0.38,0.16,0.12,0.04,0.2,0.17592592592592593,0.09259259259259259,0,0,4,0,0,0,0.037037037037037035
아이폰 11프로 | 핸드폰케이스 리뷰 | 내돈내산,상품_리뷰,ㅋ 아이폰 11 프로 미드나잇 그린에 낀 착샷 그린이라고 해서 쨍한 그린이 아니라 갬송있고 오묘한 카키색이라 검은 케이스도 크게 튀는거 없이 잘 어울림 에어팟 케이스랑 함께~❤️ 꼴바 처돌이같지만... ,아이폰 11 프로 미드나잇 그린에 낀 착샷 그린이라고 해서 쨍한 그린이 아니라 갬송있고 오묘한 카키색이라 검은 케이스도 크게 튀는거 없이 잘 어울림 에어팟 케이스랑 함께~ 꼴바 처돌이같지만.,0,Human,80,106,1,80.0,0.0,39,18,4,4,2,8,0.46153846153846156,0.10256410256410256,0.10256410256410256,0.05128205128205128,0.20512820512820512,0.225,0.1,0,0,1,0,0,1,0.025
고정력최강 / 아이폰11프로맥스 차량용 충전 거치대 / 내돈내산,상품_리뷰,히터틀면 아이폰이 뜨거운바람때문에 뜨거워져서 전원이 꺼저버리는 경우도 많았거든요... 정신건강을 위해서 제 돈 주고 다시 샀습니다 #네이버페이 #내돈내산 http://naver.me/F9nSeUuQ 차량거치대 검색하면 거즘... ,히터틀면 아이폰이 뜨거운바람때문에 뜨거워져서 전원이 꺼저버리는 경우도 많았거든요. 정신건강을 위해서 제 돈 주고 다시 샀습니다 차량거치대 검색하면 거즘.,0,Human,68,85,2,34.0,4.0,35,17,5,3,0,7,0.4857142857142857,0.14285714285714285,0.08571428571428572,0.0,0.2,0.25,0.10294117647058823,0,0,2,0,0,0,0.029411764705882353
내돈내산) 아이폰 11... Iphone 11 pro smart battery case... ,상품_리뷰,"내돈내산 아이폰은 직접 써보니 장단점이 분명했어요. 그래도 가격이나 사용감까지 생각하면 꽤 무난했고, 필요한 분들께는 참고가 될 것 같아요. 처음 가보는 분들도 크게 부담 없이 즐길 수 있을 것 같아요. 기대보다 편하게 즐길 수 있어서 만족스러운 시간이었답니다.",내돈내산 아이폰은 직접 써보니 장단점이 분명했어요. 그래도 가격이나 사용감까지 생각하면 꽤 무난했고 필요한 분들께는 참고가 될 것 같아요. 처음 가보는 분들도 크게 부담 없이 즐길 수 있을 것 같아요. 기대보다 편하게 즐길 수 있어서 만족스러운 시간이었답니다.,1,AI_v1,110,145,4,27.5,5.5901699437494745,57,22,10,8,2,7,0.38596491228070173,0.17543859649122806,0.14035087719298245,0.03508771929824561,0.12280701754385964,0.2,0.06363636363636363,4,0,4,0,0,0,0.03636363636363636
[내돈내산] 아이폰 11 pro 256G 실버 색상 / 사은품 에어팟2 2개... ,상품_리뷰,25일 아이폰 11 시리즈 출시일~~~ 이지만 연락없는...기다림.. 문의해봐도 아직 입고 안됐다는 말만 반복x100 듣고.. 거의 열흘을 기다린 시점에서 11월 6일 오후 드디어!! 업체에서 연락이왔어용!!!!!!!!!1 골드가... ,25일 아이폰 11 시리즈 출시일~ 이지만 연락없는.기다림. 문의해봐도 아직 입고 안됐다는 말만 반복x100 듣고. 거의 열흘을 기다린 시점에서 11월 6일 오후 드디어! 업체에서 연락이왔어용!1 골드가.,0,Human,90,114,6,15.0,8.621678104251709,46,15,6,1,2,7,0.32608695652173914,0.13043478260869565,0.021739130434782608,0.043478260869565216,0.15217391304347827,0.16666666666666666,0.07777777777777778,0,0,4,2,0,1,0.07777777777777778
[맛집리뷰]강남역맛집/붓처스컷강남점/BUTCHER’S CUT 강남... ,맛집_리뷰,6월을 마무리하는 시점에 2019년 상반기 동안 열심히 일하고 고생한 저희 팀원들과 특별한 점심식사를 하기 위해 붓처스컷 강남점(Butcher's Cut) 다녀왔습니다. 위치는 강남역 4번출구로 나오면 바로... ,6월을 마무리하는 시점에 2019년 상반기 동안 열심히 일하고 고생한 저희 팀원들과 특별한 점심식사를 하기 위해 붓처스컷 강남점 Butcher s Cut 다녀왔습니다. 위치는 강남역 4번출구로 나오면 바로.,0,Human,90,115,2,45.0,28.0,41,18,4,1,1,7,0.43902439024390244,0.0975609756097561,0.024390243902439025,0.024390243902439025,0.17073170731707318,0.2,0.07777777777777778,0,0,2,0,0,0,0.022222222222222223
유나이티드 갤러리 2019년 5월 U매거진_셋째주 전시... ,맛집_리뷰,명지대학교패션디자인학과 #2019년명지대학교 #2019년명지대학교패션디자인학과 #패션쇼 #졸업전시 #유나이티드문화재단 #유나이티드갤러리 #강남역갤러리 #강남갤러리 #강남역맛집 #강남역데이트... ,명지대학교패션디자인학과,0,Human,12,12,1,12.0,0.0,5,4,0,0,0,1,0.8,0.0,0.0,0.0,0.2,0.3333333333333333,0.08333333333333333,0,0,0,0,0,0,0.0
[강남역 맛집] 피그인더가든 강남점,맛집_리뷰,"피그인더가든을 먹었는데 양이 아주 많진 않아도 부족하진 않았다. 내부는 조금 바빴고, 음식은 깔끔한 편이라 크게 실패할 느낌은 아님. 엄청난 건 아니고 그냥 기록용. 시간 맞으면 한 번쯤 들를만함. 기대치를 낮추고 가면 무난한 정도.",피그인더가든을 먹었는데 양이 아주 많진 않아도 부족하진 않았다. 내부는 조금 바빴고 음식은 깔끔한 편이라 크게 실패할 느낌은 아님. 엄청난 건 아니고 그냥 기록용. 시간 맞으면 한 번쯤 들를만함. 기대치를 낮추고 가면 무난한 정도.,1,AI_v2,97,129,5,19.4,7.059745037889116,53,22,7,8,0,8,0.41509433962264153,0.1320754716981132,0.1509433962264151,0.0,0.1509433962264151,0.2268041237113402,0.08247422680412371,0,0,5,0,0,0,0.05154639175257732
2020년 세법개정안 핵심 연말정산 비과세 세액감면공제,전문_정보,연말정산에 도움이 되는 정보 입니다. 13월의 월급이라 불리는 연말정산이 이제 곧 다가오는데요... 기존의 공제 한도가 유지됩니다. (2020년 1월 1일 이후 납입하는 분부터 적용) 보다 자세한 내용은 국세청... ,연말정산에 도움이 되는 정보 입니다. 13월의 월급이라 불리는 연말정산이 이제 곧 다가오는데요. 기존의 공제 한도가 유지됩니다. 2020년 1월 1일 이후 납입하는 분부터 적용 보다 자세한 내용은 국세청.,0,Human,88,114,4,22.0,7.3484692283495345,43,18,5,2,0,9,0.4186046511627907,0.11627906976744186,0.046511627906976744,0.0,0.20930232558139536,0.20454545454545456,0.10227272727272728,0,0,4,0,0,0,0.045454545454545456
강남역 맛집 / 알요리 전문점 알부자 - 오랫동안 사랑받는 알찜... ,맛집_리뷰,가볍게 근처에서 밥 먹을 곳 찾다가 강남역에 들렀어요. 맛이 자극적이지 않고 양도 적당해서 만족했답니다. 웨이팅만 조금 피하면 더 좋을 것 같아요. 짧게 들렀지만 생각보다 알차게 시간을 보냈어요. 사진으로 남겨두기에도 괜찮아서 기억에 오래 남을 것 같아요.,가볍게 근처에서 밥 먹을 곳 찾다가 강남역에 들렀어요. 맛이 자극적이지 않고 양도 적당해서 만족했답니다. 웨이팅만 조금 피하면 더 좋을 것 같아요. 짧게 들렀지만 생각보다 알차게 시간을 보냈어요. 사진으로 남겨두기에도 괜찮아서 기억에 오래 남을 것 같아요.,1,AI_v1,109,143,5,21.8,2.9257477676655586,54,19,7,9,1,12,0.35185185185185186,0.12962962962962962,0.16666666666666666,0.018518518518518517,0.2222222222222222,0.1743119266055046,0.11009174311926606,3,0,5,0,0,0,0.045871559633027525
소득공제 (2020년 연말정산(2019년 귀속 근로소득) 적용... ,전문_정보,"오늘은 소득공제에 대해 짧게 남겨봅니다. 큰 기대 없이 시작했는데 생각보다 만족스러웠고, 다음에도 비슷하게 해보고 싶어요. 다음에는 조금 더 여유 있게 다시 가보고 싶어요. 개인적으로는 너무 과하지 않은 점이 마음에 들었어요.",오늘은 소득공제에 대해 짧게 남겨봅니다. 큰 기대 없이 시작했는데 생각보다 만족스러웠고 다음에도 비슷하게 해보고 싶어요. 다음에는 조금 더 여유 있게 다시 가보고 싶어요. 개인적으로는 너무 과하지 않은 점이 마음에 들었어요.,1,AI_v1,96,125,4,24.0,6.59545297913646,46,16,11,4,2,8,0.34782608695652173,0.2391304347826087,0.08695652173913043,0.043478260869565216,0.17391304347826086,0.16666666666666666,0.08333333333333333,0,0,4,0,0,0,0.041666666666666664
[강남역 맛집] 일본풍 파스타가 정말 맛있었던곳 '고에몬... ,맛집_리뷰,"때는 바야흐로 2019년 7월, 작년의 이맘때쯤 나는 무얼 했을까 생각하다가 급 그리워져서 포스팅하게된 강남역 맛집 #고에몬 ! 7월에 한달 토익공부하며 해커스 강남캠퍼스에 다녔었는데 11시 이전에 학원에... ",때는 바야흐로 2019년 7월 작년의 이맘때쯤 나는 무얼 했을까 생각하다가 급 그리워져서 포스팅하게된 강남역 맛집 ! 7월에 한달 토익공부하며 해커스 강남캠퍼스에 다녔었는데 11시 이전에 학원에.,0,Human,85,109,2,42.5,7.5,42,19,5,1,1,7,0.4523809523809524,0.11904761904761904,0.023809523809523808,0.023809523809523808,0.16666666666666666,0.2235294117647059,0.08235294117647059,0,0,1,1,0,0,0.023529411764705882
"2020년 연말정산 무주택자... 이자, 월세 관련 세액공제 신고 방법",전문_정보,연말정산 무주택자...는 별일 아닌 듯해도 막상 겪어보니 나름 의미가 있었어요. 작은 변화였지만 하루 분위기가 달라져서 기분 좋게 마무리했답니다. 짧게 들렀지만 생각보다 알차게 시간을 보냈어요. 사진으로 남겨두기에도 괜찮아서 기억에 오래 남을 것 같아요.,연말정산 무주택자.는 별일 아닌 듯해도 막상 겪어보니 나름 의미가 있었어요. 작은 변화였지만 하루 분위기가 달라져서 기분 좋게 마무리했답니다. 짧게 들렀지만 생각보다 알차게 시간을 보냈어요. 사진으로 남겨두기에도 괜찮아서 기억에 오래 남을 것 같아요.,1,AI_v1,109,140,5,21.8,6.910861017268399,53,20,10,8,1,8,0.37735849056603776,0.18867924528301888,0.1509433962264151,0.018867924528301886,0.1509433962264151,0.1834862385321101,0.07339449541284404,2,0,5,0,0,0,0.045871559633027525
[맛집리뷰]강남역맛집/붓처스컷강남점/BUTCHER’S CUT 강남... ,맛집_리뷰,오랜만에 맛집리뷰 강남역맛집에서 식사했는데 분위기가 너무 시끄럽지 않아 편했어요. 대표 메뉴가 깔끔했고 가격도 크게 부담스럽지 않아서 한 번쯤 가볼 만했답니다. 짧게 들렀지만 생각보다 알차게 시간을 보냈어요.,오랜만에 맛집리뷰 강남역맛집에서 식사했는데 분위기가 너무 시끄럽지 않아 편했어요. 대표 메뉴가 깔끔했고 가격도 크게 부담스럽지 않아서 한 번쯤 가볼 만했답니다. 짧게 들렀지만 생각보다 알차게 시간을 보냈어요.,1,AI_v1,91,116,3,30.333333333333332,6.79869268479038,43,16,8,5,1,8,0.37209302325581395,0.18604651162790697,0.11627906976744186,0.023255813953488372,0.18604651162790697,0.17582417582417584,0.08791208791208792,2,0,3,0,0,0,0.03296703296703297
"갤럭시 노트 10 vs 아이폰 11 pro 야간 모드, 플레어 고스트... ",상품_리뷰,"아이폰 쓸 수 있게 되었습니다. 마지막으로 왼쪽 오른쪽은 영상에 답 적어뒀다. 안 적어도 알 만한 사람은 다 알... 왼쪽 오른쪽의 답 아 블로그 포스팅 오랜만에 하니까 재미나다 내돈내산 후기지만, 파트너스... ",아이폰 쓸 수 있게 되었습니다. 마지막으로 왼쪽 오른쪽은 영상에 답 적어뒀다. 안 적어도 알 만한 사람은 다 알. 왼쪽 오른쪽의 답 아 블로그 포스팅 오랜만에 하니까 재미나다 내돈내산 후기지만 파트너스.,0,Human,84,113,4,21.0,10.222524150130436,48,24,5,1,2,8,0.5,0.10416666666666667,0.020833333333333332,0.041666666666666664,0.16666666666666666,0.2857142857142857,0.09523809523809523,0,0,4,0,0,0,0.047619047619047616
강남역 24시간 해장국 맛집 강남진해장 -!,맛집_리뷰,"24시간 해장국 다녀왔는데 첫인상은 그냥 보통. 근데 먹다 보니 나쁘지 않았다. 소스가 조금 강해서 호불호 있을 듯하고, 나는 그럭저럭 괜찮았음. 이런 곳도 있었네 싶었다. 기대치를 낮추고 가면 무난한 정도. 기대치를 낮추고 가면 무난한 정도.",24시간 해장국 다녀왔는데 첫인상은 그냥 보통. 근데 먹다 보니 나쁘지 않았다. 소스가 조금 강해서 호불호 있을 듯하고 나는 그럭저럭 괜찮았음. 이런 곳도 있었네 싶었다. 기대치를 낮추고 가면 무난한 정도. 기대치를 낮추고 가면 무난한 정도.,1,AI_v2,102,135,6,17.0,5.41602560309064,50,18,7,6,2,8,0.36,0.14,0.12,0.04,0.16,0.17647058823529413,0.0784313725490196,0,0,6,0,0,0,0.058823529411764705
"[강남역 맛집] 만원수산, 서울 횟집, 횟집 맛집, 가성비 좋은 횟집",맛집_리뷰,ㅜㅠ #가성비좋은곳 을 검색하다가 발견하였고 신랑과 함께 2019년 9월 중순에 방문했어요. #만원수산... 강남역 중식당 맛집이 궁금하시면 아래를 클릭하세요. copyright©병아리콜럼버스 댓글과 공감은 제 블로그... ,을 검색하다가 발견하였고 신랑과 함께 2019년 9월 중순에 방문했어요. 강남역 중식당 맛집이 궁금하시면 아래를 클릭하세요. copyright 병아리콜럼버스 댓글과 공감은 제 블로그.,0,Human,82,102,3,27.333333333333332,3.681787005729087,36,16,4,1,1,7,0.4444444444444444,0.1111111111111111,0.027777777777777776,0.027777777777777776,0.19444444444444445,0.1951219512195122,0.08536585365853659,1,0,3,0,0,0,0.036585365853658534
"2020년 연말정산 소득공제, 세액공제 미리 보기 하는 방법",전문_정보,"2020년 연말정산 소득공제, 세액공제 미리 보기 하는 방법 2020년 달라지는 연말정산 정책 신차 구입... 교육비 공제가 가능하기 때문에 국세청에서 조회되지 않는 경우에는 해당 구입처에서 연말정상 영수증을... ",2020년 연말정산 소득공제 세액공제 미리 보기 하는 방법 2020년 달라지는 연말정산 정책 신차 구입. 교육비 공제가 가능하기 때문에 국세청에서 조회되지 않는 경우에는 해당 구입처에서 연말정상 영수증을.,0,Human,89,114,2,44.5,0.5,38,22,4,1,0,6,0.5789473684210527,0.10526315789473684,0.02631578947368421,0.0,0.15789473684210525,0.24719101123595505,0.06741573033707865,0,0,2,0,0,0,0.02247191011235955
신용카드 등 사용금액 소득공제(feat. 2020년 연말정산... ,전문_정보,신용카드 사용해보니 처음 기대했던 것보다 만족도가 괜찮았어요. 큰 단점은 없었고 일상에서 쓰기 편해서 당분간 계속 써볼 생각입니다. 개인적으로는 너무 과하지 않은 점이 마음에 들었어요. 기대보다 편하게 즐길 수 있어서 만족스러운 시간이었답니다.,신용카드 사용해보니 처음 기대했던 것보다 만족도가 괜찮았어요. 큰 단점은 없었고 일상에서 쓰기 편해서 당분간 계속 써볼 생각입니다. 개인적으로는 너무 과하지 않은 점이 마음에 들었어요. 기대보다 편하게 즐길 수 있어서 만족스러운 시간이었답니다.,1,AI_v1,106,136,4,26.5,2.29128784747792,49,19,8,8,1,8,0.3877551020408163,0.16326530612244897,0.16326530612244897,0.02040816326530612,0.16326530612244897,0.1792452830188679,0.07547169811320754,1,0,4,0,0,0,0.03773584905660377
케이스티파이 20% 할인코드  feat. 아이폰11 케이스 추천,상품_리뷰,Paris / Seoul GOD SELECTION XXX 커스텀 PVC 폰 슬링백 아이패드 케이스 케이스티파이 주문방법 #내돈내산 #케이스티파이 #케이스티파이할인코드 #할로윈프로모션 #casetify할인코드 #casetify #아이폰케이스... ,Paris Seoul GOD SELECTION XXX 커스텀 PVC 폰 슬링백 아이패드 케이스 케이스티파이 주문방법,0,Human,52,64,1,52.0,0.0,18,10,1,0,0,0,0.5555555555555556,0.05555555555555555,0.0,0.0,0.0,0.19230769230769232,0.0,0,0,0,0,0,0,0.0
"[2020 연말정산]총급여액, 근로소득공제, 근로소득금액",전문_정보,총급여액을 하면서 생각보다 시간이 빨리 갔다. 중간중간 딴짓도 했지만 마무리는 했다. 그냥 소소한 기록으로 남김. 엄청난 건 아니고 그냥 기록용. 사진은 몇 장 찍었는데 정리는 나중에 해야겠다. 시간 맞으면 한 번쯤 들를만함.,총급여액을 하면서 생각보다 시간이 빨리 갔다. 중간중간 딴짓도 했지만 마무리는 했다. 그냥 소소한 기록으로 남김. 엄청난 건 아니고 그냥 기록용. 사진은 몇 장 찍었는데 정리는 나중에 해야겠다. 시간 맞으면 한 번쯤 들를만함.,1,AI_v2,95,126,6,15.833333333333334,3.337497399083464,54,22,10,3,1,9,0.4074074074074074,0.18518518518518517,0.05555555555555555,0.018518518518518517,0.16666666666666666,0.23157894736842105,0.09473684210526316,0,0,6,0,0,0,0.06315789473684211
"연금펀드, 연금ETF로 연말정산 소득공제 받기(Ft. 키움증권)",전문_정보,연금펀드 연금ETF로는 생각보다 시간이 걸렸다. 중간에 귀찮아서 멈출까 했는데 일단 끝내긴 함. 다음엔 조금 더 빨리 할 수 있을 듯. 사진은 몇 장 찍었는데 정리는 나중에 해야겠다. 이런 곳도 있었네 싶었다. 기대치를 낮추고 가면 무난한 정도.,연금펀드 연금ETF로는 생각보다 시간이 걸렸다. 중간에 귀찮아서 멈출까 했는데 일단 끝내긴 함. 다음엔 조금 더 빨리 할 수 있을 듯. 사진은 몇 장 찍었는데 정리는 나중에 해야겠다. 이런 곳도 있었네 싶었다. 기대치를 낮추고 가면 무난한 정도.,1,AI_v2,102,137,6,17.0,3.9157800414902435,55,23,9,4,1,10,0.41818181818181815,0.16363636363636364,0.07272727272727272,0.01818181818181818,0.18181818181818182,0.22549019607843138,0.09803921568627451,0,0,6,0,0,0,0.058823529411764705
GS25 아이폰 11 라이트닝 8핀 케이블 내돈내산 리뷰,상품_리뷰,"아이폰 병에 걸려버린 나머지 아이폰 11 퍼플을 사고말았다. 중고로 사서 애플 충전기는 없었다.... 가격은 11,900원 구매후 엘레베이터에서 찍은 사진. 남자친구가 내 kt 맴버십을 써서 할인을 못받았다. 쫌... ",아이폰 병에 걸려버린 나머지 아이폰 11 퍼플을 사고말았다. 중고로 사서 애플 충전기는 없었다. 가격은 11 900원 구매후 엘레베이터에서 찍은 사진. 남자친구가 내 kt 맴버십을 써서 할인을 못받았다. 쫌.,0,Human,89,116,5,17.8,8.726969691708572,45,19,6,1,0,9,0.4222222222222222,0.13333333333333333,0.022222222222222223,0.0,0.2,0.21348314606741572,0.10112359550561797,0,0,5,0,0,0,0.056179775280898875
강남역 맛집 바비레드 BTS팝업스토어 근처맛집 강남역 핫플,맛집_리뷰,새해를 맞아 친구랑 데이트 강남역 맛집 바비레드에서 핫하게 시작했어요! 방탄소년단 BTS... 파스타와 샐러드 강남 데이트 맛집입니다. 갈비가 보들보들 연하게 부드럽고 고기맛 좋고요. 뼈갈비가... ,새해를 맞아 친구랑 데이트 강남역 맛집 바비레드에서 핫하게 시작했어요! 방탄소년단 BTS. 파스타와 샐러드 강남 데이트 맛집입니다. 갈비가 보들보들 연하게 부드럽고 고기맛 좋고요. 뼈갈비가.,0,Human,84,106,5,16.8,9.173875952943773,40,20,3,4,1,6,0.5,0.075,0.1,0.025,0.15,0.23809523809523808,0.07142857142857142,1,0,4,1,0,0,0.05952380952380952
강남역 맛집 미즈컨테이너 이탈리안 음식,맛집_리뷰,오랜만에 친구랑 강남역 미즈컨테이너에 갔는데 전체적으로 무난해서 좋았어요. 음식 나오는 속도도 괜찮고 맛도 기대 이상이라 근처 맛집 찾는 분들께 추천드려요. 개인적으로는 너무 과하지 않은 점이 마음에 들었어요.,오랜만에 친구랑 강남역 미즈컨테이너에 갔는데 전체적으로 무난해서 좋았어요. 음식 나오는 속도도 괜찮고 맛도 기대 이상이라 근처 맛집 찾는 분들께 추천드려요. 개인적으로는 너무 과하지 않은 점이 마음에 들었어요.,1,AI_v1,91,117,3,30.333333333333332,5.185449728701348,49,20,8,2,1,11,0.40816326530612246,0.16326530612244897,0.04081632653061224,0.02040816326530612,0.22448979591836735,0.21978021978021978,0.12087912087912088,1,0,3,0,0,0,0.03296703296703297
[강남역맛집] 메이드바이오즈/맛있는 오삼불고기,맛집_리뷰,2019년 1월에 요새 젤루 친한 베푸언니를 만나는날 점심을 먹기로했지요~~ 1시30분에 만나서 뭐 먹을지 고민하다가 오삼불고기 먹으러 갔어요 &quot; 메이드 바이오즈 &quot; 테이스티로드에도 나왔던 곳이더라고요 아침을... ,2019년 1월에 요새 젤루 친한 베푸언니를 만나는날 점심을 먹기로했지요~ 1시30분에 만나서 뭐 먹을지 고민하다가 오삼불고기 먹으러 갔어요 메이드 바이오즈 테이스티로드에도 나왔던 곳이더라고요 아침을.,0,Human,90,112,1,90.0,0.0,43,16,9,2,0,6,0.37209302325581395,0.20930232558139536,0.046511627906976744,0.0,0.13953488372093023,0.17777777777777778,0.06666666666666667,1,0,1,0,0,1,0.022222222222222223
# KT 1분 주문 1시간 배송 리뷰 아이폰11 퍼플 컬러 [내돈내산♥],상품_리뷰,"KT 1분은 직접 써보니 장단점이 분명했어요. 그래도 가격이나 사용감까지 생각하면 꽤 무난했고, 필요한 분들께는 참고가 될 것 같아요. 처음 가보는 분들도 크게 부담 없이 즐길 수 있을 것 같아요. 개인적으로는 너무 과하지 않은 점이 마음에 들었어요.",KT 1분은 직접 써보니 장단점이 분명했어요. 그래도 가격이나 사용감까지 생각하면 꽤 무난했고 필요한 분들께는 참고가 될 것 같아요. 처음 가보는 분들도 크게 부담 없이 즐길 수 있을 것 같아요. 개인적으로는 너무 과하지 않은 점이 마음에 들었어요.,1,AI_v1,104,139,4,26.0,6.519202405202649,57,20,11,5,3,8,0.3508771929824561,0.19298245614035087,0.08771929824561403,0.05263157894736842,0.14035087719298245,0.19230769230769232,0.07692307692307693,3,0,4,0,0,0,0.038461538461538464
2020년 올해 달라진 연말정산 주요 내용 정리 (카드 소득공제... ,전문_정보,"많은 분들이 연말이되면 연말정산 하기에 앞서 어떤 내용이 추가 되었는지, 혹은 변경이 되었는지... 2020년 연말정산 2020년 연말정산 변경 된 사항을 정리하자면 : 1. 카드 소득공제율 최소 2배 확대 - 올 3월... ",많은 분들이 연말이되면 연말정산 하기에 앞서 어떤 내용이 추가 되었는지 혹은 변경이 되었는지. 2020년 연말정산 2020년 연말정산 변경 된 사항을 정리하자면 1. 카드 소득공제율 최소 2배 확대 올 3월.,0,Human,88,116,3,29.333333333333332,9.46337971105226,42,18,7,2,1,5,0.42857142857142855,0.16666666666666666,0.047619047619047616,0.023809523809523808,0.11904761904761904,0.20454545454545456,0.056818181818181816,0,0,3,0,0,0,0.03409090909090909
"내돈내산 아이폰11pro 256기가,아이폰11프로 실버",상품_리뷰,내돈내산 아이폰11pro 사용해보니 처음 기대했던 것보다 만족도가 괜찮았어요. 큰 단점은 없었고 일상에서 쓰기 편해서 당분간 계속 써볼 생각입니다. 다음에는 조금 더 여유 있게 다시 가보고 싶어요. 전체적으로 무난하면서도 기분 좋게 마무리할 수 있었어요.,내돈내산 아이폰11pro 사용해보니 처음 기대했던 것보다 만족도가 괜찮았어요. 큰 단점은 없었고 일상에서 쓰기 편해서 당분간 계속 써볼 생각입니다. 다음에는 조금 더 여유 있게 다시 가보고 싶어요. 전체적으로 무난하면서도 기분 좋게 마무리할 수 있었어요.,1,AI_v1,110,142,4,27.5,5.852349955359813,54,24,7,8,0,6,0.4444444444444444,0.12962962962962962,0.14814814814814814,0.0,0.1111111111111111,0.21818181818181817,0.05454545454545454,0,0,4,0,0,0,0.03636363636363636
[내돈내산 메종키츠네 폰케이스추천]-신상 아이폰11프로... ,상품_리뷰,-신상 아이폰11프로...는 사용법이 어렵진 않았다. 마감은 보통이고 기능은 필요한 만큼만 있는 느낌. 오래 써봐야 알겠지만 첫인상은 나쁘지 않음. 이런 곳도 있었네 싶었다. 가격은 막 싸진 않았고 위치는 찾기 쉬운 편.,신상 아이폰11프로.는 사용법이 어렵진 않았다. 마감은 보통이고 기능은 필요한 만큼만 있는 느낌. 오래 써봐야 알겠지만 첫인상은 나쁘지 않음. 이런 곳도 있었네 싶었다. 가격은 막 싸진 않았고 위치는 찾기 쉬운 편.,1,AI_v2,91,120,6,15.166666666666666,4.297932319409209,48,15,9,7,1,8,0.3125,0.1875,0.14583333333333334,0.020833333333333332,0.16666666666666666,0.16483516483516483,0.08791208791208792,0,0,6,0,0,0,0.06593406593406594
2020년 연말정산 변경사항 알아보기 #연말정산소득공제,전문_정보,세액공제 이상으로 2020년 변경 적용되는 연말정산 내용에 대해 살펴봤습니다. 잘 챙기셨다가 최대한 소득/세액공제 혜택을 받으시면 좋을 것 같습니다. 그럼 오늘도 행복한 하루 만드시기 바랍니다... ,세액공제 이상으로 2020년 변경 적용되는 연말정산 내용에 대해 살펴봤습니다. 잘 챙기셨다가 최대한 소득 세액공제 혜택을 받으시면 좋을 것 같습니다. 그럼 오늘도 행복한 하루 만드시기 바랍니다.,0,Human,84,108,3,28.0,6.683312551921141,35,16,7,4,0,4,0.45714285714285713,0.2,0.11428571428571428,0.0,0.11428571428571428,0.19047619047619047,0.047619047619047616,0,0,3,0,0,0,0.03571428571428571
[강남역 맛집] 바비레드 추천,맛집_리뷰,강남역은 가볍게 들른 곳인데 은근 기억에 남았어요. 메뉴가 깔끔하고 직원분들도 친절해서 편하게 먹고 왔습니다. 재방문 의사 있어요. 개인적으로는 너무 과하지 않은 점이 마음에 들었어요. 기대보다 편하게 즐길 수 있어서 만족스러운 시간이었답니다.,강남역은 가볍게 들른 곳인데 은근 기억에 남았어요. 메뉴가 깔끔하고 직원분들도 친절해서 편하게 먹고 왔습니다. 재방문 의사 있어요. 개인적으로는 너무 과하지 않은 점이 마음에 들었어요. 기대보다 편하게 즐길 수 있어서 만족스러운 시간이었답니다.,1,AI_v1,106,136,5,21.2,6.305553108173779,50,16,9,8,1,9,0.32,0.18,0.16,0.02,0.18,0.1509433962264151,0.08490566037735849,1,0,5,0,0,0,0.04716981132075472
2020년 연말정산 변경사항 꼭 알아봐야죠,전문_정보,특히 올해에는 코로나 바이러스로 인해서 경기 역시 매우 좋지 않았던 만큼 이러한 상황을 반영해서 소득공제율을 더욱 높였다고 하니까 2020년 연말정산 변경사항이 어떻게 달라졌는 지 미리 확인을... ,특히 올해에는 코로나 바이러스로 인해서 경기 역시 매우 좋지 않았던 만큼 이러한 상황을 반영해서 소득공제율을 더욱 높였다고 하니까 2020년 연말정산 변경사항이 어떻게 달라졌는 지 미리 확인을.,0,Human,83,108,1,83.0,0.0,36,17,6,4,1,6,0.4722222222222222,0.16666666666666666,0.1111111111111111,0.027777777777777776,0.16666666666666666,0.20481927710843373,0.07228915662650602,0,0,1,0,0,0,0.012048192771084338
[강남역 맛집/강남역 소고기] 투뿔등심-2,맛집_리뷰,근처에서 밥 먹을 곳 찾다가 강남역 강남역에 들렀어요. 맛이 자극적이지 않고 양도 적당해서 만족했답니다. 웨이팅만 조금 피하면 더 좋을 것 같아요. 개인적으로는 너무 과하지 않은 점이 마음에 들었어요. 전체적으로 무난하면서도 기분 좋게 마무리할 수 있었어요. 기대보다 편하게 즐길 수 있어서 만족스러운 시간이었답니다.,근처에서 밥 먹을 곳 찾다가 강남역 강남역에 들렀어요. 맛이 자극적이지 않고 양도 적당해서 만족했답니다. 웨이팅만 조금 피하면 더 좋을 것 같아요. 개인적으로는 너무 과하지 않은 점이 마음에 들었어요. 전체적으로 무난하면서도 기분 좋게 마무리할 수 있었어요. 기대보다 편하게 즐길 수 있어서 만족스러운 시간이었답니다.,1,AI_v1,136,177,6,22.666666666666668,2.8674417556808756,66,25,11,9,1,11,0.3787878787878788,0.16666666666666666,0.13636363636363635,0.015151515151515152,0.16666666666666666,0.18382352941176472,0.08088235294117647,3,0,6,0,0,0,0.04411764705882353
2020년 연말정산 간소화... 2020소득공제 변경사항... ,전문_정보,연말정산 해봤다. 특별한 감상은 없고 그냥 해야 해서 한 느낌. 그래도 끝내고 나니 신경 쓰이던 게 하나 줄었다. 시간 맞으면 한 번쯤 들를만함. 급하게 정한 일정치고는 나쁘지 않았다. 시간 맞으면 한 번쯤 들를만함. 막 특별하진 않아도 당시 느낌은 남아 있어서 적어둠.,연말정산 해봤다. 특별한 감상은 없고 그냥 해야 해서 한 느낌. 그래도 끝내고 나니 신경 쓰이던 게 하나 줄었다. 시간 맞으면 한 번쯤 들를만함. 급하게 정한 일정치고는 나쁘지 않았다. 시간 맞으면 한 번쯤 들를만함. 막 특별하진 않아도 당시 느낌은 남아 있어서 적어둠.,1,AI_v2,111,151,7,15.857142857142858,4.453844933748542,57,22,15,6,1,4,0.38596491228070173,0.2631578947368421,0.10526315789473684,0.017543859649122806,0.07017543859649122,0.1981981981981982,0.036036036036036036,0,0,7,0,0,0,0.06306306306306306
슈피겐 아이폰11 강화유리 액정보호필름 내돈내산 후기,상품_리뷰,"슈피겐은 가볍게 써보기 좋은 제품이었어요. 기대를 너무 크게 하지 않으면 만족도가 높고, 실사용 기준으로는 꽤 괜찮게 느껴졌답니다. 기대보다 편하게 즐길 수 있어서 만족스러운 시간이었답니다. 처음 가보는 분들도 크게 부담 없이 즐길 수 있을 것 같아요.",슈피겐은 가볍게 써보기 좋은 제품이었어요. 기대를 너무 크게 하지 않으면 만족도가 높고 실사용 기준으로는 꽤 괜찮게 느껴졌답니다. 기대보다 편하게 즐길 수 있어서 만족스러운 시간이었답니다. 처음 가보는 분들도 크게 부담 없이 즐길 수 있을 것 같아요.,1,AI_v1,106,140,4,26.5,6.576473218982953,50,19,9,9,2,6,0.38,0.18,0.18,0.04,0.12,0.1792452830188679,0.05660377358490566,3,0,4,0,0,0,0.03773584905660377
[강남] 강남역 맛집 바비레드,맛집_리뷰,강남구 봉은사로6길 39 바비레드 전화번호 : 02-3452-1515 회사 점심시간에 빠르게 다녀온 강남역 맛집... 역시 강남 파스타맛집답게 비주얼 대박이고요! 엄청 많은 밥과 면 그리고 마늘까지 알차게 들어있는... ,강남구 봉은사로6길 39 바비레드 전화번호 02 3452 1515 회사 점심시간에 빠르게 다녀온 강남역 맛집. 역시 강남 파스타맛집답게 비주얼 대박이고요! 엄청 많은 밥과 면 그리고 마늘까지 알차게 들어있는.,0,Human,90,116,3,30.0,12.754084313139327,42,22,2,3,1,5,0.5238095238095238,0.047619047619047616,0.07142857142857142,0.023809523809523808,0.11904761904761904,0.24444444444444444,0.05555555555555555,0,0,2,1,0,0,0.03333333333333333
2019년 11월,맛집_리뷰,학원 다니면서 강남역 맛집 몇 군데 가봤다. 여긴 백종원 파스타 롤링파스타인데 사람이 많다. 맛은... 강남역 베트남식당 유명한 곳인데 사람들도 많고 맛도 있다. 회화때문에 스트레스 받은 것도 있고... ,학원 다니면서 강남역 맛집 몇 군데 가봤다. 여긴 백종원 파스타 롤링파스타인데 사람이 많다. 맛은. 강남역 베트남식당 유명한 곳인데 사람들도 많고 맛도 있다. 회화때문에 스트레스 받은 것도 있고.,0,Human,83,109,5,16.6,7.445804187594514,44,21,4,5,0,8,0.4772727272727273,0.09090909090909091,0.11363636363636363,0.0,0.18181818181818182,0.25301204819277107,0.0963855421686747,0,0,5,0,0,0,0.060240963855421686
아이폰11(광주 봉이모바일) 내돈내산 구매후기!,상품_리뷰,블로그 첫 글로 일상을 기록하고 싶어 아이폰11(광주 봉이모바일) 내돈내산 구매후기! 를 적어보려고 합니다:) 긴 말 필요없이 바로 시작하겠습니다! 일단 제가 2년 2개월동안 열심히 버텨준 아이폰8.. 그래서... ,블로그 첫 글로 일상을 기록하고 싶어 아이폰11 광주 봉이모바일 내돈내산 구매후기! 를 적어보려고 합니다 긴 말 필요없이 바로 시작하겠습니다! 일단 제가 2년 2개월동안 열심히 버텨준 아이폰8. 그래서.,0,Human,87,113,4,21.75,11.497282287566918,49,24,7,1,2,4,0.4897959183673469,0.14285714285714285,0.02040816326530612,0.04081632653061224,0.08163265306122448,0.27586206896551724,0.04597701149425287,0,0,2,2,0,0,0.04597701149425287
"연말정산 월세 세액공제 조건과 서류, 신청방법까지 간단 정리.",전문_정보,"오랜만에 요즘 연말정산 때문에 생각이 많았는데, 직접 해보니 생각보다 어렵지 않았어요. 천천히 정리하니 마음도 조금 편해진 느낌입니다. 개인적으로는 너무 과하지 않은 점이 마음에 들었어요. 사진으로 남겨두기에도 괜찮아서 기억에 오래 남을 것 같아요.",오랜만에 요즘 연말정산 때문에 생각이 많았는데 직접 해보니 생각보다 어렵지 않았어요. 천천히 정리하니 마음도 조금 편해진 느낌입니다. 개인적으로는 너무 과하지 않은 점이 마음에 들었어요. 사진으로 남겨두기에도 괜찮아서 기억에 오래 남을 것 같아요.,1,AI_v1,107,138,4,26.75,6.179603547154137,54,20,7,6,3,12,0.37037037037037035,0.12962962962962962,0.1111111111111111,0.05555555555555555,0.2222222222222222,0.18691588785046728,0.11214953271028037,1,0,4,0,0,0,0.037383177570093455
"돌아왔다! 2020 연말정산 일정, 서류, 공제항목 총정리",전문_정보,돌아왔다! 사진 몇 장 찍어뒀다. 나중에 보면 별거 아닐 수도 있는데 그때 분위기가 있어서 남겨둠. 정리는 천천히 해야겠다. 기대치를 낮추고 가면 무난한 정도. 이런 곳도 있었네 싶었다. 가격은 막 싸진 않았고 위치는 찾기 쉬운 편.,돌아왔다! 사진 몇 장 찍어뒀다. 나중에 보면 별거 아닐 수도 있는데 그때 분위기가 있어서 남겨둠. 정리는 천천히 해야겠다. 기대치를 낮추고 가면 무난한 정도. 이런 곳도 있었네 싶었다. 가격은 막 싸진 않았고 위치는 찾기 쉬운 편.,1,AI_v2,96,130,7,13.714285714285714,6.6486150161257696,52,19,11,6,1,7,0.36538461538461536,0.21153846153846154,0.11538461538461539,0.019230769230769232,0.1346153846153846,0.19791666666666666,0.07291666666666667,0,0,6,1,0,0,0.07291666666666667
"[2019년 3월 12일,  7,620걸음] 오랜만에 강남역 맛집을 찾다",맛집_리뷰,"오랜만에 다녀왔는데 첫인상은 그냥 보통. 근데 먹다 보니 나쁘지 않았다. 소스가 조금 강해서 호불호 있을 듯하고, 나는 그럭저럭 괜찮았음. 시간 맞으면 한 번쯤 들를만함. 다음엔 다른 메뉴도 봐야 할 듯. 기대치를 낮추고 가면 무난한 정도.",오랜만에 다녀왔는데 첫인상은 그냥 보통. 근데 먹다 보니 나쁘지 않았다. 소스가 조금 강해서 호불호 있을 듯하고 나는 그럭저럭 괜찮았음. 시간 맞으면 한 번쯤 들를만함. 다음엔 다른 메뉴도 봐야 할 듯. 기대치를 낮추고 가면 무난한 정도.,1,AI_v2,99,133,6,16.5,5.024937810560445,54,20,10,4,2,9,0.37037037037037035,0.18518518518518517,0.07407407407407407,0.037037037037037035,0.16666666666666666,0.20202020202020202,0.09090909090909091,0,0,6,0,0,0,0.06060606060606061
"돌아왔다! 2020 연말정산 일정, 서류, 공제항목 총정리",전문_정보,"요즘 돌아왔다! 때문에 생각이 많았는데, 직접 해보니 생각보다 어렵지 않았어요. 천천히 정리하니 마음도 조금 편해진 느낌입니다. 전체적으로 무난하면서도 기분 좋게 마무리할 수 있었어요. 개인적으로는 너무 과하지 않은 점이 마음에 들었어요.",요즘 돌아왔다! 때문에 생각이 많았는데 직접 해보니 생각보다 어렵지 않았어요. 천천히 정리하니 마음도 조금 편해진 느낌입니다. 전체적으로 무난하면서도 기분 좋게 마무리할 수 있었어요. 개인적으로는 너무 과하지 않은 점이 마음에 들었어요.,1,AI_v1,103,132,5,20.6,7.08801805866774,50,18,9,6,2,8,0.36,0.18,0.12,0.04,0.16,0.17475728155339806,0.07766990291262135,0,0,4,1,0,0,0.04854368932038835
[내돈내산] 쿠팡에서 핸드폰 사도 될까? | 아이폰 11PRO 256기가... ,상품_리뷰,쿠팡에서 궁금해서 써봤는데 막 놀랄 정도는 아니었다. 그래도 손이 자주 가긴 함. 불편한 점은 조금씩 보이는데 못 쓸 정도는 아님. 사진은 몇 장 찍었는데 정리는 나중에 해야겠다. 가격은 막 싸진 않았고 위치는 찾기 쉬운 편.,쿠팡에서 궁금해서 써봤는데 막 놀랄 정도는 아니었다. 그래도 손이 자주 가긴 함. 불편한 점은 조금씩 보이는데 못 쓸 정도는 아님. 사진은 몇 장 찍었는데 정리는 나중에 해야겠다. 가격은 막 싸진 않았고 위치는 찾기 쉬운 편.,1,AI_v2,92,126,5,18.4,4.029888335921977,51,19,10,5,2,10,0.37254901960784315,0.19607843137254902,0.09803921568627451,0.0392156862745098,0.19607843137254902,0.20652173913043478,0.10869565217391304,0,0,5,0,0,0,0.05434782608695652
2020년 #연말정산 바로알기 &amp; 연말정산 변경사항 정보,전문_정보,8월부터 연말까지는 기존의 소득공제율을 그대로 적용한다고 해요. 2020년 연말정산 소득공제율 세부내역은 아래 표를 참고해 주세요~ 결제수단 1-2월 3월 4~7월 8-12월 신용카드 15% 30% 80% 15% 체크카드... ,8월부터 연말까지는 기존의 소득공제율을 그대로 적용한다고 해요. 2020년 연말정산 소득공제율 세부내역은 아래 표를 참고해 주세요~ 결제수단 1 2월 3월 4~7월 8 12월 신용카드 15 30 80 15 체크카드.,0,Human,93,120,2,46.5,17.5,44,18,3,1,0,5,0.4090909090909091,0.06818181818181818,0.022727272727272728,0.0,0.11363636363636363,0.1935483870967742,0.053763440860215055,1,0,2,0,0,2,0.043010752688172046
[강남역 맛집] 하이디라오... 골라먹는 재미! 강남 훠궈 맛집,맛집_리뷰,안녕하세요 #횽언니맛집 입니다 엄청 오랜만에 왔죠! 저의 최애 음식인 훠궈 먹고 왔거든요 헤헿 많은... 05:00 (2019년부터 새벽5시까지 영업) 주차 : 가능 신논현역에서 강남역쪽으로 가는길에 있는 스킨푸드... ,안녕하세요 입니다 엄청 오랜만에 왔죠! 저의 최애 음식인 훠궈 먹고 왔거든요 헤헿 많은. 05 00 2019년부터 새벽5시까지 영업 주차 가능 신논현역에서 강남역쪽으로 가는길에 있는 스킨푸드.,0,Human,83,107,3,27.666666666666668,13.02134998974974,40,14,4,4,1,6,0.35,0.1,0.1,0.025,0.15,0.1686746987951807,0.07228915662650602,0,0,2,1,0,0,0.03614457831325301
2020년 연말정산 변경된 혜택 준비하기!,전문_정보,"요즘 연말정산 때문에 생각이 많았는데, 직접 해보니 생각보다 어렵지 않았어요. 천천히 정리하니 마음도 조금 편해진 느낌입니다. 짧게 들렀지만 생각보다 알차게 시간을 보냈어요. 전체적으로 무난하면서도 기분 좋게 마무리할 수 있었어요.",요즘 연말정산 때문에 생각이 많았는데 직접 해보니 생각보다 어렵지 않았어요. 천천히 정리하니 마음도 조금 편해진 느낌입니다. 짧게 들렀지만 생각보다 알차게 시간을 보냈어요. 전체적으로 무난하면서도 기분 좋게 마무리할 수 있었어요.,1,AI_v1,100,128,4,25.0,4.898979485566356,45,17,7,8,1,7,0.37777777777777777,0.15555555555555556,0.17777777777777778,0.022222222222222223,0.15555555555555556,0.17,0.07,0,0,4,0,0,0,0.04
"구매리뷰] 가격과 성능, 내돈내산 솔직후기 (아이폰11과 비교)",상품_리뷰,"구매리뷰는 가볍게 써보기 좋은 제품이었어요. 기대를 너무 크게 하지 않으면 만족도가 높고, 실사용 기준으로는 꽤 괜찮게 느껴졌답니다. 개인적으로는 너무 과하지 않은 점이 마음에 들었어요. 처음 가보는 분들도 크게 부담 없이 즐길 수 있을 것 같아요.",구매리뷰는 가볍게 써보기 좋은 제품이었어요. 기대를 너무 크게 하지 않으면 만족도가 높고 실사용 기준으로는 꽤 괜찮게 느껴졌답니다. 개인적으로는 너무 과하지 않은 점이 마음에 들었어요. 처음 가보는 분들도 크게 부담 없이 즐길 수 있을 것 같아요.,1,AI_v1,104,138,4,26.0,6.519202405202649,55,20,10,6,3,8,0.36363636363636365,0.18181818181818182,0.10909090909090909,0.05454545454545454,0.14545454545454545,0.19230769230769232,0.07692307692307693,2,0,4,0,0,0,0.038461538461538464
"[2020 연말정산]총급여액, 근로소득공제, 근로소득금액",전문_정보,오랜만에 연말정산은 별일 아닌 듯해도 막상 겪어보니 나름 의미가 있었어요. 작은 변화였지만 하루 분위기가 달라져서 기분 좋게 마무리했답니다. 사진으로 남겨두기에도 괜찮아서 기억에 오래 남을 것 같아요. 처음 가보는 분들도 크게 부담 없이 즐길 수 있을 것 같아요.,오랜만에 연말정산은 별일 아닌 듯해도 막상 겪어보니 나름 의미가 있었어요. 작은 변화였지만 하루 분위기가 달라져서 기분 좋게 마무리했답니다. 사진으로 남겨두기에도 괜찮아서 기억에 오래 남을 것 같아요. 처음 가보는 분들도 크게 부담 없이 즐길 수 있을 것 같아요.,1,AI_v1,111,147,4,27.75,3.031088913245535,57,23,9,8,2,9,0.40350877192982454,0.15789473684210525,0.14035087719298245,0.03508771929824561,0.15789473684210525,0.2072072072072072,0.08108108108108109,3,0,4,0,0,0,0.036036036036036036
"무쪼 아이폰 케이스! MUJJO 내돈내산 후기, 아이폰 케이스 추천",상품_리뷰,카메라 좋다는 아이폰으로 남편이랑 커플폰 구매했어요 &quot;아이폰 11&quot; 무쪼 아이폰 11 가죽케이스 / MUJJO 아이폰 11 케이스 No card - 37.11 유로 / card - 41.24유로 공홈에서 소식지 받기 하면 10% 할인받을 수 있어요.... ,카메라 좋다는 아이폰으로 남편이랑 커플폰 구매했어요 아이폰 11 무쪼 아이폰 11 가죽케이스 MUJJO 아이폰 11 케이스 No card 37.11 유로 card 41.24유로 공홈에서 소식지 받기 하면 10 할인받을 수 있어요.,0,Human,99,128,3,33.0,21.400934559032695,38,18,4,2,0,3,0.47368421052631576,0.10526315789473684,0.05263157894736842,0.0,0.07894736842105263,0.18181818181818182,0.030303030303030304,1,0,3,0,0,0,0.030303030303030304
연말정산 미리보기 및 올해부터 달라진 소득공제 내용은?,전문_정보,연말정산 미리보기를 하면서 오랜만에 여유를 느꼈어요. 바쁜 와중에 잠깐 쉬어가는 시간이 생긴 것 같아서 꽤 괜찮은 하루였답니다. 사진으로 남겨두기에도 괜찮아서 기억에 오래 남을 것 같아요. 개인적으로는 너무 과하지 않은 점이 마음에 들었어요. 기대보다 편하게 즐길 수 있어서 만족스러운 시간이었답니다.,연말정산 미리보기를 하면서 오랜만에 여유를 느꼈어요. 바쁜 와중에 잠깐 쉬어가는 시간이 생긴 것 같아서 꽤 괜찮은 하루였답니다. 사진으로 남겨두기에도 괜찮아서 기억에 오래 남을 것 같아요. 개인적으로는 너무 과하지 않은 점이 마음에 들었어요. 기대보다 편하게 즐길 수 있어서 만족스러운 시간이었답니다.,1,AI_v1,130,168,5,26.0,2.756809750418044,63,22,11,8,2,13,0.3492063492063492,0.1746031746031746,0.12698412698412698,0.031746031746031744,0.20634920634920634,0.16923076923076924,0.1,3,0,5,0,0,0,0.038461538461538464
아이폰 11 pro 프로 가로수길 애플스토어 구매 보고서,상품_리뷰,"아이폰 사용해봄. 장점은 간단하고 단점은 기대보다 평범하다는 것. 그래도 당장 쓰기엔 문제 없고, 재구매는 조금 더 봐야 할 듯. 이런 곳도 있었네 싶었다. 급하게 정한 일정치고는 나쁘지 않았다. 급하게 정한 일정치고는 나쁘지 않았다.",아이폰 사용해봄. 장점은 간단하고 단점은 기대보다 평범하다는 것. 그래도 당장 쓰기엔 문제 없고 재구매는 조금 더 봐야 할 듯. 이런 곳도 있었네 싶었다. 급하게 정한 일정치고는 나쁘지 않았다. 급하게 정한 일정치고는 나쁘지 않았다.,1,AI_v2,98,130,6,16.333333333333332,5.467073155618909,49,17,8,9,1,8,0.3469387755102041,0.16326530612244897,0.1836734693877551,0.02040816326530612,0.16326530612244897,0.17346938775510204,0.08163265306122448,0,0,6,0,0,0,0.061224489795918366
강남역 맛집 매콤한게 끌린다?,맛집_리뷰,이번에 강남역에서 식사했는데 분위기가 너무 시끄럽지 않아 편했어요. 대표 메뉴가 깔끔했고 가격도 크게 부담스럽지 않아서 한 번쯤 가볼 만했답니다. 처음 가보는 분들도 크게 부담 없이 즐길 수 있을 것 같아요. 기대보다 편하게 즐길 수 있어서 만족스러운 시간이었답니다.,이번에 강남역에서 식사했는데 분위기가 너무 시끄럽지 않아 편했어요. 대표 메뉴가 깔끔했고 가격도 크게 부담스럽지 않아서 한 번쯤 가볼 만했답니다. 처음 가보는 분들도 크게 부담 없이 즐길 수 있을 것 같아요. 기대보다 편하게 즐길 수 있어서 만족스러운 시간이었답니다.,1,AI_v1,113,149,4,28.25,3.491060010942235,54,20,10,8,2,8,0.37037037037037035,0.18518518518518517,0.14814814814814814,0.037037037037037035,0.14814814814814814,0.17699115044247787,0.07079646017699115,4,0,4,0,0,0,0.035398230088495575
[식사일기] 서촌레이어드 카페부터 강남역맛집까지 2019년... ,맛집_리뷰,"식사일기 서촌레이어드 다녀왔는데 생각보다 분위기가 편해서 좋았어요. 음식도 깔끔하게 나와서 부담 없이 먹기 괜찮았고, 다음에 근처 가면 또 들러보고 싶더라고요. 처음 가보는 분들도 크게 부담 없이 즐길 수 있을 것 같아요. 전체적으로 무난하면서도 기분 좋게 마무리할 수 있었어요.",식사일기 서촌레이어드 다녀왔는데 생각보다 분위기가 편해서 좋았어요. 음식도 깔끔하게 나와서 부담 없이 먹기 괜찮았고 다음에 근처 가면 또 들러보고 싶더라고요. 처음 가보는 분들도 크게 부담 없이 즐길 수 있을 것 같아요. 전체적으로 무난하면서도 기분 좋게 마무리할 수 있었어요.,1,AI_v1,118,155,4,29.5,5.5901699437494745,57,26,8,8,2,6,0.45614035087719296,0.14035087719298245,0.14035087719298245,0.03508771929824561,0.10526315789473684,0.22033898305084745,0.05084745762711865,2,0,4,0,0,0,0.03389830508474576
2020년 귀속 연말정산 총정리,전문_정보,완화 -세액공제 대상 임차주택 요건 완화 [ 2020년 귀속 근로소득 연말정산 총정리 ] □ 올해에는 소득세액 공제신고서를 모두채움 제공하여 신고서 작성과정을 기존 4단계에서 1단계(또는 2단계)로... ,완화 세액공제 대상 임차주택 요건 완화 2020년 귀속 근로소득 연말정산 총정리 올해에는 소득세액 공제신고서를 모두채움 제공하여 신고서 작성과정을 기존 4단계에서 1단계 또는 2단계 로.,0,Human,81,104,1,81.0,0.0,45,26,2,0,1,5,0.5777777777777777,0.044444444444444446,0.0,0.022222222222222223,0.1111111111111111,0.32098765432098764,0.06172839506172839,0,0,1,0,0,0,0.012345679012345678
[강남역 맛집] 하이디라오... 골라먹는 재미! 강남 훠궈 맛집,맛집_리뷰,하이디라오... 골라먹는 사진 몇 장 남김. 조명 때문에 음식 색은 잘 나오는 편이었고 실제 맛도 크게 다르진 않았다. 테이블은 조금 좁아서 그건 아쉬웠음. 이런 곳도 있었네 싶었다. 엄청난 건 아니고 그냥 기록용. 가격은 막 싸진 않았고 위치는 찾기 쉬운 편.,하이디라오. 골라먹는 사진 몇 장 남김. 조명 때문에 음식 색은 잘 나오는 편이었고 실제 맛도 크게 다르진 않았다. 테이블은 조금 좁아서 그건 아쉬웠음. 이런 곳도 있었네 싶었다. 엄청난 건 아니고 그냥 기록용. 가격은 막 싸진 않았고 위치는 찾기 쉬운 편.,1,AI_v2,105,144,7,15.0,7.091242083423347,56,23,10,8,1,7,0.4107142857142857,0.17857142857142858,0.14285714285714285,0.017857142857142856,0.125,0.21904761904761905,0.06666666666666667,0,0,7,0,0,0,0.06666666666666667
"2020년 연말정산, 달라진 공제항목은?",전문_정보,연말정산 달라진은 별일 아닌 듯해도 막상 겪어보니 나름 의미가 있었어요. 작은 변화였지만 하루 분위기가 달라져서 기분 좋게 마무리했답니다. 짧게 들렀지만 생각보다 알차게 시간을 보냈어요. 사진으로 남겨두기에도 괜찮아서 기억에 오래 남을 것 같아요.,연말정산 달라진은 별일 아닌 듯해도 막상 겪어보니 나름 의미가 있었어요. 작은 변화였지만 하루 분위기가 달라져서 기분 좋게 마무리했답니다. 짧게 들렀지만 생각보다 알차게 시간을 보냈어요. 사진으로 남겨두기에도 괜찮아서 기억에 오래 남을 것 같아요.,1,AI_v1,107,138,4,26.75,3.766629793329841,49,18,10,8,1,8,0.3673469387755102,0.20408163265306123,0.16326530612244897,0.02040816326530612,0.16326530612244897,0.16822429906542055,0.07476635514018691,2,0,4,0,0,0,0.037383177570093455
2019년10월 EP.1[강남역 맛집 / 완백부대찌개 / 강남역 VR... ,맛집_리뷰,가볍게 2019년10월에서 식사했는데 분위기가 너무 시끄럽지 않아 편했어요. 대표 메뉴가 깔끔했고 가격도 크게 부담스럽지 않아서 한 번쯤 가볼 만했답니다. 짧게 들렀지만 생각보다 알차게 시간을 보냈어요. 개인적으로는 너무 과하지 않은 점이 마음에 들었어요.,가볍게 2019년10월에서 식사했는데 분위기가 너무 시끄럽지 않아 편했어요. 대표 메뉴가 깔끔했고 가격도 크게 부담스럽지 않아서 한 번쯤 가볼 만했답니다. 짧게 들렀지만 생각보다 알차게 시간을 보냈어요. 개인적으로는 너무 과하지 않은 점이 마음에 들었어요.,1,AI_v1,112,143,4,28.0,6.082762530298219,52,15,11,6,2,9,0.28846153846153844,0.21153846153846154,0.11538461538461539,0.038461538461538464,0.17307692307692307,0.13392857142857142,0.08035714285714286,2,0,4,0,0,0,0.03571428571428571
"강남역 맛집, 고소한 막국수와 제복쟁반 ' 청류벽 '",맛집_리뷰,"2019년 해가 바뀌면서 타부서로 인사이동이 있었던 윤님, 처음엔 타부서로 발령이 나서 너무 좋다고... 할겸, 강남역에 새로 오픈한 막국수 맛집 청류벽을 다녀와보았어요 ~ 강남역 5번출구에서 도보로 약... ",2019년 해가 바뀌면서 타부서로 인사이동이 있었던 윤님 처음엔 타부서로 발령이 나서 너무 좋다고. 할겸 강남역에 새로 오픈한 막국수 맛집 청류벽을 다녀와보았어요 ~ 강남역 5번출구에서 도보로 약.,0,Human,85,110,2,42.5,0.5,46,19,5,3,1,11,0.41304347826086957,0.10869565217391304,0.06521739130434782,0.021739130434782608,0.2391304347826087,0.2235294117647059,0.12941176470588237,0,0,2,0,0,1,0.03529411764705882
오랜만에 가본 강남역 / 강남역 맛집 &amp; 카페 / 3MK / 랑데자뷰,맛집_리뷰,3MK 네이버에서 강남역에 맛집이 어디있나 검색하다 발견했어요. 네이버페이로 예약해놓고 갔었어요.... ㅋㅋ 새해라고 오랜만에 연락했다가 만났는데 2019년 봄에 저희 집에서 떡볶이 해먹고 처음 만났어요. 그... ,3MK 네이버에서 강남역에 맛집이 어디있나 검색하다 발견했어요. 네이버페이로 예약해놓고 갔었어요. 새해라고 오랜만에 연락했다가 만났는데 2019년 봄에 저희 집에서 떡볶이 해먹고 처음 만났어요. 그.,0,Human,89,111,4,22.25,14.872373717735847,44,19,7,1,0,9,0.4318181818181818,0.1590909090909091,0.022727272727272728,0.0,0.20454545454545456,0.21348314606741572,0.10112359550561797,1,0,4,0,0,0,0.0449438202247191
굿즈메이커｜아이폰11 폰케이스 내돈내산 후기 ◡̈,상품_리뷰,아니고요 내돈내산 입니당 〰️ 아이폰11 퍼플에도 잘 어울릴까 고민했는데 나름 잘 어울려용 ㅋㅋㅋ 아이폰 퍼플 색상 자체가 그냥 이뻐버리는데 알록달록한 디자인의 케이스를 껴버리니 더더 이뻐졌음요 ෆ... ,아니고요 내돈내산 입니당 아이폰11 퍼플에도 잘 어울릴까 고민했는데 나름 잘 어울려용 아이폰 퍼플 색상 자체가 그냥 이뻐버리는데 알록달록한 디자인의 케이스를 껴버리니 더더 이뻐졌음요 .,0,Human,80,103,1,80.0,0.0,37,15,8,5,0,5,0.40540540540540543,0.21621621621621623,0.13513513513513514,0.0,0.13513513513513514,0.1875,0.0625,0,0,1,0,0,0,0.0125
★폰케이스★ 아이폰11뮤즈캔 vs 구스페리 / 내돈내산,상품_리뷰,남동생XR 케이스 사면서 구스페리 아이폰11 핑크샌드도 구입 구스페리랑 뮤즈캔케이스 둘이 굉장히... 후기 아이폰8 라벤더그레이 / 아이폰XR 핑크샌드 / 아이폰11 핑크샌드 (구스페리 가격:4900원) 구 머큐리 현... ,남동생XR 케이스 사면서 구스페리 아이폰11 핑크샌드도 구입 구스페리랑 뮤즈캔케이스 둘이 굉장히. 후기 아이폰8 라벤더그레이 아이폰XR 핑크샌드 아이폰11 핑크샌드 구스페리 가격 4900원 구 머큐리 현.,0,Human,91,114,2,45.5,1.5,46,30,0,1,0,4,0.6521739130434783,0.0,0.021739130434782608,0.0,0.08695652173913043,0.32967032967032966,0.04395604395604396,0,0,2,0,0,0,0.02197802197802198
2020년 연말정산 월세액 세액공제,전문_정보,연말정산을 하면서 생각보다 시간이 빨리 갔다. 중간중간 딴짓도 했지만 마무리는 했다. 그냥 소소한 기록으로 남김. 엄청난 건 아니고 그냥 기록용. 엄청난 건 아니고 그냥 기록용. 사람이 좀 있어서 조용한 느낌은 아니었음.,연말정산을 하면서 생각보다 시간이 빨리 갔다. 중간중간 딴짓도 했지만 마무리는 했다. 그냥 소소한 기록으로 남김. 엄청난 건 아니고 그냥 기록용. 엄청난 건 아니고 그냥 기록용. 사람이 좀 있어서 조용한 느낌은 아니었음.,1,AI_v2,93,123,6,15.5,2.9860788111948193,49,20,5,8,1,8,0.40816326530612246,0.10204081632653061,0.16326530612244897,0.02040816326530612,0.16326530612244897,0.21505376344086022,0.08602150537634409,0,0,6,0,0,0,0.06451612903225806
[연말정산 신용카드 공제] Ep.13 소득공제 환급 제대로 알기... ,전문_정보,"Ep.13 소득공제는 시작은 귀찮았는데 하다 보니 괜찮았다. 엄청 의미 있는 건 아니고, 그래도 하루가 조금 정리된 느낌. 시간 맞으면 한 번쯤 들를만함. 엄청난 건 아니고 그냥 기록용. 이런 곳도 있었네 싶었다. 다음에 비슷한 상황이면 다시 떠올릴 것 같긴 하다.",Ep.13 소득공제는 시작은 귀찮았는데 하다 보니 괜찮았다. 엄청 의미 있는 건 아니고 그래도 하루가 조금 정리된 느낌. 시간 맞으면 한 번쯤 들를만함. 엄청난 건 아니고 그냥 기록용. 이런 곳도 있었네 싶었다. 다음에 비슷한 상황이면 다시 떠올릴 것 같긴 하다.,1,AI_v2,109,147,7,15.571428571428571,7.208271892310208,56,21,9,10,2,4,0.375,0.16071428571428573,0.17857142857142858,0.03571428571428571,0.07142857142857142,0.1926605504587156,0.03669724770642202,0,0,7,0,0,0,0.06422018348623854
매월 31일 할로윈 피티 강남역 마녀주방,맛집_리뷰,"2019년에는 더 좋은 추억들만 생겼으면 좋겠습니다! 두덩이도 2019년엔 더 맛있고, 다양한 포스팅으로 찾아오겠습니다!! Happy New Year!! #강남역마녀주방 #강남맛집 #강남11번출구맛집 #강남마녀주방 #강남역맛집... ",2019년에는 더 좋은 추억들만 생겼으면 좋겠습니다! 두덩이도 2019년엔 더 맛있고 다양한 포스팅으로 찾아오겠습니다! Happy New Year!,0,Human,67,82,3,22.333333333333332,7.039570693980958,26,5,2,4,0,3,0.19230769230769232,0.07692307692307693,0.15384615384615385,0.0,0.11538461538461539,0.07462686567164178,0.04477611940298507,0,0,0,3,0,0,0.04477611940298507
[강남역 맛집/강남역 파스타] 미즈컨테이너 강남 이스트,맛집_리뷰,"1.0 방문일자 : 2019년 2월 13일 2.0 음식점 명 : 미즈컨테이너 강남 이스트 3.0 메뉴 : 이탈리아음식 14,200~ 3.1 베이컨 포테이토 팬치즈 15,300 3.2 샐러드 스파게티 15,500 3.3 풍기 알리오 에 올리오 19,000 4.0 개인 평가... ",1.0 방문일자 2019년 2월 13일 2.0 음식점 명 미즈컨테이너 강남 이스트 3.0 메뉴 이탈리아음식 14 200~ 3.1 베이컨 포테이토 팬치즈 15 300 3.2 샐러드 스파게티 15 500 3.3 풍기 알리오 에 올리오 19 000 4.0 개인 평가.,0,Human,110,146,8,13.75,5.782516753110189,43,21,0,0,0,1,0.4883720930232558,0.0,0.0,0.0,0.023255813953488372,0.19090909090909092,0.00909090909090909,0,0,8,0,0,1,0.08181818181818182
"[강남역 맛집] SHY BANA - 미국남부가정식, 주차 2시간 무료!!!",맛집_리뷰,SHY BANA는 가게 앞에서 잠깐 기다렸다. 메뉴는 금방 정했고 맛은 평범한데 묘하게 계속 먹게 됨. 다음에 지나가면 또 생각날 수도. 사람이 좀 있어서 조용한 느낌은 아니었음. 가격은 막 싸진 않았고 위치는 찾기 쉬운 편.,SHY BANA는 가게 앞에서 잠깐 기다렸다. 메뉴는 금방 정했고 맛은 평범한데 묘하게 계속 먹게 됨. 다음에 지나가면 또 생각날 수도. 사람이 좀 있어서 조용한 느낌은 아니었음. 가격은 막 싸진 않았고 위치는 찾기 쉬운 편.,1,AI_v2,93,126,5,18.6,2.939387691339814,50,20,10,5,0,8,0.4,0.2,0.1,0.0,0.16,0.21505376344086022,0.08602150537634409,0,0,5,0,0,0,0.053763440860215055
2019년 8월 16일 강남역 맛집 SPC스퀘어 그릭슈바인,맛집_리뷰,근처에서 밥 먹을 곳 찾다가 8월에 들렀어요. 맛이 자극적이지 않고 양도 적당해서 만족했답니다. 웨이팅만 조금 피하면 더 좋을 것 같아요. 다음에는 조금 더 여유 있게 다시 가보고 싶어요. 개인적으로는 너무 과하지 않은 점이 마음에 들었어요.,근처에서 밥 먹을 곳 찾다가 8월에 들렀어요. 맛이 자극적이지 않고 양도 적당해서 만족했답니다. 웨이팅만 조금 피하면 더 좋을 것 같아요. 다음에는 조금 더 여유 있게 다시 가보고 싶어요. 개인적으로는 너무 과하지 않은 점이 마음에 들었어요.,1,AI_v1,101,135,5,20.2,2.1354156504062622,53,20,9,5,1,9,0.37735849056603776,0.16981132075471697,0.09433962264150944,0.018867924528301886,0.16981132075471697,0.19801980198019803,0.0891089108910891,2,0,5,0,0,0,0.04950495049504951
"강남역 맛집 - 토끼정, 커리하우스빈103",맛집_리뷰,"이번에 강남역 토끼정 다녀왔는데 생각보다 분위기가 편해서 좋았어요. 음식도 깔끔하게 나와서 부담 없이 먹기 괜찮았고, 다음에 근처 가면 또 들러보고 싶더라고요. 사진으로 남겨두기에도 괜찮아서 기억에 오래 남을 것 같아요.",이번에 강남역 토끼정 다녀왔는데 생각보다 분위기가 편해서 좋았어요. 음식도 깔끔하게 나와서 부담 없이 먹기 괜찮았고 다음에 근처 가면 또 들러보고 싶더라고요. 사진으로 남겨두기에도 괜찮아서 기억에 오래 남을 것 같아요.,1,AI_v1,94,122,3,31.333333333333332,4.988876515698588,44,19,5,6,2,9,0.4318181818181818,0.11363636363636363,0.13636363636363635,0.045454545454545456,0.20454545454545456,0.20212765957446807,0.09574468085106383,2,0,3,0,0,0,0.031914893617021274
유나이티드 갤러리 2019년 6월 U매거진_다섯째주 전시_김세은... ,맛집_리뷰,유나이티드 갤러리 2019년 6월 U매거진_다섯째주 전시_김세은 개인전 #김세은 #김세은개인전... 김세은전시 #유나이티드갤러리 #유나이티드문화재단 #강남역갤러리 #강남갤러리 #강남역데이트 #강남역맛집,유나이티드 갤러리 2019년 6월 U매거진 다섯째주 전시 김세은 개인전 김세은전시,0,Human,36,45,1,36.0,0.0,14,7,3,0,0,0,0.5,0.21428571428571427,0.0,0.0,0.0,0.19444444444444445,0.0,0,0,0,0,0,0,0.0
내돈내산 아이폰12pro 실버 언박싱,상품_리뷰,안녕하세요 아이폰12pro #내돈내산 #아이폰 #아이폰12 #아이폰12pro #언박싱 #애플 #apple #iphone12pro... 그래서 그냥 11월 초에 공홈에서 주문을 마쳤어요. 그리고 20일만에 받았습니다. 역시 고민은... ,안녕하세요 아이폰12pro 그래서 그냥 11월 초에 공홈에서 주문을 마쳤어요. 그리고 20일만에 받았습니다. 역시 고민은.,0,Human,55,68,3,18.333333333333332,12.229290885229428,24,7,2,1,1,4,0.2916666666666667,0.08333333333333333,0.041666666666666664,0.041666666666666664,0.16666666666666666,0.12727272727272726,0.07272727272727272,0,0,3,0,0,0,0.05454545454545454
2020년 연말정산간소화 공제 자료 확인하기,전문_정보,"2020년 연말정산 시즌이 다가오면서 국세청 홈택스에 소득, 세액공제 자료가 오픈이 되었네요. 다 오픈된건 아니고 신용카드, 체크카드, 현금영수증 자료만 오픈이 되어있습니다. 한 번 보시고 올해 이렇게... ",2020년 연말정산 시즌이 다가오면서 국세청 홈택스에 소득 세액공제 자료가 오픈이 되었네요. 다 오픈된건 아니고 신용카드 체크카드 현금영수증 자료만 오픈이 되어있습니다. 한 번 보시고 올해 이렇게.,0,Human,86,110,3,28.666666666666668,12.81492185782739,37,18,5,1,2,7,0.4864864864864865,0.13513513513513514,0.02702702702702703,0.05405405405405406,0.1891891891891892,0.20930232558139536,0.08139534883720931,0,0,3,0,0,0,0.03488372093023256
아이폰11 구매 국민폰에서 구입한 내돈내산 솔직 후기,상품_리뷰,원래도 적용할 수 있는 부분이니까 대리점이나 구매하시는 곳에서 할부원금을 꼭 보고 사세요! 할부원금 /약정기간이 월 나가는 기기값입니다!!) 이상 내돈내산 아이폰 11구매 후기였습니다 감사합니다^^,원래도 적용할 수 있는 부분이니까 대리점이나 구매하시는 곳에서 할부원금을 꼭 보고 사세요! 할부원금 약정기간이 월 나가는 기기값입니다! 이상 내돈내산 아이폰 11구매 후기였습니다 감사합니다,0,Human,83,105,3,27.666666666666668,8.04155872120988,45,22,6,2,0,6,0.4888888888888889,0.13333333333333333,0.044444444444444446,0.0,0.13333333333333333,0.26506024096385544,0.07228915662650602,0,0,0,2,0,0,0.024096385542168676
2019년 4월의 일상_늦게 쓰는 4월 일기,맛집_리뷰,4월의는 기대 많이 안 하고 갔는데 딱 그 정도였다. 음식은 무난했고 직원 응대도 평범. 근처에 있으면 다시 갈 수도 있음. 급하게 정한 일정치고는 나쁘지 않았다. 이런 곳도 있었네 싶었다. 딱히 특별하진 않은데 기억은 남는 편이다.,4월의는 기대 많이 안 하고 갔는데 딱 그 정도였다. 음식은 무난했고 직원 응대도 평범. 근처에 있으면 다시 갈 수도 있음. 급하게 정한 일정치고는 나쁘지 않았다. 이런 곳도 있었네 싶었다. 딱히 특별하진 않은데 기억은 남는 편이다.,1,AI_v2,96,130,6,16.0,3.1622776601683795,51,17,9,8,2,7,0.3333333333333333,0.17647058823529413,0.1568627450980392,0.0392156862745098,0.13725490196078433,0.17708333333333334,0.07291666666666667,0,0,6,0,0,0,0.0625
"2020년 출산휴가, 육아휴직급여 연말정산 모든것(feat.... ",전문_정보,출산휴가 육아휴직급여 기록. 특별한 건 없고 그냥 그런 하루였다. 그래도 남겨두면 나중에 다시 볼 때 생각날 것 같음. 시간 맞으면 한 번쯤 들를만함. 엄청난 건 아니고 그냥 기록용. 시간 맞으면 한 번쯤 들를만함. 큰 기대 없이 보면 무난하게 참고할 만한 내용이다.,출산휴가 육아휴직급여 기록. 특별한 건 없고 그냥 그런 하루였다. 그래도 남겨두면 나중에 다시 볼 때 생각날 것 같음. 시간 맞으면 한 번쯤 들를만함. 엄청난 건 아니고 그냥 기록용. 시간 맞으면 한 번쯤 들를만함. 큰 기대 없이 보면 무난하게 참고할 만한 내용이다.,1,AI_v2,109,149,7,15.571428571428571,3.499271061118826,61,27,14,6,2,3,0.4426229508196721,0.22950819672131148,0.09836065573770492,0.03278688524590164,0.04918032786885246,0.24770642201834864,0.027522935779816515,0,0,7,0,0,0,0.06422018348623854
"2020년 연말정산 필요서류, 세액 공제 대상은?",전문_정보,연말정산 필요서류는 별일 아닌 듯해도 막상 겪어보니 나름 의미가 있었어요. 작은 변화였지만 하루 분위기가 달라져서 기분 좋게 마무리했답니다. 처음 가보는 분들도 크게 부담 없이 즐길 수 있을 것 같아요. 사진으로 남겨두기에도 괜찮아서 기억에 오래 남을 것 같아요. 전체적으로 무난하면서도 기분 좋게 마무리할 수 있었어요.,연말정산 필요서류는 별일 아닌 듯해도 막상 겪어보니 나름 의미가 있었어요. 작은 변화였지만 하루 분위기가 달라져서 기분 좋게 마무리했답니다. 처음 가보는 분들도 크게 부담 없이 즐길 수 있을 것 같아요. 사진으로 남겨두기에도 괜찮아서 기억에 오래 남을 것 같아요. 전체적으로 무난하면서도 기분 좋게 마무리할 수 있었어요.,1,AI_v1,136,179,5,27.2,2.9257477676655586,68,29,11,10,2,9,0.4264705882352941,0.16176470588235295,0.14705882352941177,0.029411764705882353,0.1323529411764706,0.21323529411764705,0.0661764705882353,3,0,5,0,0,0,0.03676470588235294
강남역 맛집 이딸라시안 여길 왜 이제갔지!?,맛집_리뷰,"이딸라시안 먹고 옴. 사람 많고 조금 정신없었지만 음식은 괜찮았다. 가격은 보통, 위치는 편한 편이라 약속 전후로 들르기 좋음. 사람이 좀 있어서 조용한 느낌은 아니었음. 사진은 몇 장 찍었는데 정리는 나중에 해야겠다.",이딸라시안 먹고 옴. 사람 많고 조금 정신없었지만 음식은 괜찮았다. 가격은 보통 위치는 편한 편이라 약속 전후로 들르기 좋음. 사람이 좀 있어서 조용한 느낌은 아니었음. 사진은 몇 장 찍었는데 정리는 나중에 해야겠다.,1,AI_v2,91,121,5,18.2,4.995998398718719,49,21,4,8,0,10,0.42857142857142855,0.08163265306122448,0.16326530612244897,0.0,0.20408163265306123,0.23076923076923078,0.10989010989010989,0,0,5,0,0,0,0.054945054945054944
2020년 연말정산 13월의 월급... 소득공제가 달라졌습니다.,전문_정보,2020년 11월도 오늘로 마무리 되고 마지막 12월만 남겨두고 있네요. 코로나 때문에 더더욱 정신없이... 신용카드공제내역 변경사항에 대해 알려드렸어요 연말정산에 대해 모든 정책이 확실히 확정되면 더... ,2020년 11월도 오늘로 마무리 되고 마지막 12월만 남겨두고 있네요. 코로나 때문에 더더욱 정신없이. 신용카드공제내역 변경사항에 대해 알려드렸어요 연말정산에 대해 모든 정책이 확실히 확정되면 더.,0,Human,88,111,3,29.333333333333332,11.585431464655178,43,18,6,2,1,5,0.4186046511627907,0.13953488372093023,0.046511627906976744,0.023255813953488372,0.11627906976744186,0.20454545454545456,0.056818181818181816,0,0,3,0,0,0,0.03409090909090909
"모모케이스 아이폰11 케이스 구매후기(광고X, 내돈내산)",상품_리뷰,"저는 올초에 한국 들어와서부터 계속 이 사이트만 애용하는데요, 저렴하기도 하고 아기자기하면서 귀여워요ㅋㅋㅋㅋㅋ 왼쪽 두개는 갤럭시S20기종이고, 오른쪽 세개는 아이폰11 기종입니다. 짜잔! 이 세개가... ",저는 올초에 한국 들어와서부터 계속 이 사이트만 애용하는데요 저렴하기도 하고 아기자기하면서 귀여워요 왼쪽 두개는 갤럭시S20기종이고 오른쪽 세개는 아이폰11 기종입니다. 짜잔! 이 세개가.,0,Human,84,105,3,28.0,33.95094500402996,45,18,4,4,0,7,0.4,0.08888888888888889,0.08888888888888889,0.0,0.15555555555555556,0.21428571428571427,0.08333333333333333,0,0,2,1,0,0,0.03571428571428571
"[강남역 맛집] SHY BANA - 미국남부가정식, 주차 2시간 무료!!!",맛집_리뷰,#강남데이트 #강남역데이트 #강남맛집 #강남역맛집 #역근처 #미국남부가정식 #데이트 #샤이바나 #SHYBANA 2019년 6월 22일 (토) 오빠 병원갈 일 있어서 온 강남역. 먹고 싶은거 있었는데 열지도 않고 낙담하고... ,2019년 6월 22일 토 오빠 병원갈 일 있어서 온 강남역. 먹고 싶은거 있었는데 열지도 않고 낙담하고.,0,Human,44,59,2,22.0,3.0,20,7,4,3,0,0,0.35,0.2,0.15,0.0,0.0,0.1590909090909091,0.0,0,0,2,0,0,0,0.045454545454545456
2020년 연말정산 미리보기,전문_정보,연말이 다가오니 2020년 연말정산 세액공제 항목에 대해서 알아보도록 하겠습니다. 국세청... 연말정산이란? 급여소득에서 원천징수한 세액의 과부족분을 연말에 정산하는 것을 말합니다. 근로소득자의... ,연말이 다가오니 2020년 연말정산 세액공제 항목에 대해서 알아보도록 하겠습니다. 국세청. 연말정산이란? 급여소득에서 원천징수한 세액의 과부족분을 연말에 정산하는 것을 말합니다. 근로소득자의.,0,Human,88,107,5,17.6,14.305243793798132,45,19,5,0,0,11,0.4222222222222222,0.1111111111111111,0.0,0.0,0.24444444444444444,0.2159090909090909,0.125,0,0,4,0,1,0,0.056818181818181816
2019년 첫 일상사진 모음,맛집_리뷰,이제 구정 연휴도 끝나구 정식으로 2019년이 되었어요! :) 일단 저는 뉴욕에 잘 다녀온 상태이구요.... ㅠ) #강남역맛집 #먼데이블루스 #콜키지프리 #강남역와인바 주차도 가능합니다!!! 샐러드 종류가 이거 하나라... ,이제 구정 연휴도 끝나구 정식으로 2019년이 되었어요! 일단 저는 뉴욕에 잘 다녀온 상태이구요. 주차도 가능합니다! 샐러드 종류가 이거 하나라.,0,Human,63,81,4,15.75,6.057020719792859,33,14,4,1,0,7,0.42424242424242425,0.12121212121212122,0.030303030303030304,0.0,0.21212121212121213,0.2222222222222222,0.1111111111111111,0,0,2,2,0,0,0.06349206349206349
[오사카 일상] 아이폰12프로... ~ (feat.아이폰11 중고팔기),상품_리뷰,아이폰12프로...는 사용법이 어렵진 않았다. 마감은 보통이고 기능은 필요한 만큼만 있는 느낌. 오래 써봐야 알겠지만 첫인상은 나쁘지 않음. 급하게 정한 일정치고는 나쁘지 않았다. 엄청난 건 아니고 그냥 기록용.,아이폰12프로.는 사용법이 어렵진 않았다. 마감은 보통이고 기능은 필요한 만큼만 있는 느낌. 오래 써봐야 알겠지만 첫인상은 나쁘지 않음. 급하게 정한 일정치고는 나쁘지 않았다. 엄청난 건 아니고 그냥 기록용.,1,AI_v2,90,116,6,15.0,4.43471156521669,46,14,7,8,1,8,0.30434782608695654,0.15217391304347827,0.17391304347826086,0.021739130434782608,0.17391304347826086,0.15555555555555556,0.08888888888888889,0,0,6,0,0,0,0.06666666666666667
퇴근 후 데이트,맛집_리뷰,"상담소서 2019년 토정비결도 보고, 10분에 1만원하는 어깨마사지도 받아보고, 화분과 꽃구경도하고, 그렇게 하루는 고투몰서 저녁 데이트를 하고 또 하루는 불금을 맞아 강남역 맛집거리를 헤매다가... ",상담소서 2019년 토정비결도 보고 10분에 1만원하는 어깨마사지도 받아보고 화분과 꽃구경도하고 그렇게 하루는 고투몰서 저녁 데이트를 하고 또 하루는 불금을 맞아 강남역 맛집거리를 헤매다가.,0,Human,84,106,1,84.0,0.0,42,20,5,0,1,9,0.47619047619047616,0.11904761904761904,0.0,0.023809523809523808,0.21428571428571427,0.23809523809523808,0.10714285714285714,0,0,1,0,0,0,0.011904761904761904
신분당선 강남역 맛집 / 참치공방 - 참치회 무난한 스끼다시와... ,맛집_리뷰,신분당선 강남역 맛집 / 참치공방 - 참치회 다양한 스끼다시와 함께 즐기는 무한리필 참치횟집... 듯 2019년 4월 기준 / 신분당선 강남역 참치공방 메뉴와 가격 심플한 메뉴 나오는 부위에 따라서 금액의 차이가... ,신분당선 강남역 맛집 참치공방 참치회 다양한 스끼다시와 함께 즐기는 무한리필 참치횟집. 듯 2019년 4월 기준 신분당선 강남역 참치공방 메뉴와 가격 심플한 메뉴 나오는 부위에 따라서 금액의 차이가.,0,Human,85,111,2,42.5,4.5,40,24,2,1,1,6,0.6,0.05,0.025,0.025,0.15,0.2823529411764706,0.07058823529411765,0,0,2,0,0,0,0.023529411764705882
[2020 연말정산]월세 세액공제 vs 월세 현금영수증 소득공제... ,전문_정보,무주택이어야 공제 가능합니다. 연도 중에 월세에 살다가 주택매매를 해서 연말기준으로 주택... 지나간 월세는 경정청구를 신청하자 연말정산에서 공제 받을 수 있는건 2021년 초라면 2020년 1월1일부터... ,무주택이어야 공제 가능합니다. 연도 중에 월세에 살다가 주택매매를 해서 연말기준으로 주택. 지나간 월세는 경정청구를 신청하자 연말정산에서 공제 받을 수 있는건 2021년 초라면 2020년 1월1일부터.,0,Human,89,112,3,29.666666666666668,14.522013940527977,43,20,6,2,0,7,0.46511627906976744,0.13953488372093023,0.046511627906976744,0.0,0.16279069767441862,0.2247191011235955,0.07865168539325842,0,0,3,0,0,0,0.033707865168539325
[강남역 맛집] 한식 &quot;노랑저고리&quot;,맛집_리뷰,"장소는 강남역이지만 결국 우리에게 제일 편한 건 한식이란 소리~ ^^. 점심 한상(15,000원)을 주문하면... 우리에게 이런 넉넉한 상을 금세 차려내줄까, 돈을 주고 사 먹는 것이지만 그래도 고마운 일이다. 2019년 6월",장소는 강남역이지만 결국 우리에게 제일 편한 건 한식이란 소리~ . 점심 한상 15 000원 을 주문하면. 우리에게 이런 넉넉한 상을 금세 차려내줄까 돈을 주고 사 먹는 것이지만 그래도 고마운 일이다. 2019년 6월,0,Human,90,121,4,22.5,11.776565713313877,46,17,4,4,2,10,0.3695652173913043,0.08695652173913043,0.08695652173913043,0.043478260869565216,0.21739130434782608,0.18888888888888888,0.1111111111111111,0,0,3,0,0,1,0.044444444444444446
"몰아쓰는 2019년 5,6월의 이야기",맛집_리뷰,#강남맛집 #강남역맛집 #롤링파스타 #롤링파스타메뉴 #롤링파스타강남 저랑 룸메 별양은 저 밥을 먹고 코노에 갔다가 잇더서울을 한다는 코엑스로 갔어요! +다른 친구 합류 잇더서울 대창덮밥과 무슨무슨새우... ,저랑 룸메 별양은 저 밥을 먹고 코노에 갔다가 잇더서울을 한다는 코엑스로 갔어요! 다른 친구 합류 잇더서울 대창덮밥과 무슨무슨새우.,0,Human,56,73,2,28.0,6.0,32,15,6,0,0,6,0.46875,0.1875,0.0,0.0,0.1875,0.26785714285714285,0.10714285714285714,0,0,1,1,0,0,0.03571428571428571
2020년 연말정산 현금영수증한도 신용카드공제  상향... ,전문_정보,연말에 다시 정확한 소득세를 계산하여 차이 나는 금액을 정산 해서 덜 낸 금액은 추징하고 더 낸 세금은 환급해 주는 것을 연말 정산이라고 합니다. 2020년 연말정산 세부 일정 알아보기 소득공제율 총... ,연말에 다시 정확한 소득세를 계산하여 차이 나는 금액을 정산 해서 덜 낸 금액은 추징하고 더 낸 세금은 환급해 주는 것을 연말 정산이라고 합니다. 2020년 연말정산 세부 일정 알아보기 소득공제율 총.,0,Human,83,112,2,41.5,17.5,44,23,8,1,0,9,0.5227272727272727,0.18181818181818182,0.022727272727272728,0.0,0.20454545454545456,0.27710843373493976,0.10843373493975904,0,0,2,0,0,0,0.024096385542168676
"연금펀드, 연금ETF로 연말정산 소득공제 받기(Ft. 키움증권)",전문_정보,"이벤트 기간 2020년 11월 16일 ~2020년 12월 31일 아마 20년 귀속 연말정산 때문에 연말정산 소득공제를 노리고 연금펀드에 가입하시려는 분들이 많으실텐데, 이번에 키움증권에서 이벤트를 하고 있으니... ",이벤트 기간 2020년 11월 16일 ~2020년 12월 31일 아마 20년 귀속 연말정산 때문에 연말정산 소득공제를 노리고 연금펀드에 가입하시려는 분들이 많으실텐데 이번에 키움증권에서 이벤트를 하고 있으니.,0,Human,92,116,1,92.0,0.0,39,16,3,2,0,8,0.41025641025641024,0.07692307692307693,0.05128205128205128,0.0,0.20512820512820512,0.17391304347826086,0.08695652173913043,0,0,1,0,0,1,0.021739130434782608
"내돈내산 , 부산 초량 ㅂㄱㅂㄷㅅ 근처 성지에서 아이폰 11... ",상품_리뷰,내돈내산을 가볍게 다녀왔다. 사람이 적진 않았지만 이동 동선은 복잡하지 않았다. 하루 코스로 잡으면 크게 무리 없는 편. 급하게 정한 일정치고는 나쁘지 않았다. 기대치를 낮추고 가면 무난한 정도. 급하게 정한 일정치고는 나쁘지 않았다.,내돈내산을 가볍게 다녀왔다. 사람이 적진 않았지만 이동 동선은 복잡하지 않았다. 하루 코스로 잡으면 크게 무리 없는 편. 급하게 정한 일정치고는 나쁘지 않았다. 기대치를 낮추고 가면 무난한 정도. 급하게 정한 일정치고는 나쁘지 않았다.,1,AI_v2,100,131,6,16.666666666666668,2.748737083745107,52,19,7,7,0,10,0.36538461538461536,0.1346153846153846,0.1346153846153846,0.0,0.19230769230769232,0.19,0.1,0,0,6,0,0,0,0.06
2020년 연말정산 변경된 혜택 준비하기!,전문_정보,연말정산 변경된 때문에 하루가 조금 정신없었다. 막 큰일은 아닌데 은근 신경 쓰임. 그래도 지나고 나니 별거 아니긴 하다. 사진은 몇 장 찍었는데 정리는 나중에 해야겠다. 엄청난 건 아니고 그냥 기록용. 딱히 특별하진 않은데 기억은 남는 편이다.,연말정산 변경된 때문에 하루가 조금 정신없었다. 막 큰일은 아닌데 은근 신경 쓰임. 그래도 지나고 나니 별거 아니긴 하다. 사진은 몇 장 찍었는데 정리는 나중에 해야겠다. 엄청난 건 아니고 그냥 기록용. 딱히 특별하진 않은데 기억은 남는 편이다.,1,AI_v2,102,137,6,17.0,2.943920288775949,53,23,8,7,1,8,0.4339622641509434,0.1509433962264151,0.1320754716981132,0.018867924528301886,0.1509433962264151,0.22549019607843138,0.0784313725490196,0,0,6,0,0,0,0.058823529411764705
20191110_강남_하루하루(#강남역맛집),맛집_리뷰,오랜만에 20191110_강남_하루하루에서 식사했는데 분위기가 너무 시끄럽지 않아 편했어요. 대표 메뉴가 깔끔했고 가격도 크게 부담스럽지 않아서 한 번쯤 가볼 만했답니다. 짧게 들렀지만 생각보다 알차게 시간을 보냈어요.,오랜만에 20191110 강남 하루하루에서 식사했는데 분위기가 너무 시끄럽지 않아 편했어요. 대표 메뉴가 깔끔했고 가격도 크게 부담스럽지 않아서 한 번쯤 가볼 만했답니다. 짧게 들렀지만 생각보다 알차게 시간을 보냈어요.,1,AI_v1,96,122,3,32.0,8.602325267042627,42,14,8,5,1,8,0.3333333333333333,0.19047619047619047,0.11904761904761904,0.023809523809523808,0.19047619047619047,0.14583333333333334,0.08333333333333333,2,0,3,0,0,0,0.03125
"아이폰 11 프로 연속촬영(연사찍기), 동영상",상품_리뷰,아이폰은 처음엔 애매했는데 쓰다 보니 괜찮은 쪽으로 기울었다. 다만 설명이 조금 부족해서 처음 세팅할 때는 헤맸음. 엄청난 건 아니고 그냥 기록용. 엄청난 건 아니고 그냥 기록용. 시간 맞으면 한 번쯤 들를만함. 엄청 자세한 후기는 아니고 그냥 그때 느낌 위주.,아이폰은 처음엔 애매했는데 쓰다 보니 괜찮은 쪽으로 기울었다. 다만 설명이 조금 부족해서 처음 세팅할 때는 헤맸음. 엄청난 건 아니고 그냥 기록용. 엄청난 건 아니고 그냥 기록용. 시간 맞으면 한 번쯤 들를만함. 엄청 자세한 후기는 아니고 그냥 그때 느낌 위주.,1,AI_v2,108,146,6,18.0,5.41602560309064,55,25,7,9,1,6,0.45454545454545453,0.12727272727272726,0.16363636363636364,0.01818181818181818,0.10909090909090909,0.23148148148148148,0.05555555555555555,0,0,6,0,0,0,0.05555555555555555
2020년 연말정산 개정세법 핵심요약 및 절세전략,전문_정보,오늘은 근로소득이 있으신 근로자분들에 포커스를 맞추어 2020년 연말정산 관련 소득세법 개정 내용을... 주요 연말정산 개정세법 1. ’20.3~7월 사용분 신용카드 등 소득공제율 인상 → 3월~7월 사용액에 대한... ,오늘은 근로소득이 있으신 근로자분들에 포커스를 맞추어 2020년 연말정산 관련 소득세법 개정 내용을. 주요 연말정산 개정세법 1. 20.3~7월 사용분 신용카드 등 소득공제율 인상 3월~7월 사용액에 대한.,0,Human,91,115,4,22.75,16.345871038277526,45,23,1,1,0,6,0.5111111111111111,0.022222222222222223,0.022222222222222223,0.0,0.13333333333333333,0.25274725274725274,0.06593406593406594,0,0,4,0,0,2,0.06593406593406594
20191110_강남_하루하루(#강남역맛집),맛집_리뷰,1110_강남_하루하루 사진 몇 장 남김. 조명 때문에 음식 색은 잘 나오는 편이었고 실제 맛도 크게 다르진 않았다. 테이블은 조금 좁아서 그건 아쉬웠음. 다음엔 다른 메뉴도 봐야 할 듯. 사람이 좀 있어서 조용한 느낌은 아니었음.,1110 강남 하루하루 사진 몇 장 남김. 조명 때문에 음식 색은 잘 나오는 편이었고 실제 맛도 크게 다르진 않았다. 테이블은 조금 좁아서 그건 아쉬웠음. 다음엔 다른 메뉴도 봐야 할 듯. 사람이 좀 있어서 조용한 느낌은 아니었음.,1,AI_v2,94,129,5,18.8,5.844655678480984,49,21,7,6,1,8,0.42857142857142855,0.14285714285714285,0.12244897959183673,0.02040816326530612,0.16326530612244897,0.22340425531914893,0.0851063829787234,0,0,5,0,0,0,0.05319148936170213
내돈내산 / 마그제트 3초삼각대 아이폰11프로 블루투스 셀카봉... ,상품_리뷰,#네이버쇼핑 #내돈내산 광고다 광고다 하면서 기대를 하지 않았는데 사용하면서 너어어무 좋아서... #마그제트 #마그제트삼각대 #3초삼각대 #블루투스삼각대 #블루투스 #핸드폰삼각대 #아이폰삼각대 #셀카봉... ,광고다 광고다 하면서 기대를 하지 않았는데 사용하면서 너어어무 좋아서.,0,Human,31,39,1,31.0,0.0,16,6,4,1,0,3,0.375,0.25,0.0625,0.0,0.1875,0.1935483870967742,0.0967741935483871,0,0,1,0,0,0,0.03225806451612903
"되는 2020년 연말정산 꿀팁 A to Z, 새로운 공제 항목... ",전문_정보,되는 기록. 특별한 건 없고 그냥 그런 하루였다. 그래도 남겨두면 나중에 다시 볼 때 생각날 것 같음. 엄청난 건 아니고 그냥 기록용. 사람이 좀 있어서 조용한 느낌은 아니었음. 딱히 특별하진 않은데 기억은 남는 편이다.,되는 기록. 특별한 건 없고 그냥 그런 하루였다. 그래도 남겨두면 나중에 다시 볼 때 생각날 것 같음. 엄청난 건 아니고 그냥 기록용. 사람이 좀 있어서 조용한 느낌은 아니었음. 딱히 특별하진 않은데 기억은 남는 편이다.,1,AI_v2,90,123,6,15.0,5.131601439446884,48,18,7,11,1,5,0.375,0.14583333333333334,0.22916666666666666,0.020833333333333332,0.10416666666666667,0.2,0.05555555555555555,0,0,6,0,0,0,0.06666666666666667
[내돈내산] 아이폰11프로 파워서포트 에어자켓 &amp; 안티글레어... ,상품_리뷰,내돈내산 사용해보니 처음 기대했던 것보다 만족도가 괜찮았어요. 큰 단점은 없었고 일상에서 쓰기 편해서 당분간 계속 써볼 생각입니다. 처음 가보는 분들도 크게 부담 없이 즐길 수 있을 것 같아요. 개인적으로는 너무 과하지 않은 점이 마음에 들었어요.,내돈내산 사용해보니 처음 기대했던 것보다 만족도가 괜찮았어요. 큰 단점은 없었고 일상에서 쓰기 편해서 당분간 계속 써볼 생각입니다. 처음 가보는 분들도 크게 부담 없이 즐길 수 있을 것 같아요. 개인적으로는 너무 과하지 않은 점이 마음에 들었어요.,1,AI_v1,104,138,4,26.0,2.5495097567963922,56,23,8,7,2,8,0.4107142857142857,0.14285714285714285,0.125,0.03571428571428571,0.14285714285714285,0.22115384615384615,0.07692307692307693,1,0,4,0,0,0,0.038461538461538464
쿠팡 아이폰 11 Pro Max 애플... 49% 할인값에 득템 내돈내산,상품_리뷰,"쿠팡 써봄. 기대만큼은 아니지만 못 쓸 정도도 아님. 간단하게 쓰기엔 괜찮고, 오래 쓰면 평가가 조금 달라질 수도. 사진은 몇 장 찍었는데 정리는 나중에 해야겠다. 이런 곳도 있었네 싶었다. 급하게 정한 일정치고는 나쁘지 않았다.",쿠팡 써봄. 기대만큼은 아니지만 못 쓸 정도도 아님. 간단하게 쓰기엔 괜찮고 오래 쓰면 평가가 조금 달라질 수도. 사진은 몇 장 찍었는데 정리는 나중에 해야겠다. 이런 곳도 있었네 싶었다. 급하게 정한 일정치고는 나쁘지 않았다.,1,AI_v2,95,127,6,15.833333333333334,6.3879226322456,49,17,8,8,1,9,0.3469387755102041,0.16326530612244897,0.16326530612244897,0.02040816326530612,0.1836734693877551,0.17894736842105263,0.09473684210526316,0,0,6,0,0,0,0.06315789473684211
[애플] 아이폰11 퍼플 128GB 같이 언박싱해요! 내돈내산 후기,상품_리뷰,"아무튼 100% 내돈내산 후기입니다. 얼른 보시죠! 구매한 아이폰과 사은품들입니다. 먼저, 저는 언박싱도 언박싱이지만 제품후기는 너무 많아서 SKT 올라인 공식몰인 다이렉트샵과 SKT 대리점을 비교해서... ",아무튼 100 내돈내산 후기입니다. 얼른 보시죠! 구매한 아이폰과 사은품들입니다. 먼저 저는 언박싱도 언박싱이지만 제품후기는 너무 많아서 SKT 올라인 공식몰인 다이렉트샵과 SKT 대리점을 비교해서.,0,Human,89,111,4,22.25,17.612140698961042,47,20,3,2,2,9,0.425531914893617,0.06382978723404255,0.0425531914893617,0.0425531914893617,0.19148936170212766,0.2247191011235955,0.10112359550561797,0,0,3,1,0,0,0.0449438202247191
2019년 8월 16일 강남역 맛집 SPC스퀘어 그릭슈바인,맛집_리뷰,점심 먹으러 SPC스퀘어에 또 왔다 같은 2층인데 지난번에 왔던 라뜰리에 건너편 그땐 몰랐는데 여긴 SPC의 푸드코트인 느낌 주문은 같이 할 수 있다 그릭슈바인 런치 Open~4pm 여긴 독일 음식 식전빵은 안줬다... ,점심 먹으러 SPC스퀘어에 또 왔다 같은 2층인데 지난번에 왔던 라뜰리에 건너편 그땐 몰랐는데 여긴 SPC의 푸드코트인 느낌 주문은 같이 할 수 있다 그릭슈바인 런치 Open~4pm 여긴 독일 음식 식전빵은 안줬다.,0,Human,91,120,1,91.0,0.0,49,20,8,2,1,9,0.40816326530612246,0.16326530612244897,0.04081632653061224,0.02040816326530612,0.1836734693877551,0.21978021978021978,0.0989010989010989,0,0,1,0,0,1,0.02197802197802198
[내돈내산]  위글위글 아이폰 11 퍼플 케이스 &amp; 그립톡 세트,상품_리뷰,보라처돌이는 아이폰 11 출시 소식을 듣고 눈이 까뒤집어졌지만 이내 케이스 선택에 어려움을 겪게 된다. 일단 기본 클리어케이스는 처음 3개월 쓰고 질렸다 그래서 디자인케이스를 찾아보기 시작했는데... ,보라처돌이는 아이폰 11 출시 소식을 듣고 눈이 까뒤집어졌지만 이내 케이스 선택에 어려움을 겪게 된다. 일단 기본 클리어케이스는 처음 3개월 쓰고 질렸다 그래서 디자인케이스를 찾아보기 시작했는데.,0,Human,85,109,2,42.5,1.5,41,20,9,0,1,7,0.4878048780487805,0.21951219512195122,0.0,0.024390243902439025,0.17073170731707318,0.23529411764705882,0.08235294117647059,0,0,2,0,0,0,0.023529411764705882
강남역 맛집- 쉑쉑버거 Shake Shack  아주 리얼후기,맛집_리뷰,친구가 가보자 해서 맛집- 들렀는데 사람 많더라. 그래도 음식은 금방 나왔고 맛도 나쁘지 않았음. 막 감탄까진 아니고 배부르게 먹고 나왔다. 시간 맞으면 한 번쯤 들를만함. 이런 곳도 있었네 싶었다. 엄청난 건 아니고 그냥 기록용.,친구가 가보자 해서 맛집 들렀는데 사람 많더라. 그래도 음식은 금방 나왔고 맛도 나쁘지 않았음. 막 감탄까진 아니고 배부르게 먹고 나왔다. 시간 맞으면 한 번쯤 들를만함. 이런 곳도 있었네 싶었다. 엄청난 건 아니고 그냥 기록용.,1,AI_v2,95,128,6,15.833333333333334,3.6247605284885913,47,16,11,8,1,4,0.3404255319148936,0.23404255319148937,0.1702127659574468,0.02127659574468085,0.0851063829787234,0.16842105263157894,0.042105263157894736,0,0,6,0,0,0,0.06315789473684211
[직장 정보] 2020년 연말정산! 달라진 공제 항목은?,전문_정보,"2020년 연말정산 신용카드 소득공제에는 박물관, 미술관 입장료 항목이 추가됐어요. 총 급여 7,000만 원 이하인 근로자를 대상으로 올해 7월 1일 이후, 박물관, 미술관 입장료를 신용카드로 결제한 경우 30... ",2020년 연말정산 신용카드 소득공제에는 박물관 미술관 입장료 항목이 추가됐어요. 총 급여 7 000만 원 이하인 근로자를 대상으로 올해 7월 1일 이후 박물관 미술관 입장료를 신용카드로 결제한 경우 30.,0,Human,88,115,2,44.0,7.0,39,22,1,0,0,8,0.5641025641025641,0.02564102564102564,0.0,0.0,0.20512820512820512,0.25,0.09090909090909091,0,0,2,0,0,0,0.022727272727272728
[먹잼](강남역 맛집)언제나 맛있는 바비레드에서 배부른 한 끼... ,맛집_리뷰,언제나 이름은 몇 번 봤는데 이제야 가봄. 양은 생각보다 괜찮고 맛은 익숙한 쪽. 웨이팅 길면 굳이 기다릴 정도는 아닌 듯. 엄청난 건 아니고 그냥 기록용. 사진은 몇 장 찍었는데 정리는 나중에 해야겠다. 딱히 특별하진 않은데 기억은 남는 편이다.,언제나 이름은 몇 번 봤는데 이제야 가봄. 양은 생각보다 괜찮고 맛은 익숙한 쪽. 웨이팅 길면 굳이 기다릴 정도는 아닌 듯. 엄청난 건 아니고 그냥 기록용. 사진은 몇 장 찍었는데 정리는 나중에 해야겠다. 딱히 특별하진 않은데 기억은 남는 편이다.,1,AI_v2,101,138,6,16.833333333333332,2.1147629234082532,55,24,7,8,1,9,0.43636363636363634,0.12727272727272726,0.14545454545454545,0.01818181818181818,0.16363636363636364,0.2376237623762376,0.0891089108910891,0,0,6,0,0,0,0.0594059405940594
[내돈내산] TRK 아이폰11 프로 후면 카메라 풀커버 강화유리,상품_리뷰,"3년 8개월 사용한 아이폰7 통화 불량으로 인하여 떠나보내고 새로 구입한 아이폰 11프로 휴대폰 구입 후기는 다음에 올려야지 &gt;,&lt; 무튼 예전에 사용하던 아이폰 7 카메라 렌즈에 금이 가서.... ",3년 8개월 사용한 아이폰7 통화 불량으로 인하여 떠나보내고 새로 구입한 아이폰 11프로 휴대폰 구입 후기는 다음에 올려야지 무튼 예전에 사용하던 아이폰 7 카메라 렌즈에 금이 가서.,0,Human,77,102,1,77.0,0.0,41,19,6,2,0,8,0.4634146341463415,0.14634146341463414,0.04878048780487805,0.0,0.1951219512195122,0.24675324675324675,0.1038961038961039,0,0,1,0,0,0,0.012987012987012988
슈피겐 아이폰11 강화유리 액정보호필름 내돈내산 후기,상품_리뷰,본격적으로 내돈내산 (내 돈 주고 내가 산!) 슈피겐 아이폰11 강화유리 액정보호필름 후기를 시작합니다~ 얼마 전 새로 산 아이폰11과 슈피겐 아이폰11 강화유리 액정보호필름의 모습이에요. 하나의 상자 안에... ,본격적으로 내돈내산 내 돈 주고 내가 산! 슈피겐 아이폰11 강화유리 액정보호필름 후기를 시작합니다~ 얼마 전 새로 산 아이폰11과 슈피겐 아이폰11 강화유리 액정보호필름의 모습이에요. 하나의 상자 안에.,0,Human,89,114,3,29.666666666666668,24.553795814270526,50,30,2,1,0,7,0.6,0.04,0.02,0.0,0.14,0.33707865168539325,0.07865168539325842,0,0,2,1,0,1,0.0449438202247191
[서울/강남역맛집] 갬성있는 서울여자와 함께  &quot;감성타코 강남... ,맛집_리뷰,"많은 2019년의 연말이었는데, 겨우겨우 자리 찾아서 앉았다 너무 흥분해서 제대로 찍은 사진이 하나도... 저리가 #서울맛집 #서울멕시코맛집 #강남역맛집 #강남역근처맛집 #강남역감성타코 #감성타코강남역점... ",많은 2019년의 연말이었는데 겨우겨우 자리 찾아서 앉았다 너무 흥분해서 제대로 찍은 사진이 하나도. 저리가,0,Human,47,60,2,23.5,20.0,21,8,4,2,1,3,0.38095238095238093,0.19047619047619047,0.09523809523809523,0.047619047619047616,0.14285714285714285,0.1702127659574468,0.06382978723404255,0,0,1,0,0,0,0.02127659574468085
"아이폰11프로 케이스, 주파집... 링케  에어S케이스 내돈내산 비교",상품_리뷰,"아이폰11프로는 직접 써보니 장단점이 분명했어요. 그래도 가격이나 사용감까지 생각하면 꽤 무난했고, 필요한 분들께는 참고가 될 것 같아요. 기대보다 편하게 즐길 수 있어서 만족스러운 시간이었답니다. 다음에는 조금 더 여유 있게 다시 가보고 싶어요.",아이폰11프로는 직접 써보니 장단점이 분명했어요. 그래도 가격이나 사용감까지 생각하면 꽤 무난했고 필요한 분들께는 참고가 될 것 같아요. 기대보다 편하게 즐길 수 있어서 만족스러운 시간이었답니다. 다음에는 조금 더 여유 있게 다시 가보고 싶어요.,1,AI_v1,106,137,4,26.5,6.422616289332565,51,20,10,7,1,7,0.39215686274509803,0.19607843137254902,0.13725490196078433,0.0196078431372549,0.13725490196078433,0.18867924528301888,0.0660377358490566,3,0,4,0,0,0,0.03773584905660377
"강남역 맛집 바비레드(양식, 2019년 봄)  데이트 맛집에 필요한... ",맛집_리뷰,"강남역 바비레드 다녀왔는데 생각보다 분위기가 편해서 좋았어요. 음식도 깔끔하게 나와서 부담 없이 먹기 괜찮았고, 다음에 근처 가면 또 들러보고 싶더라고요. 개인적으로는 너무 과하지 않은 점이 마음에 들었어요.",강남역 바비레드 다녀왔는데 생각보다 분위기가 편해서 좋았어요. 음식도 깔끔하게 나와서 부담 없이 먹기 괜찮았고 다음에 근처 가면 또 들러보고 싶더라고요. 개인적으로는 너무 과하지 않은 점이 마음에 들었어요.,1,AI_v1,89,115,3,29.666666666666668,6.236095644623236,41,17,7,4,2,7,0.4146341463414634,0.17073170731707318,0.0975609756097561,0.04878048780487805,0.17073170731707318,0.19101123595505617,0.07865168539325842,1,0,3,0,0,0,0.033707865168539325
"2020년 완전 달라진 연말정산 총정리, 세금(소득공제)... ",전문_정보,완전 달라진은 생각보다 시간이 걸렸다. 중간에 귀찮아서 멈출까 했는데 일단 끝내긴 함. 다음엔 조금 더 빨리 할 수 있을 듯. 가격은 막 싸진 않았고 위치는 찾기 쉬운 편. 사람이 좀 있어서 조용한 느낌은 아니었음. 급하게 정한 일정치고는 나쁘지 않았다.,완전 달라진은 생각보다 시간이 걸렸다. 중간에 귀찮아서 멈출까 했는데 일단 끝내긴 함. 다음엔 조금 더 빨리 할 수 있을 듯. 가격은 막 싸진 않았고 위치는 찾기 쉬운 편. 사람이 좀 있어서 조용한 느낌은 아니었음. 급하게 정한 일정치고는 나쁘지 않았다.,1,AI_v2,104,142,6,17.333333333333332,1.7950549357115015,55,21,9,8,1,10,0.38181818181818183,0.16363636363636364,0.14545454545454545,0.01818181818181818,0.18181818181818182,0.20192307692307693,0.09615384615384616,0,0,6,0,0,0,0.057692307692307696
아이폰11프로 폰케이스 + 스마트톡 + 카메라풀커버 내돈내산... ,상품_리뷰,아이폰 11프로 폰케이스 키키럽 아이폰6S 쓸 때부터 폰케이스 하나 장만하고 싶던 걸 꾹꾹 참다가 이번에 아이폰11프로로 바꾸고 나서 드디어 폰케이스를 바꾸게 되었어용 ㅎ.ㅎ 그거 아시죠 ? 새폰사면... ,아이폰 11프로 폰케이스 키키럽 아이폰6S 쓸 때부터 폰케이스 하나 장만하고 싶던 걸 꾹꾹 참다가 이번에 아이폰11프로로 바꾸고 나서 드디어 폰케이스를 바꾸게 되었어용 . 그거 아시죠 ? 새폰사면.,0,Human,84,110,3,28.0,31.822423959633664,45,23,7,0,1,6,0.5111111111111111,0.15555555555555556,0.0,0.022222222222222223,0.13333333333333333,0.27380952380952384,0.07142857142857142,0,0,2,0,1,0,0.03571428571428571
2020 연말정산 미리미리 준비하기 [1편] 현금영수증 소득공제... ,전문_정보,근로소득세를 연말에 다시 따져 세액을 정산하는 절차를 뜻합니다. 더 많이 납부한 세금은 다시... 2020 연말정산 소득공제율을 한시적으로 확대하였습니다. 2020년 3월 사용분에 대한 결제 수단 별 소득공제율을... ,근로소득세를 연말에 다시 따져 세액을 정산하는 절차를 뜻합니다. 더 많이 납부한 세금은 다시. 2020 연말정산 소득공제율을 한시적으로 확대하였습니다. 2020년 3월 사용분에 대한 결제 수단 별 소득공제율을.,0,Human,92,117,4,23.0,6.442049363362563,48,24,4,0,1,10,0.5,0.08333333333333333,0.0,0.020833333333333332,0.20833333333333334,0.2608695652173913,0.10869565217391304,0,0,4,0,0,0,0.043478260869565216
다가오는 2020년 귀속 연말정산 준비해보자(2)-인적공제,전문_정보,"오랜만에 요즘 다가오는 때문에 생각이 많았는데, 직접 해보니 생각보다 어렵지 않았어요. 천천히 정리하니 마음도 조금 편해진 느낌입니다. 기대보다 편하게 즐길 수 있어서 만족스러운 시간이었답니다. 다음에는 조금 더 여유 있게 다시 가보고 싶어요.",오랜만에 요즘 다가오는 때문에 생각이 많았는데 직접 해보니 생각보다 어렵지 않았어요. 천천히 정리하니 마음도 조금 편해진 느낌입니다. 기대보다 편하게 즐길 수 있어서 만족스러운 시간이었답니다. 다음에는 조금 더 여유 있게 다시 가보고 싶어요.,1,AI_v1,104,135,4,26.0,6.745368781616021,47,18,8,8,1,7,0.3829787234042553,0.1702127659574468,0.1702127659574468,0.02127659574468085,0.14893617021276595,0.17307692307692307,0.0673076923076923,1,0,4,0,0,0,0.038461538461538464
강남역맛집 : 바비레드 - 매콤한 크림파스타 &amp; 큐브 스테이크,맛집_리뷰,친구가 가보자 해서 바비레드 들렀는데 사람 많더라. 그래도 음식은 금방 나왔고 맛도 나쁘지 않았음. 막 감탄까진 아니고 배부르게 먹고 나왔다. 사람이 좀 있어서 조용한 느낌은 아니었음. 딱히 특별하진 않은데 기억은 남는 편이다.,친구가 가보자 해서 바비레드 들렀는데 사람 많더라. 그래도 음식은 금방 나왔고 맛도 나쁘지 않았음. 막 감탄까진 아니고 배부르게 먹고 나왔다. 사람이 좀 있어서 조용한 느낌은 아니었음. 딱히 특별하진 않은데 기억은 남는 편이다.,1,AI_v2,96,127,5,19.2,1.5999999999999999,46,14,9,9,1,8,0.30434782608695654,0.1956521739130435,0.1956521739130435,0.021739130434782608,0.17391304347826086,0.14583333333333334,0.08333333333333333,0,0,5,0,0,0,0.052083333333333336
블로그의 기본은 사진이다. 아이폰11 내돈내산 언박싱 후기,상품_리뷰,"블로그의 기본은 후기 남겨보면, 처음엔 반신반의했지만 써볼수록 편한 점이 많았어요. 아쉬운 부분도 있지만 재구매를 고민할 정도는 됩니다. 기대보다 편하게 즐길 수 있어서 만족스러운 시간이었답니다. 전체적으로 무난하면서도 기분 좋게 마무리할 수 있었어요.",블로그의 기본은 후기 남겨보면 처음엔 반신반의했지만 써볼수록 편한 점이 많았어요. 아쉬운 부분도 있지만 재구매를 고민할 정도는 됩니다. 기대보다 편하게 즐길 수 있어서 만족스러운 시간이었답니다. 전체적으로 무난하면서도 기분 좋게 마무리할 수 있었어요.,1,AI_v1,110,140,4,27.5,5.024937810560445,53,19,11,9,0,9,0.3584905660377358,0.20754716981132076,0.16981132075471697,0.0,0.16981132075471697,0.17272727272727273,0.08181818181818182,1,0,4,0,0,0,0.03636363636363636
하이앤드 양대창집...^^  -강남역맛집 연타발 강남역점-,맛집_리뷰,지난 어느 날 강남에서 지인 형님들과 소주 한 잔 하기로 한 날.. 장소는 이미 몇 번 방문했던 적이... 지난번과 가격 변동 없음..^^ 그리고..2019년..6월.... 메뉴판은 정신없어 못 찍었지만.. 2019년 6월 현재 특양... ,지난 어느 날 강남에서 지인 형님들과 소주 한 잔 하기로 한 날. 장소는 이미 몇 번 방문했던 적이. 지난번과 가격 변동 없음. 그리고.2019년.6월. 메뉴판은 정신없어 못 찍었지만. 2019년 6월 현재 특양.,0,Human,89,119,8,11.125,6.641488914392616,50,21,5,2,2,6,0.42,0.1,0.04,0.04,0.12,0.23595505617977527,0.06741573033707865,0,0,8,0,0,0,0.0898876404494382
강남역 / 하이디라오 / 훠궈 / 2019.10.02,맛집_리뷰,하이디라오 훠궈에서 밥 먹었다. 맛은 자극적이지 않았고 가격도 요즘 기준으로는 평범했다. 근처 약속 있을 때 한 끼 해결하기 괜찮은 곳. 이런 곳도 있었네 싶었다. 사람이 좀 있어서 조용한 느낌은 아니었음. 엄청난 건 아니고 그냥 기록용.,하이디라오 훠궈에서 밥 먹었다. 맛은 자극적이지 않았고 가격도 요즘 기준으로는 평범했다. 근처 약속 있을 때 한 끼 해결하기 괜찮은 곳. 이런 곳도 있었네 싶었다. 사람이 좀 있어서 조용한 느낌은 아니었음. 엄청난 건 아니고 그냥 기록용.,1,AI_v2,99,133,6,16.5,4.573474244670748,52,22,5,10,0,8,0.4230769230769231,0.09615384615384616,0.19230769230769232,0.0,0.15384615384615385,0.2222222222222222,0.08080808080808081,0,0,6,0,0,0,0.06060606060606061
2020년 달라진 연말정산 알아보기!,전문_정보,"달라진 연말정산은 시작은 귀찮았는데 하다 보니 괜찮았다. 엄청 의미 있는 건 아니고, 그래도 하루가 조금 정리된 느낌. 시간 맞으면 한 번쯤 들를만함. 사진은 몇 장 찍었는데 정리는 나중에 해야겠다. 딱히 특별하진 않은데 기억은 남는 편이다.",달라진 연말정산은 시작은 귀찮았는데 하다 보니 괜찮았다. 엄청 의미 있는 건 아니고 그래도 하루가 조금 정리된 느낌. 시간 맞으면 한 번쯤 들를만함. 사진은 몇 장 찍었는데 정리는 나중에 해야겠다. 딱히 특별하진 않은데 기억은 남는 편이다.,1,AI_v2,100,134,5,20.0,4.33589667773576,51,18,11,6,2,8,0.35294117647058826,0.21568627450980393,0.11764705882352941,0.0392156862745098,0.1568627450980392,0.18,0.08,0,0,5,0,0,0,0.05
유나이티드 갤러리 2019년 8월 U매거진 다섯째주 전시_신상우... ,맛집_리뷰,유나이티드 갤러리 2019년 8월 U매거진 다섯째주 전시_신상우 개인전 #신상우 #신상우개인전 #신상우작가 #신상우교수님 #유나이티드갤러리 #유나이티드문화재단 #강남역갤러리 #강남갤러리 #강남역 #강남역맛집,유나이티드 갤러리 2019년 8월 U매거진 다섯째주 전시 신상우 개인전,0,Human,31,39,1,31.0,0.0,12,7,1,0,0,0,0.5833333333333334,0.08333333333333333,0.0,0.0,0.0,0.22580645161290322,0.0,0,0,0,0,0,0,0.0
"내돈내산 아이폰11 pro max 실버(화이트) 개봉기, 아이폰 가격... ",상품_리뷰,"내돈내산 아이폰11 써봄. 기대만큼은 아니지만 못 쓸 정도도 아님. 간단하게 쓰기엔 괜찮고, 오래 쓰면 평가가 조금 달라질 수도. 딱히 특별하진 않은데 기억은 남는 편이다. 이런 곳도 있었네 싶었다. 다음엔 다른 메뉴도 봐야 할 듯.",내돈내산 아이폰11 써봄. 기대만큼은 아니지만 못 쓸 정도도 아님. 간단하게 쓰기엔 괜찮고 오래 쓰면 평가가 조금 달라질 수도. 딱히 특별하진 않은데 기억은 남는 편이다. 이런 곳도 있었네 싶었다. 다음엔 다른 메뉴도 봐야 할 듯.,1,AI_v2,96,129,6,16.0,4.760952285695233,53,18,9,8,1,8,0.33962264150943394,0.16981132075471697,0.1509433962264151,0.018867924528301886,0.1509433962264151,0.1875,0.08333333333333333,0,0,6,0,0,0,0.0625
"[강남역 밥집] 강남역 맛집,밥집,저렴한 가격에 스테이크를... ",맛집_리뷰,밥집 들렀다. 맛은 무난했고 양도 적당. 웨이팅만 길지 않으면 괜찮음. 엄청 특별한 맛집이라기보단 근처에서 밥 먹기 좋은 곳. 엄청난 건 아니고 그냥 기록용. 엄청난 건 아니고 그냥 기록용. 다음엔 다른 메뉴도 봐야 할 듯.,밥집 들렀다. 맛은 무난했고 양도 적당. 웨이팅만 길지 않으면 괜찮음. 엄청 특별한 맛집이라기보단 근처에서 밥 먹기 좋은 곳. 엄청난 건 아니고 그냥 기록용. 엄청난 건 아니고 그냥 기록용. 다음엔 다른 메뉴도 봐야 할 듯.,1,AI_v2,92,125,7,13.142857142857142,4.672979209656035,50,23,5,8,1,6,0.46,0.1,0.16,0.02,0.12,0.25,0.06521739130434782,0,0,7,0,0,0,0.07608695652173914
2020년 연말정산 변경사항 알아보기 #연말정산소득공제,전문_정보,연말정산 사진 몇 장 찍어뒀다. 나중에 보면 별거 아닐 수도 있는데 그때 분위기가 있어서 남겨둠. 정리는 천천히 해야겠다. 다음엔 다른 메뉴도 봐야 할 듯. 사진은 몇 장 찍었는데 정리는 나중에 해야겠다. 시간 맞으면 한 번쯤 들를만함.,연말정산 사진 몇 장 찍어뒀다. 나중에 보면 별거 아닐 수도 있는데 그때 분위기가 있어서 남겨둠. 정리는 천천히 해야겠다. 다음엔 다른 메뉴도 봐야 할 듯. 사진은 몇 장 찍었는데 정리는 나중에 해야겠다. 시간 맞으면 한 번쯤 들를만함.,1,AI_v2,97,132,6,16.166666666666668,5.610010893235612,54,22,13,3,1,8,0.4074074074074074,0.24074074074074073,0.05555555555555555,0.018518518518518517,0.14814814814814814,0.2268041237113402,0.08247422680412371,0,0,6,0,0,0,0.061855670103092786
2020년 연말정산 의미 계산 공제 팁 알아보기,전문_정보,"연말정산이 무엇인지 모르는 분들을 위해 간략히 설명하면, 2020년 연말정산 은 2019년에 납부한 세금을... 2020년이 되면 2019년에 실제 받은 소득을 확인 할 수 있으며, 나라에서 인정해준 기본 공제 및 기타... ",연말정산이 무엇인지 모르는 분들을 위해 간략히 설명하면 2020년 연말정산 은 2019년에 납부한 세금을. 2020년이 되면 2019년에 실제 받은 소득을 확인 할 수 있으며 나라에서 인정해준 기본 공제 및 기타.,0,Human,91,119,2,45.5,1.5,44,19,6,2,0,7,0.4318181818181818,0.13636363636363635,0.045454545454545456,0.0,0.1590909090909091,0.2087912087912088,0.07692307692307693,0,0,2,0,0,0,0.02197802197802198
[내돈내산] 아이폰 12 개봉기(with 아이폰 11),상품_리뷰,"아이폰 12 사용해봄. 장점은 간단하고 단점은 기대보다 평범하다는 것. 그래도 당장 쓰기엔 문제 없고, 재구매는 조금 더 봐야 할 듯. 이런 곳도 있었네 싶었다. 엄청난 건 아니고 그냥 기록용. 엄청난 건 아니고 그냥 기록용.",아이폰 12 사용해봄. 장점은 간단하고 단점은 기대보다 평범하다는 것. 그래도 당장 쓰기엔 문제 없고 재구매는 조금 더 봐야 할 듯. 이런 곳도 있었네 싶었다. 엄청난 건 아니고 그냥 기록용. 엄청난 건 아니고 그냥 기록용.,1,AI_v2,92,125,6,15.333333333333334,5.2493385826745405,48,21,6,9,1,4,0.4375,0.125,0.1875,0.020833333333333332,0.08333333333333333,0.22826086956521738,0.043478260869565216,0,0,6,0,0,0,0.06521739130434782
[내돈내산][쿠팡 애플 브랜드 위크] 아이폰11 공기계 퍼플... ,상품_리뷰,"아이폰11를 며칠 써봤다. 기능은 평범하지만 안정적이고, 크게 거슬리는 부분은 없었다. 필요한 사람한테는 괜찮은 선택일 듯. 가격은 막 싸진 않았고 위치는 찾기 쉬운 편. 이런 곳도 있었네 싶었다. 엄청난 건 아니고 그냥 기록용.",아이폰11를 며칠 써봤다. 기능은 평범하지만 안정적이고 크게 거슬리는 부분은 없었다. 필요한 사람한테는 괜찮은 선택일 듯. 가격은 막 싸진 않았고 위치는 찾기 쉬운 편. 이런 곳도 있었네 싶었다. 엄청난 건 아니고 그냥 기록용.,1,AI_v2,96,127,6,16.0,5.066228051190222,51,21,7,9,0,6,0.4117647058823529,0.13725490196078433,0.17647058823529413,0.0,0.11764705882352941,0.21875,0.0625,0,0,6,0,0,0,0.0625
다가오는 2020년 귀속 연말정산 준비해보자(2)-인적공제,전문_정보,다가오는 귀속을 하면서 생각보다 시간이 빨리 갔다. 중간중간 딴짓도 했지만 마무리는 했다. 그냥 소소한 기록으로 남김. 딱히 특별하진 않은데 기억은 남는 편이다. 사진은 몇 장 찍었는데 정리는 나중에 해야겠다. 이런 곳도 있었네 싶었다.,다가오는 귀속을 하면서 생각보다 시간이 빨리 갔다. 중간중간 딴짓도 했지만 마무리는 했다. 그냥 소소한 기록으로 남김. 딱히 특별하진 않은데 기억은 남는 편이다. 사진은 몇 장 찍었는데 정리는 나중에 해야겠다. 이런 곳도 있었네 싶었다.,1,AI_v2,100,132,6,16.666666666666668,3.9860869143671325,52,17,11,5,1,11,0.3269230769230769,0.21153846153846154,0.09615384615384616,0.019230769230769232,0.21153846153846154,0.17,0.11,0,0,6,0,0,0,0.06
2020 연말정산 달라진 공제항목 살펴보기,전문_정보,"연말정산은 시작은 귀찮았는데 하다 보니 괜찮았다. 엄청 의미 있는 건 아니고, 그래도 하루가 조금 정리된 느낌. 다음엔 다른 메뉴도 봐야 할 듯. 엄청난 건 아니고 그냥 기록용. 사진은 몇 장 찍었는데 정리는 나중에 해야겠다.",연말정산은 시작은 귀찮았는데 하다 보니 괜찮았다. 엄청 의미 있는 건 아니고 그래도 하루가 조금 정리된 느낌. 다음엔 다른 메뉴도 봐야 할 듯. 엄청난 건 아니고 그냥 기록용. 사진은 몇 장 찍었는데 정리는 나중에 해야겠다.,1,AI_v2,92,125,5,18.4,4.586937976471886,49,21,7,6,2,8,0.42857142857142855,0.14285714285714285,0.12244897959183673,0.04081632653061224,0.16326530612244897,0.22826086956521738,0.08695652173913043,0,0,5,0,0,0,0.05434782608695652
유나이티드 갤러리 2019년 5월 U매거진_셋째주 전시... ,맛집_리뷰,유나이티드 갤러리에서 식사했는데 분위기가 너무 시끄럽지 않아 편했어요. 대표 메뉴가 깔끔했고 가격도 크게 부담스럽지 않아서 한 번쯤 가볼 만했답니다. 개인적으로는 너무 과하지 않은 점이 마음에 들었어요. 전체적으로 무난하면서도 기분 좋게 마무리할 수 있었어요.,유나이티드 갤러리에서 식사했는데 분위기가 너무 시끄럽지 않아 편했어요. 대표 메뉴가 깔끔했고 가격도 크게 부담스럽지 않아서 한 번쯤 가볼 만했답니다. 개인적으로는 너무 과하지 않은 점이 마음에 들었어요. 전체적으로 무난하면서도 기분 좋게 마무리할 수 있었어요.,1,AI_v1,113,145,4,28.25,4.322904116447646,54,20,11,5,2,9,0.37037037037037035,0.2037037037037037,0.09259259259259259,0.037037037037037035,0.16666666666666666,0.17699115044247787,0.07964601769911504,2,0,4,0,0,0,0.035398230088495575
[연말정산 신용카드 공제] Ep.13 소득공제 환급 제대로 알기... ,전문_정보,그리고 어떤 기준이 있는지에 대해 연말정산 소득공제를 파헤치는 글을 포스팅 했었어요! 이번엔... 연간을 누르시면 자동으로 2020년 1월 1일부터 2020년 12월 31일까지 선택됩니다. 다음은 결제수단을... ,그리고 어떤 기준이 있는지에 대해 연말정산 소득공제를 파헤치는 글을 포스팅 했었어요! 이번엔. 연간을 누르시면 자동으로 2020년 1월 1일부터 2020년 12월 31일까지 선택됩니다. 다음은 결제수단을.,0,Human,91,114,4,22.75,16.406934509529805,40,13,4,2,0,8,0.325,0.1,0.05,0.0,0.2,0.14285714285714285,0.08791208791208792,0,0,3,1,0,0,0.04395604395604396
강남역 맛집 신논현 고기집 하몽하몽 이베리코! 돼지고기의... ,맛집_리뷰,강남 고기 맛집! 돼지고기의 모든 것! 꼭 필요한 기본반찬! 이베리코 황제살! 이베리코 베요타... 팩토리 시그니처 현장체크는 2019년 10월 22일부터 KBO 한국시리즈 현장에서 두산베어스와 키움히어로즈... ,강남 고기 맛집! 돼지고기의 모든 것! 꼭 필요한 기본반찬! 이베리코 황제살! 이베리코 베요타. 팩토리 시그니처 현장체크는 2019년 10월 22일부터 KBO 한국시리즈 현장에서 두산베어스와 키움히어로즈.,0,Human,91,114,6,15.166666666666666,15.592911494935413,48,26,1,1,0,4,0.5416666666666666,0.020833333333333332,0.020833333333333332,0.0,0.08333333333333333,0.2857142857142857,0.04395604395604396,0,0,2,4,0,0,0.06593406593406594
아이폰 11 Pro 케이스 디자인스킨내돈내산후기 / 할인팁까지!,상품_리뷰,"아이폰 11는 직접 써보니 장단점이 분명했어요. 그래도 가격이나 사용감까지 생각하면 꽤 무난했고, 필요한 분들께는 참고가 될 것 같아요. 짧게 들렀지만 생각보다 알차게 시간을 보냈어요. 개인적으로는 너무 과하지 않은 점이 마음에 들었어요.",아이폰 11는 직접 써보니 장단점이 분명했어요. 그래도 가격이나 사용감까지 생각하면 꽤 무난했고 필요한 분들께는 참고가 될 것 같아요. 짧게 들렀지만 생각보다 알차게 시간을 보냈어요. 개인적으로는 너무 과하지 않은 점이 마음에 들었어요.,1,AI_v1,102,132,4,25.5,6.689544080129826,52,17,12,5,2,9,0.3269230769230769,0.23076923076923078,0.09615384615384616,0.038461538461538464,0.17307692307692307,0.16666666666666666,0.08823529411764706,2,0,4,0,0,0,0.0392156862745098
2019년 11월,맛집_리뷰,11월 들렀다. 맛은 무난했고 양도 적당. 웨이팅만 길지 않으면 괜찮음. 엄청 특별한 맛집이라기보단 근처에서 밥 먹기 좋은 곳. 시간 맞으면 한 번쯤 들를만함. 엄청난 건 아니고 그냥 기록용. 기대치를 낮추고 가면 무난한 정도.,11월 들렀다. 맛은 무난했고 양도 적당. 웨이팅만 길지 않으면 괜찮음. 엄청 특별한 맛집이라기보단 근처에서 밥 먹기 좋은 곳. 시간 맞으면 한 번쯤 들를만함. 엄청난 건 아니고 그냥 기록용. 기대치를 낮추고 가면 무난한 정도.,1,AI_v2,95,127,7,13.571428571428571,4.499433070863892,51,21,7,6,1,6,0.4117647058823529,0.13725490196078433,0.11764705882352941,0.0196078431372549,0.11764705882352941,0.22105263157894736,0.06315789473684211,0,0,7,0,0,0,0.07368421052631578
마라탕 혼밥하기 좋은 분위기의 강남역 맛집 [딘딘향 강남역점],맛집_리뷰,"특히, 강남역 마라탕 맛집들은 대부분 다 깔끔하고 고급스러운 중식당 느낌으로 잘 꾸며져 있어서 괜히 뭔가 들어갔을 때 기분이 좋아지는 그런 느낌이 있었다 2019년에서 최고로 유행하는 음식 2개를 고르라고... ",특히 강남역 마라탕 맛집들은 대부분 다 깔끔하고 고급스러운 중식당 느낌으로 잘 꾸며져 있어서 괜히 뭔가 들어갔을 때 기분이 좋아지는 그런 느낌이 있었다 2019년에서 최고로 유행하는 음식 2개를 고르라고.,0,Human,87,114,1,87.0,0.0,41,14,6,6,3,6,0.34146341463414637,0.14634146341463414,0.14634146341463414,0.07317073170731707,0.14634146341463414,0.16091954022988506,0.06896551724137931,0,0,1,0,0,0,0.011494252873563218
2020년 연말정산 미리보기(신용카드소득공제),전문_정보,"요즘 연말정산 미리보기 때문에 생각이 많았는데, 직접 해보니 생각보다 어렵지 않았어요. 천천히 정리하니 마음도 조금 편해진 느낌입니다. 다음에는 조금 더 여유 있게 다시 가보고 싶어요. 사진으로 남겨두기에도 괜찮아서 기억에 오래 남을 것 같아요.",요즘 연말정산 미리보기 때문에 생각이 많았는데 직접 해보니 생각보다 어렵지 않았어요. 천천히 정리하니 마음도 조금 편해진 느낌입니다. 다음에는 조금 더 여유 있게 다시 가보고 싶어요. 사진으로 남겨두기에도 괜찮아서 기억에 오래 남을 것 같아요.,1,AI_v1,104,136,4,26.0,6.745368781616021,49,21,6,7,2,9,0.42857142857142855,0.12244897959183673,0.14285714285714285,0.04081632653061224,0.1836734693877551,0.20192307692307693,0.08653846153846154,1,0,4,0,0,0,0.038461538461538464
2020년 연말정산 주택청약 소득공제 (ft. 기업은행... ,전문_정보,가볍게 연말정산 주택청약을 하면서 오랜만에 여유를 느꼈어요. 바쁜 와중에 잠깐 쉬어가는 시간이 생긴 것 같아서 꽤 괜찮은 하루였답니다. 기대보다 편하게 즐길 수 있어서 만족스러운 시간이었답니다. 다음에는 조금 더 여유 있게 다시 가보고 싶어요.,가볍게 연말정산 주택청약을 하면서 오랜만에 여유를 느꼈어요. 바쁜 와중에 잠깐 쉬어가는 시간이 생긴 것 같아서 꽤 괜찮은 하루였답니다. 기대보다 편하게 즐길 수 있어서 만족스러운 시간이었답니다. 다음에는 조금 더 여유 있게 다시 가보고 싶어요.,1,AI_v1,104,136,4,26.0,3.9370039370059056,48,19,9,8,0,7,0.3958333333333333,0.1875,0.16666666666666666,0.0,0.14583333333333334,0.18269230769230768,0.0673076923076923,2,0,4,0,0,0,0.038461538461538464
아르노 아이폰 11 프로 케이스 추천 핸드폰목줄 내돈내산,상품_리뷰,아르노 아이폰은 처음엔 애매했는데 쓰다 보니 괜찮은 쪽으로 기울었다. 다만 설명이 조금 부족해서 처음 세팅할 때는 헤맸음. 기대치를 낮추고 가면 무난한 정도. 기대치를 낮추고 가면 무난한 정도. 기대치를 낮추고 가면 무난한 정도.,아르노 아이폰은 처음엔 애매했는데 쓰다 보니 괜찮은 쪽으로 기울었다. 다만 설명이 조금 부족해서 처음 세팅할 때는 헤맸음. 기대치를 낮추고 가면 무난한 정도. 기대치를 낮추고 가면 무난한 정도. 기대치를 낮추고 가면 무난한 정도.,1,AI_v2,97,128,5,19.4,5.9531504264548865,51,22,7,3,0,11,0.43137254901960786,0.13725490196078433,0.058823529411764705,0.0,0.21568627450980393,0.2268041237113402,0.1134020618556701,0,0,5,0,0,0,0.05154639175257732
신분당선 강남역 맛집 / 참치공방 - 참치회 무난한 스끼다시와... ,맛집_리뷰,근처에서 밥 먹을 곳 찾다가 신분당선에 들렀어요. 맛이 자극적이지 않고 양도 적당해서 만족했답니다. 웨이팅만 조금 피하면 더 좋을 것 같아요. 다음에는 조금 더 여유 있게 다시 가보고 싶어요. 짧게 들렀지만 생각보다 알차게 시간을 보냈어요.,근처에서 밥 먹을 곳 찾다가 신분당선에 들렀어요. 맛이 자극적이지 않고 양도 적당해서 만족했답니다. 웨이팅만 조금 피하면 더 좋을 것 같아요. 다음에는 조금 더 여유 있게 다시 가보고 싶어요. 짧게 들렀지만 생각보다 알차게 시간을 보냈어요.,1,AI_v1,101,134,5,20.2,1.7204650534085253,49,19,8,7,0,9,0.3877551020408163,0.16326530612244897,0.14285714285714285,0.0,0.1836734693877551,0.18811881188118812,0.0891089108910891,2,0,5,0,0,0,0.04950495049504951
[ 내돈내산 ] 아이폰 11 실리콘케이스,상품_리뷰,며칠 동안 내돈내산을 써봤는데 생각보다 손이 자주 가더라고요. 사용법도 어렵지 않고 마감도 괜찮아서 전체적으로 만족했어요. 처음 가보는 분들도 크게 부담 없이 즐길 수 있을 것 같아요. 전체적으로 무난하면서도 기분 좋게 마무리할 수 있었어요.,며칠 동안 내돈내산을 써봤는데 생각보다 손이 자주 가더라고요. 사용법도 어렵지 않고 마감도 괜찮아서 전체적으로 만족했어요. 처음 가보는 분들도 크게 부담 없이 즐길 수 있을 것 같아요. 전체적으로 무난하면서도 기분 좋게 마무리할 수 있었어요.,1,AI_v1,103,135,4,25.75,1.299038105676658,54,22,8,7,1,7,0.4074074074074074,0.14814814814814814,0.12962962962962962,0.018518518518518517,0.12962962962962962,0.21359223300970873,0.06796116504854369,3,0,4,0,0,0,0.038834951456310676
2020 기부금 영수증 발급 안내 | 연말정산 및 세액공제(적십자... ,전문_정보,기부금 관련해서 그냥 남겨둠. 별일은 아니었는데 지나고 보니 기억날 것 같아서 적는다. 이런 날도 있었지 하는 정도. 사람이 좀 있어서 조용한 느낌은 아니었음. 가격은 막 싸진 않았고 위치는 찾기 쉬운 편. 급하게 정한 일정치고는 나쁘지 않았다.,기부금 관련해서 그냥 남겨둠. 별일은 아니었는데 지나고 보니 기억날 것 같아서 적는다. 이런 날도 있었지 하는 정도. 사람이 좀 있어서 조용한 느낌은 아니었음. 가격은 막 싸진 않았고 위치는 찾기 쉬운 편. 급하게 정한 일정치고는 나쁘지 않았다.,1,AI_v2,102,137,6,17.0,3.9157800414902435,53,17,11,10,0,8,0.32075471698113206,0.20754716981132076,0.18867924528301888,0.0,0.1509433962264151,0.16666666666666666,0.0784313725490196,0,0,6,0,0,0,0.058823529411764705
미리미리 알아보자! 2020년 &quot;13월의 보너스 &quot;연말정산”,전문_정보,미리미리 알아보자!는 생각보다 시간이 걸렸다. 중간에 귀찮아서 멈출까 했는데 일단 끝내긴 함. 다음엔 조금 더 빨리 할 수 있을 듯. 가격은 막 싸진 않았고 위치는 찾기 쉬운 편. 가격은 막 싸진 않았고 위치는 찾기 쉬운 편.,미리미리 알아보자!는 생각보다 시간이 걸렸다. 중간에 귀찮아서 멈출까 했는데 일단 끝내긴 함. 다음엔 조금 더 빨리 할 수 있을 듯. 가격은 막 싸진 않았고 위치는 찾기 쉬운 편. 가격은 막 싸진 않았고 위치는 찾기 쉬운 편.,1,AI_v2,91,126,6,15.166666666666666,3.8477987935383986,52,22,11,4,1,8,0.4230769230769231,0.21153846153846154,0.07692307692307693,0.019230769230769232,0.15384615384615385,0.24175824175824176,0.08791208791208792,0,0,5,1,0,0,0.06593406593406594
[강남역 맛집/기념일 데이트] 마키노차야 역삼점 디너 25... ,맛집_리뷰,"받았답니당 :D (2019년 2월 기준) 정가 49,900원에서 25% 할인받아 1인 37,400원에 다녀왔어요! 네이버에 후기가 많이 없는거같아 할인정보 공유드렸습니다 ^_^ (뿌듯) 주소 서울 강남구 테헤란로8길 8 지번서울... ",받았답니당 D 2019년 2월 기준 정가 49 900원에서 25 할인받아 1인 37 400원에 다녀왔어요! 네이버에 후기가 많이 없는거같아 할인정보 공유드렸습니다 뿌듯 주소 서울 강남구 테헤란로8길 8 지번서울.,0,Human,92,118,2,46.0,0.0,41,17,4,2,1,2,0.4146341463414634,0.0975609756097561,0.04878048780487805,0.024390243902439025,0.04878048780487805,0.18478260869565216,0.021739130434782608,0,0,1,1,0,0,0.021739130434782608
2019년 달라진 개정세법 및 2020년 홈텍스 연말정산 신고서... ,전문_정보,달라진 개정세법 관련해서 그냥 남겨둠. 별일은 아니었는데 지나고 보니 기억날 것 같아서 적는다. 이런 날도 있었지 하는 정도. 엄청난 건 아니고 그냥 기록용. 시간 맞으면 한 번쯤 들를만함. 다음엔 다른 메뉴도 봐야 할 듯.,달라진 개정세법 관련해서 그냥 남겨둠. 별일은 아니었는데 지나고 보니 기억날 것 같아서 적는다. 이런 날도 있었지 하는 정도. 엄청난 건 아니고 그냥 기록용. 시간 맞으면 한 번쯤 들를만함. 다음엔 다른 메뉴도 봐야 할 듯.,1,AI_v2,92,125,6,15.333333333333334,4.189935029992178,50,19,14,6,0,4,0.38,0.28,0.12,0.0,0.08,0.20652173913043478,0.043478260869565216,0,0,6,0,0,0,0.06521739130434782
[공지] 2020년 연말정산 기부금 영수증 발급 안내,전문_정보,연말정산 기부금 해봤다. 특별한 감상은 없고 그냥 해야 해서 한 느낌. 그래도 끝내고 나니 신경 쓰이던 게 하나 줄었다. 사진은 몇 장 찍었는데 정리는 나중에 해야겠다. 가격은 막 싸진 않았고 위치는 찾기 쉬운 편. 엄청난 건 아니고 그냥 기록용.,연말정산 기부금 해봤다. 특별한 감상은 없고 그냥 해야 해서 한 느낌. 그래도 끝내고 나니 신경 쓰이던 게 하나 줄었다. 사진은 몇 장 찍었는데 정리는 나중에 해야겠다. 가격은 막 싸진 않았고 위치는 찾기 쉬운 편. 엄청난 건 아니고 그냥 기록용.,1,AI_v2,100,138,6,16.666666666666668,3.4480268109295333,53,23,11,5,1,6,0.4339622641509434,0.20754716981132076,0.09433962264150944,0.018867924528301886,0.11320754716981132,0.23,0.06,0,0,6,0,0,0,0.06
2020 연말정산 소득공제 홈택스 이용해서 미리보기 veiw,전문_정보,"그렇다면 2020 연말정산 소득공제 하는 방법, 홈택스 통해 간편 진행법을 알려드릴테니 아직 모르고... 남은 2020년 깔끔한 마무리 하시기 바랄게요! 그럼 다음 포스팅도 더 유익한 정보로 찾아오도록 할게요... ",그렇다면 2020 연말정산 소득공제 하는 방법 홈택스 통해 간편 진행법을 알려드릴테니 아직 모르고. 남은 2020년 깔끔한 마무리 하시기 바랄게요! 그럼 다음 포스팅도 더 유익한 정보로 찾아오도록 할게요.,0,Human,88,114,3,29.333333333333332,9.741092797468305,35,13,9,4,1,3,0.37142857142857144,0.2571428571428571,0.11428571428571428,0.02857142857142857,0.08571428571428572,0.14772727272727273,0.03409090909090909,0,0,2,1,0,0,0.03409090909090909
[강남역 맛집/강남역 막국수] 청류벽,맛집_리뷰,"1.0 방문일자 : 2019년 5월 25일 2.0 음식점 명 : 청류벽 3.0 메뉴 : 막국수 10,000~ 3.1 물막국수 10,000 3.2 비빔막국수 10,000 3.3 보쌈 大 3,500 4.0 개인 평가: 별 5개 만점 (★★★★☆ 4.5) 4.1 정말 이곳에 다녀온 뒤 다음날... ",1.0 방문일자 2019년 5월 25일 2.0 음식점 명 청류벽 3.0 메뉴 막국수 10 000~ 3.1 물막국수 10 000 3.2 비빔막국수 10 000 3.3 보쌈 3 500 4.0 개인 평가 별 5개 만점 4.5 4.1 정말 이곳에 다녀온 뒤 다음날.,0,Human,106,144,10,10.6,4.565084884205331,48,22,1,0,0,1,0.4583333333333333,0.020833333333333332,0.0,0.0,0.020833333333333332,0.20754716981132076,0.009433962264150943,0,0,10,0,0,1,0.10377358490566038
(주)불사조디자인 아이폰 11 불사조케이스 내돈내산 구매 후기!,상품_리뷰,아이폰은 액정깨짐에 특히 민감한데요. 액정 수리비용이 만만치 않기때문에 고민하다가 후기가 좋은 불사조 케이스를 구매해보았습니다. 내돈내산! 제가 실제로 구매했답니당:) 우선 배송이 정말정말... ,아이폰은 액정깨짐에 특히 민감한데요. 액정 수리비용이 만만치 않기때문에 고민하다가 후기가 좋은 불사조 케이스를 구매해보았습니다. 내돈내산! 제가 실제로 구매했답니당 우선 배송이 정말정말.,0,Human,84,104,4,21.0,12.96148139681572,44,19,5,2,1,9,0.4318181818181818,0.11363636363636363,0.045454545454545456,0.022727272727272728,0.20454545454545456,0.2261904761904762,0.10714285714285714,0,0,3,1,0,0,0.047619047619047616
강남역 맛집 매콤한게 끌린다?,맛집_리뷰,매콤한게 기록. 자리 간격은 넓진 않았고 음식은 바로 먹기 괜찮았다. 막 특별하진 않은데 배고플 때 들르면 나쁘지 않은 정도. 시간 맞으면 한 번쯤 들를만함. 다음엔 다른 메뉴도 봐야 할 듯. 딱히 특별하진 않은데 기억은 남는 편이다.,매콤한게 기록. 자리 간격은 넓진 않았고 음식은 바로 먹기 괜찮았다. 막 특별하진 않은데 배고플 때 들르면 나쁘지 않은 정도. 시간 맞으면 한 번쯤 들를만함. 다음엔 다른 메뉴도 봐야 할 듯. 딱히 특별하진 않은데 기억은 남는 편이다.,1,AI_v2,96,131,6,16.0,5.597618541248888,52,20,11,7,0,6,0.38461538461538464,0.21153846153846154,0.1346153846153846,0.0,0.11538461538461539,0.20833333333333334,0.0625,0,0,6,0,0,0,0.0625
강남역 맛집 이딸라시안 여길 왜 이제갔지!?,맛집_리뷰,친구랑 강남역 이딸라시안에 갔는데 전체적으로 무난해서 좋았어요. 음식 나오는 속도도 괜찮고 맛도 기대 이상이라 근처 맛집 찾는 분들께 추천드려요. 전체적으로 무난하면서도 기분 좋게 마무리할 수 있었어요. 다음에는 조금 더 여유 있게 다시 가보고 싶어요.,친구랑 강남역 이딸라시안에 갔는데 전체적으로 무난해서 좋았어요. 음식 나오는 속도도 괜찮고 맛도 기대 이상이라 근처 맛집 찾는 분들께 추천드려요. 전체적으로 무난하면서도 기분 좋게 마무리할 수 있었어요. 다음에는 조금 더 여유 있게 다시 가보고 싶어요.,1,AI_v1,108,141,4,27.0,5.1478150704935,56,25,9,5,0,9,0.44642857142857145,0.16071428571428573,0.08928571428571429,0.0,0.16071428571428573,0.23148148148148148,0.08333333333333333,1,0,4,0,0,0,0.037037037037037035
[강남맛집/강남역맛집] 스시무한리필은 스시메이진 강남점!... ,맛집_리뷰,"그럼이제 강남맛집/강남역맛집 스시메이진 강남 에서 제가 맛있게~ 먹은 음식들, 스시메이진 메뉴... 단품으로 사먹는 퀄리티라 놀랐어요 따듯하고 바삭한 식감의 튀김 거기다, 2019년 인기 음식인 핫한 메뉴... ",그럼이제 강남맛집 강남역맛집 스시메이진 강남 에서 제가 맛있게~ 먹은 음식들 스시메이진 메뉴. 단품으로 사먹는 퀄리티라 놀랐어요 따듯하고 바삭한 식감의 튀김 거기다 2019년 인기 음식인 핫한 메뉴.,0,Human,86,111,2,43.0,2.0,46,22,6,2,0,10,0.4782608695652174,0.13043478260869565,0.043478260869565216,0.0,0.21739130434782608,0.2558139534883721,0.11627906976744186,0,0,2,0,0,1,0.03488372093023256
"2020년 연말정산 신용카드 소득공제,연금저축 세액공제 확대",전문_정보,"이번 연말정산의 경우, 세액공제가 늘어난 부분이 있습니다. 신용카드공제(소득공제)와 연금저축공제(세액공제)가 확대 됩니다. 우선 신용카드 공제부터 볼까요? &lt;&lt;조선일보 2020.11.3 안중현기자... ",이번 연말정산의 경우 세액공제가 늘어난 부분이 있습니다. 신용카드공제 소득공제 와 연금저축공제 세액공제 가 확대 됩니다. 우선 신용카드 공제부터 볼까요? 조선일보 2020.11.3 안중현기자.,0,Human,86,107,6,14.333333333333334,9.231588282750819,40,22,5,1,0,4,0.55,0.125,0.025,0.0,0.1,0.2558139534883721,0.046511627906976744,0,0,5,0,1,0,0.06976744186046512
"2020년 연말정산 관련 개정세법, ISA계좌 세액공제 한도 확대!",전문_정보,"2020년도 곧 3분기가 끝나가는데 연말정산 준비하셔야죠 :) 아직 소득공제 한도 못채우신 부분 있으시면 9,10,11,12월 남은 기간 동안 잘 확인하셔서 채워나가시길 바랄게요. 오늘은 2020년 개정세법 중... ",2020년도 곧 3분기가 끝나가는데 연말정산 준비하셔야죠 아직 소득공제 한도 못채우신 부분 있으시면 9 10 11 12월 남은 기간 동안 잘 확인하셔서 채워나가시길 바랄게요. 오늘은 2020년 개정세법 중.,0,Human,89,115,2,44.5,30.5,37,13,9,1,1,1,0.35135135135135137,0.24324324324324326,0.02702702702702703,0.02702702702702703,0.02702702702702703,0.14606741573033707,0.011235955056179775,0,0,2,0,0,0,0.02247191011235955
애플 정품 아이폰 실리콘 케이스 사용 후기 / 아이폰 11 pro... ,상품_리뷰,"애플 후기 남겨보면, 처음엔 반신반의했지만 써볼수록 편한 점이 많았어요. 아쉬운 부분도 있지만 재구매를 고민할 정도는 됩니다. 전체적으로 무난하면서도 기분 좋게 마무리할 수 있었어요. 개인적으로는 너무 과하지 않은 점이 마음에 들었어요.",애플 후기 남겨보면 처음엔 반신반의했지만 써볼수록 편한 점이 많았어요. 아쉬운 부분도 있지만 재구매를 고민할 정도는 됩니다. 전체적으로 무난하면서도 기분 좋게 마무리할 수 있었어요. 개인적으로는 너무 과하지 않은 점이 마음에 들었어요.,1,AI_v1,102,131,4,25.5,3.278719262151,53,19,12,6,1,9,0.3584905660377358,0.22641509433962265,0.11320754716981132,0.018867924528301886,0.16981132075471697,0.18627450980392157,0.08823529411764706,0,0,4,0,0,0,0.0392156862745098
[연말정산] 연말정산 준비하기_연금계좌세액공제,전문_정보,책에 보니 연금은 추가 납입을 하는게 이득이라고해서 작은 금액으로 들고 2020년 부터는 추가 납입을... 금액이 연말정산에 세액공제도 된다고 하니 퇴직연금 수익성이 낮다고 해도 이득이라는 생각에 매월... ,책에 보니 연금은 추가 납입을 하는게 이득이라고해서 작은 금액으로 들고 2020년 부터는 추가 납입을. 금액이 연말정산에 세액공제도 된다고 하니 퇴직연금 수익성이 낮다고 해도 이득이라는 생각에 매월.,0,Human,86,111,2,43.0,1.0,44,20,5,2,0,12,0.45454545454545453,0.11363636363636363,0.045454545454545456,0.0,0.2727272727272727,0.23255813953488372,0.13953488372093023,0,0,2,0,0,0,0.023255813953488372
아이폰11프로  케이스 (내돈내산),상품_리뷰,"아이폰11프로 사진 찍어두고 비교해봤다. 실제 색감이나 느낌은 화면이랑 조금 달랐고, 쓰다 보니 익숙해졌다. 기록용으로 남겨둠. 급하게 정한 일정치고는 나쁘지 않았다. 시간 맞으면 한 번쯤 들를만함. 기대치를 낮추고 가면 무난한 정도.",아이폰11프로 사진 찍어두고 비교해봤다. 실제 색감이나 느낌은 화면이랑 조금 달랐고 쓰다 보니 익숙해졌다. 기록용으로 남겨둠. 급하게 정한 일정치고는 나쁘지 않았다. 시간 맞으면 한 번쯤 들를만함. 기대치를 낮추고 가면 무난한 정도.,1,AI_v2,101,130,6,16.833333333333332,5.899623340142619,53,20,13,3,0,8,0.37735849056603776,0.24528301886792453,0.05660377358490566,0.0,0.1509433962264151,0.19801980198019803,0.07920792079207921,0,0,6,0,0,0,0.0594059405940594
[강남역 맛집] 출간기념으로 강남역 한식 맛집 매우매오 방문!... ,맛집_리뷰,"출간기념으로 한식 먹고 옴. 사람 많고 조금 정신없었지만 음식은 괜찮았다. 가격은 보통, 위치는 편한 편이라 약속 전후로 들르기 좋음. 사진은 몇 장 찍었는데 정리는 나중에 해야겠다. 엄청난 건 아니고 그냥 기록용.",출간기념으로 한식 먹고 옴. 사람 많고 조금 정신없었지만 음식은 괜찮았다. 가격은 보통 위치는 편한 편이라 약속 전후로 들르기 좋음. 사진은 몇 장 찍었는데 정리는 나중에 해야겠다. 엄청난 건 아니고 그냥 기록용.,1,AI_v2,89,119,5,17.8,4.578209256903839,49,23,5,7,0,9,0.46938775510204084,0.10204081632653061,0.14285714285714285,0.0,0.1836734693877551,0.25842696629213485,0.10112359550561797,0,0,5,0,0,0,0.056179775280898875
2020년 연말정산 소득공제 개정세법 총정리,전문_정보,"오늘은 연말정산 소득공제에 대해 짧게 남겨봅니다. 큰 기대 없이 시작했는데 생각보다 만족스러웠고, 다음에도 비슷하게 해보고 싶어요. 처음 가보는 분들도 크게 부담 없이 즐길 수 있을 것 같아요. 사진으로 남겨두기에도 괜찮아서 기억에 오래 남을 것 같아요.",오늘은 연말정산 소득공제에 대해 짧게 남겨봅니다. 큰 기대 없이 시작했는데 생각보다 만족스러웠고 다음에도 비슷하게 해보고 싶어요. 처음 가보는 분들도 크게 부담 없이 즐길 수 있을 것 같아요. 사진으로 남겨두기에도 괜찮아서 기억에 오래 남을 것 같아요.,1,AI_v1,107,141,4,26.75,4.968651728587948,52,19,9,7,3,9,0.36538461538461536,0.17307692307692307,0.1346153846153846,0.057692307692307696,0.17307692307692307,0.17757009345794392,0.08411214953271028,2,0,4,0,0,0,0.037383177570093455
"2019년 8월 13일 강남역 맛집, VERA PIZZA SPC스퀘어점... ",맛집_리뷰,"2층에서 스파게티 시키면서 피자 L를 같이 시킬 수 있고 M 사이즈는 1층에 가서 직접 주문하고 갖고와야 한다 스파게티는 16,000원 피자는 8,500원 피자는 못찍었는데 화덕피자로 맛있다 다시 가서... ",2층에서 스파게티 시키면서 피자 L를 같이 시킬 수 있고 M 사이즈는 1층에 가서 직접 주문하고 갖고와야 한다 스파게티는 16 000원 피자는 8 500원 피자는 못찍었는데 화덕피자로 맛있다 다시 가서.,0,Human,85,113,1,85.0,0.0,44,15,8,2,1,8,0.3409090909090909,0.18181818181818182,0.045454545454545456,0.022727272727272728,0.18181818181818182,0.17647058823529413,0.09411764705882353,0,0,1,0,0,0,0.011764705882352941
"강남역맛집, 강남회전초밥을 찾는다면 강남 스시오 추천!",맛집_리뷰,"강남역 맛집, 강남 회전초밥 스시오 동생이 스시를 정말 좋아하는데 오랜만에 강남역쪽에 위치한... 서울시 강남구 역삼동 820-5 B1층 연락처 ) 02-538-9967 영업시간) 매일 11:00 - 22:00 into the SSOO, 2019년을... ",강남역 맛집 강남 회전초밥 스시오 동생이 스시를 정말 좋아하는데 오랜만에 강남역쪽에 위치한. 서울시 강남구 역삼동 820 5 B1층 연락처 02 538 9967 영업시간 매일 11 00 22 00 into the SSOO 2019년을.,0,Human,100,131,2,50.0,10.0,46,21,0,1,0,5,0.45652173913043476,0.0,0.021739130434782608,0.0,0.10869565217391304,0.21,0.05,0,0,2,0,0,0,0.02
[강남역맛집] 속재료 듬뿍! 직접 만들어 먹는 타코 _ 낙원타코,맛집_리뷰,테이슈겐입니다 &gt;_&lt; 이쁘니들이랑 퇴근하고 강남에서 저녁먹기로 해서~! 낙원타코 다녀왔어요~! 방문일자 : 2019년 11월 07일 목요일 귀요미들과 함께 간 그곳 ' -')/ 어둑한 조명에 인테리어 뭔가 갬성충만해따... ,테이슈겐입니다 이쁘니들이랑 퇴근하고 강남에서 저녁먹기로 해서~! 낙원타코 다녀왔어요~! 방문일자 2019년 11월 07일 목요일 귀요미들과 함께 간 그곳 어둑한 조명에 인테리어 뭔가 갬성충만해따.,0,Human,88,109,3,29.333333333333332,14.704496666741854,44,21,4,2,1,6,0.4772727272727273,0.09090909090909091,0.045454545454545456,0.022727272727272728,0.13636363636363635,0.23863636363636365,0.06818181818181818,0,0,1,2,0,2,0.056818181818181816
2020년 연말정산 _ 소득세액공제신고서 작성법_동영상,전문_정보,"2020년 연말정산부터 항목별 공제금액 의료비란에 , 안경(카드결제건)과 실손보험에서 수령한 보상액이 함께 조회됩니다. 단, 안경구입건은 의료비 항목 조회 화면 상세내역 우측상단에 [안경구매정보]... ",2020년 연말정산부터 항목별 공제금액 의료비란에 안경 카드결제건 과 실손보험에서 수령한 보상액이 함께 조회됩니다. 단 안경구입건은 의료비 항목 조회 화면 상세내역 우측상단에 안경구매정보 .,0,Human,84,106,2,42.0,10.0,47,33,1,0,1,7,0.7021276595744681,0.02127659574468085,0.0,0.02127659574468085,0.14893617021276595,0.39285714285714285,0.08333333333333333,0,0,2,0,0,0,0.023809523809523808
2019년 8월 16일 강남역 맛집 SPC스퀘어 그릭슈바인,맛집_리뷰,8월 기록. 자리 간격은 넓진 않았고 음식은 바로 먹기 괜찮았다. 막 특별하진 않은데 배고플 때 들르면 나쁘지 않은 정도. 급하게 정한 일정치고는 나쁘지 않았다. 급하게 정한 일정치고는 나쁘지 않았다. 다음엔 다른 메뉴도 봐야 할 듯.,8월 기록. 자리 간격은 넓진 않았고 음식은 바로 먹기 괜찮았다. 막 특별하진 않은데 배고플 때 들르면 나쁘지 않은 정도. 급하게 정한 일정치고는 나쁘지 않았다. 급하게 정한 일정치고는 나쁘지 않았다. 다음엔 다른 메뉴도 봐야 할 듯.,1,AI_v2,97,131,6,16.166666666666668,6.011562932290478,49,17,8,9,0,8,0.3469387755102041,0.16326530612244897,0.1836734693877551,0.0,0.16326530612244897,0.17525773195876287,0.08247422680412371,0,0,6,0,0,0,0.061855670103092786
내돈내산 : 아이폰11 프로맥스 케이스 &quot;제로스킨&quot; 솔직후기,상품_리뷰,옹이에유 ♡ 옹은 20년 4월 11일에 아이폰 11 pro max로 핸드폰을 바꿨음 (기존 아이폰 x에서 아이폰 11 프로맥스로 바꿈 으갹) 쨌든 폰을 바꿨으니 핸드폰케이스도 당연히 사야겠쥬? 그래서 폭풍검색하다가... ,옹이에유 옹은 20년 4월 11일에 아이폰 11 pro max로 핸드폰을 바꿨음 기존 아이폰 x에서 아이폰 11 프로맥스로 바꿈 으갹 쨌든 폰을 바꿨으니 핸드폰케이스도 당연히 사야겠쥬? 그래서 폭풍검색하다가.,0,Human,90,116,2,45.0,34.0,45,20,4,1,1,7,0.4444444444444444,0.08888888888888889,0.022222222222222223,0.022222222222222223,0.15555555555555556,0.2222222222222222,0.07777777777777778,0,0,1,0,1,0,0.022222222222222223
2020년 연말정산 '부동산공제',전문_정보,연말정산 때문에 하루가 조금 정신없었다. 막 큰일은 아닌데 은근 신경 쓰임. 그래도 지나고 나니 별거 아니긴 하다. 사진은 몇 장 찍었는데 정리는 나중에 해야겠다. 다음엔 다른 메뉴도 봐야 할 듯. 급하게 정한 일정치고는 나쁘지 않았다.,연말정산 때문에 하루가 조금 정신없었다. 막 큰일은 아닌데 은근 신경 쓰임. 그래도 지나고 나니 별거 아니긴 하다. 사진은 몇 장 찍었는데 정리는 나중에 해야겠다. 다음엔 다른 메뉴도 봐야 할 듯. 급하게 정한 일정치고는 나쁘지 않았다.,1,AI_v2,98,132,6,16.333333333333332,2.357022603955158,52,22,8,5,1,10,0.4230769230769231,0.15384615384615385,0.09615384615384616,0.019230769230769232,0.19230769230769232,0.22448979591836735,0.10204081632653061,0,0,6,0,0,0,0.061224489795918366
[일상-맛집] 강남역 맛집 땀땀 (단골인의 찐 리뷰),맛집_리뷰,강남역은 가볍게 들른 곳인데 은근 기억에 남았어요. 메뉴가 깔끔하고 직원분들도 친절해서 편하게 먹고 왔습니다. 재방문 의사 있어요. 짧게 들렀지만 생각보다 알차게 시간을 보냈어요. 처음 가보는 분들도 크게 부담 없이 즐길 수 있을 것 같아요.,강남역은 가볍게 들른 곳인데 은근 기억에 남았어요. 메뉴가 깔끔하고 직원분들도 친절해서 편하게 먹고 왔습니다. 재방문 의사 있어요. 짧게 들렀지만 생각보다 알차게 시간을 보냈어요. 처음 가보는 분들도 크게 부담 없이 즐길 수 있을 것 같아요.,1,AI_v1,102,135,5,20.4,5.953150426454887,50,17,8,9,1,8,0.34,0.16,0.18,0.02,0.16,0.16666666666666666,0.0784313725490196,1,0,5,0,0,0,0.049019607843137254
2020년 신용카드 연말정산 (세액공제) 이것만 알아도 13월의... ,전문_정보,신용카드 관련해서 그냥 남겨둠. 별일은 아니었는데 지나고 보니 기억날 것 같아서 적는다. 이런 날도 있었지 하는 정도. 시간 맞으면 한 번쯤 들를만함. 시간 맞으면 한 번쯤 들를만함. 딱히 특별하진 않은데 기억은 남는 편이다.,신용카드 관련해서 그냥 남겨둠. 별일은 아니었는데 지나고 보니 기억날 것 같아서 적는다. 이런 날도 있었지 하는 정도. 시간 맞으면 한 번쯤 들를만함. 시간 맞으면 한 번쯤 들를만함. 딱히 특별하진 않은데 기억은 남는 편이다.,1,AI_v2,94,126,6,15.666666666666666,4.189935029992179,49,15,16,6,0,4,0.30612244897959184,0.32653061224489793,0.12244897959183673,0.0,0.08163265306122448,0.1595744680851064,0.0425531914893617,0,0,6,0,0,0,0.06382978723404255
아이폰11pro 애플 정품 스마트 배터리 케이스 / 내돈내산... ,상품_리뷰,아이폰 11Pro 스마트 배터리 케이스 애플 정품 배터리 케이스 내돈내산 후기 아이폰11pro로 바꾸면서 예전부터 구입하고 싶었던 스마트배터리케이스를 쿠팡 로켓배송으로 바로 구매했어요! 화이트 / 블랙... ,아이폰 11Pro 스마트 배터리 케이스 애플 정품 배터리 케이스 내돈내산 후기 아이폰11pro로 바꾸면서 예전부터 구입하고 싶었던 스마트배터리케이스를 쿠팡 로켓배송으로 바로 구매했어요! 화이트 블랙.,0,Human,89,111,2,44.5,38.5,40,25,3,0,0,4,0.625,0.075,0.0,0.0,0.1,0.2808988764044944,0.0449438202247191,1,0,1,1,0,0,0.02247191011235955
강남역 맛집- 옛터 남도밥상  솔직후기,맛집_리뷰,2019년 7월초.... 코엑스 출장중.. 방문했던 강남역 맛집 &quot;옛터&quot; 솔직히 강남이라 ... 맛을 기대 하지 않았는데 진짜 착한가격에 음식이 담백하고 맛있었다 강남역 착한맛집으로 인정... ,2019년 7월초. 코엑스 출장중. 방문했던 강남역 맛집 옛터 솔직히 강남이라 . 맛을 기대 하지 않았는데 진짜 착한가격에 음식이 담백하고 맛있었다 강남역 착한맛집으로 인정.,0,Human,75,97,4,18.75,13.083864108129525,37,15,3,5,0,5,0.40540540540540543,0.08108108108108109,0.13513513513513514,0.0,0.13513513513513514,0.2,0.06666666666666667,0,0,4,0,0,0,0.05333333333333334
2019년 10월에 열리는 축제!,맛집_리뷰,서울 디저트페어 할로윈 국내 최대로 매 달 열리는 디저트쇼인데 2019년 10월에는 할로윈 컨셉의... 서초동맛집 #강남역맛집 #가성비갑 #10월축제 #교보타워주변 #신논현역 #가까이위치한 #테이블나인을... ,서울 디저트페어 할로윈 국내 최대로 매 달 열리는 디저트쇼인데 2019년 10월에는 할로윈 컨셉의. 서초동맛집,0,Human,48,61,2,24.0,18.5,21,14,1,0,0,2,0.6666666666666666,0.047619047619047616,0.0,0.0,0.09523809523809523,0.2916666666666667,0.041666666666666664,0,0,1,0,0,0,0.020833333333333332
강남역 맛집- 지파이 &lt;대만간식 &gt; 리얼 솔직후기 &amp; 타이거 슈가... ,맛집_리뷰,2019년 7월초 .. 강남역 지파이 &amp; 타이거 슈가 방문하다. ※치킨을 워낙 좋아해서 방문하게 된 지파이..진짜 기대 안하고 갔는데 기대이상으로 맛있었다 오리지널 지파이가 더 맛있을줄 알았는데. 완전 반전 ㅋㅋ... ,2019년 7월초 . 강남역 지파이 타이거 슈가 방문하다. 치킨을 워낙 좋아해서 방문하게 된 지파이.진짜 기대 안하고 갔는데 기대이상으로 맛있었다 오리지널 지파이가 더 맛있을줄 알았는데. 완전 반전 .,0,Human,86,112,5,17.2,11.408768557561329,45,19,5,3,0,4,0.4222222222222222,0.1111111111111111,0.06666666666666667,0.0,0.08888888888888889,0.22093023255813954,0.046511627906976744,0,0,5,0,0,0,0.05813953488372093
"2020년 연말정산, 달라진 공제항목은?",전문_정보,"2020년부터는 연말정산 시, 달라지는 공제항목이 많습니다. 오늘 이에 대해 알아보겠습니다. 1. 미술관 &amp; 박물관 입장료, 신용카드 소득공제 가능 handywicaksono, 출처 Unsplash 2019년 7월 1이후부터 박물관... ",2020년부터는 연말정산 시 달라지는 공제항목이 많습니다. 오늘 이에 대해 알아보겠습니다. 1. 미술관 박물관 입장료 신용카드 소득공제 가능 handywicaksono 출처 Unsplash 2019년 7월 1이후부터 박물관.,0,Human,102,125,4,25.5,21.266170318136737,35,15,2,1,0,3,0.42857142857142855,0.05714285714285714,0.02857142857142857,0.0,0.08571428571428572,0.14705882352941177,0.029411764705882353,0,0,4,0,0,0,0.0392156862745098
늦은 아이폰 11 화이트 내돈내산 후기,상품_리뷰,"늦은 후기 남겨보면, 처음엔 반신반의했지만 써볼수록 편한 점이 많았어요. 아쉬운 부분도 있지만 재구매를 고민할 정도는 됩니다. 개인적으로는 너무 과하지 않은 점이 마음에 들었어요. 사진으로 남겨두기에도 괜찮아서 기억에 오래 남을 것 같아요.",늦은 후기 남겨보면 처음엔 반신반의했지만 써볼수록 편한 점이 많았어요. 아쉬운 부분도 있지만 재구매를 고민할 정도는 됩니다. 개인적으로는 너무 과하지 않은 점이 마음에 들었어요. 사진으로 남겨두기에도 괜찮아서 기억에 오래 남을 것 같아요.,1,AI_v1,103,133,4,25.75,3.2691742076555053,55,18,12,6,2,12,0.32727272727272727,0.21818181818181817,0.10909090909090909,0.03636363636363636,0.21818181818181817,0.17475728155339806,0.11650485436893204,1,0,4,0,0,0,0.038834951456310676
아이폰11프로 미드나인트... 실버 색상 구입 후기 !! (내돈내산),상품_리뷰,"아이폰11프로 미드나인트 그린, 실버 색상 구입 후기 !! (내돈내산) #아이폰11프로구입후기 #내돈내산... https://www.apple.com/kr/iphone-11-pro/ #아이폰11프로 주문해도 생각보다 많이 시간 걸리지 않아 빨리 받아 볼... ",아이폰11프로 미드나인트 그린 실버 색상 구입 후기 ! 내돈내산 주문해도 생각보다 많이 시간 걸리지 않아 빨리 받아 볼.,0,Human,50,67,2,25.0,2.0,28,15,4,0,2,2,0.5357142857142857,0.14285714285714285,0.0,0.07142857142857142,0.07142857142857142,0.3,0.04,0,0,1,1,0,0,0.04
아이폰11 졸귀탱 그립톡 추천 (내돈내산),상품_리뷰,아이폰11 구매 후 필름 케이스 그립톡 등을 구매했어요ㅎㅎ 아이폰7쓰다가 쓰니까 아무래도 핸드폰 사이즈가 커서 그립톡 붙여 놓으니 훨 편하더라구요!!! 내 소듕한 핸드폰 떨어뜨리면... ,아이폰11 구매 후 필름 케이스 그립톡 등을 구매했어요 아이폰7쓰다가 쓰니까 아무래도 핸드폰 사이즈가 커서 그립톡 붙여 놓으니 훨 편하더라구요! 내 소듕한 핸드폰 떨어뜨리면.,0,Human,75,97,2,37.5,24.5,34,17,8,1,1,3,0.5,0.23529411764705882,0.029411764705882353,0.029411764705882353,0.08823529411764706,0.22666666666666666,0.04,1,0,1,1,0,0,0.02666666666666667
2020년 세법개정안 핵심 연말정산 비과세 세액감면공제,전문_정보,세법개정안을 하면서 오랜만에 여유를 느꼈어요. 바쁜 와중에 잠깐 쉬어가는 시간이 생긴 것 같아서 꽤 괜찮은 하루였답니다. 전체적으로 무난하면서도 기분 좋게 마무리할 수 있었어요. 개인적으로는 너무 과하지 않은 점이 마음에 들었어요.,세법개정안을 하면서 오랜만에 여유를 느꼈어요. 바쁜 와중에 잠깐 쉬어가는 시간이 생긴 것 같아서 꽤 괜찮은 하루였답니다. 전체적으로 무난하면서도 기분 좋게 마무리할 수 있었어요. 개인적으로는 너무 과하지 않은 점이 마음에 들었어요.,1,AI_v1,100,129,4,25.0,3.7416573867739413,50,18,10,5,1,9,0.36,0.2,0.1,0.02,0.18,0.18,0.09,1,0,4,0,0,0,0.04
"[강남역 맛집] 따뜻한 국물이 먹고 싶어서 간, 딘타이펑 강남점",맛집_리뷰,따뜻한 국물이 기록. 자리 간격은 넓진 않았고 음식은 바로 먹기 괜찮았다. 막 특별하진 않은데 배고플 때 들르면 나쁘지 않은 정도. 딱히 특별하진 않은데 기억은 남는 편이다. 사람이 좀 있어서 조용한 느낌은 아니었음.,따뜻한 국물이 기록. 자리 간격은 넓진 않았고 음식은 바로 먹기 괜찮았다. 막 특별하진 않은데 배고플 때 들르면 나쁘지 않은 정도. 딱히 특별하진 않은데 기억은 남는 편이다. 사람이 좀 있어서 조용한 느낌은 아니었음.,1,AI_v2,90,121,5,18.0,4.9396356140913875,44,15,6,11,0,7,0.3409090909090909,0.13636363636363635,0.25,0.0,0.1590909090909091,0.16666666666666666,0.07777777777777778,0,0,5,0,0,0,0.05555555555555555
"2020년 완전 달라진 연말정산 총정리, 세금(소득공제)... ",전문_정보,완전 달라진은 별일 아닌 듯해도 막상 겪어보니 나름 의미가 있었어요. 작은 변화였지만 하루 분위기가 달라져서 기분 좋게 마무리했답니다. 짧게 들렀지만 생각보다 알차게 시간을 보냈어요. 처음 가보는 분들도 크게 부담 없이 즐길 수 있을 것 같아요.,완전 달라진은 별일 아닌 듯해도 막상 겪어보니 나름 의미가 있었어요. 작은 변화였지만 하루 분위기가 달라져서 기분 좋게 마무리했답니다. 짧게 들렀지만 생각보다 알차게 시간을 보냈어요. 처음 가보는 분들도 크게 부담 없이 즐길 수 있을 것 같아요.,1,AI_v1,103,137,4,25.75,3.418698582794336,49,19,11,8,1,5,0.3877551020408163,0.22448979591836735,0.16326530612244897,0.02040816326530612,0.10204081632653061,0.18446601941747573,0.04854368932038835,2,0,4,0,0,0,0.038834951456310676
"[2020 연말정산]연금계좌 세액공제(연금저축, IRP, 퇴직연금... ",전문_정보,"공제한도는 400만원이고, 퇴직연금(IRP)을 합치면 700만원까지 공제 받을 수 있습니다. 2020년부터는... 부분까지 연말정산 세액공제 대상이라고 생각하는 분들이 있는데요. 회사에서 퇴직금으로 넣어주는... ",공제한도는 400만원이고 퇴직연금 IRP 을 합치면 700만원까지 공제 받을 수 있습니다. 2020년부터는. 부분까지 연말정산 세액공제 대상이라고 생각하는 분들이 있는데요. 회사에서 퇴직금으로 넣어주는.,0,Human,92,113,4,23.0,12.267844146385297,42,15,3,2,0,8,0.35714285714285715,0.07142857142857142,0.047619047619047616,0.0,0.19047619047619047,0.16304347826086957,0.08695652173913043,0,0,4,0,0,0,0.043478260869565216
연말정산 의료비 공제에서 실비보험 제외(실손의료보험금 자료... ,전문_정보,"요즘 연말정산 때문에 생각이 많았는데, 직접 해보니 생각보다 어렵지 않았어요. 천천히 정리하니 마음도 조금 편해진 느낌입니다. 사진으로 남겨두기에도 괜찮아서 기억에 오래 남을 것 같아요. 개인적으로는 너무 과하지 않은 점이 마음에 들었어요.",요즘 연말정산 때문에 생각이 많았는데 직접 해보니 생각보다 어렵지 않았어요. 천천히 정리하니 마음도 조금 편해진 느낌입니다. 사진으로 남겨두기에도 괜찮아서 기억에 오래 남을 것 같아요. 개인적으로는 너무 과하지 않은 점이 마음에 들었어요.,1,AI_v1,103,133,4,25.75,4.548351349665063,51,19,7,6,3,11,0.37254901960784315,0.13725490196078433,0.11764705882352941,0.058823529411764705,0.21568627450980393,0.18446601941747573,0.10679611650485436,1,0,4,0,0,0,0.038834951456310676
강남역 맛집 바비레드에서 파스타먹고왔어요!,맛집_리뷰,바비레드에서에서 밥 먹었다. 맛은 자극적이지 않았고 가격도 요즘 기준으로는 평범했다. 근처 약속 있을 때 한 끼 해결하기 괜찮은 곳. 사진은 몇 장 찍었는데 정리는 나중에 해야겠다. 다음엔 다른 메뉴도 봐야 할 듯. 사람이 좀 있어서 조용한 느낌은 아니었음.,바비레드에서에서 밥 먹었다. 맛은 자극적이지 않았고 가격도 요즘 기준으로는 평범했다. 근처 약속 있을 때 한 끼 해결하기 괜찮은 곳. 사진은 몇 장 찍었는데 정리는 나중에 해야겠다. 다음엔 다른 메뉴도 봐야 할 듯. 사람이 좀 있어서 조용한 느낌은 아니었음.,1,AI_v2,107,144,6,17.833333333333332,4.13991411612474,60,26,8,6,0,13,0.43333333333333335,0.13333333333333333,0.1,0.0,0.21666666666666667,0.24299065420560748,0.12149532710280374,0,0,6,0,0,0,0.056074766355140186
강남역맛집 : 어글리스토브!,맛집_리뷰,어글리스토브!은 사진으로 봤던 느낌이랑 비슷했다. 음식 비주얼은 괜찮고 양도 보통. 먹다 보니 금방 배불러서 남길 뻔했다. 엄청난 건 아니고 그냥 기록용. 다음엔 다른 메뉴도 봐야 할 듯. 이런 곳도 있었네 싶었다.,어글리스토브!은 사진으로 봤던 느낌이랑 비슷했다. 음식 비주얼은 괜찮고 양도 보통. 먹다 보니 금방 배불러서 남길 뻔했다. 엄청난 건 아니고 그냥 기록용. 다음엔 다른 메뉴도 봐야 할 듯. 이런 곳도 있었네 싶었다.,1,AI_v2,90,120,7,12.857142857142858,2.899683304312063,47,20,8,8,0,4,0.425531914893617,0.1702127659574468,0.1702127659574468,0.0,0.0851063829787234,0.2222222222222222,0.044444444444444446,0,0,6,1,0,0,0.07777777777777778
아이폰11Pro Max 256G 구입 // 이마트 24개월 무이자행사,상품_리뷰,"아이폰11Pro Max 사용해봄. 장점은 간단하고 단점은 기대보다 평범하다는 것. 그래도 당장 쓰기엔 문제 없고, 재구매는 조금 더 봐야 할 듯. 다음엔 다른 메뉴도 봐야 할 듯. 기대치를 낮추고 가면 무난한 정도.",아이폰11Pro Max 사용해봄. 장점은 간단하고 단점은 기대보다 평범하다는 것. 그래도 당장 쓰기엔 문제 없고 재구매는 조금 더 봐야 할 듯. 다음엔 다른 메뉴도 봐야 할 듯. 기대치를 낮추고 가면 무난한 정도.,1,AI_v2,89,119,5,17.8,4.069397989875161,49,20,8,3,1,8,0.40816326530612246,0.16326530612244897,0.061224489795918366,0.02040816326530612,0.16326530612244897,0.2247191011235955,0.0898876404494382,0,0,5,0,0,0,0.056179775280898875
후기 / 아이폰11프로 싸게 바꾸는법 (내돈내산/업체추천),상품_리뷰,아이폰은 너무 예쁜게많아ㅠㅠㅠ흐ㅡㄱ흑 이거... 어떻게 고르나요ㅠㅠㅠ으어엉 열심히... 막 올리면 내돈내산안믿으실까봐ㅠㅠㅠ 이렇게 알려드리구요! 진짜 바꾸실분들은 비댓주시면 번호알려드리겠습니다!... ,아이폰은 너무 예쁜게많아 흐 흑 이거. 어떻게 고르나요 으어엉 열심히. 막 올리면 내돈내산안믿으실까봐 이렇게 알려드리구요! 진짜 바꾸실분들은 비댓주시면 번호알려드리겠습니다!.,0,Human,79,97,4,19.75,4.55521678957215,40,12,8,3,4,3,0.3,0.2,0.075,0.1,0.075,0.1518987341772152,0.0379746835443038,0,0,3,2,0,0,0.06329113924050633
강남역 맛집 바비레드 재방문 후기,맛집_리뷰,"강남역 다녀왔는데 생각보다 분위기가 편해서 좋았어요. 음식도 깔끔하게 나와서 부담 없이 먹기 괜찮았고, 다음에 근처 가면 또 들러보고 싶더라고요. 짧게 들렀지만 생각보다 알차게 시간을 보냈어요. 사진으로 남겨두기에도 괜찮아서 기억에 오래 남을 것 같아요.",강남역 다녀왔는데 생각보다 분위기가 편해서 좋았어요. 음식도 깔끔하게 나와서 부담 없이 먹기 괜찮았고 다음에 근처 가면 또 들러보고 싶더라고요. 짧게 들렀지만 생각보다 알차게 시간을 보냈어요. 사진으로 남겨두기에도 괜찮아서 기억에 오래 남을 것 같아요.,1,AI_v1,109,141,4,27.25,6.456585785072479,49,18,7,8,2,10,0.3673469387755102,0.14285714285714285,0.16326530612244897,0.04081632653061224,0.20408163265306123,0.1651376146788991,0.09174311926605505,2,0,4,0,0,0,0.03669724770642202
"후기 (아이폰11프로 케이스... 두두케이스, 그립톡, 내돈내산)",상품_리뷰,"(아이폰11프로를 며칠 써봤다. 기능은 평범하지만 안정적이고, 크게 거슬리는 부분은 없었다. 필요한 사람한테는 괜찮은 선택일 듯. 이런 곳도 있었네 싶었다. 딱히 특별하진 않은데 기억은 남는 편이다. 사람이 좀 있어서 조용한 느낌은 아니었음.",아이폰11프로를 며칠 써봤다. 기능은 평범하지만 안정적이고 크게 거슬리는 부분은 없었다. 필요한 사람한테는 괜찮은 선택일 듯. 이런 곳도 있었네 싶었다. 딱히 특별하진 않은데 기억은 남는 편이다. 사람이 좀 있어서 조용한 느낌은 아니었음.,1,AI_v2,103,133,6,17.166666666666668,4.6338129248192805,52,17,7,11,0,9,0.3269230769230769,0.1346153846153846,0.21153846153846154,0.0,0.17307692307692307,0.1650485436893204,0.08737864077669903,0,0,6,0,0,0,0.05825242718446602
2020년 연말정산 의료비 공제 실손 보상금 제외,전문_정보,"이제 곧 13번째 월급을 받거나 토해낼 시기가 다가옵니다 전 조금 받고, 신랑은 많이 토해내겠죠 그런데 제가 좀 살펴보니 2020년 연말정산 의료비 공제 목록에 새로운 조항이 생겼더군요 이게 무슨 말이야? 왜?... ",이제 곧 13번째 월급을 받거나 토해낼 시기가 다가옵니다 전 조금 받고 신랑은 많이 토해내겠죠 그런데 제가 좀 살펴보니 2020년 연말정산 의료비 공제 목록에 새로운 조항이 생겼더군요 이게 무슨 말이야? 왜?.,0,Human,88,117,2,44.0,41.5,44,21,7,1,1,8,0.4772727272727273,0.1590909090909091,0.022727272727272728,0.022727272727272728,0.18181818181818182,0.23863636363636365,0.09090909090909091,0,0,1,0,2,0,0.03409090909090909
[by HK][강남역 맛집]강남역 라공방 본점,맛집_리뷰,강남역 라공방 2019년 최고 인싸음식으로 등극한 마라탕과 마라샹궈! 강남역 라공방을 빼놓고 말할 수... 하지만 마라샹궈를 먹게 된 후 &quot;강남역 최고 맛집=라공방&quot;이 되었다. 중국에 유학가는 친구 송별회(?)... ,강남역 라공방 2019년 최고 인싸음식으로 등극한 마라탕과 마라샹궈! 강남역 라공방을 빼놓고 말할 수. 하지만 마라샹궈를 먹게 된 후 강남역 최고 맛집 라공방이 되었다. 중국에 유학가는 친구 송별회 ? .,0,Human,86,114,4,21.5,7.8859051477937525,50,24,7,1,0,8,0.48,0.14,0.02,0.0,0.16,0.27906976744186046,0.09302325581395349,0,0,3,1,1,0,0.05813953488372093
2019년 7월 13일 토요일,맛집_리뷰,"7월 다녀왔는데 첫인상은 그냥 보통. 근데 먹다 보니 나쁘지 않았다. 소스가 조금 강해서 호불호 있을 듯하고, 나는 그럭저럭 괜찮았음. 이런 곳도 있었네 싶었다. 시간 맞으면 한 번쯤 들를만함. 기대치를 낮추고 가면 무난한 정도.",7월 다녀왔는데 첫인상은 그냥 보통. 근데 먹다 보니 나쁘지 않았다. 소스가 조금 강해서 호불호 있을 듯하고 나는 그럭저럭 괜찮았음. 이런 곳도 있었네 싶었다. 시간 맞으면 한 번쯤 들를만함. 기대치를 낮추고 가면 무난한 정도.,1,AI_v2,95,127,6,15.833333333333334,5.241395064505463,48,16,9,6,2,6,0.3333333333333333,0.1875,0.125,0.041666666666666664,0.125,0.16842105263157894,0.06315789473684211,0,0,6,0,0,0,0.06315789473684211
2020년 신용카드 연말정산 (세액공제) 이것만 알아도 13월의... ,전문_정보,찬바람이 불어 오면서 불현듯 생각나는 13월의 월급이 생각이 나네요~ 2020년 연말정산 ( 세액공제 )... 그래서 연말에 확인 절차를 걸치고 국세청이 이미 낸 소득세를 돌려주거나 덜 걷힌 세금을 다시 환수해... ,찬바람이 불어 오면서 불현듯 생각나는 13월의 월급이 생각이 나네요~ 2020년 연말정산 세액공제 . 그래서 연말에 확인 절차를 걸치고 국세청이 이미 낸 소득세를 돌려주거나 덜 걷힌 세금을 다시 환수해.,0,Human,86,113,2,43.0,1.0,43,19,7,0,2,9,0.4418604651162791,0.16279069767441862,0.0,0.046511627906976744,0.20930232558139536,0.22093023255813954,0.10465116279069768,0,0,2,0,0,1,0.03488372093023256
"강남역 맛집 바비레드 BOBIRED, 데이트코스로 강추!",맛집_리뷰,"바비레드를 먹었는데 양이 아주 많진 않아도 부족하진 않았다. 내부는 조금 바빴고, 음식은 깔끔한 편이라 크게 실패할 느낌은 아님. 가격은 막 싸진 않았고 위치는 찾기 쉬운 편. 가격은 막 싸진 않았고 위치는 찾기 쉬운 편.",바비레드를 먹었는데 양이 아주 많진 않아도 부족하진 않았다. 내부는 조금 바빴고 음식은 깔끔한 편이라 크게 실패할 느낌은 아님. 가격은 막 싸진 않았고 위치는 찾기 쉬운 편. 가격은 막 싸진 않았고 위치는 찾기 쉬운 편.,1,AI_v2,90,123,4,22.5,4.55521678957215,49,20,7,8,0,10,0.40816326530612246,0.14285714285714285,0.16326530612244897,0.0,0.20408163265306123,0.2222222222222222,0.1111111111111111,0,0,4,0,0,0,0.044444444444444446
블로그의 기본은 사진이다. 아이폰11 내돈내산 언박싱 후기,상품_리뷰,블로그의 기본은 써본 기록. 처음엔 별생각 없었는데 며칠 쓰다 보니 편한 부분이 있었다. 아쉬운 점도 조금 있지만 가격 생각하면 무난. 딱히 특별하진 않은데 기억은 남는 편이다. 딱히 특별하진 않은데 기억은 남는 편이다.,블로그의 기본은 써본 기록. 처음엔 별생각 없었는데 며칠 쓰다 보니 편한 부분이 있었다. 아쉬운 점도 조금 있지만 가격 생각하면 무난. 딱히 특별하진 않은데 기억은 남는 편이다. 딱히 특별하진 않은데 기억은 남는 편이다.,1,AI_v2,92,123,5,18.4,4.127953488110059,48,16,9,9,0,8,0.3333333333333333,0.1875,0.1875,0.0,0.16666666666666666,0.17391304347826086,0.08695652173913043,0,0,5,0,0,0,0.05434782608695652
[강남역맛집]9월 행사가격에 가성비좋은 저녁메뉴 매드포갈릭,맛집_리뷰,친구랑 강남역맛집 9월에 갔는데 전체적으로 무난해서 좋았어요. 음식 나오는 속도도 괜찮고 맛도 기대 이상이라 근처 맛집 찾는 분들께 추천드려요. 기대보다 편하게 즐길 수 있어서 만족스러운 시간이었답니다. 개인적으로는 너무 과하지 않은 점이 마음에 들었어요.,친구랑 강남역맛집 9월에 갔는데 전체적으로 무난해서 좋았어요. 음식 나오는 속도도 괜찮고 맛도 기대 이상이라 근처 맛집 찾는 분들께 추천드려요. 기대보다 편하게 즐길 수 있어서 만족스러운 시간이었답니다. 개인적으로는 너무 과하지 않은 점이 마음에 들었어요.,1,AI_v1,111,143,4,27.75,4.02336923485777,56,21,10,5,1,10,0.375,0.17857142857142858,0.08928571428571429,0.017857142857142856,0.17857142857142858,0.1891891891891892,0.09009009009009009,2,0,4,0,0,0,0.036036036036036036
[내돈내산] TRK 아이폰11 프로 후면 카메라 풀커버 강화유리,상품_리뷰,"내돈내산은 가볍게 써보기 좋은 제품이었어요. 기대를 너무 크게 하지 않으면 만족도가 높고, 실사용 기준으로는 꽤 괜찮게 느껴졌답니다. 짧게 들렀지만 생각보다 알차게 시간을 보냈어요. 다음에는 조금 더 여유 있게 다시 가보고 싶어요.",내돈내산은 가볍게 써보기 좋은 제품이었어요. 기대를 너무 크게 하지 않으면 만족도가 높고 실사용 기준으로는 꽤 괜찮게 느껴졌답니다. 짧게 들렀지만 생각보다 알차게 시간을 보냈어요. 다음에는 조금 더 여유 있게 다시 가보고 싶어요.,1,AI_v1,98,128,4,24.5,7.22841614740048,48,18,9,7,1,7,0.375,0.1875,0.14583333333333334,0.020833333333333332,0.14583333333333334,0.1836734693877551,0.07142857142857142,1,0,4,0,0,0,0.04081632653061224
2020년 연말정산 소득공제 달라진 점 알아보기!,전문_정보,연말정산 해봤다. 특별한 감상은 없고 그냥 해야 해서 한 느낌. 그래도 끝내고 나니 신경 쓰이던 게 하나 줄었다. 급하게 정한 일정치고는 나쁘지 않았다. 사진은 몇 장 찍었는데 정리는 나중에 해야겠다. 딱히 특별하진 않은데 기억은 남는 편이다.,연말정산 해봤다. 특별한 감상은 없고 그냥 해야 해서 한 느낌. 그래도 끝내고 나니 신경 쓰이던 게 하나 줄었다. 급하게 정한 일정치고는 나쁘지 않았다. 사진은 몇 장 찍었는데 정리는 나중에 해야겠다. 딱히 특별하진 않은데 기억은 남는 편이다.,1,AI_v2,101,136,6,16.833333333333332,4.099457958749614,50,17,12,6,1,8,0.34,0.24,0.12,0.02,0.16,0.16831683168316833,0.07920792079207921,0,0,6,0,0,0,0.0594059405940594
신용카드 연말정산 소득공제 2020년 한시적 혜택? 눈 가리고... ,전문_정보,신용카드 연말정산 관련해서 그냥 남겨둠. 별일은 아니었는데 지나고 보니 기억날 것 같아서 적는다. 이런 날도 있었지 하는 정도. 딱히 특별하진 않은데 기억은 남는 편이다. 사람이 좀 있어서 조용한 느낌은 아니었음.,신용카드 연말정산 관련해서 그냥 남겨둠. 별일은 아니었는데 지나고 보니 기억날 것 같아서 적는다. 이런 날도 있었지 하는 정도. 딱히 특별하진 않은데 기억은 남는 편이다. 사람이 좀 있어서 조용한 느낌은 아니었음.,1,AI_v2,90,119,5,18.0,3.794733192202055,43,13,10,9,0,6,0.3023255813953488,0.23255813953488372,0.20930232558139536,0.0,0.13953488372093023,0.14444444444444443,0.06666666666666667,0,0,5,0,0,0,0.05555555555555555
"연말정산 부양가족 인적공제 기준, 소득 및 나이 요건",전문_정보,어느덧 2020년도 열흘밖에 남지 않았으니까요. 그리고 각종 세금의 신고납부기간도 멈추지 않고... 부모님을 공제가족으로 연말정산에 반영했는지 잘 공유하지 않기 때문입니다. 따라서 연말연시를 이용해서... ,어느덧 2020년도 열흘밖에 남지 않았으니까요. 그리고 각종 세금의 신고납부기간도 멈추지 않고. 부모님을 공제가족으로 연말정산에 반영했는지 잘 공유하지 않기 때문입니다. 따라서 연말연시를 이용해서.,0,Human,89,110,4,22.25,7.119515432949071,45,18,8,2,0,7,0.4,0.17777777777777778,0.044444444444444446,0.0,0.15555555555555556,0.20224719101123595,0.07865168539325842,0,0,4,0,0,0,0.0449438202247191
쿠팡 아이폰 11 Pro Max 애플... 49% 할인값에 득템 내돈내산,상품_리뷰,쿠팡 사용해보니 처음 기대했던 것보다 만족도가 괜찮았어요. 큰 단점은 없었고 일상에서 쓰기 편해서 당분간 계속 써볼 생각입니다. 처음 가보는 분들도 크게 부담 없이 즐길 수 있을 것 같아요. 개인적으로는 너무 과하지 않은 점이 마음에 들었어요.,쿠팡 사용해보니 처음 기대했던 것보다 만족도가 괜찮았어요. 큰 단점은 없었고 일상에서 쓰기 편해서 당분간 계속 써볼 생각입니다. 처음 가보는 분들도 크게 부담 없이 즐길 수 있을 것 같아요. 개인적으로는 너무 과하지 않은 점이 마음에 들었어요.,1,AI_v1,102,136,4,25.5,2.29128784747792,53,22,8,7,2,8,0.41509433962264153,0.1509433962264151,0.1320754716981132,0.03773584905660377,0.1509433962264151,0.21568627450980393,0.0784313725490196,1,0,4,0,0,0,0.0392156862745098
2020년 연말정산 아동수당 때문에 자녀세액공제가 없어졌다.... ,전문_정보,연말정산 아동수당 때문에 하루가 조금 정신없었다. 막 큰일은 아닌데 은근 신경 쓰임. 그래도 지나고 나니 별거 아니긴 하다. 이런 곳도 있었네 싶었다. 다음엔 다른 메뉴도 봐야 할 듯. 시간 맞으면 한 번쯤 들를만함. 다음에 비슷한 상황이면 다시 떠올릴 것 같긴 하다.,연말정산 아동수당 때문에 하루가 조금 정신없었다. 막 큰일은 아닌데 은근 신경 쓰임. 그래도 지나고 나니 별거 아니긴 하다. 이런 곳도 있었네 싶었다. 다음엔 다른 메뉴도 봐야 할 듯. 시간 맞으면 한 번쯤 들를만함. 다음에 비슷한 상황이면 다시 떠올릴 것 같긴 하다.,1,AI_v2,110,150,7,15.714285714285714,3.917516914514883,59,26,11,7,1,6,0.4406779661016949,0.1864406779661017,0.11864406779661017,0.01694915254237288,0.1016949152542373,0.23636363636363636,0.05454545454545454,0,0,7,0,0,0,0.06363636363636363
연말정산 부양가족 인적공제 기준 간단합니다!,전문_정보,연말정산 기록. 특별한 건 없고 그냥 그런 하루였다. 그래도 남겨두면 나중에 다시 볼 때 생각날 것 같음. 기대치를 낮추고 가면 무난한 정도. 시간 맞으면 한 번쯤 들를만함. 기대치를 낮추고 가면 무난한 정도. 다음에 비슷한 상황이면 다시 떠올릴 것 같긴 하다.,연말정산 기록. 특별한 건 없고 그냥 그런 하루였다. 그래도 남겨두면 나중에 다시 볼 때 생각날 것 같음. 기대치를 낮추고 가면 무난한 정도. 시간 맞으면 한 번쯤 들를만함. 기대치를 낮추고 가면 무난한 정도. 다음에 비슷한 상황이면 다시 떠올릴 것 같긴 하다.,1,AI_v2,107,146,7,15.285714285714286,4.462999814803802,60,26,11,6,1,6,0.43333333333333335,0.18333333333333332,0.1,0.016666666666666666,0.1,0.24299065420560748,0.056074766355140186,0,0,7,0,0,0,0.06542056074766354
"2020년, 달라지는 연말정산 총정리",전문_정보,"연말정산 대상도 2020년 1월 1일 정산분부터 가능합니다. 주택청약종합저축 과세특례 적용 기한 연장 주택청약종합저축 납입액 소득공제는 총 급여 7,000만 원 이하 무주택 세대주가 해당 과세기간에... ",연말정산 대상도 2020년 1월 1일 정산분부터 가능합니다. 주택청약종합저축 과세특례 적용 기한 연장 주택청약종합저축 납입액 소득공제는 총 급여 7 000만 원 이하 무주택 세대주가 해당 과세기간에.,0,Human,87,111,2,43.5,16.5,42,28,0,1,0,5,0.6666666666666666,0.0,0.023809523809523808,0.0,0.11904761904761904,0.3218390804597701,0.05747126436781609,0,0,2,0,0,0,0.022988505747126436
강남역 맛집 바비레드 BTS팝업스토어 근처맛집 강남역 핫플,맛집_리뷰,강남역에서 식사했는데 분위기가 너무 시끄럽지 않아 편했어요. 대표 메뉴가 깔끔했고 가격도 크게 부담스럽지 않아서 한 번쯤 가볼 만했답니다. 기대보다 편하게 즐길 수 있어서 만족스러운 시간이었답니다. 처음 가보는 분들도 크게 부담 없이 즐길 수 있을 것 같아요.,강남역에서 식사했는데 분위기가 너무 시끄럽지 않아 편했어요. 대표 메뉴가 깔끔했고 가격도 크게 부담스럽지 않아서 한 번쯤 가볼 만했답니다. 기대보다 편하게 즐길 수 있어서 만족스러운 시간이었답니다. 처음 가보는 분들도 크게 부담 없이 즐길 수 있을 것 같아요.,1,AI_v1,110,145,4,27.5,3.3541019662496847,52,19,10,8,2,7,0.36538461538461536,0.19230769230769232,0.15384615384615385,0.038461538461538464,0.1346153846153846,0.17272727272727273,0.06363636363636363,4,0,4,0,0,0,0.03636363636363636
강남역 / 하이디라오 / 훠궈 / 2019.10.02,맛집_리뷰,강남역 하이디라오에서 식사했는데 분위기가 너무 시끄럽지 않아 편했어요. 대표 메뉴가 깔끔했고 가격도 크게 부담스럽지 않아서 한 번쯤 가볼 만했답니다. 짧게 들렀지만 생각보다 알차게 시간을 보냈어요. 다음에는 조금 더 여유 있게 다시 가보고 싶어요. 사진으로 남겨두기에도 괜찮아서 기억에 오래 남을 것 같아요.,강남역 하이디라오에서 식사했는데 분위기가 너무 시끄럽지 않아 편했어요. 대표 메뉴가 깔끔했고 가격도 크게 부담스럽지 않아서 한 번쯤 가볼 만했답니다. 짧게 들렀지만 생각보다 알차게 시간을 보냈어요. 다음에는 조금 더 여유 있게 다시 가보고 싶어요. 사진으로 남겨두기에도 괜찮아서 기억에 오래 남을 것 같아요.,1,AI_v1,132,172,5,26.4,5.388877434122992,63,24,11,8,2,12,0.38095238095238093,0.1746031746031746,0.12698412698412698,0.031746031746031744,0.19047619047619047,0.18181818181818182,0.09090909090909091,3,0,5,0,0,0,0.03787878787878788
[강남역 맛집/강남역 파스타] 이름없는파스타(2),맛집_리뷰,"이름없는파스타 쪽은 사람이 꽤 많았다. 메뉴판 보고 고르는데 가격대는 평범했고, 음식은 간이 센 편. 웨이팅 싫으면 애매한 시간에 가는 게 나을 듯. 다음엔 다른 메뉴도 봐야 할 듯. 급하게 정한 일정치고는 나쁘지 않았다.",이름없는파스타 쪽은 사람이 꽤 많았다. 메뉴판 보고 고르는데 가격대는 평범했고 음식은 간이 센 편. 웨이팅 싫으면 애매한 시간에 가는 게 나을 듯. 다음엔 다른 메뉴도 봐야 할 듯. 급하게 정한 일정치고는 나쁘지 않았다.,1,AI_v2,91,123,5,18.2,3.919183588453085,51,22,7,7,0,9,0.43137254901960786,0.13725490196078433,0.13725490196078433,0.0,0.17647058823529413,0.24175824175824176,0.0989010989010989,0,0,5,0,0,0,0.054945054945054944
브이로그 + 2019년 12월 일상사진 모음,맛집_리뷰,#가로수길맛집 #일젤라또 여기 맛나요 &gt;.&lt; 최근에 맥주땡기면 종종 가는 곳 #가로수길브루잉컴퍼니 #신사라거 라는 맥주가 맛나요! 저의 20년 넘는 단골 분식점 #강남역맛집 #장원김밥 김밥이랑 요 깍두기랑... ,여기 맛나요 . 최근에 맥주땡기면 종종 가는 곳 라는 맥주가 맛나요! 저의 20년 넘는 단골 분식점 김밥이랑 요 깍두기랑.,0,Human,50,68,3,16.666666666666668,7.542472332656507,31,16,3,0,0,8,0.5161290322580645,0.0967741935483871,0.0,0.0,0.25806451612903225,0.32,0.16,0,0,2,1,0,0,0.06
홍콩 분위기의 강남역 맛집 :: 구구당 내 돈 주고 먹은 후기,맛집_리뷰,오늘도 내 돈 내고 맛있게 먹고 온 후기!ㅎㅎㅎㅎ 이날은 오래간만에 대학 친구들과 모임을 하러 강남역... 생긴지 얼마 안 된 (2019년 오픈) 매장이라 그런가 뭔가 요즘 인스타 갬성을 담으려 노력하신 느낌! 짜잔!... ,오늘도 내 돈 내고 맛있게 먹고 온 후기! 이날은 오래간만에 대학 친구들과 모임을 하러 강남역. 생긴지 얼마 안 된 2019년 오픈 매장이라 그런가 뭔가 요즘 인스타 갬성을 담으려 노력하신 느낌! 짜잔!.,0,Human,84,114,4,21.0,13.718144918318949,47,21,9,1,1,7,0.44680851063829785,0.19148936170212766,0.02127659574468085,0.02127659574468085,0.14893617021276595,0.25,0.08333333333333333,0,0,2,3,0,0,0.05952380952380952
내돈내산 케이스티파이... 화려한 리사프랭크 아이폰케이스,상품_리뷰,"내돈내산 케이스티파이... 써봄. 기대만큼은 아니지만 못 쓸 정도도 아님. 간단하게 쓰기엔 괜찮고, 오래 쓰면 평가가 조금 달라질 수도. 가격은 막 싸진 않았고 위치는 찾기 쉬운 편. 다음엔 다른 메뉴도 봐야 할 듯.",내돈내산 케이스티파이. 써봄. 기대만큼은 아니지만 못 쓸 정도도 아님. 간단하게 쓰기엔 괜찮고 오래 쓰면 평가가 조금 달라질 수도. 가격은 막 싸진 않았고 위치는 찾기 쉬운 편. 다음엔 다른 메뉴도 봐야 할 듯.,1,AI_v2,87,118,6,14.5,6.776183783418707,52,22,8,5,1,8,0.4230769230769231,0.15384615384615385,0.09615384615384616,0.019230769230769232,0.15384615384615385,0.25287356321839083,0.09195402298850575,0,0,6,0,0,0,0.06896551724137931
"구매리뷰] 가격과 성능, 내돈내산 솔직후기 (아이폰11과 비교)",상품_리뷰,구매리뷰] 궁금해서 써봤는데 막 놀랄 정도는 아니었다. 그래도 손이 자주 가긴 함. 불편한 점은 조금씩 보이는데 못 쓸 정도는 아님. 사람이 좀 있어서 조용한 느낌은 아니었음. 이런 곳도 있었네 싶었다. 기대치를 낮추고 가면 무난한 정도.,구매리뷰 궁금해서 써봤는데 막 놀랄 정도는 아니었다. 그래도 손이 자주 가긴 함. 불편한 점은 조금씩 보이는데 못 쓸 정도는 아님. 사람이 좀 있어서 조용한 느낌은 아니었음. 이런 곳도 있었네 싶었다. 기대치를 낮추고 가면 무난한 정도.,1,AI_v2,98,132,6,16.333333333333332,4.459696053419884,52,18,8,9,2,8,0.34615384615384615,0.15384615384615385,0.17307692307692307,0.038461538461538464,0.15384615384615385,0.1836734693877551,0.08163265306122448,0,0,6,0,0,0,0.061224489795918366
[내돈내산] 인천공항 1터미널 신라면세점 아이폰11 구입,상품_리뷰,가족이 아이폰을 쓰고 있다. 한 번 적응되면 자판이랑 인터페이스 문제 때문에 다른 폰으로 갈아타기가 힘들어서 (특히 부모님) 계속 아이폰을 쓰고 있는 상황. 엄마께 내 7+를 넘겨드려야 할 때라 신라면세점... ,가족이 아이폰을 쓰고 있다. 한 번 적응되면 자판이랑 인터페이스 문제 때문에 다른 폰으로 갈아타기가 힘들어서 특히 부모님 계속 아이폰을 쓰고 있는 상황. 엄마께 내 7 를 넘겨드려야 할 때라 신라면세점.,0,Human,84,113,3,28.0,17.281975195754296,44,20,8,3,1,8,0.45454545454545453,0.18181818181818182,0.06818181818181818,0.022727272727272728,0.18181818181818182,0.23809523809523808,0.09523809523809523,0,0,3,0,0,0,0.03571428571428571
변경된 2020년 연말정산 소득공제 꼼꼼히 체크하자!,전문_정보,"연말정산을 연말에 한다고 생각하는 분들이 있지만 사실상 1월~2월까지 시행돼요! a. 연말정산 준비 2020년 12월 31일부터 시작 b. 소득공제, 세액공제 증명자료 확인(국세청 홈택스) 2021년 1월 15일 ~ 2021년... ",연말정산을 연말에 한다고 생각하는 분들이 있지만 사실상 1월~2월까지 시행돼요! a. 연말정산 준비 2020년 12월 31일부터 시작 b. 소득공제 세액공제 증명자료 확인 국세청 홈택스 2021년 1월 15일 ~ 2021년.,0,Human,98,125,4,24.5,14.115594213493104,45,17,3,1,0,3,0.37777777777777777,0.06666666666666667,0.022222222222222223,0.0,0.06666666666666667,0.17346938775510204,0.030612244897959183,0,0,3,1,0,2,0.061224489795918366
유나이티드 갤러리 2019년 9월 U매거진 셋째주 전시_다나 박... ,맛집_리뷰,유나이티드 갤러리 이름은 몇 번 봤는데 이제야 가봄. 양은 생각보다 괜찮고 맛은 익숙한 쪽. 웨이팅 길면 굳이 기다릴 정도는 아닌 듯. 사진은 몇 장 찍었는데 정리는 나중에 해야겠다. 시간 맞으면 한 번쯤 들를만함. 딱히 특별하진 않은데 기억은 남는 편이다.,유나이티드 갤러리 이름은 몇 번 봤는데 이제야 가봄. 양은 생각보다 괜찮고 맛은 익숙한 쪽. 웨이팅 길면 굳이 기다릴 정도는 아닌 듯. 사진은 몇 장 찍었는데 정리는 나중에 해야겠다. 시간 맞으면 한 번쯤 들를만함. 딱히 특별하진 않은데 기억은 남는 편이다.,1,AI_v2,106,144,6,17.666666666666668,2.8674417556808756,57,25,10,6,0,9,0.43859649122807015,0.17543859649122806,0.10526315789473684,0.0,0.15789473684210525,0.2358490566037736,0.08490566037735849,0,0,6,0,0,0,0.05660377358490566
2020년 홈택스 연말정산 소득공제 금액 미리보기 서비스 오픈,전문_정보,홈택스 기록. 특별한 건 없고 그냥 그런 하루였다. 그래도 남겨두면 나중에 다시 볼 때 생각날 것 같음. 사람이 좀 있어서 조용한 느낌은 아니었음. 기대치를 낮추고 가면 무난한 정도. 기대치를 낮추고 가면 무난한 정도.,홈택스 기록. 특별한 건 없고 그냥 그런 하루였다. 그래도 남겨두면 나중에 다시 볼 때 생각날 것 같음. 사람이 좀 있어서 조용한 느낌은 아니었음. 기대치를 낮추고 가면 무난한 정도. 기대치를 낮추고 가면 무난한 정도.,1,AI_v2,90,122,6,15.0,4.58257569495584,50,21,6,7,1,7,0.42,0.12,0.14,0.02,0.14,0.23333333333333334,0.07777777777777778,0,0,6,0,0,0,0.06666666666666667
# KT 1분 주문 1시간 배송 리뷰 아이폰11 퍼플 컬러 [내돈내산♥],상품_리뷰,"KT 1분을 며칠 써봤다. 기능은 평범하지만 안정적이고, 크게 거슬리는 부분은 없었다. 필요한 사람한테는 괜찮은 선택일 듯. 딱히 특별하진 않은데 기억은 남는 편이다. 가격은 막 싸진 않았고 위치는 찾기 쉬운 편.",KT 1분을 며칠 써봤다. 기능은 평범하지만 안정적이고 크게 거슬리는 부분은 없었다. 필요한 사람한테는 괜찮은 선택일 듯. 딱히 특별하진 않은데 기억은 남는 편이다. 가격은 막 싸진 않았고 위치는 찾기 쉬운 편.,1,AI_v2,89,118,5,17.8,4.833218389437829,48,16,8,7,0,8,0.3333333333333333,0.16666666666666666,0.14583333333333334,0.0,0.16666666666666666,0.1797752808988764,0.0898876404494382,0,0,5,0,0,0,0.056179775280898875
유나이티드 갤러리 2019년 5월 U매거진_넷째주 전시_박소이... ,맛집_리뷰,"가볍게 유나이티드 갤러리 다녀왔는데 생각보다 분위기가 편해서 좋았어요. 음식도 깔끔하게 나와서 부담 없이 먹기 괜찮았고, 다음에 근처 가면 또 들러보고 싶더라고요. 다음에는 조금 더 여유 있게 다시 가보고 싶어요.",가볍게 유나이티드 갤러리 다녀왔는데 생각보다 분위기가 편해서 좋았어요. 음식도 깔끔하게 나와서 부담 없이 먹기 괜찮았고 다음에 근처 가면 또 들러보고 싶더라고요. 다음에는 조금 더 여유 있게 다시 가보고 싶어요.,1,AI_v1,90,118,3,30.0,7.483314773547883,38,17,6,6,1,5,0.4473684210526316,0.15789473684210525,0.15789473684210525,0.02631578947368421,0.13157894736842105,0.18888888888888888,0.05555555555555555,1,0,3,0,0,0,0.03333333333333333
2020년 연말정산 변경사항은? 연말정산 현명하게 하는 법!,전문_정보,과부족을 정산하는 것이므로 소득∙세액 공제가 누락되지 않도록 매년 변경되는 사항을 꼼꼼히 알아두는 것이 중요합니다. 오늘 AXA손해보험은 2020년 연말정산 변경사항과 현명하게 연말정산 하는 법을... ,과부족을 정산하는 것이므로 소득 세액 공제가 누락되지 않도록 매년 변경되는 사항을 꼼꼼히 알아두는 것이 중요합니다. 오늘 AXA손해보험은 2020년 연말정산 변경사항과 현명하게 연말정산 하는 법을.,0,Human,87,110,2,43.5,6.5,42,21,5,3,0,9,0.5,0.11904761904761904,0.07142857142857142,0.0,0.21428571428571427,0.2413793103448276,0.10344827586206896,0,0,2,0,0,0,0.022988505747126436
강남역 데이트 맛집 _ 핫플레이스 타파스클럽 추천,맛집_리뷰,"남은 2019년 배부르게 보내는 중,,ㅎ 오늘은 강남역 맛집 스페인음식점 타파스클럽 방문 핫플레이스라 미리 예약하고 다녀왔당 스페인 레스토랑 스페인클럽의 세컨 브랜드인 타파스클럽 강남역 4번 출구에서... ",남은 2019년 배부르게 보내는 중 오늘은 강남역 맛집 스페인음식점 타파스클럽 방문 핫플레이스라 미리 예약하고 다녀왔당 스페인 레스토랑 스페인클럽의 세컨 브랜드인 타파스클럽 강남역 4번 출구에서.,0,Human,86,109,1,86.0,0.0,38,24,3,1,0,6,0.631578947368421,0.07894736842105263,0.02631578947368421,0.0,0.15789473684210525,0.27906976744186046,0.06976744186046512,0,0,1,0,0,0,0.011627906976744186
[강남역 맛집] 연인끼리 데이트하기 좋은 파스타집 | 바비레드,맛집_리뷰,친구랑 강남역 연인끼리에 갔는데 전체적으로 무난해서 좋았어요. 음식 나오는 속도도 괜찮고 맛도 기대 이상이라 근처 맛집 찾는 분들께 추천드려요. 전체적으로 무난하면서도 기분 좋게 마무리할 수 있었어요. 기대보다,친구랑 강남역 연인끼리에 갔는데 전체적으로 무난해서 좋았어요. 음식 나오는 속도도 괜찮고 맛도 기대 이상이라 근처 맛집 찾는 분들께 추천드려요. 전체적으로 무난하면서도 기분 좋게 마무리할 수 있었어요. 기대보다,1,AI_v1,91,117,4,22.75,10.88577052853862,47,21,7,4,0,9,0.44680851063829785,0.14893617021276595,0.0851063829787234,0.0,0.19148936170212766,0.23076923076923078,0.0989010989010989,1,0,3,0,0,0,0.03296703296703297
강남 맛집 / 강남역 맛집 / 강남 일식 / 강남 복요리 &quot;강남 복... ,맛집_리뷰,블루리본 서베이 2015 &amp; 2017 &amp; 2019년 서울의 맛집 &quot;강남 복 칼국수&quot;!!! 한국판 미쉐린 가이드 블루서베이 맛집 강남 일식 &quot;강남복칼국수&quot;!!! 2015년 리본 1개 다시 방문해도 손색없는 곳!!! 2017년 리본 2개 주변인이나... ,블루리본 서베이 2015 2017 2019년 서울의 맛집 강남 복 칼국수! 한국판 미쉐린 가이드 블루서베이 맛집 강남 일식 강남복칼국수! 2015년 리본 1개 다시 방문해도 손색없는 곳! 2017년 리본 2개 주변인이나.,0,Human,95,123,4,23.75,6.378675411086537,44,27,1,1,0,3,0.6136363636363636,0.022727272727272728,0.022727272727272728,0.0,0.06818181818181818,0.28421052631578947,0.031578947368421054,0,0,1,3,0,0,0.042105263157894736
연말정산 소득공제 총정리 :2020 꼭 챙겨야 할 공제부분 정리,전문_정보,"요즘 연말정산 때문에 생각이 많았는데, 직접 해보니 생각보다 어렵지 않았어요. 천천히 정리하니 마음도 조금 편해진 느낌입니다. 전체적으로 무난하면서도 기분 좋게 마무리할 수 있었어요. 짧게 들렀지만 생각보다 알차게 시간을 보냈어요.",요즘 연말정산 때문에 생각이 많았는데 직접 해보니 생각보다 어렵지 않았어요. 천천히 정리하니 마음도 조금 편해진 느낌입니다. 전체적으로 무난하면서도 기분 좋게 마무리할 수 있었어요. 짧게 들렀지만 생각보다 알차게 시간을 보냈어요.,1,AI_v1,100,128,4,25.0,4.898979485566356,45,17,7,8,1,7,0.37777777777777777,0.15555555555555556,0.17777777777777778,0.022222222222222223,0.15555555555555556,0.17,0.07,0,0,4,0,0,0,0.04
챙기는 2020년 연말정산... 미리보기 및 연말정산 소득공제기간,전문_정보,챙기는 사진 몇 장 찍어뒀다. 나중에 보면 별거 아닐 수도 있는데 그때 분위기가 있어서 남겨둠. 정리는 천천히 해야겠다. 엄청난 건 아니고 그냥 기록용. 급하게 정한 일정치고는 나쁘지 않았다. 이런 곳도 있었네 싶었다.,챙기는 사진 몇 장 찍어뒀다. 나중에 보면 별거 아닐 수도 있는데 그때 분위기가 있어서 남겨둠. 정리는 천천히 해야겠다. 엄청난 건 아니고 그냥 기록용. 급하게 정한 일정치고는 나쁘지 않았다. 이런 곳도 있었네 싶었다.,1,AI_v2,91,122,6,15.166666666666666,5.66911711723165,46,16,9,9,1,5,0.34782608695652173,0.1956521739130435,0.1956521739130435,0.021739130434782608,0.10869565217391304,0.17582417582417584,0.054945054945054944,0,0,6,0,0,0,0.06593406593406594
[강남 24시간 곱창] 여의도황소곱창 2019년 새해... ,맛집_리뷰,꼭 한번 가보시는거 추천드려요&gt;&lt; #강남역맛집 #강남맛집 #강남곱창 #강남역곱창맛집 #강남역회식장소 #강남역밥 #강남역술집추천 #강남역황소곱창 #여의도황소곱창 #강남여의도황소곱창 #강남곱창맛집... ,꼭 한번 가보시는거 추천드려요,0,Human,13,16,1,13.0,0.0,5,3,2,0,0,0,0.6,0.4,0.0,0.0,0.0,0.23076923076923078,0.0,1,0,0,0,0,0,0.0
[세테크] 2020년 연말정산 달라진 점 000은 놓치지 말자!... ,전문_정보,"오늘은 세테크 연말정산에 대해 짧게 남겨봅니다. 큰 기대 없이 시작했는데 생각보다 만족스러웠고, 다음에도 비슷하게 해보고 싶어요. 전체적으로 무난하면서도 기분 좋게 마무리할 수 있었어요. 짧게 들렀지만 생각보다 알차게 시간을 보냈어요.",오늘은 세테크 연말정산에 대해 짧게 남겨봅니다. 큰 기대 없이 시작했는데 생각보다 만족스러웠고 다음에도 비슷하게 해보고 싶어요. 전체적으로 무난하면서도 기분 좋게 마무리할 수 있었어요. 짧게 들렀지만 생각보다 알차게 시간을 보냈어요.,1,AI_v1,102,130,4,25.5,5.722761571129799,46,15,10,7,1,7,0.32608695652173914,0.21739130434782608,0.15217391304347827,0.021739130434782608,0.15217391304347827,0.14705882352941177,0.06862745098039216,0,0,4,0,0,0,0.0392156862745098
"[리뷰] 아이폰11pro 후면 카메라 렌즈 내돈내산 후기, 빅쏘",상품_리뷰,"렌즈 #아이폰11pro 앞면에 풀커버 붙이기 전에, 사실 뒷면 카메라렌즈부터 붙임 왼쪽이 #빅쏘4D풀커버강화유리 오른쪽이 #후면카메라렌즈 둘이 같은 곳에서 사서 배송비를 조금 절약할 수 있었음 #아이폰필름... ",렌즈 앞면에 풀커버 붙이기 전에 사실 뒷면 카메라렌즈부터 붙임 왼쪽이 오른쪽이 둘이 같은 곳에서 사서 배송비를 조금 절약할 수 있었음,0,Human,55,74,1,55.0,0.0,32,18,3,2,0,8,0.5625,0.09375,0.0625,0.0,0.25,0.32727272727272727,0.14545454545454545,0,0,0,0,0,0,0.0
아이폰11 / 아이폰11 프로 프리미엄 강화유리(feat. 내돈내산),상품_리뷰,"아이폰11 프로를 처음 구매하고, 와이프의 아이폰 11을 구매하고, 강화유리 필름을 구매해 사용할 계획이었다. 운이 좋게도 리더스엠사의 아이폰 강화유리 필름을 체험해볼 기회가 있어서 제품을 체험해보고... ",아이폰11 프로를 처음 구매하고 와이프의 아이폰 11을 구매하고 강화유리 필름을 구매해 사용할 계획이었다. 운이 좋게도 리더스엠사의 아이폰 강화유리 필름을 체험해볼 기회가 있어서 제품을 체험해보고.,0,Human,87,110,2,43.5,3.5,44,23,5,2,0,10,0.5227272727272727,0.11363636363636363,0.045454545454545456,0.0,0.22727272727272727,0.26436781609195403,0.11494252873563218,0,0,2,0,0,0,0.022988505747126436
"나도샀다이거야, 아이폰11pro256, 블루폰, 내돈내산... ",상품_리뷰,나도샀다이거야 궁금해서 써봤는데 막 놀랄 정도는 아니었다. 그래도 손이 자주 가긴 함. 불편한 점은 조금씩 보이는데 못 쓸 정도는 아님. 급하게 정한 일정치고는 나쁘지 않았다. 시간 맞으면 한 번쯤 들를만함. 가격은 막 싸진 않았고 위치는 찾기 쉬운 편.,나도샀다이거야 궁금해서 써봤는데 막 놀랄 정도는 아니었다. 그래도 손이 자주 가긴 함. 불편한 점은 조금씩 보이는데 못 쓸 정도는 아님. 급하게 정한 일정치고는 나쁘지 않았다. 시간 맞으면 한 번쯤 들를만함. 가격은 막 싸진 않았고 위치는 찾기 쉬운 편.,1,AI_v2,105,142,6,17.5,4.856267428111155,56,18,14,7,2,8,0.32142857142857145,0.25,0.125,0.03571428571428571,0.14285714285714285,0.17142857142857143,0.0761904761904762,0,0,6,0,0,0,0.05714285714285714
홈텍스 연말정산 미리보기로 2020년 소득공제 준비하세요!,전문_정보,잘 고민하셔서 전략적으로 준비해 보시기 바랍니다. &gt;&gt; 2020년 연말정산 변경사항 살펴보러가기 그럼 오늘도 행복한 하루 보내시구요:) #연말정산소득공제 #연말정산미리보기 #2020년 #연말정산 #소득공제,잘 고민하셔서 전략적으로 준비해 보시기 바랍니다. 2020년 연말정산 변경사항 살펴보러가기 그럼 오늘도 행복한 하루 보내시구요,0,Human,56,70,2,28.0,6.5,22,8,7,2,0,2,0.36363636363636365,0.3181818181818182,0.09090909090909091,0.0,0.09090909090909091,0.14285714285714285,0.03571428571428571,0,0,1,0,0,0,0.017857142857142856
[강남역 맛집]롤링파스타(Rolling Pasta),맛집_리뷰,후문 오늘 먹은 음식 중에는 파스타가 젤 나았어요 벌써 2019년의 반이 흘렀네요 무엇을 했는지도 잘 모르겠는데 (시간너무빠르다ㅜ) 그래도 아직 반이나 남았으니까^^ 남은 2019년도 항상 행복하세용,후문 오늘 먹은 음식 중에는 파스타가 젤 나았어요 벌써 2019년의 반이 흘렀네요 무엇을 했는지도 잘 모르겠는데 시간너무빠르다 그래도 아직 반이나 남았으니까 남은 2019년도 항상 행복하세용,0,Human,82,106,1,82.0,0.0,34,12,8,2,3,5,0.35294117647058826,0.23529411764705882,0.058823529411764705,0.08823529411764706,0.14705882352941177,0.14634146341463414,0.06097560975609756,0,0,0,0,0,0,0.0
꼴라주바캉스/ 케이스 덕후의 아이폰11케이스 (feat.내돈내산),상품_리뷰,"새 #아이폰케이스 를 구매해서 리뷰 준비해봤어요! Collage Vacance Logo Alphabet colorful case (Hard) (19,000원)... ㅎ 제가 주매한 로고 #아이폰11케이스 는 유광의 얇은 하드케이스 재질인데 ✔️가볍고 얇아서 그립감도... ",새 를 구매해서 리뷰 준비해봤어요! Collage Vacance Logo Alphabet colorful case Hard 19 000원 . 제가 주매한 로고 는 유광의 얇은 하드케이스 재질인데 가볍고 얇아서 그립감도.,0,Human,97,122,3,32.333333333333336,13.888444437333106,37,12,5,3,0,4,0.32432432432432434,0.13513513513513514,0.08108108108108109,0.0,0.10810810810810811,0.12371134020618557,0.041237113402061855,0,0,2,1,0,0,0.030927835051546393
강남역 맛집 강남역 회식장소는 진구곱창이 최고죠,맛집_리뷰,강남역은 가볍게 들른 곳인데 은근 기억에 남았어요. 메뉴가 깔끔하고 직원분들도 친절해서 편하게 먹고 왔습니다. 재방문 의사 있어요. 전체적으로 무난하면서도 기분 좋게 마무리할 수 있었어요. 개인적으로는 너무 과하지 않은 점이 마음에 들었어요.,강남역은 가볍게 들른 곳인데 은근 기억에 남았어요. 메뉴가 깔끔하고 직원분들도 친절해서 편하게 먹고 왔습니다. 재방문 의사 있어요. 전체적으로 무난하면서도 기분 좋게 마무리할 수 있었어요. 개인적으로는 너무 과하지 않은 점이 마음에 들었어요.,1,AI_v1,105,135,5,21.0,6.164414002968976,52,18,9,7,1,9,0.34615384615384615,0.17307692307692307,0.1346153846153846,0.019230769230769232,0.17307692307692307,0.17142857142857143,0.08571428571428572,0,0,5,0,0,0,0.047619047619047616
페북광고로 유명한 아이폰 11 불사조케이스 내돈내산 구매후기,상품_리뷰,구매해봤다 내돈내산 구매후기! @아이폰11 불사조케이스 구매후기 구매는 네이버 최저가 검색으로 지마켓에서 배송료포함 2만원에 구매했다 배송 너무 빠르고요~ 배달의 민족 @아이폰11 불사조케이스 구매후기... ,구매해봤다 내돈내산 구매후기! 아이폰11 불사조케이스 구매후기 구매는 네이버 최저가 검색으로 지마켓에서 배송료포함 2만원에 구매했다 배송 너무 빠르고요~ 배달의 민족 아이폰11 불사조케이스 구매후기.,0,Human,90,111,2,45.0,31.0,45,27,2,1,1,5,0.6,0.044444444444444446,0.022222222222222223,0.022222222222222223,0.1111111111111111,0.3,0.05555555555555555,0,0,1,1,0,1,0.03333333333333333
프로 맥스 실버 개봉기 아이폰 11프로 비교 내돈내산 실 사용기,상품_리뷰,프로 맥스 궁금해서 써봤는데 막 놀랄 정도는 아니었다. 그래도 손이 자주 가긴 함. 불편한 점은 조금씩 보이는데 못 쓸 정도는 아님. 다음엔 다른 메뉴도 봐야 할 듯. 다음엔 다른 메뉴도 봐야 할 듯. 다음엔 다른 메뉴도 봐야 할 듯.,프로 맥스 궁금해서 써봤는데 막 놀랄 정도는 아니었다. 그래도 손이 자주 가긴 함. 불편한 점은 조금씩 보이는데 못 쓸 정도는 아님. 다음엔 다른 메뉴도 봐야 할 듯. 다음엔 다른 메뉴도 봐야 할 듯. 다음엔 다른 메뉴도 봐야 할 듯.,1,AI_v2,93,131,6,15.5,4.387482193696061,56,22,12,4,2,10,0.39285714285714285,0.21428571428571427,0.07142857142857142,0.03571428571428571,0.17857142857142858,0.23655913978494625,0.10752688172043011,0,0,6,0,0,0,0.06451612903225806
아이폰11    신지모루  풀커버... 사용 후기 !!내돈내산 후기!!,상품_리뷰,"작년 10월 아이폰11을 구매하고 지금껏 7개월 이용한 신지모루 아이폰11 전면풀커버 액정이 깨졌다 책상 모서리에 2연타를 맞아 측면부 액정이 깨졌다 전에는 아이폰 6s를 사용했는데 다이소나 티몬에서 1,500... ",작년 10월 아이폰11을 구매하고 지금껏 7개월 이용한 신지모루 아이폰11 전면풀커버 액정이 깨졌다 책상 모서리에 2연타를 맞아 측면부 액정이 깨졌다 전에는 아이폰 6s를 사용했는데 다이소나 티몬에서 1 500.,0,Human,92,118,1,92.0,0.0,50,25,4,0,0,10,0.5,0.08,0.0,0.0,0.2,0.2717391304347826,0.10869565217391304,0,0,1,0,0,0,0.010869565217391304
[강남역맛집] 바비레드,맛집_리뷰,근처에서 밥 먹을 곳 찾다가 강남역맛집 바비레드에 들렀어요. 맛이 자극적이지 않고 양도 적당해서 만족했답니다. 웨이팅만 조금 피하면 더 좋을 것 같아요. 다음에는 조금 더 여유 있게 다시 가보고 싶어요. 개인적으로는 너무 과하지 않은 점이 마음에 들었어요. 기대보다 편하게 즐길 수 있어서 만족스러운 시간이었답니다.,근처에서 밥 먹을 곳 찾다가 강남역맛집 바비레드에 들렀어요. 맛이 자극적이지 않고 양도 적당해서 만족했답니다. 웨이팅만 조금 피하면 더 좋을 것 같아요. 다음에는 조금 더 여유 있게 다시 가보고 싶어요. 개인적으로는 너무 과하지 않은 점이 마음에 들었어요. 기대보다 편하게 즐길 수 있어서 만족스러운 시간이었답니다.,1,AI_v1,134,176,6,22.333333333333332,3.197221015541813,66,27,11,8,1,11,0.4090909090909091,0.16666666666666666,0.12121212121212122,0.015151515151515152,0.16666666666666666,0.20149253731343283,0.08208955223880597,3,0,6,0,0,0,0.04477611940298507
아이폰11 퍼플 내돈내산 후기 (호구 왔다네~),상품_리뷰,하하하하 아이폰xr 떨어뜨려서메인보드가 완전 박살이 나부렀어유.. 멘붕.... 약정 두달남아서 그냥 아이폰11로 바꿨어요 (핑계인가..ㅋㅋㅋㅋㅋ) 애플 수리센터에 들고가면 메인보드 고치는것보다... ,하하하하 아이폰xr 떨어뜨려서메인보드가 완전 박살이 나부렀어유. 멘붕. 약정 두달남아서 그냥 아이폰11로 바꿨어요 핑계인가. 애플 수리센터에 들고가면 메인보드 고치는것보다.,0,Human,79,96,4,19.75,10.108783309577865,37,18,5,0,0,5,0.4864864864864865,0.13513513513513514,0.0,0.0,0.13513513513513514,0.22784810126582278,0.06329113924050633,0,0,4,0,0,0,0.05063291139240506
강남역 맛집) 신데렐라롱,맛집_리뷰,강남역 신데렐라롱에서 식사했는데 분위기가 너무 시끄럽지 않아 편했어요. 대표 메뉴가 깔끔했고 가격도 크게 부담스럽지 않아서 한 번쯤 가볼 만했답니다. 개인적으로는 너무 과하지 않은 점이 마음에 들었어요. 기대보다 편하게 즐길 수 있어서 만족스러운 시간이었답니다.,강남역 신데렐라롱에서 식사했는데 분위기가 너무 시끄럽지 않아 편했어요. 대표 메뉴가 깔끔했고 가격도 크게 부담스럽지 않아서 한 번쯤 가볼 만했답니다. 개인적으로는 너무 과하지 않은 점이 마음에 들었어요. 기대보다 편하게 즐길 수 있어서 만족스러운 시간이었답니다.,1,AI_v1,114,146,4,28.5,4.153311931459037,53,19,11,6,2,9,0.3584905660377358,0.20754716981132076,0.11320754716981132,0.03773584905660377,0.16981132075471697,0.16666666666666666,0.07894736842105263,3,0,4,0,0,0,0.03508771929824561
강남역 맛집 청류벽,맛집_리뷰,"강남역 청류벽 제복쟁반(보쌈), 들기름막국수, 물막국수, 비빔막국수 집 근처의 자가제면하는 메밀... 강남역 맛집 청류벽 메뉴판 및 가격(2019년 9월 Ver.) 완전한 한식 메뉴로 가득 소고기와 돼지고기 둘다 즐길... ",강남역 청류벽 제복쟁반 보쌈 들기름막국수 물막국수 비빔막국수 집 근처의 자가제면하는 메밀. 강남역 맛집 청류벽 메뉴판 및 가격 2019년 9월 Ver. 완전한 한식 메뉴로 가득 소고기와 돼지고기 둘다 즐길.,0,Human,88,115,3,29.333333333333332,7.586537784494028,42,27,2,1,0,4,0.6428571428571429,0.047619047619047616,0.023809523809523808,0.0,0.09523809523809523,0.3068181818181818,0.045454545454545456,0,0,3,0,0,0,0.03409090909090909
[강남역 맛집] 지금까지 이런... 인생고기 맛집 / 두껍삼 강남직... ,맛집_리뷰,2019년 뭐가 제일 맛있었니 하면 바로 바로 #두껍삼 을 고를래요~! 원래 맛있었던거 알았지만 처음... 넘나 기대함 점심 대충먹고 갔어용 위치는 강남역 5번출구 쪽에 있습니다. 멀리서부터 설레는 그 모습..... ,2019년 뭐가 제일 맛있었니 하면 바로 바로 을 고를래요~! 원래 맛있었던거 알았지만 처음. 넘나 기대함 점심 대충먹고 갔어용 위치는 강남역 5번출구 쪽에 있습니다. 멀리서부터 설레는 그 모습.,0,Human,83,109,4,20.75,7.980444849756184,39,17,6,5,0,5,0.4358974358974359,0.15384615384615385,0.1282051282051282,0.0,0.1282051282051282,0.20481927710843373,0.060240963855421686,0,0,3,1,0,1,0.060240963855421686
홈택스 : 2020년 귀속 연말정산... 끝나기 전 추가 세액공제),전문_정보,홈택스 귀속은 별일 아닌 듯해도 막상 겪어보니 나름 의미가 있었어요. 작은 변화였지만 하루 분위기가 달라져서 기분 좋게 마무리했답니다. 사진으로 남겨두기에도 괜찮아서 기억에 오래 남을 것 같아요. 기대보다 편하게 즐길 수 있어서 만족스러운 시간이었답니다.,홈택스 귀속은 별일 아닌 듯해도 막상 겪어보니 나름 의미가 있었어요. 작은 변화였지만 하루 분위기가 달라져서 기분 좋게 마무리했답니다. 사진으로 남겨두기에도 괜찮아서 기억에 오래 남을 것 같아요. 기대보다 편하게 즐길 수 있어서 만족스러운 시간이었답니다.,1,AI_v1,110,142,4,27.5,1.5,51,20,9,9,1,8,0.39215686274509803,0.17647058823529413,0.17647058823529413,0.0196078431372549,0.1568627450980392,0.18181818181818182,0.07272727272727272,3,0,4,0,0,0,0.03636363636363636
늦은 아이폰 11 화이트 내돈내산 후기,상품_리뷰,"늦은 아이폰 사진 찍어두고 비교해봤다. 실제 색감이나 느낌은 화면이랑 조금 달랐고, 쓰다 보니 익숙해졌다. 기록용으로 남겨둠. 가격은 막 싸진 않았고 위치는 찾기 쉬운 편. 급하게 정한 일정치고는 나쁘지 않았다.",늦은 아이폰 사진 찍어두고 비교해봤다. 실제 색감이나 느낌은 화면이랑 조금 달랐고 쓰다 보니 익숙해졌다. 기록용으로 남겨둠. 가격은 막 싸진 않았고 위치는 찾기 쉬운 편. 급하게 정한 일정치고는 나쁘지 않았다.,1,AI_v2,89,117,5,17.8,6.04648658313239,46,17,12,4,0,8,0.3695652173913043,0.2608695652173913,0.08695652173913043,0.0,0.17391304347826086,0.19101123595505617,0.0898876404494382,0,0,5,0,0,0,0.056179775280898875
[강남역맛집]9월 행사가격에 가성비좋은 저녁메뉴 매드포갈릭,맛집_리뷰,"9월 먹고 옴. 사람 많고 조금 정신없었지만 음식은 괜찮았다. 가격은 보통, 위치는 편한 편이라 약속 전후로 들르기 좋음. 딱히 특별하진 않은데 기억은 남는 편이다. 딱히 특별하진 않은데 기억은 남는 편이다. 딱히 특별하진 않은데 기억은 남는 편이다.",9월 먹고 옴. 사람 많고 조금 정신없었지만 음식은 괜찮았다. 가격은 보통 위치는 편한 편이라 약속 전후로 들르기 좋음. 딱히 특별하진 않은데 기억은 남는 편이다. 딱히 특별하진 않은데 기억은 남는 편이다. 딱히 특별하진 않은데 기억은 남는 편이다.,1,AI_v2,104,139,6,17.333333333333332,5.497474167490215,54,17,8,11,0,11,0.3148148148148148,0.14814814814814814,0.2037037037037037,0.0,0.2037037037037037,0.16346153846153846,0.10576923076923077,0,0,6,0,0,0,0.057692307692307696
2020년 연말정산 변경된 혜택 준비하기!,전문_정보,세액을 정산하게 된다. 근로자는 연말정산을 하려면 소득ㆍ세액 공제 항목 관련 영수증과... 따라서 급여수준에 따라 신용카드 공제한도는 최고 500~600만원까지 이용할 수 있다. 적용시기는 오는 2020년 1월... ,세액을 정산하게 된다. 근로자는 연말정산을 하려면 소득 세액 공제 항목 관련 영수증과. 따라서 급여수준에 따라 신용카드 공제한도는 최고 500~600만원까지 이용할 수 있다. 적용시기는 오는 2020년 1월.,0,Human,91,116,4,22.75,11.233320969330485,44,20,6,1,0,7,0.45454545454545453,0.13636363636363635,0.022727272727272728,0.0,0.1590909090909091,0.21978021978021978,0.07692307692307693,0,0,4,0,0,1,0.054945054945054944
2020년 귀속 연말정산 달라진점 그리고 자동계산 엑셀 파일,전문_정보,"요즘 귀속 때문에 생각이 많았는데, 직접 해보니 생각보다 어렵지 않았어요. 천천히 정리하니 마음도 조금 편해진 느낌입니다. 개인적으로는 너무 과하지 않은 점이 마음에 들었어요. 전체적으로 무난하면서도 기분 좋게 마무리할 수 있었어요.",요즘 귀속 때문에 생각이 많았는데 직접 해보니 생각보다 어렵지 않았어요. 천천히 정리하니 마음도 조금 편해진 느낌입니다. 개인적으로는 너무 과하지 않은 점이 마음에 들었어요. 전체적으로 무난하면서도 기분 좋게 마무리할 수 있었어요.,1,AI_v1,100,129,4,25.0,3.7416573867739413,49,19,8,6,2,8,0.3877551020408163,0.16326530612244897,0.12244897959183673,0.04081632653061224,0.16326530612244897,0.19,0.08,0,0,4,0,0,0,0.04
2020년 세법개정안 핵심 연말정산 비과세 세액감면공제,전문_정보,세법개정안 핵심을 하면서 생각보다 시간이 빨리 갔다. 중간중간 딴짓도 했지만 마무리는 했다. 그냥 소소한 기록으로 남김. 급하게 정한 일정치고는 나쁘지 않았다. 기대치를 낮추고 가면 무난한 정도. 사진은 몇 장 찍었는데 정리는 나중에 해야겠다.,세법개정안 핵심을 하면서 생각보다 시간이 빨리 갔다. 중간중간 딴짓도 했지만 마무리는 했다. 그냥 소소한 기록으로 남김. 급하게 정한 일정치고는 나쁘지 않았다. 기대치를 낮추고 가면 무난한 정도. 사진은 몇 장 찍었는데 정리는 나중에 해야겠다.,1,AI_v2,104,136,6,17.333333333333332,3.496029493900505,55,21,9,3,1,13,0.38181818181818183,0.16363636363636364,0.05454545454545454,0.01818181818181818,0.23636363636363636,0.20192307692307693,0.125,0,0,6,0,0,0,0.057692307692307696
신상 아이폰 : 아이폰 11 옐로우 구매 후기 (내돈내산 장단점... ,상품_리뷰,iOS 11부터 지원되니 구아이폰 사용 중이라면 소프트웨어 미리 업그레이드 하고 가세요~시간 절약하실 수 있어요:) 사이즈 차이가 어마어마하죠? 그리고 화면의 색감도 아이폰 11이 실물 색깔과 더 가깝게... ,iOS 11부터 지원되니 구아이폰 사용 중이라면 소프트웨어 미리 업그레이드 하고 가세요~시간 절약하실 수 있어요 사이즈 차이가 어마어마하죠? 그리고 화면의 색감도 아이폰 11이 실물 색깔과 더 가깝게.,0,Human,87,112,2,43.5,18.5,41,22,3,3,0,5,0.5365853658536586,0.07317073170731707,0.07317073170731707,0.0,0.12195121951219512,0.25287356321839083,0.05747126436781609,0,0,1,0,1,1,0.034482758620689655
강남역맛집 어거스트 힐 맛집을 가다,맛집_리뷰,오랜만에 친구랑 강남역맛집에 갔는데 전체적으로 무난해서 좋았어요. 음식 나오는 속도도 괜찮고 맛도 기대 이상이라 근처 맛집 찾는 분들께 추천드려요. 개인적으로는 너무 과하지 않은 점이 마음에 들었어요. 기대보다 편하게 즐길 수 있어서 만족스러운 시간이었답니다.,오랜만에 친구랑 강남역맛집에 갔는데 전체적으로 무난해서 좋았어요. 음식 나오는 속도도 괜찮고 맛도 기대 이상이라 근처 맛집 찾는 분들께 추천드려요. 개인적으로는 너무 과하지 않은 점이 마음에 들었어요. 기대보다 편하게 즐길 수 있어서 만족스러운 시간이었답니다.,1,AI_v1,113,145,4,28.25,4.14578098794425,58,22,10,5,1,12,0.3793103448275862,0.1724137931034483,0.08620689655172414,0.017241379310344827,0.20689655172413793,0.19469026548672566,0.10619469026548672,2,0,4,0,0,0,0.035398230088495575
2020년 연말정산 의료비 공제 실손 보상금 제외,전문_정보,가볍게 연말정산을 하면서 오랜만에 여유를 느꼈어요. 바쁜 와중에 잠깐 쉬어가는 시간이 생긴 것 같아서 꽤 괜찮은 하루였답니다. 다음에는 조금 더 여유 있게 다시 가보고 싶어요. 전체적으로 무난하면서도 기분 좋게 마무리할 수 있었어요.,가볍게 연말정산을 하면서 오랜만에 여유를 느꼈어요. 바쁜 와중에 잠깐 쉬어가는 시간이 생긴 것 같아서 꽤 괜찮은 하루였답니다. 다음에는 조금 더 여유 있게 다시 가보고 싶어요. 전체적으로 무난하면서도 기분 좋게 마무리할 수 있었어요.,1,AI_v1,99,130,4,24.75,4.02336923485777,48,19,9,7,0,7,0.3958333333333333,0.1875,0.14583333333333334,0.0,0.14583333333333334,0.1919191919191919,0.0707070707070707,1,0,4,0,0,0,0.04040404040404041
2020년 연말정산 소득공제 개정세법 총정리,전문_정보,연말정산 사진 몇 장 찍어뒀다. 나중에 보면 별거 아닐 수도 있는데 그때 분위기가 있어서 남겨둠. 정리는 천천히 해야겠다. 가격은 막 싸진 않았고 위치는 찾기 쉬운 편. 급하게 정한 일정치고는 나쁘지 않았다. 급하게 정한 일정치고는 나쁘지 않았다.,연말정산 사진 몇 장 찍어뒀다. 나중에 보면 별거 아닐 수도 있는데 그때 분위기가 있어서 남겨둠. 정리는 천천히 해야겠다. 가격은 막 싸진 않았고 위치는 찾기 쉬운 편. 급하게 정한 일정치고는 나쁘지 않았다. 급하게 정한 일정치고는 나쁘지 않았다.,1,AI_v2,103,138,6,17.166666666666668,5.047001309908906,53,19,10,8,1,9,0.3584905660377358,0.18867924528301888,0.1509433962264151,0.018867924528301886,0.16981132075471697,0.18446601941747573,0.08737864077669903,0,0,6,0,0,0,0.05825242718446602
[강남역 맛집] 88년도 개업 모퉁이집 솔직후기,맛집_리뷰,"강남역 다녀왔는데 생각보다 분위기가 편해서 좋았어요. 음식도 깔끔하게 나와서 부담 없이 먹기 괜찮았고, 다음에 근처 가면 또 들러보고 싶더라고요. 전체적으로 무난하면서도 기분 좋게 마무리할 수 있었어요. 개인적으로는 너무 과하지 않은 점이 마음에 들었어요.",강남역 다녀왔는데 생각보다 분위기가 편해서 좋았어요. 음식도 깔끔하게 나와서 부담 없이 먹기 괜찮았고 다음에 근처 가면 또 들러보고 싶더라고요. 전체적으로 무난하면서도 기분 좋게 마무리할 수 있었어요. 개인적으로는 너무 과하지 않은 점이 마음에 들었어요.,1,AI_v1,110,142,4,27.5,6.103277807866851,51,20,9,6,2,8,0.39215686274509803,0.17647058823529413,0.11764705882352941,0.0392156862745098,0.1568627450980392,0.18181818181818182,0.07272727272727272,1,0,4,0,0,0,0.03636363636363636
"강남역맛집, 베트남쌀국수 땀땀!",맛집_리뷰,강남역맛집 베트남쌀국수는 가볍게 들른 곳인데 은근 기억에 남았어요. 메뉴가 깔끔하고 직원분들도 친절해서 편하게 먹고 왔습니다. 재방문 의사 있어요. 전체적으로 무난하면서도 기분 좋게 마무리할 수 있었어요. 짧게 들렀지만 생각보다 알차게 시간을 보냈어요.,강남역맛집 베트남쌀국수는 가볍게 들른 곳인데 은근 기억에 남았어요. 메뉴가 깔끔하고 직원분들도 친절해서 편하게 먹고 왔습니다. 재방문 의사 있어요. 전체적으로 무난하면서도 기분 좋게 마무리할 수 있었어요. 짧게 들렀지만 생각보다 알차게 시간을 보냈어요.,1,AI_v1,111,141,5,22.2,7.19444229944198,51,19,8,9,0,8,0.37254901960784315,0.1568627450980392,0.17647058823529413,0.0,0.1568627450980392,0.17117117117117117,0.07207207207207207,0,0,5,0,0,0,0.04504504504504504
&lt;아이폰 11 퍼플 64g&gt; 내돈내산 후기,상품_리뷰,"<아이폰 사진 찍어두고 비교해봤다. 실제 색감이나 느낌은 화면이랑 조금 달랐고, 쓰다 보니 익숙해졌다. 기록용으로 남겨둠. 급하게 정한 일정치고는 나쁘지 않았다. 딱히 특별하진 않은데 기억은 남는 편이다. 사진은 몇 장 찍었는데 정리는 나중에 해야겠다.",아이폰 사진 찍어두고 비교해봤다. 실제 색감이나 느낌은 화면이랑 조금 달랐고 쓰다 보니 익숙해졌다. 기록용으로 남겨둠. 급하게 정한 일정치고는 나쁘지 않았다. 딱히 특별하진 않은데 기억은 남는 편이다. 사진은 몇 장 찍었는데 정리는 나중에 해야겠다.,1,AI_v2,107,139,6,17.833333333333332,5.6984403324262525,54,19,13,5,0,11,0.35185185185185186,0.24074074074074073,0.09259259259259259,0.0,0.2037037037037037,0.17757009345794392,0.102803738317757,0,0,6,0,0,0,0.056074766355140186
"아이폰 11 pro, 쿠팡 로켓배송 내돈내산 언박싱 리뷰",상품_리뷰,아이폰 써본 기록. 처음엔 별생각 없었는데 며칠 쓰다 보니 편한 부분이 있었다. 아쉬운 점도 조금 있지만 가격 생각하면 무난. 딱히 특별하진 않은데 기억은 남는 편이다. 딱히 특별하진 않은데 기억은 남는 편이다. 다음엔 다른 메뉴도 봐야 할 듯.,아이폰 써본 기록. 처음엔 별생각 없었는데 며칠 쓰다 보니 편한 부분이 있었다. 아쉬운 점도 조금 있지만 가격 생각하면 무난. 딱히 특별하진 않은데 기억은 남는 편이다. 딱히 특별하진 않은데 기억은 남는 편이다. 다음엔 다른 메뉴도 봐야 할 듯.,1,AI_v2,101,137,6,16.833333333333332,5.273097339852125,54,19,11,9,0,8,0.35185185185185186,0.2037037037037037,0.16666666666666666,0.0,0.14814814814814814,0.18811881188118812,0.07920792079207921,0,0,6,0,0,0,0.0594059405940594
아이폰11pro 케이스 내돈내산 리뷰(feat.아이폰12를... ,상품_리뷰,"아이폰11pro 후기 남겨보면, 처음엔 반신반의했지만 써볼수록 편한 점이 많았어요. 아쉬운 부분도 있지만 재구매를 고민할 정도는 됩니다. 처음 가보는 분들도 크게 부담 없이 즐길 수 있을 것 같아요. 전체적으로 무난하면서도 기분 좋게 마무리할 수 있었어요.",아이폰11pro 후기 남겨보면 처음엔 반신반의했지만 써볼수록 편한 점이 많았어요. 아쉬운 부분도 있지만 재구매를 고민할 정도는 됩니다. 처음 가보는 분들도 크게 부담 없이 즐길 수 있을 것 같아요. 전체적으로 무난하면서도 기분 좋게 마무리할 수 있었어요.,1,AI_v1,109,142,4,27.25,5.673402858955108,56,21,11,8,1,7,0.375,0.19642857142857142,0.14285714285714285,0.017857142857142856,0.125,0.1926605504587156,0.06422018348623854,1,0,4,0,0,0,0.03669724770642202
2019년 7월 13일 토요일,맛집_리뷰,7월은 가볍게 들른 곳인데 은근 기억에 남았어요. 메뉴가 깔끔하고 직원분들도 친절해서 편하게 먹고 왔습니다. 재방문 의사 있어요. 짧게 들렀지만 생각보다 알차게 시간을 보냈어요. 기대보다 편하게 즐길 수 있어서 만족스러운 시간이었답니다.,7월은 가볍게 들른 곳인데 은근 기억에 남았어요. 메뉴가 깔끔하고 직원분들도 친절해서 편하게 먹고 왔습니다. 재방문 의사 있어요. 짧게 들렀지만 생각보다 알차게 시간을 보냈어요. 기대보다 편하게 즐길 수 있어서 만족스러운 시간이었답니다.,1,AI_v1,103,132,5,20.6,6.216108107168021,46,13,8,10,0,7,0.2826086956521739,0.17391304347826086,0.21739130434782608,0.0,0.15217391304347827,0.1262135922330097,0.06796116504854369,1,0,5,0,0,0,0.04854368932038835
간단 정리 (+ 주택청약 소득공제/청년우대형 청약통장 연말정산),전문_정보,"간단 정리는 시작은 귀찮았는데 하다 보니 괜찮았다. 엄청 의미 있는 건 아니고, 그래도 하루가 조금 정리된 느낌. 이런 곳도 있었네 싶었다. 엄청난 건 아니고 그냥 기록용. 급하게 정한 일정치고는 나쁘지 않았다. 짧게 적어두는 정도지만 나름 기억에는 남았다.",간단 정리는 시작은 귀찮았는데 하다 보니 괜찮았다. 엄청 의미 있는 건 아니고 그래도 하루가 조금 정리된 느낌. 이런 곳도 있었네 싶었다. 엄청난 건 아니고 그냥 기록용. 급하게 정한 일정치고는 나쁘지 않았다. 짧게 적어두는 정도지만 나름 기억에는 남았다.,1,AI_v2,107,143,6,17.833333333333332,4.6696419087073,53,19,8,11,2,7,0.3584905660377358,0.1509433962264151,0.20754716981132076,0.03773584905660377,0.1320754716981132,0.17757009345794392,0.06542056074766354,0,0,6,0,0,0,0.056074766355140186
연말정산 부양가족 인적공제 기준 간단합니다!,전문_정보,"2020년 연말정산 인적공제 소득조건 기본적으로 제공되는 인적공제 대상자는? 근로자 본인, 배우자... 2020년 연말정산 공제 항목중 기본인 인적공제 부양가족에 대해 말씀드렸어요! 각 내용별 기준 잘... ",2020년 연말정산 인적공제 소득조건 기본적으로 제공되는 인적공제 대상자는? 근로자 본인 배우자. 2020년 연말정산 공제 항목중 기본인 인적공제 부양가족에 대해 말씀드렸어요! 각 내용별 기준 잘.,0,Human,87,110,4,21.75,13.254716141811564,40,25,3,0,0,4,0.625,0.075,0.0,0.0,0.1,0.28735632183908044,0.04597701149425287,0,0,2,1,1,0,0.04597701149425287
챙기는 2020년 연말정산... 미리보기 및 연말정산 소득공제기간,전문_정보,"요즘 챙기는 연말정산... 때문에 생각이 많았는데, 직접 해보니 생각보다 어렵지 않았어요. 천천히 정리하니 마음도 조금 편해진 느낌입니다. 기대보다 편하게 즐길 수 있어서 만족스러운 시간이었답니다. 전체적으로 무난하면서도 기분 좋게 마무리할 수 있었어요.",요즘 챙기는 연말정산. 때문에 생각이 많았는데 직접 해보니 생각보다 어렵지 않았어요. 천천히 정리하니 마음도 조금 편해진 느낌입니다. 기대보다 편하게 즐길 수 있어서 만족스러운 시간이었답니다. 전체적으로 무난하면서도 기분 좋게 마무리할 수 있었어요.,1,AI_v1,109,139,5,21.8,6.241794613730894,48,18,8,9,1,6,0.375,0.16666666666666666,0.1875,0.020833333333333332,0.125,0.1651376146788991,0.05504587155963303,1,0,5,0,0,0,0.045871559633027525
2020년 연말정산 기간부터... 국세청 홈택스 의료비공제... ,전문_정보,"2020년 연말정산 달라진 점 국세청 홈택스 의료비 공제 달라진 점과 수령 보험금 제외 신고 방법 자, 그러면 연말정산간소화서비스하러 가볼까요!!!! 국세청홈택스에서 제일 왼쪽 버튼을 눌러주세요... ",2020년 연말정산 달라진 점 국세청 홈택스 의료비 공제 달라진 점과 수령 보험금 제외 신고 방법 자 그러면 연말정산간소화서비스하러 가볼까요! 국세청홈택스에서 제일 왼쪽 버튼을 눌러주세요.,0,Human,82,105,2,41.0,20.0,36,24,5,0,1,3,0.6666666666666666,0.1388888888888889,0.0,0.027777777777777776,0.08333333333333333,0.2926829268292683,0.036585365853658534,0,0,1,1,0,0,0.024390243902439025
2020년 연말정산 아직 챙기지 못한 것들이 있다면..,전문_정보,2020년 남은 4일 미처 챙기지 못했던 연말정산 항목 다시한번 살펴보겠다. 출처 : 게티이미지뱅크 첫째. 연금계좌의 세액공제 한도. &gt;&gt; 연금저축과 퇴직연금(IRP와 퇴직연금 DC형)을 합산해 연간 최대... ,2020년 남은 4일 미처 챙기지 못했던 연말정산 항목 다시한번 살펴보겠다. 출처 게티이미지뱅크 첫째. 연금계좌의 세액공제 한도. 연금저축과 퇴직연금 IRP와 퇴직연금 DC형 을 합산해 연간 최대.,0,Human,86,110,4,21.5,9.604686356149273,43,25,6,0,0,3,0.5813953488372093,0.13953488372093023,0.0,0.0,0.06976744186046512,0.29069767441860467,0.03488372093023256,0,0,4,0,0,0,0.046511627906976744
강남역맛집) 몸보신 삼계탕 맛집 : 한방삼계탕,맛집_리뷰,강남역맛집) 몸보신에서 밥 먹었다. 맛은 자극적이지 않았고 가격도 요즘 기준으로는 평범했다. 근처 약속 있을 때 한 끼 해결하기 괜찮은 곳. 기대치를 낮추고 가면 무난한 정도. 이런 곳도 있었네 싶었다. 가격은 막 싸진 않았고 위치는 찾기 쉬운 편.,강남역맛집 몸보신에서 밥 먹었다. 맛은 자극적이지 않았고 가격도 요즘 기준으로는 평범했다. 근처 약속 있을 때 한 끼 해결하기 괜찮은 곳. 기대치를 낮추고 가면 무난한 정도. 이런 곳도 있었네 싶었다. 가격은 막 싸진 않았고 위치는 찾기 쉬운 편.,1,AI_v2,102,138,6,17.0,4.281744192888376,57,26,8,6,0,9,0.45614035087719296,0.14035087719298245,0.10526315789473684,0.0,0.15789473684210525,0.2549019607843137,0.08823529411764706,0,0,6,0,0,0,0.058823529411764705
2020년 연말정산 '부동산공제',전문_정보,"'13월의 보너스' 연말정산의 시기가 다가오고 있네요.. 청약통장 납입. 주택임차차입금 원리금상환.... 지금까지 부동산관련 연말소득공제에 대해 알아보았는데요, 미리미리 필요한 서류들 준비해두셨다가... ",13월의 보너스 연말정산의 시기가 다가오고 있네요. 청약통장 납입. 주택임차차입금 원리금상환. 지금까지 부동산관련 연말소득공제에 대해 알아보았는데요 미리미리 필요한 서류들 준비해두셨다가.,0,Human,86,104,4,21.5,13.665650368716449,39,22,4,2,0,4,0.5641025641025641,0.10256410256410256,0.05128205128205128,0.0,0.10256410256410256,0.2558139534883721,0.046511627906976744,0,0,4,0,0,0,0.046511627906976744
"[강남역 맛집] 따뜻한 국물이 먹고 싶어서 간, 딘타이펑 강남점",맛집_리뷰,친구랑 강남역 따뜻한에 갔는데 전체적으로 무난해서 좋았어요. 음식 나오는 속도도 괜찮고 맛도 기대 이상이라 근처 맛집 찾는 분들께 추천드려요. 사진으로 남겨두기에도 괜찮아서 기억에 오래 남을 것 같아요. 개인적으로는 너무 과하지 않은 점이 마음에 들었어요.,친구랑 강남역 따뜻한에 갔는데 전체적으로 무난해서 좋았어요. 음식 나오는 속도도 괜찮고 맛도 기대 이상이라 근처 맛집 찾는 분들께 추천드려요. 사진으로 남겨두기에도 괜찮아서 기억에 오래 남을 것 같아요. 개인적으로는 너무 과하지 않은 점이 마음에 들었어요.,1,AI_v1,110,143,4,27.5,4.031128874149275,58,22,9,5,2,13,0.3793103448275862,0.15517241379310345,0.08620689655172414,0.034482758620689655,0.22413793103448276,0.2,0.11818181818181818,2,0,4,0,0,0,0.03636363636363636
2020년 연말정산 변경사항 알아보기,전문_정보,연말정산 변경사항을 하면서 생각보다 시간이 빨리 갔다. 중간중간 딴짓도 했지만 마무리는 했다. 그냥 소소한 기록으로 남김. 이런 곳도 있었네 싶었다. 기대치를 낮추고 가면 무난한 정도. 사진은 몇 장 찍었는데 정리는 나중에 해야겠다.,연말정산 변경사항을 하면서 생각보다 시간이 빨리 갔다. 중간중간 딴짓도 했지만 마무리는 했다. 그냥 소소한 기록으로 남김. 이런 곳도 있었네 싶었다. 기대치를 낮추고 가면 무난한 정도. 사진은 몇 장 찍었는데 정리는 나중에 해야겠다.,1,AI_v2,99,130,6,16.5,4.5,53,21,9,3,1,11,0.39622641509433965,0.16981132075471697,0.05660377358490566,0.018867924528301886,0.20754716981132076,0.21212121212121213,0.1111111111111111,0,0,6,0,0,0,0.06060606060606061
"2020년 연말정산 : 월세 세액공제, 주택청약 공제, 안경 구입... ",전문_정보,"올 연말정산에서 체크해뒀던 항목들 기록하고, 담엔 더 잘 챙겨야겠당 자 구롬 내가 챙긴 것들 기록 스타뚜 2020년 연말정산 개인 이슈 간단 요약 1. 월세 세액공제 : 10~12% 공제되믄, 거진 한 달 치 월세... ",올 연말정산에서 체크해뒀던 항목들 기록하고 담엔 더 잘 챙겨야겠당 자 구롬 내가 챙긴 것들 기록 스타뚜 2020년 연말정산 개인 이슈 간단 요약 1. 월세 세액공제 10~12 공제되믄 거진 한 달 치 월세.,0,Human,84,115,2,42.0,19.0,46,25,8,0,1,4,0.5434782608695652,0.17391304347826086,0.0,0.021739130434782608,0.08695652173913043,0.2976190476190476,0.047619047619047616,0,0,2,0,0,1,0.03571428571428571
강남역 맛집 - 강남맛집 파스타 감바스 피자가 맛있는 비어룸(BR),맛집_리뷰,2019년 6월 8일 토요일 장소: 강남역 비어룸 오늘은 강남역에서 미래에셋 인턴을 할때 동기들을 만나기로 했어요 맛집을 정하며 떠들던 저희는 인스타그램 해쉬태그 #강남맛집 #강남역맛집을 열심히 검색한 후... ,2019년 6월 8일 토요일 장소 강남역 비어룸 오늘은 강남역에서 미래에셋 인턴을 할때 동기들을 만나기로 했어요 맛집을 정하며 떠들던 저희는 인스타그램 해쉬태그 열심히 검색한 후.,0,Human,77,100,1,77.0,0.0,36,18,5,0,1,7,0.5,0.1388888888888889,0.0,0.027777777777777776,0.19444444444444445,0.23376623376623376,0.09090909090909091,1,0,1,0,0,0,0.012987012987012988
[강남역 맛집] 크림카레우동이 맛있는 “토끼정”,맛집_리뷰,크림카레우동이 사진 몇 장 남김. 조명 때문에 음식 색은 잘 나오는 편이었고 실제 맛도 크게 다르진 않았다. 테이블은 조금 좁아서 그건 아쉬웠음. 가격은 막 싸진 않았고 위치는 찾기 쉬운 편. 급하게 정한 일정치고는 나쁘지 않았다.,크림카레우동이 사진 몇 장 남김. 조명 때문에 음식 색은 잘 나오는 편이었고 실제 맛도 크게 다르진 않았다. 테이블은 조금 좁아서 그건 아쉬웠음. 가격은 막 싸진 않았고 위치는 찾기 쉬운 편. 급하게 정한 일정치고는 나쁘지 않았다.,1,AI_v2,95,129,5,19.0,5.656854249492381,51,22,8,6,1,9,0.43137254901960786,0.1568627450980392,0.11764705882352941,0.0196078431372549,0.17647058823529413,0.23157894736842105,0.09473684210526316,0,0,5,0,0,0,0.05263157894736842
"2020 연말정산 미리보기, 올해 공제 항목은?",전문_정보,"2020 연말정산 미리보기가 화제다. 연말정산 시즌에 돌입했기 때문이다. 내년 연말정산을 위해 많은... 확대 2020년 종소세 미리 준비하자, 노란우산공제 사업자의 생활 안정 및 사업 재기를 도모하기 위해... ",2020 연말정산 미리보기가 화제다. 연말정산 시즌에 돌입했기 때문이다. 내년 연말정산을 위해 많은. 확대 2020년 종소세 미리 준비하자 노란우산공제 사업자의 생활 안정 및 사업 재기를 도모하기 위해.,0,Human,88,113,4,22.0,12.267844146385297,44,25,3,2,0,7,0.5681818181818182,0.06818181818181818,0.045454545454545456,0.0,0.1590909090909091,0.2840909090909091,0.07954545454545454,0,0,4,0,0,0,0.045454545454545456
2019년 12월 4주 금요일 일기,맛집_리뷰,오랜만에 친구랑 12월에 갔는데 전체적으로 무난해서 좋았어요. 음식 나오는 속도도 괜찮고 맛도 기대 이상이라 근처 맛집 찾는 분들께 추천드려요. 기대보다 편하게 즐길 수 있어서 만족스러운 시간이었답니다. 개인적으로는 너무 과하지 않은 점이 마음에 들었어요.,오랜만에 친구랑 12월에 갔는데 전체적으로 무난해서 좋았어요. 음식 나오는 속도도 괜찮고 맛도 기대 이상이라 근처 맛집 찾는 분들께 추천드려요. 기대보다 편하게 즐길 수 있어서 만족스러운 시간이었답니다. 개인적으로는 너무 과하지 않은 점이 마음에 들었어요.,1,AI_v1,111,143,4,27.75,4.02336923485777,57,20,10,5,1,11,0.3508771929824561,0.17543859649122806,0.08771929824561403,0.017543859649122806,0.19298245614035087,0.18018018018018017,0.0990990990990991,2,0,4,0,0,0,0.036036036036036036
매월 31일 할로윈 피티 강남역 마녀주방,맛집_리뷰,"오랜만에 매월 31일 다녀왔는데 생각보다 분위기가 편해서 좋았어요. 음식도 깔끔하게 나와서 부담 없이 먹기 괜찮았고, 다음에 근처 가면 또 들러보고 싶더라고요. 다음에는 조금 더 여유 있게 다시 가보고 싶어요. 짧게 들렀지만 생각보다 알차게 시간을 보냈어요.",오랜만에 매월 31일 다녀왔는데 생각보다 분위기가 편해서 좋았어요. 음식도 깔끔하게 나와서 부담 없이 먹기 괜찮았고 다음에 근처 가면 또 들러보고 싶더라고요. 다음에는 조금 더 여유 있게 다시 가보고 싶어요. 짧게 들렀지만 생각보다 알차게 시간을 보냈어요.,1,AI_v1,109,143,4,27.25,7.327175444876422,49,19,8,7,1,8,0.3877551020408163,0.16326530612244897,0.14285714285714285,0.02040816326530612,0.16326530612244897,0.1743119266055046,0.07339449541284404,1,0,4,0,0,0,0.03669724770642202
[강남역 맛집] 일본풍 파스타가 정말 맛있었던곳 '고에몬... ,맛집_리뷰,"강남역 다녀왔는데 생각보다 분위기가 편해서 좋았어요. 음식도 깔끔하게 나와서 부담 없이 먹기 괜찮았고, 다음에 근처 가면 또 들러보고 싶더라고요. 짧게 들렀지만 생각보다 알차게 시간을 보냈어요. 처음 가보는 분들도 크게 부담 없이 즐길 수 있을 것 같아요.",강남역 다녀왔는데 생각보다 분위기가 편해서 좋았어요. 음식도 깔끔하게 나와서 부담 없이 먹기 괜찮았고 다음에 근처 가면 또 들러보고 싶더라고요. 짧게 들렀지만 생각보다 알차게 시간을 보냈어요. 처음 가보는 분들도 크게 부담 없이 즐길 수 있을 것 같아요.,1,AI_v1,107,142,4,26.75,6.609652033201143,49,19,8,8,2,7,0.3877551020408163,0.16326530612244897,0.16326530612244897,0.04081632653061224,0.14285714285714285,0.17757009345794392,0.06542056074766354,2,0,4,0,0,0,0.037383177570093455
샤론6 해피베어 아이폰11 케이스 후기 - 만족하는 내돈내산,상품_리뷰,샤론6 해피베어는 처음엔 애매했는데 쓰다 보니 괜찮은 쪽으로 기울었다. 다만 설명이 조금 부족해서 처음 세팅할 때는 헤맸음. 급하게 정한 일정치고는 나쁘지 않았다. 급하게 정한 일정치고는 나쁘지 않았다. 사진은 몇 장 찍었는데 정리는 나중에 해야겠다.,샤론6 해피베어는 처음엔 애매했는데 쓰다 보니 괜찮은 쪽으로 기울었다. 다만 설명이 조금 부족해서 처음 세팅할 때는 헤맸음. 급하게 정한 일정치고는 나쁘지 않았다. 급하게 정한 일정치고는 나쁘지 않았다. 사진은 몇 장 찍었는데 정리는 나중에 해야겠다.,1,AI_v2,107,140,5,21.4,5.1613951602255765,52,19,9,7,0,11,0.36538461538461536,0.17307692307692307,0.1346153846153846,0.0,0.21153846153846154,0.17757009345794392,0.102803738317757,0,0,5,0,0,0,0.04672897196261682
내돈내산. 아이폰프로11케이스. 가죽케이스. 정품케이스.... ,상품_리뷰,가격대비 아주 훌륭하다! 비싸지만 아주 훌륭하다. 역시 정품케이스! 절대 빼지 않으리. #내돈내산 #아이폰프로11케이스 #아이폰가죽케이스 “파트너스 활동을 통해 일정액의 수수료를 제공받을 수 있음”,가격대비 아주 훌륭하다! 비싸지만 아주 훌륭하다. 역시 정품케이스! 절대 빼지 않으리. 파트너스 활동을 통해 일정액의 수수료를 제공받을 수 있음,0,Human,62,80,5,12.4,6.343500610861483,31,16,3,4,0,3,0.5161290322580645,0.0967741935483871,0.12903225806451613,0.0,0.0967741935483871,0.25806451612903225,0.04838709677419355,0,0,2,2,0,0,0.06451612903225806
아이폰 11프로 임팩트 범퍼 케이스 구매후기 (내돈내산),상품_리뷰,이번 포스팅은 최근 구매한 아이폰 11 프로 CASETiFY의 임팩트 범퍼 케이스 리뷰에요. (이 포스팅은... 사진은 필터링 없이 아이폰 XS 일반모드로 찍었어요. 왼쪽 제품이 이번에 구매한 임팩트 범퍼 클리어... ,이번 포스팅은 최근 구매한 아이폰 11 프로 CASETiFY의 임팩트 범퍼 케이스 리뷰에요. 이 포스팅은. 사진은 필터링 없이 아이폰 XS 일반모드로 찍었어요. 왼쪽 제품이 이번에 구매한 임팩트 범퍼 클리어.,0,Human,89,116,4,22.25,12.090802289343747,45,25,1,0,1,9,0.5555555555555556,0.022222222222222223,0.0,0.022222222222222223,0.2,0.2808988764044944,0.10112359550561797,0,0,4,0,0,0,0.0449438202247191
2020년 연말정산 _ 소득세액공제신고서 작성법_동영상,전문_정보,"오늘은 연말정산 소득세액공제신고서에 대해 짧게 남겨봅니다. 큰 기대 없이 시작했는데 생각보다 만족스러웠고, 다음에도 비슷하게 해보고 싶어요. 다음에는 조금 더 여유 있게 다시 가보고 싶어요. 처음 가보는 분들도 크게 부담 없이 즐길 수 있을 것 같아요.",오늘은 연말정산 소득세액공제신고서에 대해 짧게 남겨봅니다. 큰 기대 없이 시작했는데 생각보다 만족스러웠고 다음에도 비슷하게 해보고 싶어요. 다음에는 조금 더 여유 있게 다시 가보고 싶어요. 처음 가보는 분들도 크게 부담 없이 즐길 수 있을 것 같아요.,1,AI_v1,106,140,4,26.5,5.5,53,21,10,6,2,6,0.39622641509433965,0.18867924528301888,0.11320754716981132,0.03773584905660377,0.11320754716981132,0.19811320754716982,0.05660377358490566,1,0,4,0,0,0,0.03773584905660377
아이폰12 pro 골드(내돈내산 feat. SK 요금할인받기),상품_리뷰,"아이폰12 pro 후기 남겨보면, 처음엔 반신반의했지만 써볼수록 편한 점이 많았어요. 아쉬운 부분도 있지만 재구매를 고민할 정도는 됩니다. 개인적으로는 너무 과하지 않은 점이 마음에 들었어요. 전체적으로 무난하면서도 기분 좋게 마무리할 수 있었어요.",아이폰12 pro 후기 남겨보면 처음엔 반신반의했지만 써볼수록 편한 점이 많았어요. 아쉬운 부분도 있지만 재구매를 고민할 정도는 됩니다. 개인적으로는 너무 과하지 않은 점이 마음에 들었어요. 전체적으로 무난하면서도 기분 좋게 마무리할 수 있었어요.,1,AI_v1,108,138,4,27.0,5.830951894845301,55,19,12,6,1,9,0.34545454545454546,0.21818181818181817,0.10909090909090909,0.01818181818181818,0.16363636363636364,0.17592592592592593,0.08333333333333333,0,0,4,0,0,0,0.037037037037037035
"&lt;내돈내산&gt; 아이폰, 에이팟프로 애플케어플러스 가입하기... ",상품_리뷰,"&lt;내돈내산&gt; 아이폰, 에어팟pro 애플케어플러스 가입하기 저상태로 4개월 버틴 내 아이폰6s... 11번가에서 자급제폰으로 80만원 초반대에 구입한 #아이폰11화이트 (물론 무이자 6개월) 공시가나 오프라인... ",내돈내산 아이폰 에어팟pro 애플케어플러스 가입하기 저상태로 4개월 버틴 내 아이폰6s. 11번가에서 자급제폰으로 80만원 초반대에 구입한 물론 무이자 6개월 공시가나 오프라인.,0,Human,80,99,2,40.0,0.0,45,23,2,0,1,5,0.5111111111111111,0.044444444444444446,0.0,0.022222222222222223,0.1111111111111111,0.2875,0.0625,0,0,2,0,0,0,0.025
내돈내산 ESR 강화유리 필름 붙이기!(아이폰11promax) / 하남... ,상품_리뷰,"내돈내산 ESR는 가볍게 써보기 좋은 제품이었어요. 기대를 너무 크게 하지 않으면 만족도가 높고, 실사용 기준으로는 꽤 괜찮게 느껴졌답니다. 개인적으로는 너무 과하지 않은 점이 마음에 들었어요. 사진으로 남겨두기에도 괜찮아서 기억에 오래 남을 것 같아요.",내돈내산 ESR는 가볍게 써보기 좋은 제품이었어요. 기대를 너무 크게 하지 않으면 만족도가 높고 실사용 기준으로는 꽤 괜찮게 느껴졌답니다. 개인적으로는 너무 과하지 않은 점이 마음에 들었어요. 사진으로 남겨두기에도 괜찮아서 기억에 오래 남을 것 같아요.,1,AI_v1,109,141,4,27.25,5.7608593109014565,57,20,10,6,3,10,0.3508771929824561,0.17543859649122806,0.10526315789473684,0.05263157894736842,0.17543859649122806,0.1834862385321101,0.09174311926605505,2,0,4,0,0,0,0.03669724770642202
[맛집리뷰]강남역맛집/붓처스컷강남점/BUTCHER’S CUT 강남... ,맛집_리뷰,붓처스컷강남점은 가게 앞에서 잠깐 기다렸다. 메뉴는 금방 정했고 맛은 평범한데 묘하게 계속 먹게 됨. 다음에 지나가면 또 생각날 수도. 엄청난 건 아니고 그냥 기록용. 시간 맞으면 한 번쯤 들를만함. 딱히 특별하진 않은데 기억은 남는 편이다.,붓처스컷강남점은 가게 앞에서 잠깐 기다렸다. 메뉴는 금방 정했고 맛은 평범한데 묘하게 계속 먹게 됨. 다음에 지나가면 또 생각날 수도. 엄청난 건 아니고 그냥 기록용. 시간 맞으면 한 번쯤 들를만함. 딱히 특별하진 않은데 기억은 남는 편이다.,1,AI_v2,101,135,6,16.833333333333332,3.8042374035044424,55,24,12,5,0,7,0.43636363636363634,0.21818181818181817,0.09090909090909091,0.0,0.12727272727272726,0.2376237623762376,0.06930693069306931,0,0,6,0,0,0,0.0594059405940594
[연말정산] 연말정산 준비하기_연금계좌세액공제,전문_정보,연말정산을 하면서 생각보다 시간이 빨리 갔다. 중간중간 딴짓도 했지만 마무리는 했다. 그냥 소소한 기록으로 남김. 엄청난 건 아니고 그냥 기록용. 딱히 특별하진 않은데 기억은 남는 편이다. 다음엔 다른 메뉴도 봐야 할 듯.,연말정산을 하면서 생각보다 시간이 빨리 갔다. 중간중간 딴짓도 했지만 마무리는 했다. 그냥 소소한 기록으로 남김. 엄청난 건 아니고 그냥 기록용. 딱히 특별하진 않은데 기억은 남는 편이다. 다음엔 다른 메뉴도 봐야 할 듯.,1,AI_v2,93,124,6,15.5,2.9860788111948193,51,19,9,5,1,10,0.37254901960784315,0.17647058823529413,0.09803921568627451,0.0196078431372549,0.19607843137254902,0.20430107526881722,0.10752688172043011,0,0,6,0,0,0,0.06451612903225806
2020년 연말정산 꿀팁! 전년도와 달라진 내용 확인하고 가세요~,전문_정보,"요즘 연말정산 꿀팁! 때문에 생각이 많았는데, 직접 해보니 생각보다 어렵지 않았어요. 천천히 정리하니 마음도 조금 편해진 느낌입니다. 사진으로 남겨두기에도 괜찮아서 기억에 오래 남을 것 같아요. 개인적으로는 너무 과하지 않은 점이 마음에 들었어요. 전체적으로 무난하면서도 기분 좋게 마무리할 수 있었어요.",요즘 연말정산 꿀팁! 때문에 생각이 많았는데 직접 해보니 생각보다 어렵지 않았어요. 천천히 정리하니 마음도 조금 편해진 느낌입니다. 사진으로 남겨두기에도 괜찮아서 기억에 오래 남을 것 같아요. 개인적으로는 너무 과하지 않은 점이 마음에 들었어요. 전체적으로 무난하면서도 기분 좋게 마무리할 수 있었어요.,1,AI_v1,131,169,6,21.833333333333332,6.066758241067098,65,25,9,8,3,12,0.38461538461538464,0.13846153846153847,0.12307692307692308,0.046153846153846156,0.18461538461538463,0.19083969465648856,0.0916030534351145,1,0,5,1,0,0,0.04580152671755725
[강남역 맛집]&quot;스테이터 강남역점&quot; / 가성비 좋은... ,맛집_리뷰,이번에 강남역에서 식사했는데 분위기가 너무 시끄럽지 않아 편했어요. 대표 메뉴가 깔끔했고 가격도 크게 부담스럽지 않아서 한 번쯤 가볼 만했답니다. 짧게 들렀지만 생각보다 알차게 시간을 보냈어요. 사진으로 남겨두기에도 괜찮아서 기억에 오래 남을 것 같아요.,이번에 강남역에서 식사했는데 분위기가 너무 시끄럽지 않아 편했어요. 대표 메뉴가 깔끔했고 가격도 크게 부담스럽지 않아서 한 번쯤 가볼 만했답니다. 짧게 들렀지만 생각보다 알차게 시간을 보냈어요. 사진으로 남겨두기에도 괜찮아서 기억에 오래 남을 것 같아요.,1,AI_v1,110,142,4,27.5,4.5,53,18,9,7,2,12,0.33962264150943394,0.16981132075471697,0.1320754716981132,0.03773584905660377,0.22641509433962265,0.16363636363636364,0.10909090909090909,3,0,4,0,0,0,0.03636363636363636
"[맛집추천] 강남역맛집, 가성비 최고 롤링파스타에서... ",맛집_리뷰,"가성비 먹고 옴. 사람 많고 조금 정신없었지만 음식은 괜찮았다. 가격은 보통, 위치는 편한 편이라 약속 전후로 들르기 좋음. 엄청난 건 아니고 그냥 기록용. 다음엔 다른 메뉴도 봐야 할 듯. 다음엔 다른 메뉴도 봐야 할 듯.",가성비 먹고 옴. 사람 많고 조금 정신없었지만 음식은 괜찮았다. 가격은 보통 위치는 편한 편이라 약속 전후로 들르기 좋음. 엄청난 건 아니고 그냥 기록용. 다음엔 다른 메뉴도 봐야 할 듯. 다음엔 다른 메뉴도 봐야 할 듯.,1,AI_v2,90,124,6,15.0,5.507570547286102,53,25,6,7,0,9,0.4716981132075472,0.11320754716981132,0.1320754716981132,0.0,0.16981132075471697,0.2777777777777778,0.1,0,0,6,0,0,0,0.06666666666666667
2019년 12월 1주차 일상,맛집_리뷰,근처에서 밥 먹을 곳 찾다가 12월에 들렀어요. 맛이 자극적이지 않고 양도 적당해서 만족했답니다. 웨이팅만 조금 피하면 더 좋을 것 같아요. 다음에는 조금 더 여유 있게 다시 가보고 싶어요. 기대보다 편하게 즐길 수 있어서 만족스러운 시간이었답니다.,근처에서 밥 먹을 곳 찾다가 12월에 들렀어요. 맛이 자극적이지 않고 양도 적당해서 만족했답니다. 웨이팅만 조금 피하면 더 좋을 것 같아요. 다음에는 조금 더 여유 있게 다시 가보고 싶어요. 기대보다 편하게 즐길 수 있어서 만족스러운 시간이었답니다.,1,AI_v1,105,139,5,21.0,2.9664793948382653,50,19,8,8,0,7,0.38,0.16,0.16,0.0,0.14,0.18095238095238095,0.06666666666666667,3,0,5,0,0,0,0.047619047619047616
"아이폰 11 프로 연속촬영(연사찍기), 동영상",상품_리뷰,"아이폰 11는 직접 써보니 장단점이 분명했어요. 그래도 가격이나 사용감까지 생각하면 꽤 무난했고, 필요한 분들께는 참고가 될 것 같아요. 짧게 들렀지만 생각보다 알차게 시간을 보냈어요. 다음에는 조금 더 여유 있게 다시 가보고 싶어요.",아이폰 11는 직접 써보니 장단점이 분명했어요. 그래도 가격이나 사용감까지 생각하면 꽤 무난했고 필요한 분들께는 참고가 될 것 같아요. 짧게 들렀지만 생각보다 알차게 시간을 보냈어요. 다음에는 조금 더 여유 있게 다시 가보고 싶어요.,1,AI_v1,99,130,4,24.75,7.084313657652377,49,18,11,6,1,7,0.3673469387755102,0.22448979591836735,0.12244897959183673,0.02040816326530612,0.14285714285714285,0.18181818181818182,0.0707070707070707,2,0,4,0,0,0,0.04040404040404041
&lt;강남역 맛집 후기&gt;혼밥하기 좋은 소노야!,맛집_리뷰,가격은 &lt;2019년 3월 22일 기준&gt; 돈코츠 라멘 8000원 유부초밥 2000원.. 합이 10000원이에요 그래도 든든하게 한끼 해결했어요&gt;&lt; 한국인은 밥심!!! #내돈주고맛집탐방 #강남역맛집 #신분당선강남맛집 #일본라멘... ,가격은 2019년 3월 22일 기준 돈코츠 라멘 8000원 유부초밥 2000원. 합이 10000원이에요 그래도 든든하게 한끼 해결했어요 한국인은 밥심!,0,Human,67,84,2,33.5,1.5,26,10,1,1,1,3,0.38461538461538464,0.038461538461538464,0.038461538461538464,0.038461538461538464,0.11538461538461539,0.14925373134328357,0.04477611940298507,1,0,1,1,0,0,0.029850746268656716
아이폰11 퍼플 내돈내산,상품_리뷰,며칠 동안 아이폰11 퍼플을 써봤는데 생각보다 손이 자주 가더라고요. 사용법도 어렵지 않고 마감도 괜찮아서 전체적으로 만족했어요. 전체적으로 무난하면서도 기분 좋게 마무리할 수 있었어요. 기대보다 편하게 즐길 수 있어서 만족스러운 시간이었답니다.,며칠 동안 아이폰11 퍼플을 써봤는데 생각보다 손이 자주 가더라고요. 사용법도 어렵지 않고 마감도 괜찮아서 전체적으로 만족했어요. 전체적으로 무난하면서도 기분 좋게 마무리할 수 있었어요. 기대보다 편하게 즐길 수 있어서 만족스러운 시간이었답니다.,1,AI_v1,108,137,4,27.0,1.8708286933869707,49,19,8,8,0,7,0.3877551020408163,0.16326530612244897,0.16326530612244897,0.0,0.14285714285714285,0.17592592592592593,0.06481481481481481,3,0,4,0,0,0,0.037037037037037035
"2020년 연말정산 바뀌는 것들, 신용카드 소득공제 대상 제외항목",전문_정보,"월세액 : 세액공제를 적용받은 경우 10. 해외에서 사용한 금액 11. 자동차 렌트, 리스비 12. 면세품 구입비 더 있나? 아참~ 내년~ 2020년 연말정산 바뀌는 점!!! 1. 내년에 올해 소득분 신고할 때 실손의료비 받은... ",월세액 세액공제를 적용받은 경우 10. 해외에서 사용한 금액 11. 자동차 렌트 리스비 12. 면세품 구입비 더 있나? 아참~ 내년~ 2020년 연말정산 바뀌는 점! 1. 내년에 올해 소득분 신고할 때 실손의료비 받은.,0,Human,92,122,7,13.142857142857142,5.962467644202631,55,29,5,1,0,4,0.5272727272727272,0.09090909090909091,0.01818181818181818,0.0,0.07272727272727272,0.31521739130434784,0.043478260869565216,0,0,5,1,1,2,0.09782608695652174
2020년 연말정산 2 (연금계좌-세액공제),전문_정보,"2020년 연말정산1에 이어서 연말정산 세액공제 항목 중 연금계좌에 대해 포스팅 해보겠습니다. 1. 연금 계좌 : 연간 1800만원 납입 가능 , irp 까지 가입시 최대 700만원 세액공제 ( 연금저축 +irp = 최대 700만원... ",2020년 연말정산1에 이어서 연말정산 세액공제 항목 중 연금계좌에 대해 포스팅 해보겠습니다. 1. 연금 계좌 연간 1800만원 납입 가능 irp 까지 가입시 최대 700만원 세액공제 연금저축 irp 최대 700만원.,0,Human,94,121,3,31.333333333333332,20.997354330698162,39,23,1,0,1,3,0.5897435897435898,0.02564102564102564,0.0,0.02564102564102564,0.07692307692307693,0.24468085106382978,0.031914893617021274,0,0,3,0,0,0,0.031914893617021274
"무쪼 아이폰 케이스! MUJJO 내돈내산 후기, 아이폰 케이스 추천",상품_리뷰,"무쪼 써봄. 기대만큼은 아니지만 못 쓸 정도도 아님. 간단하게 쓰기엔 괜찮고, 오래 쓰면 평가가 조금 달라질 수도. 딱히 특별하진 않은데 기억은 남는 편이다. 다음엔 다른 메뉴도 봐야 할 듯. 사람이 좀 있어서 조용한 느낌은 아니었음.",무쪼 써봄. 기대만큼은 아니지만 못 쓸 정도도 아님. 간단하게 쓰기엔 괜찮고 오래 쓰면 평가가 조금 달라질 수도. 딱히 특별하진 않은데 기억은 남는 편이다. 다음엔 다른 메뉴도 봐야 할 듯. 사람이 좀 있어서 조용한 느낌은 아니었음.,1,AI_v2,96,130,6,16.0,6.0553007081949835,52,18,8,9,1,10,0.34615384615384615,0.15384615384615385,0.17307692307692307,0.019230769230769232,0.19230769230769232,0.1875,0.10416666666666667,0,0,6,0,0,0,0.0625
"강남역 맛집 낙원타코 / 낙원스낵, 롯데백화점 '갬성푸드' 팝업",맛집_리뷰,낙원타코 기록. 자리 간격은 넓진 않았고 음식은 바로 먹기 괜찮았다. 막 특별하진 않은데 배고플 때 들르면 나쁘지 않은 정도. 엄청난 건 아니고 그냥 기록용. 기대치를 낮추고 가면 무난한 정도. 이런 곳도 있었네 싶었다.,낙원타코 기록. 자리 간격은 넓진 않았고 음식은 바로 먹기 괜찮았다. 막 특별하진 않은데 배고플 때 들르면 나쁘지 않은 정도. 엄청난 건 아니고 그냥 기록용. 기대치를 낮추고 가면 무난한 정도. 이런 곳도 있었네 싶었다.,1,AI_v2,91,123,6,15.166666666666666,5.727613425813193,46,20,6,9,0,4,0.43478260869565216,0.13043478260869565,0.1956521739130435,0.0,0.08695652173913043,0.21978021978021978,0.04395604395604396,0,0,6,0,0,0,0.06593406593406594
[직장 정보] 2020년 연말정산! 달라진 공제 항목은?,전문_정보,연말정산! 기록. 특별한 건 없고 그냥 그런 하루였다. 그래도 남겨두면 나중에 다시 볼 때 생각날 것 같음. 기대치를 낮추고 가면 무난한 정도. 딱히 특별하진 않은데 기억은 남는 편이다. 엄청난 건 아니고 그냥 기록용.,연말정산! 기록. 특별한 건 없고 그냥 그런 하루였다. 그래도 남겨두면 나중에 다시 볼 때 생각날 것 같음. 기대치를 낮추고 가면 무난한 정도. 딱히 특별하진 않은데 기억은 남는 편이다. 엄청난 건 아니고 그냥 기록용.,1,AI_v2,90,122,7,12.857142857142858,6.104531605491856,49,20,7,8,1,5,0.40816326530612246,0.14285714285714285,0.16326530612244897,0.02040816326530612,0.10204081632653061,0.2222222222222222,0.05555555555555555,0,0,6,1,0,0,0.07777777777777778
아이폰11promax 기변 했어요내돈내산 자급제 꿀팁,상품_리뷰,"아이폰11promax는 가볍게 써보기 좋은 제품이었어요. 기대를 너무 크게 하지 않으면 만족도가 높고, 실사용 기준으로는 꽤 괜찮게 느껴졌답니다. 짧게 들렀지만 생각보다 알차게 시간을 보냈어요. 다음에는 조금 더 여유 있게 다시 가보고 싶어요.",아이폰11promax는 가볍게 써보기 좋은 제품이었어요. 기대를 너무 크게 하지 않으면 만족도가 높고 실사용 기준으로는 꽤 괜찮게 느껴졌답니다. 짧게 들렀지만 생각보다 알차게 시간을 보냈어요. 다음에는 조금 더 여유 있게 다시 가보고 싶어요.,1,AI_v1,105,135,4,26.25,6.7592529172978875,47,17,10,7,1,6,0.3617021276595745,0.2127659574468085,0.14893617021276595,0.02127659574468085,0.1276595744680851,0.1619047619047619,0.05714285714285714,1,0,4,0,0,0,0.0380952380952381
KT 공식 온라인몰 KT샵 아이폰11 화이트 내돈내산 구매후기,상품_리뷰,KT 공식 온라인몰 KT샵 아이폰11 화이트 내돈내산 구매후기 드디어 오랫동안 쓰던 핸드폰을 바꿀때가 왔습니다 매번 KT샵 모바일 구매? 광고를 많이 봐서 제가 한 번 직접 폰을 구매했어요 저는 아이폰 6S를 4년... ,KT 공식 온라인몰 KT샵 아이폰11 화이트 내돈내산 구매후기 드디어 오랫동안 쓰던 핸드폰을 바꿀때가 왔습니다 매번 KT샵 모바일 구매? 광고를 많이 봐서 제가 한 번 직접 폰을 구매했어요 저는 아이폰 6S를 4년.,0,Human,90,120,2,45.0,14.0,51,24,7,0,3,6,0.47058823529411764,0.13725490196078433,0.0,0.058823529411764705,0.11764705882352941,0.26666666666666666,0.06666666666666667,1,0,1,0,1,0,0.022222222222222223
[제405탄] 서울 강남역맛집 웨딩홀뷔페 스칼라티움 강남점,맛집_리뷰,강철의 주요 정보 Tip &lt;2019년 10월 27일 일요일 방문 기준&gt; &lt;가격&gt; 웨딩홀 견적문의 스칼라티움 강남점 http://scalatium.thewedd.com/ &lt;주차&gt; 주차장 이용가능(1시간 30분 무료) 예식장바로옆 주차장은 좁아서 도보로... ,강철의 주요 정보 Tip 2019년 10월 27일 일요일 방문 기준 가격 웨딩홀 견적문의 스칼라티움 강남점 주차 주차장 이용가능 1시간 30분 무료 예식장바로옆 주차장은 좁아서 도보로.,0,Human,79,103,1,79.0,0.0,35,24,0,1,0,3,0.6857142857142857,0.0,0.02857142857142857,0.0,0.08571428571428572,0.3037974683544304,0.0379746835443038,0,0,1,0,0,0,0.012658227848101266
연말정산 소득공제 총정리 :2020 꼭 챙겨야 할 공제부분 정리,전문_정보,연말정산 소득공제 사진 몇 장 찍어뒀다. 나중에 보면 별거 아닐 수도 있는데 그때 분위기가 있어서 남겨둠. 정리는 천천히 해야겠다. 다음엔 다른 메뉴도 봐야 할 듯. 가격은 막 싸진 않았고 위치는 찾기 쉬운 편. 사진은 몇 장 찍었는데 정리는 나중에 해야겠다.,연말정산 소득공제 사진 몇 장 찍어뒀다. 나중에 보면 별거 아닐 수도 있는데 그때 분위기가 있어서 남겨둠. 정리는 천천히 해야겠다. 다음엔 다른 메뉴도 봐야 할 듯. 가격은 막 싸진 않았고 위치는 찾기 쉬운 편. 사진은 몇 장 찍었는데 정리는 나중에 해야겠다.,1,AI_v2,106,145,6,17.666666666666668,5.153208277913436,58,25,12,4,1,10,0.43103448275862066,0.20689655172413793,0.06896551724137931,0.017241379310344827,0.1724137931034483,0.2358490566037736,0.09433962264150944,0,0,6,0,0,0,0.05660377358490566
( 강남역맛집 ) 정말 맛있는... 먹을 수 있는 강남역 맛집 NY BnB,맛집_리뷰,비싸긴 하지만 정말 맛있는 수제 버거를 먹을 수 있는 강남역 맛집 뉴욕 수제버거 드디어 2019년에 먹은... 중 강남역에서 점심을 먹기 위해 NY B&amp;B를 방문해봤다. 뭐 강남역 지리를 모르니 자세한 위치는... ,비싸긴 하지만 정말 맛있는 수제 버거를 먹을 수 있는 강남역 맛집 뉴욕 수제버거 드디어 2019년에 먹은. 중 강남역에서 점심을 먹기 위해 NY B B를 방문해봤다. 뭐 강남역 지리를 모르니 자세한 위치는.,0,Human,85,115,3,28.333333333333332,11.440668201153676,43,20,4,4,1,5,0.46511627906976744,0.09302325581395349,0.09302325581395349,0.023255813953488372,0.11627906976744186,0.23529411764705882,0.058823529411764705,0,0,3,0,0,0,0.03529411764705882
[강남역 맛집] ‘라공방’에서 마라탕&amp;꿔바로우를 먹었어요!... ,맛집_리뷰,‘라공방’에서 이름은 몇 번 봤는데 이제야 가봄. 양은 생각보다 괜찮고 맛은 익숙한 쪽. 웨이팅 길면 굳이 기다릴 정도는 아닌 듯. 급하게 정한 일정치고는 나쁘지 않았다. 사람이 좀 있어서 조용한 느낌은 아니었음. 딱히 특별하진 않은데 기억은 남는 편이다.,라공방 에서 이름은 몇 번 봤는데 이제야 가봄. 양은 생각보다 괜찮고 맛은 익숙한 쪽. 웨이팅 길면 굳이 기다릴 정도는 아닌 듯. 급하게 정한 일정치고는 나쁘지 않았다. 사람이 좀 있어서 조용한 느낌은 아니었음. 딱히 특별하진 않은데 기억은 남는 편이다.,1,AI_v2,105,142,6,17.5,0.9574271077563381,57,21,6,11,0,12,0.3684210526315789,0.10526315789473684,0.19298245614035087,0.0,0.21052631578947367,0.2,0.11428571428571428,0,0,6,0,0,0,0.05714285714285714
위글위글 핸드폰 스티커로 아이폰 케이스 꾸미기 ♥ #내돈내산,상품_리뷰,(세트충은 세트로 맞추고 싶어 근질근질) 요즘 거울 셀카 찍을때마다 행복한 ♥.♥ 만원 초반대로 가성비 쩔게 핸드폰 케이스 꾸미기 해 본 리뷰 끄읕 - ☆ #내돈내산 #위글위글핸드폰스티커 #아이폰케이스꾸미... ,세트충은 세트로 맞추고 싶어 근질근질 요즘 거울 셀카 찍을때마다 행복한 . 만원 초반대로 가성비 쩔게 핸드폰 케이스 꾸미기 해 본 리뷰 끄읕,0,Human,57,78,2,28.5,2.0,33,19,5,1,0,5,0.5757575757575758,0.15151515151515152,0.030303030303030304,0.0,0.15151515151515152,0.3333333333333333,0.08771929824561403,0,0,1,0,0,0,0.017543859649122806
[내돈내산] 아이폰 11 pro 골드 + 에어팟 프로 후기... ,상품_리뷰,아이폰11 pro 골드 드디어 이이폰11프로를 개봉해봅니다. 진짜 애플은 처음 구입할때 그 만족감은 어떤 제품도 못 따라오는것 같아요. 비닐을 뜯어낸 모습 설렘♥ 개봉!! 저는 스페이스 그레이랑 골드 고민하다... ,아이폰11 pro 골드 드디어 이이폰11프로를 개봉해봅니다. 진짜 애플은 처음 구입할때 그 만족감은 어떤 제품도 못 따라오는것 같아요. 비닐을 뜯어낸 모습 설렘 개봉! 저는 스페이스 그레이랑 골드 고민하다.,0,Human,89,115,4,22.25,7.46240577829965,48,22,6,3,1,7,0.4583333333333333,0.125,0.0625,0.020833333333333332,0.14583333333333334,0.24719101123595505,0.07865168539325842,1,0,3,1,0,0,0.0449438202247191
드디어 아이폰 11 pro에게 이쁜 케이스를❤️(내돈내산!... ,상품_리뷰,혹시 아이폰 11 시리즈 폰케이스 필요하신 분들은 위글위글 제품 구경해보세요! ㅎㅎ 이상 위글 위글 슬라이드 카드 케이스에 대한 리뷰였습니다. 감사합니다:) #아이폰11pro #아이폰11pro폰케이스 #위글위글... ,혹시 아이폰 11 시리즈 폰케이스 필요하신 분들은 위글위글 제품 구경해보세요! 이상 위글 위글 슬라이드 카드 케이스에 대한 리뷰였습니다. 감사합니다,0,Human,64,82,3,21.333333333333332,11.671427600007732,27,17,3,1,0,2,0.6296296296296297,0.1111111111111111,0.037037037037037035,0.0,0.07407407407407407,0.265625,0.03125,0,0,1,1,0,0,0.03125
"2020년 바뀐 연말정산 정보... 연말정산 간소화, 공제 혜택... ",전문_정보,"모르셨다면, 브레이비와 함께 2020년 새롭게 바뀐 연말정산, 연말정산 간소화 서비스, 공제 혜택 대상 등 자세히 알아보도록 해요! 01. 결제 유형별 소득 공제율 살펴보기 결제 유형 공제율 신용카드 15... ",모르셨다면 브레이비와 함께 2020년 새롭게 바뀐 연말정산 연말정산 간소화 서비스 공제 혜택 대상 등 자세히 알아보도록 해요! 01. 결제 유형별 소득 공제율 살펴보기 결제 유형 공제율 신용카드 15.,0,Human,85,112,3,28.333333333333332,20.821996915655223,37,22,4,2,1,2,0.5945945945945946,0.10810810810810811,0.05405405405405406,0.02702702702702703,0.05405405405405406,0.25882352941176473,0.023529411764705882,1,0,2,1,0,0,0.03529411764705882
[ 내돈내산 / 솔직후기 ] 아이폰11 케이스 추천!!! ' 링케에어S... ,상품_리뷰,"이번에는 에어팟프로 케이스를 사면서 함께 구매하였던 아이폰 11 케이스 추천, 소개 해드리겠습니다~ 저는 삼성 노트8 쓸때부터 링케를 애용하게 되었습니다, 그때의 인연으로 아이폰11 케이스까지 구매하게... ",이번에는 에어팟프로 케이스를 사면서 함께 구매하였던 아이폰 11 케이스 추천 소개 해드리겠습니다~ 저는 삼성 노트8 쓸때부터 링케를 애용하게 되었습니다 그때의 인연으로 아이폰11 케이스까지 구매하게.,0,Human,88,111,1,88.0,0.0,42,21,6,0,1,9,0.5,0.14285714285714285,0.0,0.023809523809523808,0.21428571428571427,0.23863636363636365,0.10227272727272728,0,0,1,0,0,1,0.022727272727272728
연말정산 세액공제 소득공제 차이는 무엇일까?,전문_정보,"결국 연말정산이란 내가 1년 동안 벌었던 모든 소득과, 매월 소득으로부터 차감되었던 소득세들, 그리고 각종 공제받을 수 있는 내역들을 모두 모아서 연말에 한 번에 정산한다는 것입니다. 매월 냈던 소득세는... ",결국 연말정산이란 내가 1년 동안 벌었던 모든 소득과 매월 소득으로부터 차감되었던 소득세들 그리고 각종 공제받을 수 있는 내역들을 모두 모아서 연말에 한 번에 정산한다는 것입니다. 매월 냈던 소득세는.,0,Human,85,112,2,42.5,33.5,45,20,6,2,1,8,0.4444444444444444,0.13333333333333333,0.044444444444444446,0.022222222222222223,0.17777777777777778,0.23529411764705882,0.09411764705882353,0,0,2,0,0,0,0.023529411764705882
Casetify 케이스티파이 아이폰11pro 폰케이스 20% 할인코드... ,상품_리뷰,"Casetify 케이스티파이를 며칠 써봤다. 기능은 평범하지만 안정적이고, 크게 거슬리는 부분은 없었다. 필요한 사람한테는 괜찮은 선택일 듯. 급하게 정한 일정치고는 나쁘지 않았다. 시간 맞으면 한 번쯤 들를만함.",Casetify 케이스티파이를 며칠 써봤다. 기능은 평범하지만 안정적이고 크게 거슬리는 부분은 없었다. 필요한 사람한테는 괜찮은 선택일 듯. 급하게 정한 일정치고는 나쁘지 않았다. 시간 맞으면 한 번쯤 들를만함.,1,AI_v2,93,118,5,18.6,4.498888751680797,46,17,8,6,0,7,0.3695652173913043,0.17391304347826086,0.13043478260869565,0.0,0.15217391304347827,0.1827956989247312,0.07526881720430108,0,0,5,0,0,0,0.053763440860215055
강남역 맛집  한성 돈까스 서울 돈까스 추천 신사 맛집,맛집_리뷰,강남역에서 식사했는데 분위기가 너무 시끄럽지 않아 편했어요. 대표 메뉴가 깔끔했고 가격도 크게 부담스럽지 않아서 한 번쯤 가볼 만했답니다. 전체적으로 무난하면서도 기분 좋게 마무리할 수 있었어요. 처음 가보는 분들도 크게 부담 없이 즐길 수 있을 것 같아요.,강남역에서 식사했는데 분위기가 너무 시끄럽지 않아 편했어요. 대표 메뉴가 깔끔했고 가격도 크게 부담스럽지 않아서 한 번쯤 가볼 만했답니다. 전체적으로 무난하면서도 기분 좋게 마무리할 수 있었어요. 처음 가보는 분들도 크게 부담 없이 즐길 수 있을 것 같아요.,1,AI_v1,109,144,4,27.25,3.491060010942235,54,21,10,7,2,7,0.3888888888888889,0.18518518518518517,0.12962962962962962,0.037037037037037035,0.12962962962962962,0.1926605504587156,0.06422018348623854,3,0,4,0,0,0,0.03669724770642202
2020년 연말정산 간소화서비스 꿀팁받고 공짜월급 받자!!,전문_정보,바로 연말정산이에요! 연말부터 준비하면 좋겠지만 송년회로 정신도 없고 이것 저것 신경 쓸 게... 때 공제가 가능합니다 이 부분 또한 정확한 건 세법을 2020년 세법을 확인해주세요. 2020년 연말정산... ,바로 연말정산이에요! 연말부터 준비하면 좋겠지만 송년회로 정신도 없고 이것 저것 신경 쓸 게. 때 공제가 가능합니다 이 부분 또한 정확한 건 세법을 2020년 세법을 확인해주세요. 2020년 연말정산.,0,Human,86,112,4,21.5,11.6940155635265,42,20,3,4,0,7,0.47619047619047616,0.07142857142857142,0.09523809523809523,0.0,0.16666666666666666,0.23255813953488372,0.08139534883720931,0,0,3,1,0,0,0.046511627906976744
강남역 맛집 / 강남역 11번출구 맛집 / 낮 맥주가 가능 한... ,맛집_리뷰,2019년 8월 말 친구와 LG아트센터에서 뮤지컬 맘마미아를 본 그날! 맘마미아 공연을 본 후 강남역까지... 모르겠어요~ 강남역 맛집 더블린(Dublin) 이런분들께 추천합니다. 낮에 맥주한잔 하고싶으신 분들! 다양한... ,2019년 8월 말 친구와 LG아트센터에서 뮤지컬 맘마미아를 본 그날! 맘마미아 공연을 본 후 강남역까지. 모르겠어요~ 강남역 맛집 더블린 Dublin 이런분들께 추천합니다. 낮에 맥주한잔 하고싶으신 분들! 다양한.,0,Human,95,120,5,19.0,10.526157893552615,45,19,5,1,0,7,0.4222222222222222,0.1111111111111111,0.022222222222222223,0.0,0.15555555555555556,0.2,0.07368421052631578,0,0,3,2,0,1,0.06315789473684211
차이니즈 레스토랑 위크 강남역 맛집 스트릿 USBEEF 우육탕면,맛집_리뷰,"후 강남역 맛집 다녀오면서 데이트를 즐겼어요 ♥ 오늘 이야기나눌 스트릿은 발렛주차가 가능해서 더 좋았는데요. 사실 강남역 주위에 맛집, 카페들이 많이 자리잡고 있지만 주차때문에 항상 애매~했는데... ",후 강남역 맛집 다녀오면서 데이트를 즐겼어요 오늘 이야기나눌 스트릿은 발렛주차가 가능해서 더 좋았는데요. 사실 강남역 주위에 맛집 카페들이 많이 자리잡고 있지만 주차때문에 항상 애매~했는데.,0,Human,83,106,2,41.5,4.5,38,20,4,3,1,6,0.5263157894736842,0.10526315789473684,0.07894736842105263,0.02631578947368421,0.15789473684210525,0.24096385542168675,0.07228915662650602,0,0,2,0,0,1,0.03614457831325301
GS25 아이폰 11 라이트닝 8핀 케이블 내돈내산 리뷰,상품_리뷰,"GS25 사진 찍어두고 비교해봤다. 실제 색감이나 느낌은 화면이랑 조금 달랐고, 쓰다 보니 익숙해졌다. 기록용으로 남겨둠. 딱히 특별하진 않은데 기억은 남는 편이다. 가격은 막 싸진 않았고 위치는 찾기 쉬운 편.",GS25 사진 찍어두고 비교해봤다. 실제 색감이나 느낌은 화면이랑 조금 달랐고 쓰다 보니 익숙해졌다. 기록용으로 남겨둠. 딱히 특별하진 않은데 기억은 남는 편이다. 가격은 막 싸진 않았고 위치는 찾기 쉬운 편.,1,AI_v2,89,117,5,17.8,6.079473661428265,47,16,12,4,0,8,0.3404255319148936,0.2553191489361702,0.0851063829787234,0.0,0.1702127659574468,0.1797752808988764,0.0898876404494382,0,0,5,0,0,0,0.056179775280898875
2020 연말정산 소득공제 바뀐 항목 알아보자,전문_정보,다가오는 해인 2020년에는 바뀌게 되는 법이 있다고 하는데 바로 2020연말정산 이랍니다 ! 소득공제바뀐항목 궁금하신 분들 많이 계실 것 같은데요 지금부터 바뀌게 되는 항목 몇가지 알려드릴테니깐 손해보는... ,다가오는 해인 2020년에는 바뀌게 되는 법이 있다고 하는데 바로 2020연말정산 이랍니다 ! 소득공제바뀐항목 궁금하신 분들 많이 계실 것 같은데요 지금부터 바뀌게 되는 항목 몇가지 알려드릴테니깐 손해보는.,0,Human,90,115,2,45.0,4.0,36,11,11,4,1,2,0.3055555555555556,0.3055555555555556,0.1111111111111111,0.027777777777777776,0.05555555555555555,0.12222222222222222,0.022222222222222223,0,0,1,1,0,0,0.022222222222222223
"미코니 아이폰 케이스 2개, 에어팟케이스 내돈내산 구매후기",상품_리뷰,"구매해보았어요- #내돈내산 #아이폰11 #아이폰케이스 #미코니 전 좀 한번 구매할 때 한꺼번에 왁... 가격은 11,000원. 구성은 위아래 실리콘 세트와 쇠 고리. 에어팟 케이스 귀염 터지는거 많아요..ㅋㅋ 에어팟프로... ",구매해보았어요 전 좀 한번 구매할 때 한꺼번에 왁. 가격은 11 000원. 구성은 위아래 실리콘 세트와 쇠 고리. 에어팟 케이스 귀염 터지는거 많아요. 에어팟프로.,0,Human,69,91,5,13.8,5.230678732248808,35,19,4,1,1,3,0.5428571428571428,0.11428571428571428,0.02857142857142857,0.02857142857142857,0.08571428571428572,0.2753623188405797,0.043478260869565216,0,0,5,0,0,0,0.07246376811594203
[일상] 달달한 과일막걸리가 매력적인 강남 [무월]... ,맛집_리뷰,방문일자: 2019년 11월 23일 토요일 친구들이랑 정말 오랜만에 만나서 놀다가 이번에 취업한 친구가 한턱... 하와이언요거트막걸리 #강남역맛집 #강남역술집 #강남역데이트 #신논현역맛집 #신논현역술집... ,방문일자 2019년 11월 23일 토요일 친구들이랑 정말 오랜만에 만나서 놀다가 이번에 취업한 친구가 한턱. 하와이언요거트막걸리,0,Human,57,71,2,28.5,18.0,27,13,2,0,0,5,0.48148148148148145,0.07407407407407407,0.0,0.0,0.18518518518518517,0.22807017543859648,0.08771929824561403,0,0,1,0,0,0,0.017543859649122806
2020년 연말정산 변경사항 알아보기 #연말정산소득공제,전문_정보,연말정산 변경사항은 별일 아닌 듯해도 막상 겪어보니 나름 의미가 있었어요. 작은 변화였지만 하루 분위기가 달라져서 기분 좋게 마무리했답니다. 기대보다 편하게 즐길 수 있어서 만족스러운 시간이었답니다. 다음에는 조금 더 여유 있게 다시 가보고 싶어요.,연말정산 변경사항은 별일 아닌 듯해도 막상 겪어보니 나름 의미가 있었어요. 작은 변화였지만 하루 분위기가 달라져서 기분 좋게 마무리했답니다. 기대보다 편하게 즐길 수 있어서 만족스러운 시간이었답니다. 다음에는 조금 더 여유 있게 다시 가보고 싶어요.,1,AI_v1,107,139,4,26.75,4.437059837324712,48,21,10,8,0,5,0.4375,0.20833333333333334,0.16666666666666666,0.0,0.10416666666666667,0.19626168224299065,0.04672897196261682,2,0,4,0,0,0,0.037383177570093455
[내돈내산] 아이폰 12 pro max 256GB 퍼시픽블루,상품_리뷰,2020.11.21 남표니가 예약한 아이폰 12 pro max 256GB 퍼시픽 블루 컬러 어제 왔다는데 오늘 가서 받아온... 없지만 그래도 새거병있는 남표니는 좋아하더라 그럼 끝 #내돈내산 #아이폰12promax #퍼시픽블루 #아이폰12,2020.11.21 남표니가 예약한 아이폰 12 pro max 256GB 퍼시픽 블루 컬러 어제 왔다는데 오늘 가서 받아온. 없지만 그래도 새거병있는 남표니는 좋아하더라 그럼 끝,0,Human,77,99,4,19.25,17.356554957709783,33,12,4,4,1,3,0.36363636363636365,0.12121212121212122,0.12121212121212122,0.030303030303030304,0.09090909090909091,0.15584415584415584,0.03896103896103896,0,0,3,0,0,0,0.03896103896103896
2020년 연말정산 13월의 월급... 소득공제가 달라졌습니다.,전문_정보,연말정산은 별일 아닌 듯해도 막상 겪어보니 나름 의미가 있었어요. 작은 변화였지만 하루 분위기가 달라져서 기분 좋게 마무리했답니다. 다음에는 조금 더 여유 있게 다시 가보고 싶어요. 기대보다 편하게 즐길 수 있어서 만족스러운 시간이었답니다.,연말정산은 별일 아닌 듯해도 막상 겪어보니 나름 의미가 있었어요. 작은 변화였지만 하루 분위기가 달라져서 기분 좋게 마무리했답니다. 다음에는 조금 더 여유 있게 다시 가보고 싶어요. 기대보다 편하게 즐길 수 있어서 만족스러운 시간이었답니다.,1,AI_v1,103,134,4,25.75,3.491060010942235,46,19,10,8,0,5,0.41304347826086957,0.21739130434782608,0.17391304347826086,0.0,0.10869565217391304,0.18446601941747573,0.04854368932038835,2,0,4,0,0,0,0.038834951456310676
"2020년 변경된 연말 정산 하는법 (소득공제, 월세 환급 등)",전문_정보,변경된 사진 몇 장 찍어뒀다. 나중에 보면 별거 아닐 수도 있는데 그때 분위기가 있어서 남겨둠. 정리는 천천히 해야겠다. 사람이 좀 있어서 조용한 느낌은 아니었음. 급하게 정한 일정치고는 나쁘지 않았다. 급하게 정한 일정치고는 나쁘지 않았다.,변경된 사진 몇 장 찍어뒀다. 나중에 보면 별거 아닐 수도 있는데 그때 분위기가 있어서 남겨둠. 정리는 천천히 해야겠다. 사람이 좀 있어서 조용한 느낌은 아니었음. 급하게 정한 일정치고는 나쁘지 않았다. 급하게 정한 일정치고는 나쁘지 않았다.,1,AI_v2,102,135,6,17.0,5.196152422706632,52,17,9,10,1,9,0.3269230769230769,0.17307692307692307,0.19230769230769232,0.019230769230769232,0.17307692307692307,0.16666666666666666,0.08823529411764706,0,0,6,0,0,0,0.058823529411764705
[강남역 맛집] 한식 &quot;노랑저고리&quot;,맛집_리뷰,친구랑 강남역 한식에 갔는데 전체적으로 무난해서 좋았어요. 음식 나오는 속도도 괜찮고 맛도 기대 이상이라 근처 맛집 찾는 분들께 추천드려요. 다음에는 조금 더 여유 있게 다시 가보고 싶어요. 기대보다 편하게 즐길 수 있어서 만족스러운 시간이었답니다.,친구랑 강남역 한식에 갔는데 전체적으로 무난해서 좋았어요. 음식 나오는 속도도 괜찮고 맛도 기대 이상이라 근처 맛집 찾는 분들께 추천드려요. 다음에는 조금 더 여유 있게 다시 가보고 싶어요. 기대보다 편하게 즐길 수 있어서 만족스러운 시간이었답니다.,1,AI_v1,106,139,4,26.5,4.9749371855331,52,22,9,6,0,9,0.4230769230769231,0.17307692307692307,0.11538461538461539,0.0,0.17307692307692307,0.20754716981132076,0.08490566037735849,2,0,4,0,0,0,0.03773584905660377
아이폰 11 프로 투명 에어범퍼 카드 케이스 구입 후기,상품_리뷰,#아이폰케이스 #아이폰투명케이스 #아이폰카드케이스 #에어범퍼 #변색안되는케이스 #폴리머우레탄... 흔히 볼 수 있는 투명케이스 이긴 하지만 이번에 산건 쫌 잘 샀다는 느낌적인 느낌?? #내돈내산 #여느호갱의후기,흔히 볼 수 있는 투명케이스 이긴 하지만 이번에 산건 쫌 잘 샀다는 느낌적인 느낌?,0,Human,33,46,1,33.0,0.0,19,8,4,2,0,2,0.42105263157894735,0.21052631578947367,0.10526315789473684,0.0,0.10526315789473684,0.24242424242424243,0.06060606060606061,0,0,0,0,1,0,0.030303030303030304
"연말정산 소득공제, 2020년 변경된 내용 (신용카드,현금영수증)",전문_정보,연말정산 소득공제를 하면서 오랜만에 여유를 느꼈어요. 바쁜 와중에 잠깐 쉬어가는 시간이 생긴 것 같아서 꽤 괜찮은 하루였답니다. 사진으로 남겨두기에도 괜찮아서 기억에 오래 남을 것 같아요. 짧게 들렀지만 생각보다 알차게 시간을 보냈어요.,연말정산 소득공제를 하면서 오랜만에 여유를 느꼈어요. 바쁜 와중에 잠깐 쉬어가는 시간이 생긴 것 같아서 꽤 괜찮은 하루였답니다. 사진으로 남겨두기에도 괜찮아서 기억에 오래 남을 것 같아요. 짧게 들렀지만 생각보다 알차게 시간을 보냈어요.,1,AI_v1,102,132,4,25.5,3.640054944640259,49,17,8,7,1,11,0.3469387755102041,0.16326530612244897,0.14285714285714285,0.02040816326530612,0.22448979591836735,0.16666666666666666,0.10784313725490197,2,0,4,0,0,0,0.0392156862745098
내돈내산) 아이폰 11 ProMax 폰 케이스 - 맨즈 코리아,상품_리뷰,IPhone 11 Promax 폰 케이스 맨즈 코리아(manskorea.com) 아이폰 11프로 맥스 유저로서 아이폰 자체가 이뻐서 케이스는 클리어 케이스를 주로 사용했어요. 늘 뒤에 아무것도 없는 클리어 케이스만 사용하다가 이번에... ,IPhone 11 Promax 폰 케이스 맨즈 코리아 manskorea.com 아이폰 11프로 맥스 유저로서 아이폰 자체가 이뻐서 케이스는 클리어 케이스를 주로 사용했어요. 늘 뒤에 아무것도 없는 클리어 케이스만 사용하다가 이번에.,0,Human,102,129,3,34.0,7.788880963698615,42,23,2,2,0,7,0.5476190476190477,0.047619047619047616,0.047619047619047616,0.0,0.16666666666666666,0.22549019607843138,0.06862745098039216,1,0,3,0,0,0,0.029411764705882353
블랙프라이데이를 이용한 CASETIFY 구입!:아이폰11pro 케이스,상품_리뷰,블랙프라이데이를 궁금해서 써봤는데 막 놀랄 정도는 아니었다. 그래도 손이 자주 가긴 함. 불편한 점은 조금씩 보이는데 못 쓸 정도는 아님. 이런 곳도 있었네 싶었다. 시간 맞으면 한 번쯤 들를만함. 사진은 몇 장 찍었는데 정리는 나중에 해야겠다.,블랙프라이데이를 궁금해서 써봤는데 막 놀랄 정도는 아니었다. 그래도 손이 자주 가긴 함. 불편한 점은 조금씩 보이는데 못 쓸 정도는 아님. 이런 곳도 있었네 싶었다. 시간 맞으면 한 번쯤 들를만함. 사진은 몇 장 찍었는데 정리는 나중에 해야겠다.,1,AI_v2,102,137,6,17.0,5.8594652770823155,53,18,12,6,2,8,0.33962264150943394,0.22641509433962265,0.11320754716981132,0.03773584905660377,0.1509433962264151,0.17647058823529413,0.0784313725490196,0,0,6,0,0,0,0.058823529411764705
"2020년 연말정산 하는법, 공제 항목",전문_정보,&quot; 2020년 연말정산 잘들 하고 계시나요? 13월의 월급 제대로 알고 하자! 오늘 공제되는 항목에 대해서... 합니다.) &lt; 연말정산이란; &gt; 국세청에서 1년 동안 간이세액표에 따라 거둬들인 근로소득세를 연말에 다시... ,2020년 연말정산 잘들 하고 계시나요? 13월의 월급 제대로 알고 하자! 오늘 공제되는 항목에 대해서. 합니다. 연말정산이란 국세청에서 1년 동안 간이세액표에 따라 거둬들인 근로소득세를 연말에 다시.,0,Human,88,112,5,17.6,11.637869220780924,44,19,6,1,0,8,0.4318181818181818,0.13636363636363635,0.022727272727272728,0.0,0.18181818181818182,0.2159090909090909,0.09090909090909091,0,0,3,1,1,0,0.056818181818181816
[강남역 맛집] 바비레드 강남본... 되는 갈비 파스타 맛집 메뉴 추천,맛집_리뷰,근처에서 밥 먹을 곳 찾다가 강남역에 들렀어요. 맛이 자극적이지 않고 양도 적당해서 만족했답니다. 웨이팅만 조금 피하면 더 좋을 것 같아요. 기대보다 편하게 즐길 수 있어서 만족스러운 시간이었답니다. 사진으로 남겨두기에도 괜찮아서 기억에 오래 남을 것 같아요.,근처에서 밥 먹을 곳 찾다가 강남역에 들렀어요. 맛이 자극적이지 않고 양도 적당해서 만족했답니다. 웨이팅만 조금 피하면 더 좋을 것 같아요. 기대보다 편하게 즐길 수 있어서 만족스러운 시간이었답니다. 사진으로 남겨두기에도 괜찮아서 기억에 오래 남을 것 같아요.,1,AI_v1,111,145,5,22.2,3.4871191548325386,54,20,7,9,1,11,0.37037037037037035,0.12962962962962962,0.16666666666666666,0.018518518518518517,0.2037037037037037,0.18018018018018017,0.0990990990990991,4,0,5,0,0,0,0.04504504504504504
핸드폰케이스 아이폰11pro 베이비블루 내돈내산후기,상품_리뷰,크로우캐년홈 핸드폰케이스 아이폰11pro 베이비블루 내돈내산후기 안녕하세요 앵구입니다 #크로우캐년 #휴대폰케이스 #아이폰케이스 아이폰11pro 로 바꾸고 나서 처음으로 휴대폰 케이스를 바꿔봤어요 ㅎㅎ... ,크로우캐년홈 핸드폰케이스 아이폰11pro 베이비블루 내돈내산후기 안녕하세요 앵구입니다 아이폰11pro 로 바꾸고 나서 처음으로 휴대폰 케이스를 바꿔봤어요 .,0,Human,72,87,1,72.0,0.0,32,16,4,1,1,3,0.5,0.125,0.03125,0.03125,0.09375,0.2222222222222222,0.041666666666666664,0,0,1,0,0,0,0.013888888888888888
내돈내산::벤토사 9H강화유리필름/아이폰 11pro max 추천,상품_리뷰,내돈내산 궁금해서 써봤는데 막 놀랄 정도는 아니었다. 그래도 손이 자주 가긴 함. 불편한 점은 조금씩 보이는데 못 쓸 정도는 아님. 사진은 몇 장 찍었는데 정리는 나중에 해야겠다. 시간 맞으면 한 번쯤 들를만함. 시간 맞으면 한 번쯤 들를만함.,내돈내산 궁금해서 써봤는데 막 놀랄 정도는 아니었다. 그래도 손이 자주 가긴 함. 불편한 점은 조금씩 보이는데 못 쓸 정도는 아님. 사진은 몇 장 찍었는데 정리는 나중에 해야겠다. 시간 맞으면 한 번쯤 들를만함. 시간 맞으면 한 번쯤 들를만함.,1,AI_v2,100,136,6,16.666666666666668,4.4969125210773475,58,21,14,4,2,7,0.3620689655172414,0.2413793103448276,0.06896551724137931,0.034482758620689655,0.1206896551724138,0.21,0.07,0,0,6,0,0,0,0.06
아이폰11프로 케이스 내돈내산 세임히얼 스마일 넘 귀욤,상품_리뷰,내돈내산 후기임을 알립니다 &gt;&lt; 출처 - 세임히얼 홈페이지 홈페이지로 가서 BEST만 보아도 다 사고 싶더라고요? ㅋㅋㅋㅋㅋㅋㅋ 그중에서 전 귀욤댕이 케이스를 골랐습니다 수교의 픽! 아이폰11프로 케이스... ,내돈내산 후기임을 알립니다 출처 세임히얼 홈페이지 홈페이지로 가서 BEST만 보아도 다 사고 싶더라고요? 그중에서 전 귀욤댕이 케이스를 골랐습니다 수교의 픽! 아이폰11프로 케이스.,0,Human,80,101,3,26.666666666666668,14.522013940527977,42,21,5,0,1,7,0.5,0.11904761904761904,0.0,0.023809523809523808,0.16666666666666666,0.2625,0.0875,1,0,1,1,1,0,0.0375
[강남역맛집]쉑쉑버거 메뉴추천 및 가격표,맛집_리뷰,#쉑쉑버거 #쉑쉑버거강남 #쉑쉑버거메뉴 #쉑쉑버거메뉴추천 #쉑쉑버거가격 #쉑스텍 이 글을 읽으시는 분들 모두모두 2019년 새해 복 많~~~이 받으세요!^^ 쉑쉑버거 강남점 open 11:00 close 23:00 last order 22:30 포장가능... ,이 글을 읽으시는 분들 모두모두 2019년 새해 복 많~이 받으세요! 쉑쉑버거 강남점 open 11 00 close 23 00 last order 22 30 포장가능.,0,Human,71,93,2,35.5,6.5,32,12,2,1,0,1,0.375,0.0625,0.03125,0.0,0.03125,0.16901408450704225,0.014084507042253521,0,0,1,1,0,1,0.04225352112676056
"되는 2020년 연말정산 꿀팁 A to Z, 새로운 공제 항목... ",전문_정보,"요즘 되는 연말정산 때문에 생각이 많았는데, 직접 해보니 생각보다 어렵지 않았어요. 천천히 정리하니 마음도 조금 편해진 느낌입니다. 전체적으로 무난하면서도 기분 좋게 마무리할 수 있었어요. 다음에는 조금 더 여유 있게 다시 가보고 싶어요. 개인적으로는 너무 과하지 않은 점이 마음에 들었어요.",요즘 되는 연말정산 때문에 생각이 많았는데 직접 해보니 생각보다 어렵지 않았어요. 천천히 정리하니 마음도 조금 편해진 느낌입니다. 전체적으로 무난하면서도 기분 좋게 마무리할 수 있었어요. 다음에는 조금 더 여유 있게 다시 가보고 싶어요. 개인적으로는 너무 과하지 않은 점이 마음에 들었어요.,1,AI_v1,124,162,5,24.8,5.3814496188294845,60,24,11,7,2,9,0.4,0.18333333333333332,0.11666666666666667,0.03333333333333333,0.15,0.1935483870967742,0.07258064516129033,0,0,5,0,0,0,0.04032258064516129
2020년 연말정산 변경사항 &amp; 소득공제 절세 TIP,전문_정보,2020년도 열흘이나 지나고 어느덧 연말정산 시기가 돌아왔습니다^^ 연말정산은 기본적으로 자신의 급여소득에 따라 미리 납부한 원천징수세액의 과부족을 연말에 정산하는 것을 말하는데요. 매년 달라지는... ,2020년도 열흘이나 지나고 어느덧 연말정산 시기가 돌아왔습니다 연말정산은 기본적으로 자신의 급여소득에 따라 미리 납부한 원천징수세액의 과부족을 연말에 정산하는 것을 말하는데요. 매년 달라지는.,0,Human,87,108,2,43.5,36.5,43,18,6,1,0,11,0.4186046511627907,0.13953488372093023,0.023255813953488372,0.0,0.2558139534883721,0.20689655172413793,0.12643678160919541,0,0,2,0,0,0,0.022988505747126436
[공지] 2020년 연말정산 기부금 영수증 발급 안내,전문_정보,"오늘은 공지 연말정산에 대해 짧게 남겨봅니다. 큰 기대 없이 시작했는데 생각보다 만족스러웠고, 다음에도 비슷하게 해보고 싶어요. 사진으로 남겨두기에도 괜찮아서 기억에 오래 남을 것 같아요. 다음에는 조금 더 여유 있게 다시 가보고 싶어요.",오늘은 공지 연말정산에 대해 짧게 남겨봅니다. 큰 기대 없이 시작했는데 생각보다 만족스러웠고 다음에도 비슷하게 해보고 싶어요. 사진으로 남겨두기에도 괜찮아서 기억에 오래 남을 것 같아요. 다음에는 조금 더 여유 있게 다시 가보고 싶어요.,1,AI_v1,101,132,4,25.25,6.139014578904337,48,18,9,6,2,9,0.375,0.1875,0.125,0.041666666666666664,0.1875,0.1782178217821782,0.0891089108910891,1,0,4,0,0,0,0.039603960396039604
북포유 아이폰11 유화케이스 내돈내산리뷰,상품_리뷰,"북포유를 며칠 써봤다. 기능은 평범하지만 안정적이고, 크게 거슬리는 부분은 없었다. 필요한 사람한테는 괜찮은 선택일 듯. 이런 곳도 있었네 싶었다. 사진은 몇 장 찍었는데 정리는 나중에 해야겠다. 사람이 좀 있어서 조용한 느낌은 아니었음.",북포유를 며칠 써봤다. 기능은 평범하지만 안정적이고 크게 거슬리는 부분은 없었다. 필요한 사람한테는 괜찮은 선택일 듯. 이런 곳도 있었네 싶었다. 사진은 몇 장 찍었는데 정리는 나중에 해야겠다. 사람이 좀 있어서 조용한 느낌은 아니었음.,1,AI_v2,101,132,6,16.833333333333332,5.42883249163411,53,20,7,9,0,10,0.37735849056603776,0.1320754716981132,0.16981132075471697,0.0,0.18867924528301888,0.19801980198019803,0.09900990099009901,0,0,6,0,0,0,0.0594059405940594
신용카드연말정산 때 참고하면 좋은 '공제한도',전문_정보,"신용카드연말정산에 공제된다는 점! 1,000만원 중 900만원을 신용카드로 소비했다면 남은 10~12월에 100만원 이상을 추가로 사용해야 합니다. 이때, 연말까지 100만원 이상을 카드로 소비할 것으로 예상한다면... ",신용카드연말정산에 공제된다는 점! 1 000만원 중 900만원을 신용카드로 소비했다면 남은 10~12월에 100만원 이상을 추가로 사용해야 합니다. 이때 연말까지 100만원 이상을 카드로 소비할 것으로 예상한다면.,0,Human,96,119,3,32.0,14.445299120013633,46,18,6,0,1,9,0.391304347826087,0.13043478260869565,0.0,0.021739130434782608,0.1956521739130435,0.1875,0.09375,0,0,2,1,0,1,0.041666666666666664
강남역맛집 인기명 역삼본점 조갈찜 토토가 연말모임 회식장소,맛집_리뷰,인기명 역삼본점 기록. 자리 간격은 넓진 않았고 음식은 바로 먹기 괜찮았다. 막 특별하진 않은데 배고플 때 들르면 나쁘지 않은 정도. 가격은 막 싸진 않았고 위치는 찾기 쉬운 편. 딱히 특별하진 않은데 기억은 남는 편이다.,인기명 역삼본점 기록. 자리 간격은 넓진 않았고 음식은 바로 먹기 괜찮았다. 막 특별하진 않은데 배고플 때 들르면 나쁘지 않은 정도. 가격은 막 싸진 않았고 위치는 찾기 쉬운 편. 딱히 특별하진 않은데 기억은 남는 편이다.,1,AI_v2,91,124,5,18.2,4.57820925690384,47,19,8,8,0,6,0.40425531914893614,0.1702127659574468,0.1702127659574468,0.0,0.1276595744680851,0.2087912087912088,0.06593406593406594,0,0,5,0,0,0,0.054945054945054944
2019년 12월 1주차 일상,맛집_리뷰,"12월 1주차를 먹었는데 양이 아주 많진 않아도 부족하진 않았다. 내부는 조금 바빴고, 음식은 깔끔한 편이라 크게 실패할 느낌은 아님. 기대치를 낮추고 가면 무난한 정도. 딱히 특별하진 않은데 기억은 남는 편이다.",12월 1주차를 먹었는데 양이 아주 많진 않아도 부족하진 않았다. 내부는 조금 바빴고 음식은 깔끔한 편이라 크게 실패할 느낌은 아님. 기대치를 낮추고 가면 무난한 정도. 딱히 특별하진 않은데 기억은 남는 편이다.,1,AI_v2,89,118,4,22.25,5.84700778176325,46,15,6,8,0,10,0.32608695652173914,0.13043478260869565,0.17391304347826086,0.0,0.21739130434782608,0.16853932584269662,0.11235955056179775,0,0,4,0,0,0,0.0449438202247191
아이폰11 퍼플 내돈내산,상품_리뷰,아이폰11는 사용법이 어렵진 않았다. 마감은 보통이고 기능은 필요한 만큼만 있는 느낌. 오래 써봐야 알겠지만 첫인상은 나쁘지 않음. 엄청난 건 아니고 그냥 기록용. 급하게 정한 일정치고는 나쁘지 않았다. 시간 맞으면 한 번쯤 들를만함.,아이폰11는 사용법이 어렵진 않았다. 마감은 보통이고 기능은 필요한 만큼만 있는 느낌. 오래 써봐야 알겠지만 첫인상은 나쁘지 않음. 엄청난 건 아니고 그냥 기록용. 급하게 정한 일정치고는 나쁘지 않았다. 시간 맞으면 한 번쯤 들를만함.,1,AI_v2,100,131,6,16.666666666666668,2.9249881291307074,52,16,10,8,1,8,0.3076923076923077,0.19230769230769232,0.15384615384615385,0.019230769230769232,0.15384615384615385,0.16,0.08,0,0,6,0,0,0,0.06
아이폰11 화이트 128GB 언박싱... 특가 구입! 리얼 #내돈내산 후기,상품_리뷰,"#결정장애) 구성품은 이렇습니다 충전기, 아이폰, 이어폰(에어팟 절대아님 끈있는 이어폰 ^^) 빤딱빤딱 구여븐 내 흰둥이 아이퐁 11 &gt;&lt; 유심을 끼워볼까요오 엘지에 받은거 1도 없는 내돈내산 후기입니다... ",구성품은 이렇습니다 충전기 아이폰 이어폰 에어팟 절대아님 끈있는 이어폰 빤딱빤딱 구여븐 내 흰둥이 아이퐁 11 유심을 끼워볼까요오 엘지에 받은거 1도 없는 내돈내산 후기입니다.,0,Human,76,98,1,76.0,0.0,43,19,6,4,1,3,0.4418604651162791,0.13953488372093023,0.09302325581395349,0.023255813953488372,0.06976744186046512,0.25,0.039473684210526314,0,0,1,0,0,0,0.013157894736842105
"* 강남역 맛집, 강남역 존맛, 돈까스 맛집 모리카츠",맛집_리뷰,저는 요즘 6시만 되면 배가고파서 꼬르륵 소리가 나요 엉엉 2019년 새해에는 다이어트 도 해보고 ! 운동도... 모리카츠는 강남역에서 쪼-끔 걸어 올라가야 해요 ! TV에도 나온 맛집이라고 합니당 지하에 위치해... ,저는 요즘 6시만 되면 배가고파서 꼬르륵 소리가 나요 엉엉 2019년 새해에는 다이어트 도 해보고 ! 운동도. 모리카츠는 강남역에서 쪼 끔 걸어 올라가야 해요 ! TV에도 나온 맛집이라고 합니당 지하에 위치해.,0,Human,88,117,4,22.0,13.47219358530748,47,18,8,1,0,11,0.3829787234042553,0.1702127659574468,0.02127659574468085,0.0,0.23404255319148937,0.20454545454545456,0.125,1,0,2,2,0,0,0.045454545454545456
[강남역 맛집] 쉐이크쉑 (SHAKE SHACK)- 쉑쉑버거 느끼하지만... ,맛집_리뷰,가볍게 강남역 쉐이크쉑에서 식사했는데 분위기가 너무 시끄럽지 않아 편했어요. 대표 메뉴가 깔끔했고 가격도 크게 부담스럽지 않아서 한 번쯤 가볼 만했답니다. 짧게 들렀지만 생각보다 알차게 시간을 보냈어요. 처음 가보는 분들도 크게 부담 없이 즐길 수 있을 것 같아요.,가볍게 강남역 쉐이크쉑에서 식사했는데 분위기가 너무 시끄럽지 않아 편했어요. 대표 메뉴가 깔끔했고 가격도 크게 부담스럽지 않아서 한 번쯤 가볼 만했답니다. 짧게 들렀지만 생각보다 알차게 시간을 보냈어요. 처음 가보는 분들도 크게 부담 없이 즐길 수 있을 것 같아요.,1,AI_v1,112,148,4,28.0,5.612486080160912,54,20,10,8,2,8,0.37037037037037035,0.18518518518518517,0.14814814814814814,0.037037037037037035,0.14814814814814814,0.17857142857142858,0.07142857142857142,3,0,4,0,0,0,0.03571428571428571
2020년 연말정산. 올해 달라지는 점과 빠트리기 쉬운 항목은?,전문_정보,2019년 귀속 연말정산은 지난해와 달라진 점들이 몇 가지 있습니다. 오늘은 2020년 연말정산에서... ▶ 의료비 세액공제 연말정산에서 많은 분들이 놓치는 부분이 바로 의료비 세액공제입니다. 의료비... ,2019년 귀속 연말정산은 지난해와 달라진 점들이 몇 가지 있습니다. 오늘은 2020년 연말정산에서. 의료비 세액공제 연말정산에서 많은 분들이 놓치는 부분이 바로 의료비 세액공제입니다. 의료비.,0,Human,86,108,4,21.5,12.854960132182441,43,22,2,3,0,8,0.5116279069767442,0.046511627906976744,0.06976744186046512,0.0,0.18604651162790697,0.2558139534883721,0.09302325581395349,0,0,4,0,0,0,0.046511627906976744
[세테크] 2020년 연말정산 달라진 점 000은 놓치지 말자!... ,전문_정보,연말정산 달라진 기록. 특별한 건 없고 그냥 그런 하루였다. 그래도 남겨두면 나중에 다시 볼 때 생각날 것 같음. 다음엔 다른 메뉴도 봐야 할 듯. 딱히 특별하진 않은데 기억은 남는 편이다. 다음엔 다른 메뉴도 봐야 할 듯.,연말정산 달라진 기록. 특별한 건 없고 그냥 그런 하루였다. 그래도 남겨두면 나중에 다시 볼 때 생각날 것 같음. 다음엔 다른 메뉴도 봐야 할 듯. 딱히 특별하진 않은데 기억은 남는 편이다. 다음엔 다른 메뉴도 봐야 할 듯.,1,AI_v2,90,125,6,15.0,3.605551275463989,51,20,11,6,1,7,0.39215686274509803,0.21568627450980393,0.11764705882352941,0.0196078431372549,0.13725490196078433,0.2222222222222222,0.07777777777777778,0,0,6,0,0,0,0.06666666666666667
"강남역 맛집 &quot;바비레드&quot; 언제나 웨이팅이 있는 찐맛집,,드디어... ",맛집_리뷰,"강남역 맛집 &quot;바비레드&quot; 언제나 웨이팅이 있는 찐맛집,,드디어 먹어 봤어요 안녕하세요 리나입니다... 진짜 맛집이죠! 강남 바비레드 친구나 연인이나 데이트 장소로 오기에 괜찮은 곳입니당 아 그리고 2019년... ",강남역 맛집 바비레드 언제나 웨이팅이 있는 찐맛집 드디어 먹어 봤어요 안녕하세요 리나입니다. 진짜 맛집이죠! 강남 바비레드 친구나 연인이나 데이트 장소로 오기에 괜찮은 곳입니당 아 그리고 2019년.,0,Human,86,111,3,28.666666666666668,15.326085243430198,41,18,3,5,2,6,0.43902439024390244,0.07317073170731707,0.12195121951219512,0.04878048780487805,0.14634146341463414,0.20930232558139536,0.06976744186046512,0,0,2,1,0,0,0.03488372093023256
2019년 11월,맛집_리뷰,"11월 다녀왔는데 생각보다 분위기가 편해서 좋았어요. 음식도 깔끔하게 나와서 부담 없이 먹기 괜찮았고, 다음에 근처 가면 또 들러보고 싶더라고요. 짧게 들렀지만 생각보다 알차게 시간을 보냈어요. 기대보다 편하게 즐길 수 있어서 만족스러운 시간이었답니다.",11월 다녀왔는데 생각보다 분위기가 편해서 좋았어요. 음식도 깔끔하게 나와서 부담 없이 먹기 괜찮았고 다음에 근처 가면 또 들러보고 싶더라고요. 짧게 들렀지만 생각보다 알차게 시간을 보냈어요. 기대보다 편하게 즐길 수 있어서 만족스러운 시간이었답니다.,1,AI_v1,109,140,4,27.25,6.456585785072479,45,15,8,9,1,7,0.3333333333333333,0.17777777777777778,0.2,0.022222222222222223,0.15555555555555556,0.13761467889908258,0.06422018348623854,2,0,4,0,0,0,0.03669724770642202
2020년 근로자(직장인) 연말 정산 팁,전문_정보,안녕하세요 이제 곧 2020년 연말 정산이 시작 됩니다. 꼼꼼하게 많이 준비하셨는지요?? 아는 만큼 많이... 연말정산은 한해동안 납부한 세금에 대해 각종 공제항목을 적용해 이듬해 정산하는 절차를 말합니다.... ,안녕하세요 이제 곧 2020년 연말 정산이 시작 됩니다. 꼼꼼하게 많이 준비하셨는지요? 아는 만큼 많이. 연말정산은 한해동안 납부한 세금에 대해 각종 공제항목을 적용해 이듬해 정산하는 절차를 말합니다.,0,Human,87,112,4,21.75,13.160072188251856,43,20,6,2,2,6,0.46511627906976744,0.13953488372093023,0.046511627906976744,0.046511627906976744,0.13953488372093023,0.22988505747126436,0.06896551724137931,0,0,3,0,1,0,0.04597701149425287
"2020년 변경된 연말 정산 하는법 (소득공제, 월세 환급 등)",전문_정보,"오늘은 변경된 연말에 대해 짧게 남겨봅니다. 큰 기대 없이 시작했는데 생각보다 만족스러웠고, 다음에도 비슷하게 해보고 싶어요. 사진으로 남겨두기에도 괜찮아서 기억에 오래 남을 것 같아요. 처음 가보는 분들도 크게 부담 없이 즐길 수 있을 것 같아요.",오늘은 변경된 연말에 대해 짧게 남겨봅니다. 큰 기대 없이 시작했는데 생각보다 만족스러웠고 다음에도 비슷하게 해보고 싶어요. 사진으로 남겨두기에도 괜찮아서 기억에 오래 남을 것 같아요. 처음 가보는 분들도 크게 부담 없이 즐길 수 있을 것 같아요.,1,AI_v1,104,138,4,26.0,5.787918451395113,53,19,10,7,3,9,0.3584905660377358,0.18867924528301888,0.1320754716981132,0.05660377358490566,0.16981132075471697,0.18269230769230768,0.08653846153846154,2,0,4,0,0,0,0.038461538461538464
내돈내산 에이블리(Ably) 아이폰11 케이스 이불속리뷰!,상품_리뷰,"안녕하세요, 디너제이 은지입니다 오늘은 #에이블리 아이폰11 케이스를 소개해드리려해요 :) 오늘은... 최근에 아이폰으로 입문했어요. 갤럭시를 쓸 땐 정품케이스를 많이 사용했는데 그건 다양한 기능들... ",안녕하세요 디너제이 은지입니다 오늘은 아이폰11 케이스를 소개해드리려해요 오늘은. 최근에 아이폰으로 입문했어요. 갤럭시를 쓸 땐 정품케이스를 많이 사용했는데 그건 다양한 기능들.,0,Human,80,99,3,26.666666666666668,9.843215373488935,41,18,4,3,2,8,0.43902439024390244,0.0975609756097561,0.07317073170731707,0.04878048780487805,0.1951219512195122,0.225,0.1,2,0,3,0,0,0,0.0375
"강남 맛집, 강남역 맛집 마초쉐프 강남역점 청첩장 모임 하러... ",맛집_리뷰,"강남역 맛집, 강남역 레스토랑 마초쉐프 강남역점 방문일: 2019년 3월 강남역 11번 출구 쪽 먹자골목 부근, 메가박스 골목으로 올라가면 찾을 수 있는 마초쉐프 강남역점. 강남역 쪽에서 많이 비싸지 않고... ",강남역 맛집 강남역 레스토랑 마초쉐프 강남역점 방문일 2019년 3월 강남역 11번 출구 쪽 먹자골목 부근 메가박스 골목으로 올라가면 찾을 수 있는 마초쉐프 강남역점. 강남역 쪽에서 많이 비싸지 않고.,0,Human,85,112,2,42.5,28.5,39,25,4,2,1,2,0.6410256410256411,0.10256410256410256,0.05128205128205128,0.02564102564102564,0.05128205128205128,0.29411764705882354,0.023529411764705882,0,0,2,0,0,0,0.023529411764705882
아이폰 11화이트-후면 카메라 강화유리 후기/내돈내산,상품_리뷰,안녕하세요~ 뚜룹이네예요ㅎㅎ 제가 아이폰11 화이트를 산지 얼마 안됐는데 조심성이 없다보니 맨날... 아이폰 쓰시는 잇님들도 굿 소비 하세요 #아이폰 #아이폰11 #아이폰11화이트 #액정강화유리 #액정강화필름... ,안녕하세요~ 뚜룹이네예요 제가 아이폰11 화이트를 산지 얼마 안됐는데 조심성이 없다보니 맨날. 아이폰 쓰시는 잇님들도 굿 소비 하세요,0,Human,58,74,2,29.0,12.5,29,12,3,2,1,7,0.41379310344827586,0.10344827586206896,0.06896551724137931,0.034482758620689655,0.2413793103448276,0.20689655172413793,0.1206896551724138,0,0,1,0,0,1,0.034482758620689655
[강남역 맛집/강남역 샐러드] 피그인더가든,맛집_리뷰,"이번에 강남역 다녀왔는데 생각보다 분위기가 편해서 좋았어요. 음식도 깔끔하게 나와서 부담 없이 먹기 괜찮았고, 다음에 근처 가면 또 들러보고 싶더라고요. 사진으로 남겨두기에도 괜찮아서 기억에 오래 남을 것 같아요. 기대보다 편하게 즐길 수 있어서 만족스러운 시간이었답니다.",이번에 강남역 다녀왔는데 생각보다 분위기가 편해서 좋았어요. 음식도 깔끔하게 나와서 부담 없이 먹기 괜찮았고 다음에 근처 가면 또 들러보고 싶더라고요. 사진으로 남겨두기에도 괜찮아서 기억에 오래 남을 것 같아요. 기대보다 편하게 즐길 수 있어서 만족스러운 시간이었답니다.,1,AI_v1,117,151,4,29.25,5.0682837331783235,52,20,7,9,2,10,0.38461538461538464,0.1346153846153846,0.17307692307692307,0.038461538461538464,0.19230769230769232,0.17094017094017094,0.08547008547008547,3,0,4,0,0,0,0.03418803418803419
[내돈내산/아이폰11] 아이폰11 옐로우 색상으로 핸드폰... ,상품_리뷰,아이폰11 옐로우와 신지모루 강화유리필름 #아이폰 #아이폰11 #아이폰색상 #옐로우 #신지모루 #강화유리필름 아이폰8에서 11로 바꿨당 아직 8도 매우매우 쓸만해서 더 써도 되는데 카메라가 너무 별로라... ,아이폰11 옐로우와 신지모루 강화유리필름 아이폰8에서 11로 바꿨당 아직 8도 매우매우 쓸만해서 더 써도 되는데 카메라가 너무 별로라.,0,Human,59,75,1,59.0,0.0,31,15,4,0,2,5,0.4838709677419355,0.12903225806451613,0.0,0.06451612903225806,0.16129032258064516,0.2542372881355932,0.0847457627118644,0,0,1,0,0,0,0.01694915254237288
2019년 2월 24일 일요일,맛집_리뷰,만나자마자 뭐먹을지 고민하다가 강남나이키도 가야하구 롯데백화점 강남점도 가야하구 바쁘네 지하철타구 한티역 갔다가 버스타구 강남역으루 고고씽 볼일다보구 늦은점심은 햄버거! 강남역맛집 버거맛집... ,만나자마자 뭐먹을지 고민하다가 강남나이키도 가야하구 롯데백화점 강남점도 가야하구 바쁘네 지하철타구 한티역 갔다가 버스타구 강남역으루 고고씽 볼일다보구 늦은점심은 햄버거! 강남역맛집 버거맛집.,0,Human,87,106,2,43.5,33.5,39,27,7,1,0,2,0.6923076923076923,0.1794871794871795,0.02564102564102564,0.0,0.05128205128205128,0.3103448275862069,0.022988505747126436,0,0,1,1,0,0,0.022988505747126436
2020년 귀속 연말정산 총정리,전문_정보,귀속을 하면서 오랜만에 여유를 느꼈어요. 바쁜 와중에 잠깐 쉬어가는 시간이 생긴 것 같아서 꽤 괜찮은 하루였답니다. 전체적으로 무난하면서도 기분 좋게 마무리할 수 있었어요. 개인적으로는 너무 과하지 않은 점이 마음에 들었어요.,귀속을 하면서 오랜만에 여유를 느꼈어요. 바쁜 와중에 잠깐 쉬어가는 시간이 생긴 것 같아서 꽤 괜찮은 하루였답니다. 전체적으로 무난하면서도 기분 좋게 마무리할 수 있었어요. 개인적으로는 너무 과하지 않은 점이 마음에 들었어요.,1,AI_v1,97,126,4,24.25,4.656984002549289,50,18,10,5,1,9,0.36,0.2,0.1,0.02,0.18,0.18556701030927836,0.09278350515463918,1,0,4,0,0,0,0.041237113402061855
2019년 1월 28일의 기록 &lt;강남역 맛집 본토닭갈비 &amp; 강남역... ,맛집_리뷰,"강남 닭갈비맛집 &quot;본토닭갈비&quot; 강남역 투쿨포앞에서 불량하게 손가락을 까딱거리며 여기로 오란 너의 손짓,,잊을수가없다!!ㅋㅋㅋㅋ 러중이는 배가 등에 붙겠다며 ㅎ,, 서둘러 메뉴를 정하러 cgv뒤 길을 걷다가... ",강남 닭갈비맛집 본토닭갈비 강남역 투쿨포앞에서 불량하게 손가락을 까딱거리며 여기로 오란 너의 손짓 잊을수가없다! 러중이는 배가 등에 붙겠다며 서둘러 메뉴를 정하러 cgv뒤 길을 걷다가.,0,Human,81,103,2,40.5,9.5,41,21,5,2,0,10,0.5121951219512195,0.12195121951219512,0.04878048780487805,0.0,0.24390243902439024,0.25925925925925924,0.12345679012345678,0,0,1,1,0,0,0.024691358024691357
2020년 연말정산 - 인적공제 (기본공제 + 추가공제),전문_정보,"오늘은 연말정산 인적공제에 대해 짧게 남겨봅니다. 큰 기대 없이 시작했는데 생각보다 만족스러웠고, 다음에도 비슷하게 해보고 싶어요. 기대보다 편하게 즐길 수 있어서 만족스러운 시간이었답니다. 개인적으로는 너무 과하지 않은 점이 마음에 들었어요.",오늘은 연말정산 인적공제에 대해 짧게 남겨봅니다. 큰 기대 없이 시작했는데 생각보다 만족스러웠고 다음에도 비슷하게 해보고 싶어요. 기대보다 편하게 즐길 수 있어서 만족스러운 시간이었답니다. 개인적으로는 너무 과하지 않은 점이 마음에 들었어요.,1,AI_v1,106,135,4,26.5,5.123475382979799,48,16,11,6,2,8,0.3333333333333333,0.22916666666666666,0.125,0.041666666666666664,0.16666666666666666,0.1509433962264151,0.07547169811320754,1,0,4,0,0,0,0.03773584905660377
[강남역맛집] 바비레드,맛집_리뷰,"바비레드 먹고 옴. 사람 많고 조금 정신없었지만 음식은 괜찮았다. 가격은 보통, 위치는 편한 편이라 약속 전후로 들르기 좋음. 딱히 특별하진 않은데 기억은 남는 편이다. 기대치를 낮추고 가면 무난한 정도. 사진은 몇 장 찍었는데 정리는 나중에 해야겠다.",바비레드 먹고 옴. 사람 많고 조금 정신없었지만 음식은 괜찮았다. 가격은 보통 위치는 편한 편이라 약속 전후로 들르기 좋음. 딱히 특별하진 않은데 기억은 남는 편이다. 기대치를 낮추고 가면 무난한 정도. 사진은 몇 장 찍었는데 정리는 나중에 해야겠다.,1,AI_v2,105,140,6,17.5,5.024937810560445,57,24,7,7,0,12,0.42105263157894735,0.12280701754385964,0.12280701754385964,0.0,0.21052631578947367,0.22857142857142856,0.11428571428571428,0,0,6,0,0,0,0.05714285714285714
2020년 연말정산 미리보기 : 소득공제 세액공제 항목 및 확인,전문_정보,연말정산 미리보기는 별일 아닌 듯해도 막상 겪어보니 나름 의미가 있었어요. 작은 변화였지만 하루 분위기가 달라져서 기분 좋게 마무리했답니다. 짧게 들렀지만 생각보다 알차게 시간을 보냈어요. 기대보다 편하게 즐길 수 있어서 만족스러운 시간이었답니다.,연말정산 미리보기는 별일 아닌 듯해도 막상 겪어보니 나름 의미가 있었어요. 작은 변화였지만 하루 분위기가 달라져서 기분 좋게 마무리했답니다. 짧게 들렀지만 생각보다 알차게 시간을 보냈어요. 기대보다 편하게 즐길 수 있어서 만족스러운 시간이었답니다.,1,AI_v1,108,138,4,27.0,4.06201920231798,46,17,10,9,0,6,0.3695652173913043,0.21739130434782608,0.1956521739130435,0.0,0.13043478260869565,0.1574074074074074,0.05555555555555555,2,0,4,0,0,0,0.037037037037037035
2020년 연말정산 소득공제 달라진다? 꼭 알아야할 꿀팁!!,전문_정보,"2020년 연말정산 소득공제 달라진다? 꼭 알아야할 꿀팁!! 연말소득공제와 기있습니다. 예를 들어 처남이 생계를 소득공제같본공제 대상자 (연령, 소득요건 없음) 의 의료비를 근로자가 직접부담한 경우 의료비... ",2020년 연말정산 소득공제 달라진다? 꼭 알아야할 꿀팁! 연말소득공제와 기있습니다. 예를 들어 처남이 생계를 소득공제같본공제 대상자 연령 소득요건 없음 의 의료비를 근로자가 직접부담한 경우 의료비.,0,Human,88,111,4,22.0,15.98436736314578,45,25,3,3,0,8,0.5555555555555556,0.06666666666666667,0.06666666666666667,0.0,0.17777777777777778,0.2840909090909091,0.09090909090909091,0,0,2,1,1,0,0.045454545454545456
아이폰12 pro 골드(내돈내산 feat. SK 요금할인받기),상품_리뷰,아이폰12 pro 궁금해서 써봤는데 막 놀랄 정도는 아니었다. 그래도 손이 자주 가긴 함. 불편한 점은 조금씩 보이는데 못 쓸 정도는 아님. 다음엔 다른 메뉴도 봐야 할 듯. 급하게 정한 일정치고는 나쁘지 않았다. 엄청난 건 아니고 그냥 기록용.,아이폰12 pro 궁금해서 써봤는데 막 놀랄 정도는 아니었다. 그래도 손이 자주 가긴 함. 불편한 점은 조금씩 보이는데 못 쓸 정도는 아님. 다음엔 다른 메뉴도 봐야 할 듯. 급하게 정한 일정치고는 나쁘지 않았다. 엄청난 건 아니고 그냥 기록용.,1,AI_v2,101,137,6,16.833333333333332,5.42883249163411,54,19,9,8,2,8,0.35185185185185186,0.16666666666666666,0.14814814814814814,0.037037037037037035,0.14814814814814814,0.18811881188118812,0.07920792079207921,0,0,6,0,0,0,0.0594059405940594
[강남역 맛집] 중경 마라탕,맛집_리뷰,"강남역 다녀왔는데 생각보다 분위기가 편해서 좋았어요. 음식도 깔끔하게 나와서 부담 없이 먹기 괜찮았고, 다음에 근처 가면 또 들러보고 싶더라고요. 처음 가보는 분들도 크게 부담 없이 즐길 수 있을 것 같아요. 기대보다",강남역 다녀왔는데 생각보다 분위기가 편해서 좋았어요. 음식도 깔끔하게 나와서 부담 없이 먹기 괜찮았고 다음에 근처 가면 또 들러보고 싶더라고요. 처음 가보는 분들도 크게 부담 없이 즐길 수 있을 것 같아요. 기대보다,1,AI_v1,90,120,4,22.5,11.734031702701335,42,18,6,6,2,6,0.42857142857142855,0.14285714285714285,0.14285714285714285,0.047619047619047616,0.14285714285714285,0.2,0.06666666666666667,2,0,3,0,0,0,0.03333333333333333
유나이티드 갤러리 2019년 5월 U매거진_첫째주 전시_김병구... ,맛집_리뷰,유나이티드는 가게 앞에서 잠깐 기다렸다. 메뉴는 금방 정했고 맛은 평범한데 묘하게 계속 먹게 됨. 다음에 지나가면 또 생각날 수도. 가격은 막 싸진 않았고 위치는 찾기 쉬운 편. 엄청난 건 아니고 그냥 기록용. 시간 맞으면 한 번쯤 들를만함.,유나이티드는 가게 앞에서 잠깐 기다렸다. 메뉴는 금방 정했고 맛은 평범한데 묘하게 계속 먹게 됨. 다음에 지나가면 또 생각날 수도. 가격은 막 싸진 않았고 위치는 찾기 쉬운 편. 엄청난 건 아니고 그냥 기록용. 시간 맞으면 한 번쯤 들를만함.,1,AI_v2,99,135,6,16.5,3.593976442141304,55,25,12,4,0,7,0.45454545454545453,0.21818181818181817,0.07272727272727272,0.0,0.12727272727272726,0.25252525252525254,0.0707070707070707,0,0,6,0,0,0,0.06060606060606061
◆ 2019년 9월 한달간의 일상 ◆,맛집_리뷰,#강남맛집 #강남역맛집 #개미집 #낙곱새맛집 그리고 카페는 인스타갬성 물씬 풍기는 #랑데자뷰 제주도에 놀러온 느낌이 물씬 풍기는 너무 예뻣던 카페에요 #강남카페 #강남역카페 #강남분위기좋은카페 @2019.... ,그리고 카페는 인스타갬성 물씬 풍기는 제주도에 놀러온 느낌이 물씬 풍기는 너무 예뻣던 카페에요 2019.,0,Human,45,58,1,45.0,0.0,22,10,4,0,1,4,0.45454545454545453,0.18181818181818182,0.0,0.045454545454545456,0.18181818181818182,0.2222222222222222,0.08888888888888889,0,0,1,0,0,0,0.022222222222222223
2020년 연말정산 변경사항 꼭 알아봐야죠,전문_정보,연말정산 사진 몇 장 찍어뒀다. 나중에 보면 별거 아닐 수도 있는데 그때 분위기가 있어서 남겨둠. 정리는 천천히 해야겠다. 기대치를 낮추고 가면 무난한 정도. 다음엔 다른 메뉴도 봐야 할 듯. 급하게 정한 일정치고는 나쁘지 않았다.,연말정산 사진 몇 장 찍어뒀다. 나중에 보면 별거 아닐 수도 있는데 그때 분위기가 있어서 남겨둠. 정리는 천천히 해야겠다. 기대치를 낮추고 가면 무난한 정도. 다음엔 다른 메뉴도 봐야 할 듯. 급하게 정한 일정치고는 나쁘지 않았다.,1,AI_v2,96,129,6,16.0,5.259911279353167,52,20,10,5,1,9,0.38461538461538464,0.19230769230769232,0.09615384615384616,0.019230769230769232,0.17307692307692307,0.20833333333333334,0.09375,0,0,6,0,0,0,0.0625
강남역 맛집 가성비 실화?,맛집_리뷰,친구랑 강남역 가성비에 갔는데 전체적으로 무난해서 좋았어요. 음식 나오는 속도도 괜찮고 맛도 기대 이상이라 근처 맛집 찾는 분들께 추천드려요. 개인적으로는 너무 과하지 않은 점이 마음에 들었어요. 처음 가보는 분들도 크게 부담 없이 즐길 수 있을 것 같아요.,친구랑 강남역 가성비에 갔는데 전체적으로 무난해서 좋았어요. 음식 나오는 속도도 괜찮고 맛도 기대 이상이라 근처 맛집 찾는 분들께 추천드려요. 개인적으로는 너무 과하지 않은 점이 마음에 들었어요. 처음 가보는 분들도 크게 부담 없이 즐길 수 있을 것 같아요.,1,AI_v1,108,144,4,27.0,4.301162633521313,60,25,10,4,2,11,0.4166666666666667,0.16666666666666666,0.06666666666666667,0.03333333333333333,0.18333333333333332,0.23148148148148148,0.10185185185185185,2,0,4,0,0,0,0.037037037037037035
"2020년 연말정산, 달라지는 내용 , 신용카드사용액공제... ",전문_정보,"*올해부터 달라지는 주요공제항목 1. 신용카드 사용액 공제 총 급여액 7,000만원 이하 근로자가 2019년 7월1일 이후 박물관 미술관 입장료를 신용카드로 결제할 경우 30% 소득공제율 적용 소득공제 한도를... ",올해부터 달라지는 주요공제항목 1. 신용카드 사용액 공제 총 급여액 7 000만원 이하 근로자가 2019년 7월1일 이후 박물관 미술관 입장료를 신용카드로 결제할 경우 30 소득공제율 적용 소득공제 한도를.,0,Human,89,115,2,44.5,28.5,42,22,2,0,0,5,0.5238095238095238,0.047619047619047616,0.0,0.0,0.11904761904761904,0.24719101123595505,0.056179775280898875,0,0,2,0,0,0,0.02247191011235955
"국세청 연말정산, 법인 소득공제 꿀팁",전문_정보,국세청을 하면서 생각보다 시간이 빨리 갔다. 중간중간 딴짓도 했지만 마무리는 했다. 그냥 소소한 기록으로 남김. 딱히 특별하진 않은데 기억은 남는 편이다. 딱히 특별하진 않은데 기억은 남는 편이다. 사진은 몇 장 찍었는데 정리는 나중에 해야겠다.,국세청을 하면서 생각보다 시간이 빨리 갔다. 중간중간 딴짓도 했지만 마무리는 했다. 그냥 소소한 기록으로 남김. 딱히 특별하진 않은데 기억은 남는 편이다. 딱히 특별하진 않은데 기억은 남는 편이다. 사진은 몇 장 찍었는데 정리는 나중에 해야겠다.,1,AI_v2,104,137,6,17.333333333333332,2.5603819159562025,55,18,11,5,1,13,0.32727272727272727,0.2,0.09090909090909091,0.01818181818181818,0.23636363636363636,0.17307692307692307,0.125,0,0,6,0,0,0,0.057692307692307696
"안경, 콘택트렌즈 2020년 연말정산 소득공제 가능합니다",전문_정보,"안경, 콘택트렌즈 2020년 연말정산 소득공제 가능합니다. 2020년 마지막 포스팅은 2021년 새해 다짐과 함께 : ) 가장 먼저 해야 할 #연말정산 에 관한 포스팅이 될 거 같네요. 2020년 연말정산은 국세청 연말정산... ",안경 콘택트렌즈 2020년 연말정산 소득공제 가능합니다. 2020년 마지막 포스팅은 2021년 새해 다짐과 함께 가장 먼저 해야 할 에 관한 포스팅이 될 거 같네요. 2020년 연말정산은 국세청 연말정산.,0,Human,88,114,3,29.333333333333332,10.873004286866728,35,16,3,2,1,6,0.45714285714285713,0.08571428571428572,0.05714285714285714,0.02857142857142857,0.17142857142857143,0.18181818181818182,0.06818181818181818,0,0,3,0,0,0,0.03409090909090909
아이폰11프로케이스 추천 : 케이스티파이 Pangram... ,상품_리뷰,"아이폰11프로케이스 케이스티파이는 직접 써보니 장단점이 분명했어요. 그래도 가격이나 사용감까지 생각하면 꽤 무난했고, 필요한 분들께는 참고가 될 것 같아요. 사진으로 남겨두기에도 괜찮아서 기억에 오래 남을 것 같아요. 전체적으로 무난하면서도 기분 좋게 마무리할 수 있었어요.",아이폰11프로케이스 케이스티파이는 직접 써보니 장단점이 분명했어요. 그래도 가격이나 사용감까지 생각하면 꽤 무난했고 필요한 분들께는 참고가 될 것 같아요. 사진으로 남겨두기에도 괜찮아서 기억에 오래 남을 것 같아요. 전체적으로 무난하면서도 기분 좋게 마무리할 수 있었어요.,1,AI_v1,120,152,4,30.0,4.847679857416329,60,25,10,7,2,9,0.4166666666666667,0.16666666666666666,0.11666666666666667,0.03333333333333333,0.15,0.20833333333333334,0.075,3,0,4,0,0,0,0.03333333333333333
2020년 연말정산! 문화비 소득공제에 대해 알아보자!,전문_정보,연말정산! 문화비 관련해서 소소하게 기록해봤어요. 특별한 일은 아니었지만 막상 지나고 보니 은근 기억에 남아서 이렇게 남겨두고 싶더라고요. 처음 가보는 분들도 크게 부담 없이 즐길 수 있을 것 같아요. 짧게 들렀지만 생각보다 알차게 시간을 보냈어요.,연말정산! 문화비 관련해서 소소하게 기록해봤어요. 특별한 일은 아니었지만 막상 지나고 보니 은근 기억에 남아서 이렇게 남겨두고 싶더라고요. 처음 가보는 분들도 크게 부담 없이 즐길 수 있을 것 같아요. 짧게 들렀지만 생각보다 알차게 시간을 보냈어요.,1,AI_v1,106,139,5,21.2,10.609429767899876,50,17,11,7,2,6,0.34,0.22,0.14,0.04,0.12,0.16037735849056603,0.05660377358490566,2,0,4,1,0,0,0.04716981132075472
"E6300 / 내돈내산 / 구독자... 키보드 / 아이폰,아이패드... ",상품_리뷰,총정리 내돈내산 / Rapoo E6300 얼마나 작은 키보드길래!! Rapoo 제품은 첨 써봐서 잘 모르는 브랜드일 수... 세계에서 가장 얇은 5.6mm 랍니다~ 오른쪽보면 나오지만 아이패드 아이폰 전용 키보드입니다... ,총정리 내돈내산 Rapoo E6300 얼마나 작은 키보드길래! Rapoo 제품은 첨 써봐서 잘 모르는 브랜드일 수. 세계에서 가장 얇은 5.6mm 랍니다~ 오른쪽보면 나오지만 아이패드 아이폰 전용 키보드입니다.,0,Human,92,117,4,23.0,8.306623862918075,46,19,6,3,1,3,0.41304347826086957,0.13043478260869565,0.06521739130434782,0.021739130434782608,0.06521739130434782,0.20652173913043478,0.03260869565217391,0,0,3,1,0,1,0.05434782608695652
강남역 맛집 해담채 정갈한 건강한 한상,맛집_리뷰,강남역 맛집 해담채 강남점 위치는 서울 강남구 논현로85길 70 주차하고 해담채로 향하는 길이네요.... 크하 오늘 2019년 들어서 첫 영하를 기록한 날인데 뜨끈한 매운탕이 생각납니다. 곧 점심인데 말이죠. 고등어... ,강남역 맛집 해담채 강남점 위치는 서울 강남구 논현로85길 70 주차하고 해담채로 향하는 길이네요. 크하 오늘 2019년 들어서 첫 영하를 기록한 날인데 뜨끈한 매운탕이 생각납니다. 곧 점심인데 말이죠. 고등어.,0,Human,91,118,4,22.75,16.588776326179094,50,26,4,1,0,10,0.52,0.08,0.02,0.0,0.2,0.2857142857142857,0.10989010989010989,0,0,4,0,0,0,0.04395604395604396
"[부자되'세'요] 2020년 연말정산, 달라진 혜택으로 세(稅)테크... ",전문_정보,소득공제에 바로 기재된다고 하니 꼭 이용해야 할 서비스 중 하나이겠죠? 2020년 알아두면 좋은 연말정산 달라진 혜택! 매년 법 규정이 바뀌고 개선이 되면서 연말정산 혜택도 달라지는데요. 소득공제의... ,소득공제에 바로 기재된다고 하니 꼭 이용해야 할 서비스 중 하나이겠죠? 2020년 알아두면 좋은 연말정산 달라진 혜택! 매년 법 규정이 바뀌고 개선이 되면서 연말정산 혜택도 달라지는데요. 소득공제의.,0,Human,86,111,4,21.5,9.604686356149273,40,20,8,1,0,6,0.5,0.2,0.025,0.0,0.15,0.23255813953488372,0.06976744186046512,0,0,2,1,1,0,0.046511627906976744
아이폰11 실리콘케이스 하이루프 붙힌 내돈내산 후기,상품_리뷰,고를수있는게 많은점이 좋고 요즘은 랄라블라랑 프리스비 처럼 오프라인 매장에도 입점되어있다고하니까 좀 더 쉽게 구입할 수 있을것같아요 이것으로 아이폰11 실리콘케이스에 붙힌 내돈내산 후기를 마칠게용 :),고를수있는게 많은점이 좋고 요즘은 랄라블라랑 프리스비 처럼 오프라인 매장에도 입점되어있다고하니까 좀 더 쉽게 구입할 수 있을것같아요 이것으로 아이폰11 실리콘케이스에 붙힌 내돈내산 후기를 마칠게용,0,Human,87,109,1,87.0,0.0,41,21,5,4,0,7,0.5121951219512195,0.12195121951219512,0.0975609756097561,0.0,0.17073170731707318,0.2413793103448276,0.08045977011494253,1,0,0,0,0,0,0.0
아이폰11프로 케이스 케이스티파이 할인코드 공유,상품_리뷰,"아이폰11프로 케이스 사진 찍어두고 비교해봤다. 실제 색감이나 느낌은 화면이랑 조금 달랐고, 쓰다 보니 익숙해졌다. 기록용으로 남겨둠. 시간 맞으면 한 번쯤 들를만함. 엄청난 건 아니고 그냥 기록용. 사람이 좀 있어서 조용한 느낌은 아니었음.",아이폰11프로 케이스 사진 찍어두고 비교해봤다. 실제 색감이나 느낌은 화면이랑 조금 달랐고 쓰다 보니 익숙해졌다. 기록용으로 남겨둠. 시간 맞으면 한 번쯤 들를만함. 엄청난 건 아니고 그냥 기록용. 사람이 좀 있어서 조용한 느낌은 아니었음.,1,AI_v2,103,134,6,17.166666666666668,6.361778227997437,53,22,11,6,0,6,0.41509433962264153,0.20754716981132076,0.11320754716981132,0.0,0.11320754716981132,0.21359223300970873,0.05825242718446602,0,0,6,0,0,0,0.05825242718446602
[내돈내산] 변색 걱정 없는 아이폰 11 pro  끼움 케이스 !,상품_리뷰,아이폰 11프로를 모셔온지 몇주가 지났다 덜렁이인 나는 혹시 모를 사태를 ? 대비해 카메라에도... 아이폰은 투명 케이스가 진리인지라 투명 위주로 찾아봤는데 다 썩 내맘에 들지 않음 그러다 발견한 끼움... ,아이폰 11프로를 모셔온지 몇주가 지났다 덜렁이인 나는 혹시 모를 사태를 ? 대비해 카메라에도. 아이폰은 투명 케이스가 진리인지라 투명 위주로 찾아봤는데 다 썩 내맘에 들지 않음 그러다 발견한 끼움.,0,Human,84,111,3,28.0,14.165686240583852,48,20,8,1,1,12,0.4166666666666667,0.16666666666666666,0.020833333333333332,0.020833333333333332,0.25,0.23809523809523808,0.14285714285714285,0,0,2,0,1,0,0.03571428571428571
"내돈내산 아이폰11 pro max 실버(화이트) 개봉기, 아이폰 가격... ",상품_리뷰,"내돈내산 아이폰11는 직접 써보니 장단점이 분명했어요. 그래도 가격이나 사용감까지 생각하면 꽤 무난했고, 필요한 분들께는 참고가 될 것 같아요. 다음에는 조금 더 여유 있게 다시 가보고 싶어요. 짧게 들렀지만 생각보다 알차게 시간을 보냈어요.",내돈내산 아이폰11는 직접 써보니 장단점이 분명했어요. 그래도 가격이나 사용감까지 생각하면 꽤 무난했고 필요한 분들께는 참고가 될 것 같아요. 다음에는 조금 더 여유 있게 다시 가보고 싶어요. 짧게 들렀지만 생각보다 알차게 시간을 보냈어요.,1,AI_v1,103,134,4,25.75,6.7592529172978875,53,20,11,6,1,7,0.37735849056603776,0.20754716981132076,0.11320754716981132,0.018867924528301886,0.1320754716981132,0.1941747572815534,0.06796116504854369,2,0,4,0,0,0,0.038834951456310676
아이폰11 아이폰11프로 아이폰11프로맥스 카메라필름,상품_리뷰,내돈내산 후기 입니다. 쿠팡에서 샀어요. 배송비 포함가격임을 감안하면 거의 공짜나 다름없이 샀다고 봅니다. 요즘에는 렌즈커버 구하기가 쉽지만 아이폰 11이 처음 나왔을때는 국내에 파는곳이 없었어요.... ,내돈내산 후기 입니다. 쿠팡에서 샀어요. 배송비 포함가격임을 감안하면 거의 공짜나 다름없이 샀다고 봅니다. 요즘에는 렌즈커버 구하기가 쉽지만 아이폰 11이 처음 나왔을때는 국내에 파는곳이 없었어요.,0,Human,87,110,4,21.75,13.348689074212494,46,21,8,2,1,7,0.45652173913043476,0.17391304347826086,0.043478260869565216,0.021739130434782608,0.15217391304347827,0.2413793103448276,0.08045977011494253,0,0,4,0,0,0,0.04597701149425287
호주 시드니 애플스토어에서 아이폰11(iPhone11) 화이트... ,상품_리뷰,호주 사용해보니 처음 기대했던 것보다 만족도가 괜찮았어요. 큰 단점은 없었고 일상에서 쓰기 편해서 당분간 계속 써볼 생각입니다. 사진으로 남겨두기에도 괜찮아서 기억에 오래 남을 것 같아요. 짧게 들렀지만 생각보다 알차게 시간을 보냈어요.,호주 사용해보니 처음 기대했던 것보다 만족도가 괜찮았어요. 큰 단점은 없었고 일상에서 쓰기 편해서 당분간 계속 써볼 생각입니다. 사진으로 남겨두기에도 괜찮아서 기억에 오래 남을 것 같아요. 짧게 들렀지만 생각보다 알차게 시간을 보냈어요.,1,AI_v1,102,132,4,25.5,2.8722813232690143,49,19,6,9,1,10,0.3877551020408163,0.12244897959183673,0.1836734693877551,0.02040816326530612,0.20408163265306123,0.18627450980392157,0.09803921568627451,1,0,4,0,0,0,0.0392156862745098
강남역 맛집 / 비스트로바 라그릴리아,맛집_리뷰,안녕하세요~ 2019년이 시작됐네요. 그래서 새로운 마음으로 블로그를 시작하기로 했어요. 꾸준히 올려보려고 해요!! 제가 강남역 근처에서 일을 시작하게 됐어요. 그래서 이곳저곳 맛집을 돌아다니며 글을... ,안녕하세요~ 2019년이 시작됐네요. 그래서 새로운 마음으로 블로그를 시작하기로 했어요. 꾸준히 올려보려고 해요! 제가 강남역 근처에서 일을 시작하게 됐어요. 그래서 이곳저곳 맛집을 돌아다니며 글을.,0,Human,89,111,5,17.8,3.867815921162743,45,14,8,3,2,8,0.3111111111111111,0.17777777777777778,0.06666666666666667,0.044444444444444446,0.17777777777777778,0.15730337078651685,0.0898876404494382,2,0,4,1,0,1,0.06741573033707865
&lt;아이폰 11 퍼플 64g&gt; 내돈내산 후기,상품_리뷰,"가볍게 &lt;아이폰은 직접 써보니 장단점이 분명했어요. 그래도 가격이나 사용감까지 생각하면 꽤 무난했고, 필요한 분들께는 참고가 될 것 같아요. 사진으로 남겨두기에도 괜찮아서 기억에 오래 남을 것 같아요. 짧게 들렀지만 생각보다 알차게 시간을 보냈어요.",가볍게 아이폰은 직접 써보니 장단점이 분명했어요. 그래도 가격이나 사용감까지 생각하면 꽤 무난했고 필요한 분들께는 참고가 될 것 같아요. 사진으로 남겨두기에도 괜찮아서 기억에 오래 남을 것 같아요. 짧게 들렀지만 생각보다 알차게 시간을 보냈어요.,1,AI_v1,106,137,4,26.5,6.34428877022476,53,18,9,8,2,11,0.33962264150943394,0.16981132075471697,0.1509433962264151,0.03773584905660377,0.20754716981132076,0.16981132075471697,0.10377358490566038,3,0,4,0,0,0,0.03773584905660377
내돈내산 아이폰12pro 실버 언박싱,상품_리뷰,내돈내산은 사용법이 어렵진 않았다. 마감은 보통이고 기능은 필요한 만큼만 있는 느낌. 오래 써봐야 알겠지만 첫인상은 나쁘지 않음. 엄청난 건 아니고 그냥 기록용. 딱히 특별하진 않은데 기억은 남는 편이다. 사진은 몇 장 찍었는데 정리는 나중에 해야겠다.,내돈내산은 사용법이 어렵진 않았다. 마감은 보통이고 기능은 필요한 만큼만 있는 느낌. 오래 써봐야 알겠지만 첫인상은 나쁘지 않음. 엄청난 건 아니고 그냥 기록용. 딱히 특별하진 않은데 기억은 남는 편이다. 사진은 몇 장 찍었는데 정리는 나중에 해야겠다.,1,AI_v2,107,141,6,17.833333333333332,2.6718699236468995,58,19,9,8,1,12,0.3275862068965517,0.15517241379310345,0.13793103448275862,0.017241379310344827,0.20689655172413793,0.17757009345794392,0.11214953271028037,0,0,6,0,0,0,0.056074766355140186
"[강남역맛집 쭈꾸미맛집 오쭈] 쭈닭으로 주문주문, 쭈꾸미... ",맛집_리뷰,강남역맛집 쭈꾸미맛집 오쭈 오쭈 범계에 있을때 진짜 자주갔는데! 강남에서 찾았구려ㅋㅋㅋㅋㅋ... 메뉴판 가격가격 괜찮다링~ 넘넘 맛있게 잘먹고 갑니다 :) 강남역맛집 쭈꾸미맛집 오쭈2019년12월17일 훈상힣,강남역맛집 쭈꾸미맛집 오쭈 오쭈 범계에 있을때 진짜 자주갔는데! 강남에서 찾았구려 . 메뉴판 가격가격 괜찮다링~ 넘넘 맛있게 잘먹고 갑니다 강남역맛집 쭈꾸미맛집 오쭈2019년12월17일 훈상힣,0,Human,86,107,3,28.666666666666668,16.753109164172084,39,21,6,3,0,2,0.5384615384615384,0.15384615384615385,0.07692307692307693,0.0,0.05128205128205128,0.2441860465116279,0.023255813953488372,0,0,1,1,0,1,0.03488372093023256
아이폰11 카메라 유리필름 주의사항 / 내돈내산 후기,상품_리뷰,"아이폰11 카메라 강화 유리필름 후기 안녕하세요~ 지난번 포스팅 때 아이폰 11 링케퓨전 케이스 (투명범퍼케이스), 힐링쉴드 블루라이트 차단 필터에 대한 후기를 올렸는데요. 이번에는 아이폰11 카메라... ",아이폰11 카메라 강화 유리필름 후기 안녕하세요~ 지난번 포스팅 때 아이폰 11 링케퓨전 케이스 투명범퍼케이스 힐링쉴드 블루라이트 차단 필터에 대한 후기를 올렸는데요. 이번에는 아이폰11 카메라.,0,Human,86,109,2,43.0,30.0,38,27,1,1,0,3,0.7105263157894737,0.02631578947368421,0.02631578947368421,0.0,0.07894736842105263,0.313953488372093,0.03488372093023256,0,0,2,0,0,1,0.03488372093023256
증권사 이전완료 및 300만 입금. 연말정산 세액공제 받기,전문_정보,"대충 간단히 계산하면, 내가 2020년 연말정산 했더니 추가로 내야할 세금이 40만원이다! 그런데 내가 IRP 300 입금해놨다 그래서 396,000원 세액공제다. (13.2% 가정) 그러므로 내가 2월에 뱉어내야할 세금은... ",대충 간단히 계산하면 내가 2020년 연말정산 했더니 추가로 내야할 세금이 40만원이다! 그런데 내가 IRP 300 입금해놨다 그래서 396 000원 세액공제다. 13.2 가정 그러므로 내가 2월에 뱉어내야할 세금은.,0,Human,95,121,4,23.75,13.589977924926883,44,14,5,2,1,7,0.3181818181818182,0.11363636363636363,0.045454545454545456,0.022727272727272728,0.1590909090909091,0.14736842105263157,0.07368421052631578,0,0,3,1,0,0,0.042105263157894736
강남역 맛집 : 장인 닭갈비 (건강한 재료에 엄지척!),맛집_리뷰,"저는 저번 주에 강남역 맛집에서 10년을 훌쩍 넘은 옛 추억들을 꺼내보고 행복한 시간을 보내고... 춘천에서 이번 2019년 6월 11~16일까지 축제를 한대요. 막국수, 닭갈비 축제라니... 도대체 어떤 걸지 궁금하지... ",저는 저번 주에 강남역 맛집에서 10년을 훌쩍 넘은 옛 추억들을 꺼내보고 행복한 시간을 보내고. 춘천에서 이번 2019년 6월 11~16일까지 축제를 한대요. 막국수 닭갈비 축제라니. 도대체 어떤 걸지 궁금하지.,0,Human,91,118,4,22.75,12.028611723719408,45,17,4,3,1,8,0.37777777777777777,0.08888888888888889,0.06666666666666667,0.022222222222222223,0.17777777777777778,0.18681318681318682,0.08791208791208792,0,0,4,0,0,1,0.054945054945054944
"2020년 연말정산 필요서류, 세액 공제 대상은?",전문_정보,"연말정산 필요서류는 시작은 귀찮았는데 하다 보니 괜찮았음. 엄청 의미 있는 건 아니고, 그래도 하루가 조금 정리된 느낌. 사람이 좀 있어서 조용한 느낌은 아니었음. 딱히 특별하진 않은데 기억은 남는 편이다. 이런 곳도 있었네 싶었다.",연말정산 필요서류는 시작은 귀찮았는데 하다 보니 괜찮았음. 엄청 의미 있는 건 아니고 그래도 하루가 조금 정리된 느낌. 사람이 좀 있어서 조용한 느낌은 아니었음. 딱히 특별하진 않은데 기억은 남는 편이다. 이런 곳도 있었네 싶었다.,1,AI_v2,97,129,5,19.4,5.276362383309167,47,16,6,11,2,7,0.3404255319148936,0.1276595744680851,0.23404255319148937,0.0425531914893617,0.14893617021276595,0.16494845360824742,0.07216494845360824,0,0,5,0,0,0,0.05154639175257732
아이폰11pro 케이스 내돈내산 리뷰(feat.아이폰12를... ,상품_리뷰,"아이폰11pro 케이스 사진 찍어두고 비교해봤다. 실제 색감이나 느낌은 화면이랑 조금 달랐고, 쓰다 보니 익숙해졌다. 기록용으로 남겨둠. 급하게 정한 일정치고는 나쁘지 않았다. 엄청난 건 아니고 그냥 기록용.",아이폰11pro 케이스 사진 찍어두고 비교해봤다. 실제 색감이나 느낌은 화면이랑 조금 달랐고 쓰다 보니 익숙해졌다. 기록용으로 남겨둠. 급하게 정한 일정치고는 나쁘지 않았다. 엄청난 건 아니고 그냥 기록용.,1,AI_v2,90,115,5,18.0,6.81175454637056,44,17,9,5,0,6,0.38636363636363635,0.20454545454545456,0.11363636363636363,0.0,0.13636363636363635,0.18888888888888888,0.06666666666666667,0,0,5,0,0,0,0.05555555555555555
강남역맛집:드뎌 먹었본 흑당버블티 타이거슈거,맛집_리뷰,드뎌는 가게 앞에서 잠깐 기다렸다. 메뉴는 금방 정했고 맛은 평범한데 묘하게 계속 먹게 됨. 다음에 지나가면 또 생각날 수도. 기대치를 낮추고 가면 무난한 정도. 가격은 막 싸진 않았고 위치는 찾기 쉬운 편. 사람이 좀 있어서 조용한 느낌은 아니었음.,드뎌는 가게 앞에서 잠깐 기다렸다. 메뉴는 금방 정했고 맛은 평범한데 묘하게 계속 먹게 됨. 다음에 지나가면 또 생각날 수도. 기대치를 낮추고 가면 무난한 정도. 가격은 막 싸진 않았고 위치는 찾기 쉬운 편. 사람이 좀 있어서 조용한 느낌은 아니었음.,1,AI_v2,103,140,6,17.166666666666668,3.0230595245361758,58,25,10,5,0,11,0.43103448275862066,0.1724137931034483,0.08620689655172414,0.0,0.1896551724137931,0.24271844660194175,0.10679611650485436,0,0,6,0,0,0,0.05825242718446602
★폰케이스★ 아이폰11뮤즈캔 vs 구스페리 / 내돈내산,상품_리뷰,★폰케이스★ 아이폰11뮤즈캔 사용해보니 처음 기대했던 것보다 만족도가 괜찮았어요. 큰 단점은 없었고 일상에서 쓰기 편해서 당분간 계속 써볼 생각입니다. 사진으로 남겨두기에도 괜찮아서 기억에 오래 남을 것 같아요. 다음에는 조금 더 여유 있게 다시 가보고 싶어요.,폰케이스 아이폰11뮤즈캔 사용해보니 처음 기대했던 것보다 만족도가 괜찮았어요. 큰 단점은 없었고 일상에서 쓰기 편해서 당분간 계속 써볼 생각입니다. 사진으로 남겨두기에도 괜찮아서 기억에 오래 남을 것 같아요. 다음에는 조금 더 여유 있게 다시 가보고 싶어요.,1,AI_v1,111,144,4,27.75,5.7608593109014565,55,26,6,8,1,9,0.4727272727272727,0.10909090909090909,0.14545454545454545,0.01818181818181818,0.16363636363636364,0.23423423423423423,0.08108108108108109,1,0,4,0,0,0,0.036036036036036036
굿즈메이커｜아이폰11 폰케이스 내돈내산 후기 ◡̈,상품_리뷰,"굿즈메이커｜아이폰11 폰케이스 사용해봄. 장점은 간단하고 단점은 기대보다 평범하다는 것. 그래도 당장 쓰기엔 문제 없고, 재구매는 조금 더 봐야 할 듯. 엄청난 건 아니고 그냥 기록용. 엄청난 건 아니고 그냥 기록용.",굿즈메이커 아이폰11 폰케이스 사용해봄. 장점은 간단하고 단점은 기대보다 평범하다는 것. 그래도 당장 쓰기엔 문제 없고 재구매는 조금 더 봐야 할 듯. 엄청난 건 아니고 그냥 기록용. 엄청난 건 아니고 그냥 기록용.,1,AI_v2,90,120,5,18.0,4.381780460041329,48,24,5,7,1,4,0.5,0.10416666666666667,0.14583333333333334,0.020833333333333332,0.08333333333333333,0.26666666666666666,0.044444444444444446,0,0,5,0,0,0,0.05555555555555555
